ID_Uzorka;Dubina_Busenja_cm;Temp_Tla_C;pH_Vrijednost;H2O_Postotak;Metan_Senzor;Organske_Molekule
1;11.3;-9.6;7.11;5.23;Pozitivno;Da
2;11.4;-25.5;7.18;5.7;Pozitivno;Da
3;9.9;-23.0;7.21;4.32;Pozitivno;Da
4;9.1;-21.9;6.76;4.68;Pozitivno;Da
5;11.0;-23.2;6.8;5.69;Pozitivno;Da
6;8.1;-19.1;7.01;4.4;Pozitivno;Ne
7;7.0;-22.4;7.05;4.83;Pozitivno;Da
8;7.8;-19.1;7.16;4.73;Pozitivno;Ne
9;6.7;-18.6;6.97;4.7;Pozitivno;Da
10;7.2;-13.8;6.98;4.43;Pozitivno;Da
11;10.4;-9.5;6.98;5.04;Pozitivno;Da
12;10.4;-12.1;7.08;4.58;Negativno;Ne
13;6.1;-25.2;6.86;5.58;Pozitivno;Da
14;11.5;-20.3;6.77;5.43;Pozitivno;Da
15;9.3;-25.1;6.94;4.67;Negativno;Da
16;8.9;-26.2;7.13;4.89;Pozitivno;Ne
17;11.5;-21.8;7.01;4.91;Pozitivno;Da
18;9.2;-20.0;6.99;4.48;Pozitivno;Da
19;6.6;-23.1;7.06;4.83;Pozitivno;Ne
20;6.8;-11.8;7.03;5.58;Pozitivno;Da
21;7.6;-15.4;6.84;4.7;Pozitivno;Da
22;14.3;-27.0;7.24;5.33;Negativno;Da
23;8.7;-17.5;6.67;5.21;Pozitivno;Da
24;13.1;-2.7;7.11;4.92;Pozitivno;Da
25;9.4;-17.9;7.44;5.62;Pozitivno;Da
26;6.3;-20.1;6.89;5.97;Pozitivno;Ne
27;8.6;-12.1;6.86;4.78;Pozitivno;Da
28;9.9;-23.6;6.83;4.9;Pozitivno;Da
29;13.0;-21.4;6.77;5.37;Pozitivno;Ne
30;8.9;-22.8;7.12;4.98;Pozitivno;Da
31;10.0;-14.8;7.31;5.05;Pozitivno;Da
32;12.0;-20.8;7.02;5.23;Pozitivno;Da
33;10.8;-22.3;6.89;5.67;Pozitivno;Da
34;7.9;-18.7;6.79;4.59;Pozitivno;Da
35;8.7;-18.4;7.0;4.63;Pozitivno;Da
36;6.1;-19.1;7.13;4.87;Pozitivno;Da
37;7.4;-9.5;6.92;4.7;Pozitivno;Da
38;8.2;-17.7;7.05;5.04;Pozitivno;Da
39;13.0;-13.6;6.79;4.99;Pozitivno;Da
40;9.4;-19.4;7.19;6.02;Pozitivno;Ne
41;11.2;-13.0;6.82;4.4;Pozitivno;Da
42;9.9;-22.0;6.79;5.17;Pozitivno;Da
43;11.9;-14.5;7.15;4.63;Pozitivno;Da
44;12.3;-17.7;7.13;5.61;Pozitivno;Da
45;10.1;-23.1;7.06;4.08;Pozitivno;Ne
46;10.7;-25.5;7.04;6.28;Pozitivno;Da
47;12.1;-16.9;6.98;5.59;Pozitivno;Da
48;10.6;-24.5;7.11;4.04;Pozitivno;Ne
49;8.7;-15.9;7.24;4.91;Pozitivno;Da
50;9.5;-10.6;7.1;5.25;Pozitivno;Da
51;8.0;-17.1;7.02;4.77;Pozitivno;Da
52;13.0;-24.5;6.95;5.21;Pozitivno;Da
53;11.7;-27.8;7.05;5.18;Pozitivno;Da
54;11.5;-28.9;7.24;4.82;Pozitivno;Da
55;13.3;-24.6;7.36;4.29;Pozitivno;Da
56;8.4;-24.1;6.92;4.84;Pozitivno;Ne
57;8.3;-14.9;6.76;4.26;Pozitivno;Da
58;12.3;-18.7;7.08;5.94;Pozitivno;Ne
59;10.8;-29.2;6.9;4.48;Negativno;Da
60;11.3;-16.4;7.33;5.89;Pozitivno;Da
61;11.3;-13.0;7.16;5.18;Pozitivno;Da
62;11.2;-12.4;7.13;4.5;Pozitivno;Da
63;11.0;-25.5;6.97;5.38;Pozitivno;Da
64;9.1;-4.4;6.98;5.07;Pozitivno;Da
65;9.9;-23.7;6.77;4.79;Pozitivno;Ne
66;8.5;-20.5;6.54;4.17;Pozitivno;Da
67;8.2;-26.1;7.07;5.3;Pozitivno;Da
68;13.8;-28.0;7.09;3.98;Pozitivno;Da
69;9.5;-5.7;6.95;4.16;Pozitivno;Da
70;10.1;-15.6;6.79;5.37;Pozitivno;Da
71;8.6;-22.6;6.62;4.51;Pozitivno;Da
72;12.0;-16.0;7.0;5.12;Pozitivno;Da
73;11.3;-16.9;6.81;4.35;Pozitivno;Ne
74;8.7;-17.6;6.94;5.53;Pozitivno;Ne
75;13.3;-14.7;6.84;4.95;Pozitivno;Ne
76;12.9;-26.1;6.67;4.42;Pozitivno;Ne
77;10.7;-15.2;6.88;5.54;Pozitivno;Ne
78;6.7;-20.9;7.1;5.0;Pozitivno;Ne
79;10.1;-22.9;6.88;4.71;Pozitivno;Ne
80;10.8;-27.0;6.71;4.76;Pozitivno;Da
81;4.8;-27.0;7.34;4.71;Pozitivno;Ne
82;11.4;-26.9;6.95;5.42;Pozitivno;Da
83;10.9;-14.8;7.08;5.38;Pozitivno;Da
84;11.4;-14.3;7.43;5.06;Pozitivno;Da
85;9.5;-14.7;6.84;5.18;Negativno;Da
86;9.4;-19.8;7.06;5.29;Pozitivno;Da
87;7.5;-18.9;6.82;5.1;Pozitivno;Da
88;10.1;-20.3;6.78;4.2;Pozitivno;Da
89;13.7;-17.5;7.07;4.6;Pozitivno;Ne
90;10.1;-19.3;6.98;4.91;Pozitivno;Da
91;9.7;-16.6;6.97;5.26;Pozitivno;Da
92;11.5;-28.0;7.03;4.57;Negativno;Da
93;9.5;-16.7;6.98;5.23;Pozitivno;Ne
94;11.0;-17.9;7.11;4.59;Pozitivno;Da
95;14.4;-22.0;7.29;3.88;Pozitivno;Da
96;9.0;-21.1;7.2;5.24;Pozitivno;Da
97;10.4;-22.7;6.69;4.62;Pozitivno;Da
98;6.9;-11.9;6.72;5.03;Pozitivno;Da
99;9.8;-17.5;7.06;4.85;Negativno;Ne
100;9.7;-12.7;7.19;5.05;Pozitivno;Ne
101;11.1;-19.2;7.39;3.94;Pozitivno;Ne
102;11.0;-23.0;6.86;5.8;Pozitivno;Da
103;10.7;-12.6;6.72;4.55;Pozitivno;Da
104;12.6;-30.2;6.96;5.63;Pozitivno;Ne
105;8.7;-20.0;7.13;4.44;Pozitivno;Da
106;7.3;-12.5;7.14;5.0;Pozitivno;Da
107;8.6;-19.4;6.85;4.51;Pozitivno;Da
108;7.8;-18.5;6.81;5.15;Pozitivno;Da
109;8.8;-15.7;6.93;4.79;Pozitivno;Da
110;11.4;-25.4;6.55;4.5;Pozitivno;Da
111;7.5;-17.8;7.65;4.64;Pozitivno;Da
112;9.1;-17.8;6.92;5.63;Pozitivno;Da
113;12.5;-19.3;6.29;5.52;Pozitivno;Da
114;9.6;-22.5;7.02;5.42;Pozitivno;Da
115;8.9;-18.3;6.88;4.15;Pozitivno;Ne
116;9.6;-11.1;6.92;5.02;Pozitivno;Da
117;10.7;-24.2;7.16;5.2;Pozitivno;Da
118;11.1;-24.2;6.77;5.29;Pozitivno;Da
119;9.2;-18.6;7.27;4.97;Negativno;Da
120;8.3;-23.2;7.43;5.01;Pozitivno;Ne
121;11.8;-19.2;7.03;5.88;Negativno;Da
122;13.3;-17.9;6.66;5.17;Pozitivno;Da
123;8.3;-17.6;6.84;5.34;Pozitivno;Da
124;10.1;-16.6;7.31;5.51;Pozitivno;Da
125;8.4;-19.2;7.35;5.35;Pozitivno;Da
126;9.8;-26.5;6.89;4.95;Pozitivno;Ne
127;9.8;-25.1;7.0;5.2;Pozitivno;Da
128;10.9;-22.2;7.07;4.55;Pozitivno;Da
129;11.7;-16.8;7.04;5.37;Pozitivno;Da
130;5.1;-26.3;7.17;5.71;Pozitivno;Da
131;10.4;-18.9;6.87;4.47;Pozitivno;Da
132;11.7;-19.3;6.54;5.4;Pozitivno;Da
133;9.5;-14.9;6.93;5.26;Pozitivno;Da
134;8.2;-19.9;7.18;5.25;Pozitivno;Ne
135;6.7;-26.9;6.86;5.85;Negativno;Da
136;11.6;-22.7;7.2;4.62;Pozitivno;Ne
137;11.7;-17.0;6.92;5.49;Pozitivno;Da
138;8.6;-21.8;7.26;5.06;Pozitivno;Ne
139;7.6;-28.4;6.95;5.51;Pozitivno;Da
140;9.9;-17.8;7.04;4.96;Pozitivno;Da
141;10.1;-17.7;7.01;5.31;Pozitivno;Da
142;7.5;-20.9;7.05;5.59;Pozitivno;Da
143;10.4;-20.8;7.22;5.83;Pozitivno;Da
144;12.2;-15.1;6.76;4.66;Pozitivno;Da
145;9.5;-12.5;6.52;5.35;Pozitivno;Da
146;7.3;-19.8;7.42;5.23;Pozitivno;Da
147;11.0;-19.2;7.18;4.75;Negativno;Da
148;10.3;-20.9;6.95;4.93;Pozitivno;Da
149;10.3;-16.7;7.11;4.61;Pozitivno;Ne
150;7.2;-18.3;6.93;5.72;Pozitivno;Ne
151;8.7;-17.0;7.44;4.25;Pozitivno;Da
152;9.2;-23.5;7.19;5.75;Pozitivno;Da
153;9.1;-14.7;6.86;4.73;Pozitivno;Ne
154;8.9;-16.9;6.97;5.68;Pozitivno;Ne
155;12.9;-18.6;7.16;5.58;Negativno;Da
156;7.9;-22.2;7.23;5.1;Pozitivno;Da
157;11.6;-21.5;7.22;4.65;Pozitivno;Da
158;7.8;-23.2;6.73;4.35;Pozitivno;Da
159;11.7;-23.3;7.16;4.33;Pozitivno;Da
160;7.2;-25.1;7.12;5.53;Pozitivno;Da
161;11.1;-21.7;7.0;4.35;Pozitivno;Da
162;8.2;-22.8;7.17;4.6;Pozitivno;Da
163;14.0;-18.5;6.76;5.37;Pozitivno;Da
164;10.2;-10.3;7.1;5.77;Pozitivno;Da
165;9.2;-14.4;6.6;3.87;Pozitivno;Da
166;9.9;-22.6;6.71;4.86;Pozitivno;Da
167;9.9;-26.6;7.07;5.16;Pozitivno;Da
168;10.2;-23.5;7.03;4.57;Pozitivno;Da
169;9.9;-21.1;6.91;5.56;Pozitivno;Da
170;9.7;-29.0;6.68;4.38;Pozitivno;Da
171;9.7;-21.7;6.94;5.37;Negativno;Da
172;10.1;-25.0;7.13;4.32;Pozitivno;Da
173;6.5;-23.8;7.29;4.5;Pozitivno;Da
174;12.0;-21.3;7.1;5.05;Pozitivno;Da
175;9.8;-15.5;7.39;4.5;Pozitivno;Da
176;13.3;-18.9;6.96;4.57;Pozitivno;Da
177;9.4;-18.3;6.92;5.79;Pozitivno;Ne
178;10.4;-17.5;7.13;4.98;Negativno;Ne
179;10.4;-28.0;7.5;4.84;Pozitivno;Da
180;9.6;-23.4;7.28;5.05;Pozitivno;Ne
181;10.2;-26.3;7.21;5.15;Pozitivno;Da
182;8.0;-23.5;7.01;5.11;Pozitivno;Da
183;10.8;-19.6;6.64;5.5;Pozitivno;Ne
184;11.8;-18.5;6.99;5.1;Pozitivno;Da
185;15.3;-21.1;7.03;4.76;Pozitivno;Da
186;8.7;-22.3;6.84;5.43;Pozitivno;Da
187;11.3;-20.8;7.04;5.16;Pozitivno;Da
188;9.9;-22.0;7.19;5.27;Pozitivno;Da
189;10.4;-23.5;7.11;4.6;Pozitivno;Ne
190;7.2;-16.9;7.02;4.87;Pozitivno;Da
191;7.7;-26.6;7.11;5.4;Pozitivno;Da
192;9.8;-22.0;7.21;4.52;Pozitivno;Ne
193;10.2;-19.1;6.99;5.5;Pozitivno;Ne
194;7.9;-11.9;7.26;5.48;Pozitivno;Da
195;9.7;-16.7;7.08;4.3;Pozitivno;Da
196;6.1;-24.8;7.08;4.64;Pozitivno;Ne
197;8.8;-21.5;6.63;5.2;Pozitivno;Ne
198;11.8;-14.3;7.03;4.97;Negativno;Da
199;8.9;-15.3;7.21;4.86;Pozitivno;Da
200;10.5;-21.1;7.26;5.0;Pozitivno;Da
201;6.9;-14.2;6.98;5.26;Negativno;Da
202;7.2;-13.2;7.26;4.86;Pozitivno;Da
203;7.3;-18.8;7.28;5.41;Pozitivno;Da
204;12.9;-20.4;6.89;4.74;Pozitivno;Da
205;9.2;-24.9;6.76;4.45;Pozitivno;Da
206;10.0;-16.5;7.02;4.33;Pozitivno;Da
207;8.1;-11.5;6.93;5.25;Pozitivno;Da
208;5.8;-21.7;6.92;5.65;Pozitivno;Da
209;9.9;-25.3;6.76;4.49;Pozitivno;Da
210;10.2;-22.9;6.72;5.42;Pozitivno;Da
211;14.6;-25.8;7.29;5.9;Pozitivno;Da
212;9.6;-19.9;6.86;5.94;Pozitivno;Da
213;10.0;-14.7;7.2;4.32;Pozitivno;Ne
214;12.9;-26.5;6.76;5.9;Pozitivno;Da
215;12.2;-22.8;7.18;5.61;Pozitivno;Da
216;10.0;-24.5;6.83;4.77;Pozitivno;Da
217;10.2;-29.5;7.08;5.02;Pozitivno;Da
218;9.4;-34.2;7.04;5.57;Pozitivno;Da
219;10.8;-19.5;6.75;4.73;Pozitivno;Da
220;6.8;-22.5;7.03;5.6;Pozitivno;Da
221;9.0;-17.6;7.03;5.04;Pozitivno;Da
222;7.0;-15.3;7.27;4.81;Pozitivno;Ne
223;12.5;-26.5;6.82;5.24;Pozitivno;Ne
224;11.3;-17.6;7.11;5.72;Pozitivno;Ne
225;9.5;-20.8;6.53;4.91;Pozitivno;Ne
226;11.6;-26.3;6.59;5.46;Pozitivno;Da
227;9.1;-19.8;6.95;5.92;Negativno;Da
228;11.0;-27.9;6.81;5.01;Pozitivno;Ne
229;8.4;-19.5;6.94;4.83;Negativno;Da
230;13.7;-20.8;6.92;5.4;Pozitivno;Da
231;9.7;-27.2;6.78;4.97;Pozitivno;Da
232;9.3;-26.4;7.03;4.94;Pozitivno;Da
233;7.1;-22.6;7.4;4.93;Pozitivno;Da
234;9.7;-27.8;6.74;5.2;Pozitivno;Da
235;12.6;-25.4;6.91;4.76;Negativno;Da
236;13.0;-24.9;6.81;4.74;Pozitivno;Da
237;13.4;-21.4;6.94;4.45;Pozitivno;Da
238;10.0;-19.4;6.63;5.12;Negativno;Da
239;6.2;-29.8;6.87;4.67;Pozitivno;Da
240;7.5;-15.2;7.05;4.93;Pozitivno;Da
241;11.9;-17.7;6.84;4.11;Pozitivno;Da
242;9.9;-23.8;6.81;5.16;Pozitivno;Da
243;12.1;-23.2;7.0;5.1;Pozitivno;Da
244;12.6;-24.9;6.77;4.64;Pozitivno;Da
245;8.3;-19.3;6.85;4.16;Pozitivno;Da
246;9.5;-23.8;6.98;4.81;Pozitivno;Da
247;13.9;-15.9;7.12;5.18;Pozitivno;Da
248;10.4;-24.0;6.77;4.67;Pozitivno;Da
249;9.1;-16.2;7.52;4.62;Pozitivno;Da
250;10.7;-26.2;6.87;4.07;Pozitivno;Da
251;10.9;-21.3;6.92;3.96;Pozitivno;Da
252;9.1;-15.0;6.73;4.27;Negativno;Da
253;12.2;-16.7;7.4;3.6;Pozitivno;Da
254;11.4;-15.3;7.09;4.32;Negativno;Da
255;7.9;-18.4;6.96;3.6;Negativno;Da
256;11.0;-22.1;7.03;3.65;Pozitivno;Ne
257;15.6;-24.0;6.87;4.6;Negativno;Da
258;14.0;-28.0;7.0;4.13;Negativno;Ne
259;17.2;-22.2;6.8;3.45;Pozitivno;Ne
260;6.9;-16.8;7.14;3.99;Pozitivno;Da
261;13.8;-21.9;7.04;4.16;Pozitivno;Ne
262;9.3;-15.7;7.19;4.49;Negativno;Da
263;12.1;-26.2;7.03;4.02;Pozitivno;Da
264;13.4;-22.4;6.76;4.78;Pozitivno;Da
265;11.0;-15.6;6.63;3.31;Pozitivno;Da
266;8.7;-21.8;6.91;3.45;Pozitivno;Ne
267;14.2;-20.9;7.05;3.53;Pozitivno;Ne
268;14.1;-24.2;6.81;3.84;Pozitivno;Da
269;10.5;-18.7;7.13;4.84;Pozitivno;Da
270;16.6;-21.4;6.91;3.66;Pozitivno;Da
271;13.1;-26.7;7.02;3.41;Pozitivno;Da
272;17.2;-15.8;7.06;4.43;Pozitivno;Ne
273;12.9;-21.4;7.05;3.98;Pozitivno;Da
274;17.4;-13.9;7.29;3.98;Pozitivno;Da
275;14.3;-11.2;7.17;4.81;Pozitivno;Da
276;16.0;-23.5;7.11;4.34;Pozitivno;Da
277;9.5;-17.2;6.63;4.1;Pozitivno;Da
278;9.0;-20.4;7.1;4.18;Pozitivno;Da
279;14.8;-16.8;7.08;4.41;Pozitivno;Da
280;15.8;-16.9;7.05;3.77;Pozitivno;Da
281;10.4;-15.3;6.88;3.0;Pozitivno;Da
282;10.3;-23.4;7.17;4.31;Pozitivno;Da
283;9.3;-24.2;7.13;3.45;Pozitivno;Da
284;12.2;-22.0;7.09;3.81;Pozitivno;Da
285;12.9;-24.5;7.03;3.99;Pozitivno;Ne
286;13.5;-20.1;7.12;4.26;Pozitivno;Da
287;9.6;-11.7;7.01;4.26;Pozitivno;Da
288;6.1;-17.8;7.0;4.13;Pozitivno;Da
289;13.2;-15.9;6.62;4.28;Pozitivno;Da
290;11.5;-13.4;7.12;4.13;Negativno;Da
291;13.4;-27.5;6.64;4.21;Pozitivno;Da
292;15.4;-15.8;6.85;3.18;Pozitivno;Da
293;12.0;-18.9;7.06;3.53;Pozitivno;Ne
294;8.3;-20.2;6.87;4.05;Pozitivno;Da
295;13.4;-29.1;7.62;4.22;Negativno;Da
296;10.0;-18.6;6.78;3.4;Negativno;Da
297;6.8;-18.0;7.1;4.34;Pozitivno;Da
298;15.0;-28.0;7.27;3.86;Negativno;Ne
299;13.3;-20.8;7.08;4.35;Pozitivno;Ne
300;14.3;-22.8;6.54;3.52;Pozitivno;Da
301;14.3;-21.2;6.74;3.89;Pozitivno;Da
302;10.2;-11.5;7.22;4.24;Pozitivno;Ne
303;13.1;-21.6;7.1;4.01;Pozitivno;Da
304;13.9;-17.8;6.98;4.36;Pozitivno;Da
305;11.7;-14.6;7.3;4.53;Pozitivno;Da
306;14.6;-13.5;7.13;4.04;Pozitivno;Da
307;13.3;-13.9;7.51;4.29;Pozitivno;Da
308;13.3;-24.7;6.77;4.32;Pozitivno;Da
309;13.9;-26.0;7.03;3.61;Pozitivno;Ne
310;9.6;-17.5;6.96;3.67;Pozitivno;Da
311;10.6;-24.5;6.49;2.98;Pozitivno;Ne
312;14.1;-21.5;6.71;4.82;Pozitivno;Da
313;11.9;-15.2;6.93;3.63;Pozitivno;Da
314;12.0;-16.1;7.03;4.08;Pozitivno;Da
315;10.4;-21.5;7.22;4.04;Pozitivno;Da
316;9.3;-28.0;7.32;4.43;Pozitivno;Da
317;11.1;-20.4;7.14;4.56;Pozitivno;Ne
318;11.4;-20.6;7.01;4.52;Pozitivno;Da
319;9.5;-14.5;7.34;3.82;Negativno;Ne
320;13.1;-26.4;7.04;4.0;Pozitivno;Da
321;14.0;-18.3;7.02;4.24;Pozitivno;Da
322;13.6;-26.7;6.89;3.6;Pozitivno;Da
323;15.8;-21.5;7.26;3.98;Pozitivno;Da
324;9.1;-7.4;7.13;3.11;Pozitivno;Da
325;15.4;-20.9;7.03;3.49;Pozitivno;Da
326;13.8;-17.5;7.08;3.8;Pozitivno;Da
327;9.9;-21.9;7.04;3.45;Pozitivno;Da
328;8.9;-17.0;6.47;3.19;Pozitivno;Da
329;12.5;-14.0;7.07;4.03;Pozitivno;Da
330;11.0;-19.3;6.96;3.3;Pozitivno;Da
331;8.1;-17.6;6.79;4.47;Pozitivno;Da
332;7.0;-22.6;7.3;4.03;Pozitivno;Da
333;11.4;-25.4;7.18;4.32;Pozitivno;Da
334;14.1;-18.8;6.8;3.77;Pozitivno;Ne
335;9.0;-30.2;7.16;4.33;Pozitivno;Da
336;18.5;-21.4;6.96;3.91;Pozitivno;Da
337;12.6;-24.7;6.79;3.23;Pozitivno;Da
338;12.7;-15.9;7.55;4.91;Pozitivno;Da
339;8.7;-17.8;7.03;4.08;Pozitivno;Da
340;9.2;-23.9;6.92;3.9;Pozitivno;Da
341;11.8;-18.5;7.08;3.93;Pozitivno;Ne
342;14.1;-24.7;6.97;4.74;Pozitivno;Da
343;11.9;-27.4;6.88;3.68;Pozitivno;Ne
344;13.4;-20.3;6.71;4.5;Pozitivno;Da
345;16.1;-20.8;6.9;3.39;Pozitivno;Da
346;17.2;-18.1;6.92;3.51;Pozitivno;Da
347;12.4;-9.9;7.1;3.21;Pozitivno;Da
348;9.1;-20.2;7.14;3.64;Pozitivno;Ne
349;8.1;-16.0;6.9;3.21;Pozitivno;Ne
350;15.4;-24.6;7.1;4.35;Pozitivno;Da
351;8.9;-16.6;7.27;4.21;Pozitivno;Da
352;10.3;-16.6;7.18;4.31;Pozitivno;Da
353;10.6;-22.2;6.73;3.0;Pozitivno;Da
354;9.9;-17.1;6.73;3.76;Pozitivno;Da
355;15.0;-23.8;7.14;3.67;Pozitivno;Da
356;5.4;-12.5;6.84;4.06;Pozitivno;Da
357;14.2;-11.6;6.65;4.69;Pozitivno;Da
358;13.4;-17.9;7.25;4.39;Pozitivno;Da
359;10.7;-19.2;6.86;4.08;Pozitivno;Da
360;15.5;-14.8;6.61;4.16;Pozitivno;Da
361;11.2;-9.9;6.67;3.97;Pozitivno;Da
362;14.7;-13.6;7.04;3.85;Pozitivno;Da
363;14.1;-26.4;6.75;3.93;Negativno;Da
364;13.5;-13.6;7.04;4.06;Pozitivno;Da
365;10.2;-15.4;6.87;4.5;Pozitivno;Da
366;8.9;-29.7;6.84;4.14;Pozitivno;Da
367;8.8;-16.6;7.13;3.72;Pozitivno;Da
368;12.2;-15.0;7.25;3.86;Pozitivno;Da
369;8.9;-26.2;6.7;4.07;Pozitivno;Da
370;10.1;-16.3;7.26;4.05;Pozitivno;Da
371;20.1;-18.4;7.1;4.54;Negativno;Da
372;16.5;-26.2;6.98;4.77;Pozitivno;Da
373;14.5;-25.0;6.76;3.81;Pozitivno;Ne
374;11.3;-22.6;6.95;5.18;Pozitivno;Da
375;7.8;-20.8;7.34;4.98;Negativno;Da
376;15.7;-11.9;6.78;3.84;Pozitivno;Da
377;12.2;-20.6;6.82;3.61;Pozitivno;Da
378;11.1;-8.1;7.31;4.17;Pozitivno;Da
379;11.4;-19.8;6.99;4.31;Pozitivno;Da
380;13.2;-20.4;7.01;3.82;Negativno;Da
381;12.3;-18.7;7.23;4.87;Pozitivno;Da
382;11.9;-17.8;6.91;3.71;Pozitivno;Da
383;11.5;-17.2;6.67;3.91;Pozitivno;Ne
384;14.9;-26.8;6.9;4.01;Pozitivno;Da
385;18.5;-18.0;6.74;2.61;Pozitivno;Da
386;14.9;-20.4;7.11;3.47;Pozitivno;Ne
387;7.2;-12.2;7.07;4.04;Negativno;Da
388;13.4;-22.8;7.03;3.56;Pozitivno;Da
389;15.4;-12.5;7.14;3.45;Pozitivno;Da
390;13.9;-15.7;6.95;4.41;Pozitivno;Da
391;16.0;-19.9;7.24;3.53;Pozitivno;Ne
392;10.7;-25.5;7.7;3.79;Pozitivno;Ne
393;3.5;-11.2;6.8;4.3;Negativno;Da
394;14.2;-30.0;7.11;4.65;Pozitivno;Da
395;6.2;-24.5;6.65;4.25;Pozitivno;Da
396;17.8;-24.4;6.88;3.76;Pozitivno;Da
397;7.8;-20.2;7.26;4.0;Pozitivno;Da
398;7.1;-28.1;7.0;4.51;Negativno;Da
399;14.9;-16.9;7.15;4.17;Pozitivno;Da
400;8.6;-20.5;7.13;4.5;Pozitivno;Da
401;11.2;-15.3;6.96;3.25;Pozitivno;Da
402;7.6;-23.3;6.97;4.18;Pozitivno;Ne
403;7.5;-18.7;7.03;3.96;Pozitivno;Da
404;11.6;-20.5;7.09;4.21;Pozitivno;Da
405;12.2;-15.9;7.11;3.45;Pozitivno;Da
406;12.3;-16.2;6.72;4.46;Pozitivno;Da
407;14.2;-20.1;7.05;4.27;Pozitivno;Da
408;14.6;-23.6;7.13;3.64;Pozitivno;Da
409;10.6;-23.3;7.53;3.11;Pozitivno;Ne
410;9.7;-20.0;6.97;4.47;Pozitivno;Da
411;14.0;-18.4;6.94;4.67;Pozitivno;Da
412;11.5;-20.9;7.11;4.38;Pozitivno;Ne
413;9.8;-17.5;7.17;4.64;Pozitivno;Da
414;14.3;-9.0;6.6;3.8;Pozitivno;Da
415;9.9;-23.5;7.1;4.48;Pozitivno;Da
416;20.7;-20.7;7.0;4.7;Pozitivno;Da
417;12.5;-26.3;7.11;4.98;Pozitivno;Da
418;13.0;-21.9;6.93;4.12;Negativno;Da
419;12.1;-20.9;6.85;4.43;Pozitivno;Da
420;15.4;-17.3;7.24;4.43;Pozitivno;Ne
421;13.5;-18.1;7.07;4.09;Pozitivno;Ne
422;8.3;-16.4;7.05;4.76;Pozitivno;Da
423;15.8;-19.0;7.05;3.56;Pozitivno;Da
424;15.7;-21.6;6.87;3.77;Pozitivno;Da
425;11.7;-27.1;7.31;3.26;Pozitivno;Da
426;14.2;-24.8;6.76;5.59;Negativno;Da
427;12.2;-28.0;7.0;3.91;Pozitivno;Da
428;8.8;-24.4;7.19;4.29;Pozitivno;Da
429;8.7;-21.0;6.93;3.93;Pozitivno;Da
430;16.5;-21.0;6.97;4.73;Pozitivno;Da
431;15.5;-23.1;6.8;4.43;Pozitivno;Da
432;17.1;-15.8;6.73;5.27;Pozitivno;Da
433;17.2;-19.9;7.06;4.52;Negativno;Da
434;9.8;-26.1;7.06;3.74;Pozitivno;Da
435;12.5;-12.6;6.81;3.77;Pozitivno;Ne
436;8.3;-14.5;6.61;3.39;Pozitivno;Da
437;10.0;-28.1;6.76;4.31;Pozitivno;Da
438;11.7;-21.0;7.04;4.7;Pozitivno;Da
439;11.5;-16.7;6.86;4.45;Pozitivno;Da
440;2.5;-18.9;7.16;3.61;Pozitivno;Da
441;10.9;-23.8;6.52;3.63;Pozitivno;Da
442;9.8;-19.5;6.75;3.84;Pozitivno;Ne
443;4.9;-22.2;6.86;4.23;Pozitivno;Da
444;9.5;-21.3;7.29;3.67;Negativno;Da
445;8.1;-15.1;6.88;3.63;Pozitivno;Da
446;6.4;-20.3;7.09;3.63;Pozitivno;Da
447;16.0;-20.3;6.96;3.25;Pozitivno;Da
448;11.7;-17.1;7.13;3.97;Pozitivno;Da
449;10.8;-24.7;7.15;3.73;Pozitivno;Ne
450;13.1;-13.4;6.95;4.26;Pozitivno;Da
451;14.3;-21.8;6.94;4.07;Pozitivno;Da
452;9.9;-17.8;7.25;3.16;Pozitivno;Da
453;22.8;-14.0;7.29;3.01;Pozitivno;Da
454;25.6;-23.6;6.81;3.53;Pozitivno;Da
455;16.6;-14.1;7.11;3.63;Pozitivno;Da
456;27.6;-25.2;7.01;4.08;Pozitivno;Da
457;24.7;-23.6;6.91;2.69;Pozitivno;Da
458;20.1;-25.5;6.87;3.09;Negativno;Da
459;18.6;-27.3;6.43;2.94;Pozitivno;Da
460;28.5;-25.3;6.91;3.27;Pozitivno;Da
461;23.9;-31.0;7.02;3.74;Pozitivno;Da
462;18.2;-20.8;7.05;3.82;Pozitivno;Da
463;16.6;-24.2;6.97;2.05;Pozitivno;Da
464;17.8;-29.0;6.67;3.68;Pozitivno;Da
465;22.8;-29.6;7.31;3.86;Pozitivno;Da
466;24.8;-19.7;6.89;3.57;Pozitivno;Da
467;17.4;-24.3;6.73;3.48;Pozitivno;Da
468;16.5;-24.6;7.25;3.41;Pozitivno;Da
469;20.9;-20.5;6.74;3.06;Pozitivno;Da
470;20.7;-19.6;6.86;4.03;Pozitivno;Da
471;27.3;-19.7;7.39;2.93;Negativno;Da
472;15.4;-15.0;6.8;3.9;Pozitivno;Da
473;13.0;-18.5;6.63;3.54;Pozitivno;Da
474;25.2;-16.9;6.74;3.39;Pozitivno;Da
475;25.5;-31.0;7.03;2.93;Pozitivno;Ne
476;21.8;-24.8;7.21;3.78;Pozitivno;Da
477;14.1;-17.0;6.59;3.72;Pozitivno;Da
478;21.4;-21.2;6.87;3.17;Pozitivno;Da
479;27.2;-23.7;6.92;4.57;Pozitivno;Da
480;16.7;-18.6;6.78;4.21;Negativno;Da
481;26.2;-16.0;7.17;3.76;Negativno;Ne
482;20.0;-22.2;7.05;2.91;Pozitivno;Da
483;27.9;-18.1;7.21;4.36;Negativno;Ne
484;12.7;-11.9;7.23;3.48;Pozitivno;Da
485;14.5;-23.9;6.79;3.54;Pozitivno;Da
486;19.6;-15.3;7.0;4.29;Pozitivno;Da
487;26.1;-18.8;7.0;3.91;Pozitivno;Da
488;26.3;-18.0;7.22;3.85;Negativno;Da
489;19.5;-8.5;7.02;3.24;Pozitivno;Da
490;18.8;-16.5;7.23;3.77;Pozitivno;Da
491;24.4;-26.7;6.92;2.9;Pozitivno;Da
492;17.8;-21.8;7.25;3.63;Negativno;Da
493;20.9;-23.6;6.97;3.47;Negativno;Da
494;20.0;-17.9;6.87;3.15;Pozitivno;Da
495;26.1;-21.1;6.78;3.81;Negativno;Da
496;18.2;-16.7;6.86;3.45;Pozitivno;Da
497;20.1;-20.9;7.46;3.09;Pozitivno;Da
498;19.6;-19.3;6.92;2.26;Pozitivno;Ne
499;29.1;-12.2;6.71;3.84;Negativno;Ne
500;20.3;-17.1;6.98;3.11;Pozitivno;Ne
501;25.4;-14.9;7.06;3.99;Pozitivno;Da
502;14.9;-20.8;7.16;4.83;Pozitivno;Ne
503;31.5;-27.0;7.42;3.05;Pozitivno;Da
504;15.7;-15.4;6.88;3.76;Pozitivno;Da
505;18.1;-28.5;7.14;4.36;Pozitivno;Ne
506;22.6;-25.3;7.26;3.5;Pozitivno;Da
507;19.7;-14.1;7.22;2.79;Negativno;Ne
508;16.4;-28.1;7.09;4.45;Pozitivno;Da
509;21.6;-24.5;7.35;3.84;Pozitivno;Da
510;26.9;-21.2;7.07;3.03;Negativno;Da
511;20.2;-21.5;6.96;3.38;Pozitivno;Da
512;16.8;-18.8;6.75;3.04;Pozitivno;Da
513;11.5;-16.9;6.81;3.16;Pozitivno;Da
514;21.1;-15.5;6.76;3.0;Pozitivno;Da
515;23.3;-24.9;6.93;3.75;Pozitivno;Da
516;14.7;-22.4;6.8;4.19;Pozitivno;Da
517;22.6;-20.4;7.13;3.8;Pozitivno;Da
518;27.1;-26.0;7.06;3.66;Pozitivno;Da
519;15.1;-26.9;6.62;3.78;Pozitivno;Da
520;20.4;-10.8;6.77;3.54;Negativno;Da
521;24.5;-22.8;7.05;3.07;Negativno;Da
522;17.8;-20.5;6.37;3.76;Negativno;Da
523;20.5;-23.3;6.92;3.19;Pozitivno;Da
524;30.3;-31.2;7.1;4.7;Pozitivno;Da
525;21.2;-18.3;6.88;4.02;Pozitivno;Da
526;20.1;-24.6;6.65;3.26;Pozitivno;Da
527;11.2;-15.3;7.04;2.95;Pozitivno;Da
528;23.2;-27.1;6.97;3.33;Pozitivno;Da
529;17.8;-28.1;7.12;3.3;Pozitivno;Da
530;25.7;-16.1;7.41;3.46;Pozitivno;Ne
531;12.1;-25.3;7.37;3.16;Pozitivno;Ne
532;15.0;-10.5;6.89;3.63;Pozitivno;Da
533;23.2;-27.0;6.99;3.16;Negativno;Da
534;20.5;-23.7;7.22;3.48;Pozitivno;Da
535;12.0;-22.0;6.62;4.04;Pozitivno;Da
536;28.2;-21.7;7.14;3.74;Negativno;Da
537;18.4;-25.5;7.09;3.92;Pozitivno;Da
538;15.3;-10.0;6.92;3.54;Pozitivno;Da
539;17.4;-19.3;7.17;3.29;Pozitivno;Da
540;34.4;-23.3;6.82;3.97;Pozitivno;Da
541;20.8;-17.9;6.9;4.31;Pozitivno;Da
542;21.3;-26.8;6.85;3.25;Pozitivno;Da
543;14.5;-24.0;7.16;3.56;Pozitivno;Da
544;21.3;-13.8;6.97;3.75;Pozitivno;Da
545;16.3;-15.5;7.19;3.87;Pozitivno;Da
546;24.5;-24.0;6.66;3.57;Pozitivno;Ne
547;17.1;-22.9;6.86;3.7;Negativno;Da
548;27.5;-19.2;6.83;3.48;Pozitivno;Da
549;14.5;-21.9;6.8;3.21;Pozitivno;Da
550;25.8;-14.9;7.13;2.96;Pozitivno;Ne
551;24.2;-23.2;7.07;3.26;Pozitivno;Da
552;20.0;-11.8;7.09;3.89;Pozitivno;Da
553;18.1;-27.6;6.75;3.11;Pozitivno;Da
554;25.6;-31.7;6.83;2.95;Negativno;Da
555;27.1;-22.2;6.81;3.9;Pozitivno;Da
556;27.5;-14.4;7.05;3.66;Pozitivno;Da
557;18.0;-22.5;6.85;3.55;Pozitivno;Da
558;17.9;-23.6;7.22;3.57;Pozitivno;Da
559;27.5;-17.4;6.9;4.2;Pozitivno;Da
560;19.6;-13.7;7.04;3.25;Pozitivno;Da
561;10.2;-21.2;6.89;2.4;Pozitivno;Da
562;18.7;-24.5;7.19;2.91;Pozitivno;Da
563;19.1;-21.8;7.12;3.3;Pozitivno;Ne
564;14.8;-13.8;7.04;2.86;Pozitivno;Da
565;27.9;-23.9;6.86;3.44;Pozitivno;Da
566;24.0;-14.4;7.02;2.48;Pozitivno;Da
567;26.7;-21.6;7.23;3.28;Pozitivno;Da
568;14.6;-17.8;7.28;3.14;Pozitivno;Da
569;17.5;-23.5;6.98;1.96;Pozitivno;Da
570;26.3;-10.8;6.99;3.76;Pozitivno;Da
571;22.3;-21.9;6.64;3.0;Pozitivno;Da
572;21.1;-19.3;7.14;4.23;Negativno;Da
573;21.2;-15.0;7.01;3.88;Pozitivno;Da
574;18.4;-26.2;7.24;2.95;Pozitivno;Da
575;22.4;-17.2;7.14;3.8;Negativno;Da
576;14.8;-11.4;6.69;3.28;Pozitivno;Ne
577;18.2;-17.4;6.92;3.78;Pozitivno;Da
578;13.3;-22.1;7.07;2.95;Pozitivno;Da
579;22.0;-13.5;6.99;3.25;Pozitivno;Da
580;12.2;-28.3;6.99;3.17;Pozitivno;Da
581;23.7;-15.7;7.02;2.88;Pozitivno;Da
582;25.1;-16.9;6.74;3.77;Pozitivno;Da
583;18.3;-19.9;6.72;3.15;Pozitivno;Da
584;15.9;-23.2;7.42;3.45;Pozitivno;Da
585;21.9;-16.4;7.01;3.68;Pozitivno;Da
586;25.7;-17.6;7.04;3.44;Pozitivno;Ne
587;20.4;-17.7;7.21;3.32;Pozitivno;Da
588;18.9;-22.0;7.17;3.77;Pozitivno;Da
589;27.4;-26.7;6.87;3.94;Pozitivno;Da
590;20.2;-18.6;6.71;3.48;Pozitivno;Da
591;12.7;-20.0;6.72;4.22;Pozitivno;Da
592;25.5;-20.7;7.11;4.73;Pozitivno;Da
593;13.7;-20.2;7.4;3.04;Pozitivno;Da
594;26.2;-26.5;7.16;3.7;Pozitivno;Da
595;22.0;-21.0;6.89;3.73;Pozitivno;Da
596;16.2;-22.2;6.83;3.14;Pozitivno;Da
597;19.1;-20.6;7.0;3.29;Pozitivno;Da
598;16.5;-19.6;7.08;3.52;Pozitivno;Da
599;6.3;-18.7;7.22;3.14;Negativno;Ne
600;23.7;-23.6;6.73;3.81;Pozitivno;Da
601;17.2;-17.0;7.02;3.81;Pozitivno;Da
602;23.0;-8.8;6.89;4.55;Pozitivno;Da
603;24.4;-23.1;6.7;3.03;Pozitivno;Da
604;25.0;-21.9;7.14;4.2;Pozitivno;Ne
605;8.4;-22.0;7.17;3.89;Pozitivno;Da
606;29.6;-17.1;6.89;3.78;Pozitivno;Da
607;25.4;-20.1;7.06;4.24;Pozitivno;Ne
608;15.4;-19.7;6.87;3.18;Pozitivno;Ne
609;16.7;-26.0;6.8;3.86;Pozitivno;Ne
610;20.8;-22.0;7.09;3.7;Pozitivno;Ne
611;7.7;-21.2;7.0;3.96;Pozitivno;Ne
612;18.2;-12.8;6.78;4.58;Pozitivno;Da
613;12.0;-27.7;6.91;3.17;Pozitivno;Da
614;13.1;-24.8;6.9;3.78;Pozitivno;Ne
615;15.7;-19.4;6.84;2.6;Pozitivno;Da
616;23.2;-27.0;7.1;2.89;Pozitivno;Ne
617;17.1;-13.1;6.91;4.02;Pozitivno;Da
618;19.7;-24.5;7.13;3.28;Pozitivno;Da
619;12.7;-22.7;7.27;3.02;Pozitivno;Da
620;30.6;-21.6;7.25;3.5;Pozitivno;Ne
621;17.3;-25.3;7.23;2.94;Pozitivno;Da
622;28.2;-39.6;7.01;3.47;Pozitivno;Ne
623;20.6;-15.9;7.02;4.02;Pozitivno;Da
624;14.3;-29.6;7.09;3.82;Pozitivno;Da
625;18.8;-22.5;7.3;3.68;Pozitivno;Ne
626;13.5;-22.2;7.37;4.27;Pozitivno;Da
627;21.8;-18.7;7.11;4.31;Pozitivno;Da
628;7.2;-27.0;7.09;3.35;Pozitivno;Da
629;22.2;-23.3;6.57;3.33;Pozitivno;Da
630;22.4;-6.2;6.94;2.38;Pozitivno;Da
631;21.6;-23.2;7.3;4.03;Pozitivno;Da
632;22.6;-22.8;7.09;3.97;Pozitivno;Da
633;21.2;-20.8;7.09;3.16;Pozitivno;Da
634;27.4;-18.3;7.03;4.23;Pozitivno;Da
635;17.9;-26.3;6.85;3.57;Pozitivno;Ne
636;18.7;-16.7;6.97;3.41;Pozitivno;Da
637;12.5;-16.8;7.12;3.28;Pozitivno;Da
638;16.6;-18.6;7.01;3.6;Pozitivno;Ne
639;19.2;-18.2;6.88;3.72;Pozitivno;Da
640;23.2;-25.2;7.23;3.33;Pozitivno;Da
641;17.3;-26.6;7.21;3.76;Pozitivno;Ne
642;25.6;-15.7;7.1;3.85;Pozitivno;Da
643;20.0;-21.9;7.03;3.55;Pozitivno;Ne
644;21.3;-19.4;7.11;3.75;Pozitivno;Da
645;16.4;-19.5;7.15;3.72;Pozitivno;Da
646;22.7;-14.7;7.03;3.48;Pozitivno;Ne
647;23.1;-23.3;6.99;4.01;Pozitivno;Da
648;26.3;-18.5;7.26;3.31;Pozitivno;Da
649;20.2;-24.7;7.12;3.7;Pozitivno;Ne
650;26.2;-15.7;6.99;3.77;Pozitivno;Da
651;25.2;-22.3;7.04;2.23;Negativno;Da
652;21.6;-26.8;7.42;3.92;Pozitivno;Ne
653;15.4;-13.0;6.86;3.5;Pozitivno;Da
654;17.1;-24.6;6.8;3.1;Pozitivno;Da
655;30.2;-21.9;6.77;3.24;Pozitivno;Da
656;18.7;-19.9;6.84;3.92;Pozitivno;Da
657;19.3;-21.5;7.07;3.6;Pozitivno;Ne
658;26.6;-21.7;6.97;3.4;Pozitivno;Da
659;18.9;-13.1;7.15;4.11;Pozitivno;Da
660;22.5;-9.1;6.74;3.77;Pozitivno;Da
661;20.2;-5.2;7.04;3.24;Pozitivno;Da
662;25.7;-23.8;7.01;2.97;Pozitivno;Da
663;20.4;-14.5;6.96;3.46;Pozitivno;Da
664;21.6;-20.0;6.81;4.33;Pozitivno;Da
665;30.0;-25.7;7.08;3.69;Pozitivno;Da
666;22.6;-23.2;6.99;3.15;Pozitivno;Da
667;16.1;-23.7;7.07;3.4;Pozitivno;Da
668;21.6;-11.6;7.26;3.49;Pozitivno;Da
669;7.6;-25.8;7.02;3.47;Pozitivno;Da
670;20.5;-19.2;6.99;4.06;Pozitivno;Da
671;23.0;-14.0;6.95;3.34;Pozitivno;Da
672;13.5;-18.4;6.75;3.68;Pozitivno;Da
673;23.7;-16.6;7.26;4.06;Pozitivno;Da
674;19.9;-24.2;6.79;3.52;Pozitivno;Da
675;19.7;-26.5;7.2;3.57;Pozitivno;Da
676;17.5;-14.4;6.91;3.75;Pozitivno;Da
677;17.4;-20.0;7.03;3.53;Pozitivno;Da
678;13.9;-19.5;6.88;3.06;Negativno;Da
679;22.5;-19.3;6.91;2.76;Negativno;Da
680;24.0;-20.6;6.98;3.86;Pozitivno;Ne
681;13.0;-18.0;6.7;3.11;Pozitivno;Da
682;25.2;-19.4;6.87;3.39;Pozitivno;Da
683;10.2;-17.0;7.06;3.6;Pozitivno;Da
684;17.5;-15.9;7.35;4.4;Pozitivno;Ne
685;20.8;-26.3;7.07;3.29;Pozitivno;Da
686;12.5;-11.5;6.91;4.0;Pozitivno;Ne
687;24.5;-28.0;6.86;3.48;Pozitivno;Da
688;20.8;-15.3;6.9;3.68;Pozitivno;Da
689;26.2;-24.1;6.91;3.65;Pozitivno;Ne
690;21.5;-21.9;7.12;3.72;Pozitivno;Da
691;16.9;-18.9;7.22;2.96;Pozitivno;Ne
692;27.8;-27.2;6.97;2.94;Pozitivno;Da
693;23.9;-13.6;6.67;3.72;Pozitivno;Ne
694;22.5;-14.8;7.01;3.16;Pozitivno;Da
695;21.1;-13.3;7.26;3.4;Pozitivno;Da
696;23.3;-15.4;6.95;2.74;Pozitivno;Ne
697;23.2;-18.9;6.92;3.96;Pozitivno;Ne
698;23.9;-18.9;7.02;3.67;Pozitivno;Da
699;24.3;-22.1;6.76;3.75;Pozitivno;Da
700;24.4;-29.9;6.71;3.96;Pozitivno;Da
701;18.2;-17.6;7.15;3.7;Pozitivno;Da
702;17.1;-9.0;6.96;4.59;Pozitivno;Da
703;18.6;-13.8;7.3;3.5;Pozitivno;Ne
704;22.1;-27.7;7.05;4.35;Pozitivno;Da
705;18.4;-19.4;7.06;2.51;Pozitivno;Da
706;16.3;-14.8;6.8;4.31;Pozitivno;Da
707;16.7;-17.0;7.07;3.02;Pozitivno;Da
708;29.3;-14.5;6.62;3.45;Pozitivno;Ne
709;21.2;-15.9;7.27;3.6;Pozitivno;Da
710;14.4;-23.2;6.83;3.06;Pozitivno;Da
711;26.5;-17.2;6.8;3.09;Pozitivno;Da
712;14.0;-23.4;6.94;3.49;Pozitivno;Da
713;17.5;-19.8;6.71;2.65;Pozitivno;Da
714;18.7;-21.3;7.14;3.02;Pozitivno;Ne
715;23.0;-24.0;6.99;4.24;Pozitivno;Da
716;17.3;-17.5;6.93;3.78;Pozitivno;Da
717;30.3;-10.6;6.85;3.05;Negativno;Da
718;26.8;-19.0;7.16;3.17;Pozitivno;Da
719;24.8;-11.5;7.3;3.27;Pozitivno;Da
720;19.0;-22.0;7.29;3.39;Pozitivno;Da
721;26.3;-11.6;7.08;3.36;Pozitivno;Da
722;18.6;-17.9;6.99;3.54;Pozitivno;Da
723;24.7;-13.1;6.89;3.42;Pozitivno;Ne
724;13.1;-18.1;6.48;2.42;Pozitivno;Da
725;24.0;-21.5;7.05;2.95;Negativno;Da
726;22.7;-21.8;6.39;3.57;Pozitivno;Da
727;20.2;-30.1;7.0;3.0;Pozitivno;Da
728;28.6;-20.7;7.3;3.99;Pozitivno;Da
729;20.4;-20.7;7.08;3.89;Pozitivno;Da
730;22.1;-23.8;7.08;3.34;Pozitivno;Ne
731;20.5;-23.1;7.0;3.28;Pozitivno;Ne
732;18.2;-20.3;6.66;4.44;Pozitivno;Da
733;14.0;-29.8;7.16;3.09;Pozitivno;Da
734;28.0;-23.9;6.69;3.21;Pozitivno;Da
735;20.7;-31.3;6.96;3.41;Pozitivno;Da
736;21.4;-17.9;6.97;4.69;Negativno;Ne
737;13.4;-20.8;6.65;3.23;Negativno;Da
738;19.1;-24.4;6.88;4.48;Pozitivno;Da
739;21.7;-23.2;7.12;3.75;Pozitivno;Ne
740;18.5;-17.3;6.93;3.43;Pozitivno;Da
741;19.9;-22.0;6.92;3.63;Pozitivno;Ne
742;18.3;-23.9;7.1;3.44;Pozitivno;Da
743;21.4;-22.9;6.77;3.78;Pozitivno;Ne
744;16.4;-23.2;7.25;3.45;Pozitivno;Da
745;22.2;-23.0;6.81;3.81;Pozitivno;Da
746;25.2;-25.7;7.27;3.54;Pozitivno;Ne
747;27.6;-26.3;6.76;3.54;Negativno;Da
748;16.1;-14.4;7.0;3.47;Pozitivno;Da
749;14.8;-22.5;7.24;4.34;Pozitivno;Da
750;12.8;-13.2;6.56;3.96;Pozitivno;Da
751;5.1;-64.7;9.0;0.56;Negativno;Ne
752;4.1;-68.2;9.15;1.47;Negativno;Ne
753;0.4;-75.9;7.7;0.27;Negativno;Ne
754;1.9;-58.0;5.11;0.66;Negativno;Ne
755;1.0;-48.7;9.6;0.47;Negativno;Ne
756;4.4;-74.4;8.97;0.22;Negativno;Ne
757;1.7;-74.4;7.08;0.53;Negativno;Ne
758;0.5;-48.3;4.69;0.37;Negativno;Ne
759;1.2;-39.1;5.43;0.49;Negativno;Ne
760;1.1;-76.8;5.8;0.17;Negativno;Ne
761;1.7;-61.0;4.96;0.2;Negativno;Ne
762;8.1;-43.0;9.46;0.15;Negativno;Ne
763;5.6;-59.4;8.34;1.17;Negativno;Ne
764;11.5;-58.3;7.54;0.68;Negativno;Ne
765;1.4;-65.1;5.05;0.21;Negativno;Ne
766;2.6;-65.4;7.92;0.16;Negativno;Ne
767;15.4;-51.3;6.22;0.36;Negativno;Ne
768;1.9;-50.2;8.2;0.64;Negativno;Ne
769;0.6;-54.6;6.03;0.02;Negativno;Ne
770;19.4;-59.8;2.63;0.0;Negativno;Ne
771;13.0;-48.7;7.98;0.08;Negativno;Ne
772;4.7;-48.0;8.06;0.35;Negativno;Ne
773;9.4;-48.1;11.79;0.03;Negativno;Ne
774;7.0;-73.0;11.66;0.43;Negativno;Ne
775;1.7;-79.3;4.98;0.51;Negativno;Ne
776;13.3;-53.8;4.81;0.49;Negativno;Ne
777;0.3;-59.3;7.09;0.75;Negativno;Ne
778;1.6;-61.3;4.59;1.38;Negativno;Ne
779;0.9;-40.5;7.4;0.11;Negativno;Ne
780;1.2;-50.9;7.56;0.21;Pozitivno;Ne
781;7.6;-63.7;7.69;0.26;Negativno;Ne
782;18.9;-51.0;6.74;1.51;Negativno;Ne
783;7.3;-65.3;7.34;0.06;Negativno;Ne
784;16.5;-57.2;7.01;2.26;Negativno;Ne
785;8.0;-52.1;9.34;0.51;Negativno;Ne
786;4.8;-69.1;6.14;0.18;Negativno;Ne
787;6.6;-59.1;9.15;1.85;Negativno;Ne
788;6.8;-72.2;9.61;0.14;Negativno;Ne
789;11.9;-69.8;9.01;0.67;Negativno;Ne
790;5.8;-60.3;8.78;1.02;Negativno;Ne
791;1.6;-58.0;6.96;0.18;Negativno;Ne
792;5.0;-65.0;9.21;0.03;Negativno;Ne
793;4.0;-73.4;6.5;1.24;Negativno;Ne
794;1.0;-57.3;9.08;0.11;Negativno;Ne
795;0.9;-62.8;9.18;0.67;Negativno;Ne
796;4.0;-61.7;7.67;0.11;Negativno;Ne
797;4.6;-79.4;7.25;0.16;Negativno;Ne
798;11.5;-58.4;5.73;0.02;Negativno;Ne
799;2.2;-63.3;9.14;0.35;Pozitivno;Ne
800;7.7;-55.8;6.56;0.11;Negativno;Ne
801;2.7;-57.6;6.37;0.5;Negativno;Ne
802;4.9;-64.5;6.76;0.86;Negativno;Ne
803;0.4;-45.0;8.93;0.64;Negativno;Ne
804;7.7;-58.1;5.55;1.18;Negativno;Ne
805;4.5;-49.8;7.91;0.35;Negativno;Ne
806;6.4;-80.1;5.16;0.67;Negativno;Ne
807;0.8;-68.1;7.31;2.99;Negativno;Ne
808;0.6;-46.1;8.63;0.68;Negativno;Ne
809;5.2;-56.4;7.77;0.27;Negativno;Ne
810;7.7;-73.9;8.32;0.25;Negativno;Ne
811;5.9;-50.9;7.28;0.71;Negativno;Ne
812;0.7;-53.4;5.46;0.73;Negativno;Ne
813;7.0;-45.5;9.67;0.0;Negativno;Ne
814;4.8;-79.0;9.0;0.44;Negativno;Ne
815;3.6;-57.6;8.17;0.35;Negativno;Ne
816;1.7;-66.3;8.07;0.12;Negativno;Ne
817;12.7;-56.1;7.51;0.01;Negativno;Ne
818;16.4;-53.1;6.24;0.88;Negativno;Ne
819;2.1;-71.4;7.79;0.14;Negativno;Ne
820;10.8;-57.4;6.59;0.37;Negativno;Ne
821;15.7;-64.8;8.51;0.02;Negativno;Ne
822;2.3;-40.1;7.18;0.57;Negativno;Ne
823;10.2;-79.5;7.44;0.29;Negativno;Ne
824;7.9;-66.3;6.62;0.33;Negativno;Ne
825;3.3;-65.5;7.32;0.69;Negativno;Ne
826;1.6;-54.8;7.76;0.32;Negativno;Ne
827;2.2;-47.6;11.06;0.2;Negativno;Ne
828;12.2;-71.1;8.67;0.06;Negativno;Ne
829;2.2;-53.2;6.59;1.35;Negativno;Ne
830;0.0;-59.8;6.09;0.69;Negativno;Ne
831;0.4;-61.4;8.25;0.88;Negativno;Ne
832;2.6;-64.2;6.51;0.54;Negativno;Ne
833;1.3;-74.2;11.13;1.28;Negativno;Ne
834;6.8;-50.6;7.85;0.34;Negativno;Ne
835;0.9;-67.0;6.02;0.14;Negativno;Ne
836;5.4;-73.0;5.98;1.45;Negativno;Ne
837;4.0;-61.3;8.17;0.52;Negativno;Ne
838;0.2;-56.9;4.46;0.53;Negativno;Ne
839;0.9;-61.8;8.76;0.49;Negativno;Ne
840;12.8;-81.8;6.88;0.07;Negativno;Ne
841;1.0;-73.0;6.08;0.66;Negativno;Ne
842;3.8;-68.1;9.96;0.4;Negativno;Ne
843;2.0;-54.4;5.06;0.75;Negativno;Ne
844;1.0;-55.6;7.32;1.5;Negativno;Ne
845;1.1;-72.2;9.68;0.14;Negativno;Ne
846;0.5;-63.6;5.33;1.21;Negativno;Ne
847;1.1;-64.7;8.3;0.34;Pozitivno;Ne
848;2.0;-60.3;6.94;0.0;Negativno;Ne
849;0.6;-40.1;4.45;0.28;Negativno;Ne
850;0.0;-70.8;8.75;0.02;Negativno;Ne
851;10.1;-67.0;7.29;0.41;Negativno;Ne
852;9.4;-58.4;7.83;0.4;Negativno;Ne
853;1.2;-56.0;8.0;0.13;Negativno;Ne
854;0.9;-68.0;5.28;0.24;Negativno;Ne
855;14.4;-73.1;8.85;0.59;Negativno;Ne
856;0.7;-64.0;9.64;0.08;Negativno;Ne
857;1.7;-45.8;6.05;0.07;Negativno;Ne
858;12.0;-61.9;6.22;0.03;Negativno;Ne
859;2.9;-52.5;3.92;0.58;Negativno;Ne
860;2.7;-46.4;10.37;0.97;Negativno;Ne
861;3.3;-43.8;7.51;1.16;Negativno;Ne
862;6.2;-57.5;12.69;0.14;Negativno;Ne
863;6.9;-21.6;7.02;0.21;Negativno;Ne
864;0.5;-51.0;6.06;1.01;Negativno;Ne
865;1.2;-66.4;8.88;0.18;Negativno;Ne
866;8.3;-31.6;5.23;0.47;Negativno;Ne
867;15.6;-50.4;7.31;0.95;Negativno;Ne
868;2.3;-58.8;9.8;0.06;Negativno;Ne
869;7.1;-60.4;9.59;0.49;Negativno;Ne
870;5.5;-57.0;7.15;1.53;Negativno;Ne
871;6.2;-61.0;9.91;0.19;Negativno;Ne
872;20.1;-60.8;5.61;0.29;Negativno;Ne
873;9.2;-60.4;5.71;0.28;Negativno;Ne
874;5.6;-66.8;6.89;0.14;Negativno;Ne
875;2.4;-63.9;6.22;0.18;Negativno;Ne
876;6.4;-47.1;9.18;0.11;Negativno;Ne
877;0.2;-82.6;6.57;0.26;Negativno;Ne
878;2.1;-77.2;3.69;0.04;Negativno;Ne
879;5.7;-67.9;4.17;0.36;Negativno;Ne
880;16.9;-71.3;4.54;0.49;Negativno;Ne
881;5.6;-40.0;8.08;2.1;Negativno;Ne
882;0.7;-56.4;5.07;0.03;Negativno;Ne
883;9.9;-41.2;7.49;0.26;Negativno;Ne
884;1.6;-66.5;9.06;0.91;Negativno;Ne
885;1.7;-68.9;10.97;0.81;Negativno;Ne
886;11.6;-59.7;5.54;0.51;Negativno;Ne
887;6.7;-46.8;5.99;0.06;Negativno;Ne
888;5.9;-67.2;6.75;0.58;Negativno;Ne
889;9.5;-68.2;10.29;0.16;Negativno;Ne
890;1.2;-47.7;11.67;0.05;Negativno;Ne
891;17.0;-74.0;5.61;1.55;Negativno;Ne
892;13.3;-49.8;8.86;0.56;Negativno;Ne
893;10.9;-43.7;9.95;0.05;Negativno;Ne
894;5.6;-53.0;6.94;0.22;Negativno;Ne
895;1.5;-44.9;6.38;0.02;Negativno;Ne
896;3.7;-50.6;5.68;0.31;Negativno;Ne
897;0.6;-68.2;8.84;0.33;Negativno;Ne
898;7.1;-41.4;5.55;0.81;Negativno;Ne
899;15.5;-47.7;5.9;0.73;Negativno;Ne
900;0.1;-89.7;6.26;0.34;Negativno;Ne
901;0.8;-75.3;6.65;1.09;Negativno;Ne
902;4.4;-64.7;7.36;0.49;Negativno;Ne
903;8.2;-47.9;6.36;0.01;Negativno;Ne
904;0.9;-71.8;3.62;0.21;Negativno;Ne
905;2.2;-63.6;2.96;0.11;Negativno;Ne
906;8.4;-60.1;6.14;1.38;Negativno;Ne
907;0.2;-42.9;6.52;0.03;Negativno;Ne
908;1.4;-54.0;7.97;0.06;Negativno;Ne
909;2.8;-64.1;10.39;0.07;Negativno;Ne
910;2.2;-60.6;7.31;3.74;Negativno;Ne
911;7.6;-47.1;7.05;0.64;Negativno;Ne
912;7.1;-65.3;5.96;0.41;Negativno;Ne
913;2.9;-76.0;4.92;0.17;Negativno;Ne
914;2.0;-53.3;6.53;0.38;Negativno;Ne
915;5.4;-56.0;5.8;0.63;Negativno;Ne
916;1.5;-59.8;7.76;0.11;Negativno;Ne
917;7.0;-62.4;8.32;0.3;Negativno;Ne
918;2.2;-63.9;6.71;0.47;Negativno;Ne
919;8.5;-60.2;6.5;0.41;Negativno;Ne
920;0.3;-58.7;6.82;0.87;Negativno;Ne
921;3.2;-59.0;7.34;0.38;Negativno;Ne
922;0.2;-61.4;9.79;1.04;Negativno;Ne
923;1.7;-53.6;7.05;0.42;Negativno;Ne
924;1.8;-57.6;2.84;0.83;Negativno;Ne
925;6.3;-44.0;9.01;0.02;Negativno;Ne
926;15.5;-45.0;4.96;1.11;Negativno;Ne
927;11.5;-68.9;8.26;0.26;Negativno;Ne
928;10.4;-58.0;8.24;0.04;Negativno;Ne
929;3.0;-32.3;5.61;0.3;Negativno;Ne
930;3.7;-58.6;8.75;0.5;Negativno;Ne
931;1.1;-84.0;4.24;0.38;Negativno;Ne
932;33.7;-51.9;8.24;0.02;Negativno;Ne
933;0.3;-48.8;7.79;0.59;Negativno;Ne
934;3.4;-42.7;8.61;1.11;Negativno;Ne
935;0.4;-68.1;10.19;0.32;Negativno;Ne
936;9.5;-43.5;7.9;0.7;Negativno;Ne
937;5.8;-66.2;4.65;1.88;Negativno;Ne
938;0.2;-68.6;7.02;0.16;Negativno;Ne
939;4.8;-58.5;4.82;0.06;Negativno;Ne
940;6.4;-60.0;8.08;0.24;Negativno;Ne
941;1.6;-61.6;3.87;1.1;Negativno;Ne
942;16.9;-56.7;9.92;0.29;Negativno;Ne
943;0.1;-59.4;11.79;0.52;Negativno;Ne
944;6.0;-43.5;5.79;0.23;Negativno;Ne
945;2.3;-53.3;6.41;0.09;Negativno;Ne
946;0.0;-36.9;12.34;0.05;Negativno;Ne
947;4.1;-58.7;9.29;0.12;Negativno;Ne
948;2.7;-61.8;7.87;0.77;Negativno;Ne
949;1.5;-75.2;5.03;0.36;Negativno;Ne
950;6.0;-61.2;6.02;1.3;Negativno;Ne
951;7.5;-64.9;6.85;0.03;Negativno;Ne
952;0.4;-57.0;6.86;0.28;Negativno;Ne
953;6.4;-74.1;6.85;0.13;Negativno;Ne
954;3.8;-45.7;8.55;0.1;Negativno;Ne
955;8.7;-59.8;7.84;0.19;Negativno;Ne
956;16.0;-54.0;5.69;0.31;Negativno;Ne
957;0.4;-62.0;8.0;1.88;Negativno;Ne
958;3.7;-65.7;6.04;0.1;Negativno;Ne
959;1.1;-59.0;5.52;0.08;Negativno;Ne
960;3.9;-60.9;7.58;0.42;Negativno;Ne
961;9.7;-62.8;2.66;0.61;Negativno;Ne
962;2.8;-62.1;3.83;0.8;Negativno;Ne
963;11.4;-73.1;6.53;0.25;Negativno;Ne
964;4.1;-61.2;5.09;0.55;Negativno;Ne
965;0.6;-51.1;6.98;0.14;Negativno;Ne
966;6.3;-66.6;10.4;0.05;Negativno;Ne
967;5.9;-55.5;8.8;0.56;Negativno;Ne
968;0.4;-49.3;8.82;0.44;Negativno;Ne
969;2.6;-58.2;7.22;0.39;Negativno;Ne
970;1.9;-68.0;8.06;0.27;Negativno;Ne
971;1.9;-54.7;6.33;1.09;Negativno;Ne
972;1.1;-70.2;4.46;0.3;Negativno;Ne
973;1.3;-68.5;5.54;0.29;Negativno;Ne
974;0.6;-53.0;4.91;0.56;Negativno;Ne
975;0.8;-62.2;7.92;0.02;Negativno;Ne
976;5.3;-72.8;6.17;0.65;Negativno;Ne
977;5.5;-48.6;5.56;1.6;Negativno;Ne
978;13.7;-60.8;11.87;0.16;Negativno;Ne
979;16.2;-61.1;9.04;0.11;Negativno;Ne
980;3.5;-44.6;12.21;0.23;Negativno;Ne
981;18.3;-55.0;7.76;0.25;Negativno;Ne
982;3.7;-36.0;6.91;0.74;Negativno;Ne
983;3.0;-53.1;9.65;0.64;Negativno;Ne
984;3.2;-70.0;9.25;0.21;Negativno;Ne
985;1.0;-54.5;11.04;0.38;Negativno;Ne
986;4.3;-41.9;6.85;0.63;Negativno;Ne
987;2.5;-59.0;6.74;1.47;Negativno;Ne
988;2.6;-54.8;6.32;0.52;Pozitivno;Ne
989;1.5;-67.0;6.93;0.84;Negativno;Ne
990;1.3;-51.8;9.63;0.34;Negativno;Ne
991;0.6;-49.9;11.08;0.2;Negativno;Ne
992;5.8;-75.6;6.95;0.97;Negativno;Ne
993;15.1;-85.1;6.91;1.31;Negativno;Ne
994;4.0;-60.0;6.45;0.23;Negativno;Ne
995;12.6;-38.6;6.75;0.4;Negativno;Ne
996;8.2;-65.5;10.23;0.36;Negativno;Ne
997;1.0;-36.1;8.04;1.3;Negativno;Ne
998;20.8;-54.3;7.8;0.56;Negativno;Ne
999;3.5;-67.2;9.22;1.49;Negativno;Ne
1000;0.2;-76.0;6.18;0.16;Negativno;Ne
1001;1.0;-67.8;8.27;0.35;Negativno;Ne
1002;0.7;-52.8;7.16;0.67;Negativno;Ne
1003;8.2;-72.9;8.91;0.58;Negativno;Ne
1004;1.6;-46.0;3.16;0.27;Negativno;Ne
1005;0.8;-60.5;9.02;0.12;Negativno;Ne
1006;0.9;-53.2;9.09;0.32;Negativno;Ne
1007;0.8;-62.3;7.84;0.51;Negativno;Ne
1008;0.3;-60.6;3.31;0.11;Negativno;Ne
1009;7.3;-57.6;7.45;0.37;Negativno;Ne
1010;16.3;-62.7;5.89;0.04;Negativno;Ne
1011;0.8;-52.7;9.05;0.26;Negativno;Ne
1012;6.7;-55.4;5.37;0.28;Negativno;Ne
1013;1.3;-68.1;6.31;0.55;Negativno;Ne
1014;6.0;-56.9;7.28;0.31;Negativno;Ne
1015;0.6;-55.7;6.58;0.41;Negativno;Ne
1016;0.6;-62.5;6.77;0.52;Negativno;Ne
1017;0.8;-85.7;8.84;0.18;Negativno;Ne
1018;7.7;-63.7;6.06;0.34;Negativno;Ne
1019;1.5;-34.3;7.08;0.4;Negativno;Ne
1020;21.3;-55.7;7.33;0.95;Negativno;Ne
1021;3.6;-61.9;3.67;1.72;Negativno;Ne
1022;0.5;-45.2;5.23;0.1;Negativno;Ne
1023;0.8;-51.8;4.59;0.78;Negativno;Ne
1024;2.2;-64.3;8.51;0.89;Negativno;Ne
1025;17.1;-84.3;10.33;0.36;Negativno;Ne
1026;3.2;-53.0;7.55;0.39;Negativno;Ne
1027;5.2;-61.4;7.42;1.77;Negativno;Ne
1028;5.7;-66.3;8.55;2.06;Negativno;Ne
1029;1.3;-54.4;7.04;0.28;Negativno;Ne
1030;2.3;-57.8;7.92;0.4;Negativno;Ne
1031;5.6;-56.2;7.92;0.8;Negativno;Ne
1032;0.1;-56.2;6.46;0.04;Negativno;Ne
1033;1.7;-81.0;10.02;0.17;Negativno;Ne
1034;1.0;-47.9;5.81;0.04;Negativno;Ne
1035;8.0;-72.6;4.4;0.22;Negativno;Ne
1036;1.2;-69.5;8.02;0.34;Negativno;Ne
1037;0.1;-52.0;7.62;0.01;Negativno;Ne
1038;0.4;-55.1;2.57;0.38;Negativno;Ne
1039;3.1;-71.6;5.9;0.08;Negativno;Ne
1040;1.5;-62.0;5.36;0.87;Negativno;Ne
1041;0.3;-57.7;6.3;0.05;Negativno;Ne
1042;0.5;-50.0;7.09;0.26;Negativno;Ne
1043;1.5;-55.0;8.24;1.39;Negativno;Ne
1044;3.8;-59.5;5.87;0.13;Negativno;Ne
1045;7.7;-64.9;8.4;0.08;Negativno;Ne
1046;12.6;-31.9;7.99;0.06;Negativno;Ne
1047;7.3;-39.7;7.21;0.37;Negativno;Ne
1048;0.0;-61.2;9.26;1.72;Negativno;Ne
1049;2.0;-68.2;8.21;1.66;Negativno;Ne
1050;5.2;-70.5;8.2;0.65;Negativno;Ne
1051;6.3;-55.4;8.62;0.11;Negativno;Ne
1052;13.7;-67.5;7.06;0.23;Negativno;Ne
1053;1.6;-57.0;3.61;1.7;Negativno;Ne
1054;0.2;-60.0;10.52;0.08;Negativno;Ne
1055;6.0;-53.3;6.37;0.64;Negativno;Ne
1056;0.6;-61.6;4.47;0.65;Negativno;Ne
1057;8.5;-78.6;7.6;0.61;Negativno;Ne
1058;1.9;-59.3;12.03;0.7;Negativno;Ne
1059;9.4;-62.4;8.6;0.44;Negativno;Ne
1060;1.0;-59.3;9.3;0.1;Negativno;Ne
1061;5.4;-40.9;9.6;0.0;Negativno;Ne
1062;6.8;-71.5;5.72;1.82;Negativno;Ne
1063;5.9;-52.3;9.38;0.6;Negativno;Ne
1064;1.9;-48.7;6.75;0.13;Negativno;Ne
1065;5.5;-54.7;7.0;0.1;Negativno;Ne
1066;4.2;-70.1;4.67;1.2;Negativno;Ne
1067;8.3;-61.0;8.63;0.54;Negativno;Ne
1068;7.8;-53.9;8.06;0.61;Negativno;Ne
1069;0.4;-61.7;6.19;0.03;Negativno;Ne
1070;4.1;-72.4;5.26;1.3;Negativno;Ne
1071;4.9;-55.1;8.27;0.13;Negativno;Ne
1072;1.8;-60.5;5.94;0.56;Negativno;Ne
1073;3.0;-71.5;8.22;0.29;Negativno;Ne
1074;6.8;-71.3;7.59;1.03;Negativno;Ne
1075;0.7;-70.0;9.14;1.25;Negativno;Ne
1076;0.3;-47.0;7.19;0.68;Negativno;Ne
1077;0.9;-75.0;10.21;0.26;Negativno;Ne
1078;0.7;-43.8;5.86;0.06;Negativno;Ne
1079;12.9;-50.5;9.15;0.28;Negativno;Ne
1080;2.2;-64.2;8.04;0.1;Negativno;Ne
1081;0.9;-61.9;9.1;0.74;Negativno;Ne
1082;4.5;-84.7;5.87;0.78;Negativno;Ne
1083;7.1;-43.0;7.71;1.02;Negativno;Ne
1084;13.1;-63.0;9.8;0.37;Negativno;Ne
1085;12.6;-71.1;2.03;0.44;Negativno;Ne
1086;4.6;-55.4;9.31;0.05;Negativno;Ne
1087;3.1;-51.0;9.28;1.41;Negativno;Ne
1088;9.1;-45.0;4.96;0.43;Negativno;Ne
1089;11.1;-58.0;6.7;0.71;Negativno;Ne
1090;6.0;-46.8;2.84;0.11;Negativno;Ne
1091;5.3;-52.3;8.44;0.11;Negativno;Ne
1092;12.2;-56.1;5.04;0.11;Negativno;Ne
1093;6.2;-53.2;4.61;0.44;Negativno;Ne
1094;4.5;-54.0;4.07;0.26;Negativno;Ne
1095;1.1;-74.4;8.11;1.16;Negativno;Ne
1096;2.9;-54.1;5.47;0.37;Negativno;Ne
1097;0.7;-59.2;6.5;0.5;Negativno;Ne
1098;17.6;-65.7;6.38;0.2;Negativno;Ne
1099;0.9;-62.4;5.69;0.12;Negativno;Ne
1100;4.6;-57.0;4.33;0.0;Negativno;Ne
1101;2.8;-61.3;8.76;0.34;Negativno;Ne
1102;4.5;-60.7;9.73;0.01;Negativno;Ne
1103;3.5;-48.5;7.99;0.45;Pozitivno;Ne
1104;4.6;-42.9;8.33;0.01;Negativno;Ne
1105;5.1;-57.1;6.87;2.63;Negativno;Ne
1106;5.3;-47.4;9.85;0.08;Negativno;Ne
1107;0.6;-73.9;5.81;0.11;Negativno;Ne
1108;11.5;-54.3;6.59;2.36;Negativno;Ne
1109;6.0;-62.3;7.35;0.69;Negativno;Ne
1110;0.4;-55.9;3.98;0.34;Negativno;Ne
1111;3.3;-45.3;7.63;0.29;Negativno;Ne
1112;0.0;-52.1;6.0;0.07;Negativno;Ne
1113;1.4;-64.6;9.96;0.79;Negativno;Ne
1114;3.5;-62.2;7.89;0.51;Negativno;Ne
1115;8.1;-68.8;8.48;0.16;Negativno;Ne
1116;4.1;-51.4;6.04;0.04;Negativno;Ne
1117;0.9;-51.3;6.19;1.0;Negativno;Ne
1118;5.6;-52.7;6.26;0.94;Negativno;Ne
1119;4.8;-62.6;6.55;0.52;Negativno;Ne
1120;1.5;-70.9;7.47;0.22;Negativno;Ne
1121;1.1;-37.9;8.05;0.01;Negativno;Ne
1122;25.4;-76.1;5.64;1.34;Negativno;Ne
1123;1.2;-60.3;6.63;0.14;Pozitivno;Ne
1124;0.4;-61.7;8.63;0.39;Negativno;Ne
1125;1.7;-60.9;10.16;0.77;Negativno;Ne
1126;2.6;-66.6;5.37;0.2;Negativno;Ne
1127;4.1;-69.1;4.66;0.93;Negativno;Ne
1128;2.2;-61.2;7.31;0.08;Negativno;Ne
1129;4.4;-50.6;6.93;0.33;Negativno;Ne
1130;3.9;-65.7;8.03;0.34;Negativno;Ne
1131;2.3;-61.5;7.28;0.13;Negativno;Ne
1132;18.7;-67.4;6.03;1.09;Negativno;Ne
1133;2.1;-62.5;9.35;0.2;Negativno;Ne
1134;8.3;-70.1;8.74;0.53;Negativno;Ne
1135;3.6;-68.5;8.35;0.06;Negativno;Ne
1136;0.2;-58.7;5.79;1.12;Negativno;Ne
1137;1.1;-57.4;9.66;0.27;Negativno;Ne
1138;12.1;-38.9;8.36;0.8;Negativno;Ne
1139;1.8;-54.2;9.11;1.31;Negativno;Ne
1140;1.1;-59.3;10.42;0.36;Negativno;Ne
1141;3.8;-56.5;7.46;0.2;Negativno;Ne
1142;1.0;-57.8;4.28;0.36;Negativno;Ne
1143;2.1;-65.3;4.13;1.28;Negativno;Ne
1144;2.3;-47.7;3.68;0.63;Negativno;Ne
1145;12.1;-65.4;4.76;0.75;Negativno;Ne
1146;1.4;-66.4;5.92;0.31;Negativno;Ne
1147;29.1;-61.0;5.25;0.83;Negativno;Ne
1148;1.2;-43.7;7.56;0.55;Negativno;Ne
1149;0.1;-67.3;9.36;0.01;Negativno;Ne
1150;3.6;-61.6;6.65;0.22;Negativno;Ne
1151;0.1;-60.5;8.43;0.42;Negativno;Ne
1152;4.4;-78.2;5.2;2.73;Negativno;Ne
1153;2.9;-50.4;5.92;0.71;Negativno;Ne
1154;8.6;-62.8;9.02;0.3;Negativno;Ne
1155;1.3;-58.3;5.78;0.32;Negativno;Ne
1156;13.7;-63.9;5.82;0.2;Negativno;Ne
1157;2.1;-58.4;4.52;0.02;Negativno;Ne
1158;0.2;-68.2;7.92;0.5;Negativno;Ne
1159;17.3;-54.5;4.99;0.57;Negativno;Ne
1160;7.6;-70.1;4.56;0.34;Negativno;Ne
1161;3.9;-55.9;5.77;0.06;Negativno;Ne
1162;1.2;-72.0;11.84;0.46;Negativno;Ne
1163;4.2;-50.0;6.76;1.05;Negativno;Ne
1164;1.0;-49.3;6.99;0.96;Negativno;Ne
1165;0.2;-47.5;6.91;0.21;Negativno;Ne
1166;1.8;-72.7;11.39;1.61;Negativno;Ne
1167;3.5;-46.2;4.36;0.25;Negativno;Ne
1168;2.8;-58.3;5.83;0.52;Negativno;Ne
1169;4.3;-63.6;4.64;1.05;Negativno;Ne
1170;0.6;-64.9;7.23;0.35;Negativno;Ne
1171;7.5;-58.0;7.21;0.58;Negativno;Ne
1172;3.2;-41.3;7.99;0.45;Pozitivno;Ne
1173;16.3;-53.7;7.47;0.58;Negativno;Ne
1174;8.4;-57.7;8.49;1.21;Negativno;Ne
1175;2.5;-55.0;8.64;0.31;Negativno;Ne
1176;2.7;-60.8;6.78;0.35;Negativno;Ne
1177;1.8;-59.1;6.7;0.17;Negativno;Ne
1178;0.8;-65.7;6.85;0.5;Negativno;Ne
1179;1.8;-66.0;7.95;0.64;Negativno;Ne
1180;14.3;-67.6;7.96;0.13;Negativno;Ne
1181;0.6;-64.0;5.62;1.1;Negativno;Ne
1182;6.5;-65.7;4.9;0.26;Negativno;Ne
1183;3.6;-64.6;8.95;0.07;Negativno;Ne
1184;0.5;-45.4;7.82;0.13;Negativno;Ne
1185;7.0;-54.9;7.22;0.13;Negativno;Ne
1186;6.3;-68.1;5.3;0.44;Negativno;Ne
1187;0.5;-47.3;7.56;0.01;Negativno;Ne
1188;14.4;-66.7;8.7;0.23;Negativno;Ne
1189;1.5;-55.6;5.54;0.0;Negativno;Ne
1190;7.0;-82.4;5.79;0.8;Negativno;Ne
1191;1.6;-63.3;7.06;1.4;Negativno;Ne
1192;8.2;-61.7;5.12;1.05;Negativno;Ne
1193;5.9;-59.7;6.92;0.23;Negativno;Ne
1194;1.7;-64.6;7.41;0.15;Negativno;Ne
1195;5.5;-56.4;9.93;0.3;Negativno;Ne
1196;1.2;-73.6;6.14;0.21;Negativno;Ne
1197;7.8;-47.7;6.37;0.35;Negativno;Ne
1198;13.4;-66.2;9.86;0.43;Negativno;Ne
1199;9.3;-64.8;8.54;0.01;Negativno;Ne
1200;13.1;-64.2;9.92;0.4;Negativno;Ne
1201;0.0;-57.9;5.53;0.9;Negativno;Ne
1202;1.2;-79.7;8.01;0.1;Negativno;Ne
1203;4.0;-78.4;7.99;0.01;Negativno;Ne
1204;3.0;-56.1;8.31;0.0;Negativno;Ne
1205;0.3;-53.6;8.97;0.0;Negativno;Ne
1206;10.5;-60.4;2.51;1.26;Negativno;Ne
1207;8.0;-50.4;8.42;0.34;Negativno;Ne
1208;3.4;-73.3;5.89;0.65;Negativno;Ne
1209;5.3;-57.8;8.9;0.45;Negativno;Ne
1210;4.5;-48.6;2.04;0.2;Negativno;Ne
1211;4.6;-65.9;5.46;0.05;Negativno;Ne
1212;17.1;-76.1;8.64;1.83;Negativno;Ne
1213;1.1;-68.3;2.91;0.32;Negativno;Ne
1214;3.7;-62.1;10.71;1.29;Negativno;Ne
1215;4.3;-69.4;10.05;0.18;Negativno;Ne
1216;18.6;-52.6;4.21;0.48;Negativno;Ne
1217;2.6;-62.9;9.32;0.04;Negativno;Ne
1218;4.2;-66.3;10.65;0.43;Negativno;Ne
1219;7.3;-72.5;7.14;2.33;Negativno;Ne
1220;1.7;-64.9;9.96;0.11;Negativno;Ne
1221;0.4;-76.8;9.48;0.08;Negativno;Ne
1222;3.6;-60.3;8.24;0.3;Negativno;Ne
1223;1.8;-78.2;9.18;0.44;Negativno;Ne
1224;2.3;-52.1;8.3;0.83;Negativno;Ne
1225;2.6;-66.4;10.61;1.06;Negativno;Ne
1226;0.4;-63.6;9.6;0.3;Negativno;Ne
1227;2.1;-47.3;9.6;0.45;Negativno;Ne
1228;3.4;-54.5;10.08;0.87;Negativno;Ne
1229;1.7;-50.7;6.34;0.21;Negativno;Ne
1230;2.4;-59.7;1.7;0.08;Negativno;Ne
1231;3.4;-57.2;4.82;0.95;Negativno;Ne
1232;6.2;-43.8;5.65;1.12;Negativno;Ne
1233;7.5;-65.2;7.32;0.68;Negativno;Ne
1234;1.2;-56.0;8.84;0.18;Negativno;Ne
1235;4.0;-68.4;4.9;1.18;Negativno;Ne
1236;3.7;-55.2;7.76;0.26;Negativno;Ne
1237;7.6;-55.5;6.83;0.86;Negativno;Ne
1238;1.8;-45.9;7.0;0.52;Negativno;Ne
1239;4.1;-74.1;8.08;0.34;Negativno;Ne
1240;4.4;-56.6;6.25;0.12;Negativno;Ne
1241;10.8;-57.4;9.48;0.26;Negativno;Ne
1242;2.9;-75.8;7.23;0.17;Negativno;Ne
1243;2.5;-54.5;6.53;0.83;Negativno;Ne
1244;6.4;-78.1;8.6;0.43;Negativno;Ne
1245;3.9;-56.2;5.33;0.56;Negativno;Ne
1246;3.8;-50.5;7.38;1.52;Negativno;Ne
1247;3.6;-49.2;5.79;1.34;Negativno;Ne
1248;10.0;-61.7;9.65;0.16;Negativno;Ne
1249;8.5;-64.9;6.39;0.07;Negativno;Ne
1250;23.4;-45.8;8.79;0.01;Negativno;Ne
1251;1.1;-41.0;6.25;1.18;Negativno;Ne
1252;0.2;-54.4;6.03;0.6;Negativno;Ne
1253;0.6;-68.9;9.07;0.8;Negativno;Ne
1254;4.1;-71.9;6.77;1.08;Negativno;Ne
1255;5.4;-73.9;5.97;0.73;Negativno;Ne
1256;6.5;-51.4;6.46;0.08;Negativno;Ne
1257;2.5;-52.6;5.58;0.86;Negativno;Ne
1258;2.2;-56.9;10.07;0.76;Negativno;Ne
1259;1.8;-58.5;7.19;0.16;Negativno;Ne
1260;9.1;-58.4;8.03;0.06;Negativno;Ne
1261;1.0;-58.4;5.46;0.78;Negativno;Ne
1262;11.9;-63.7;8.01;0.09;Negativno;Ne
1263;7.9;-58.4;4.04;0.47;Negativno;Ne
1264;3.7;-53.5;11.62;0.22;Negativno;Ne
1265;5.6;-77.3;6.97;0.24;Negativno;Ne
1266;6.0;-73.4;9.22;0.17;Negativno;Ne
1267;12.3;-55.1;9.87;0.42;Negativno;Ne
1268;1.6;-63.0;5.34;0.02;Negativno;Ne
1269;5.4;-75.5;6.36;0.11;Negativno;Ne
1270;7.2;-71.0;6.37;0.0;Negativno;Ne
1271;5.8;-78.8;8.94;0.2;Negativno;Ne
1272;4.7;-57.2;7.56;0.4;Negativno;Ne
1273;8.7;-74.7;5.79;0.28;Negativno;Ne
1274;3.4;-44.7;9.37;1.74;Negativno;Ne
1275;1.7;-49.7;9.39;0.45;Negativno;Ne
1276;6.6;-61.8;6.74;1.0;Negativno;Ne
1277;10.9;-64.7;11.0;0.19;Negativno;Ne
1278;0.7;-76.7;7.42;1.7;Negativno;Ne
1279;1.3;-58.6;6.87;0.03;Negativno;Ne
1280;10.3;-61.4;7.71;1.16;Negativno;Ne
1281;0.3;-55.7;6.61;0.44;Negativno;Ne
1282;1.9;-53.5;7.15;0.2;Negativno;Ne
1283;8.6;-44.7;7.91;0.65;Negativno;Ne
1284;1.8;-78.9;7.93;0.22;Negativno;Ne
1285;2.5;-66.3;7.21;0.27;Negativno;Ne
1286;4.4;-50.6;4.09;0.19;Negativno;Ne
1287;5.7;-49.8;5.9;0.5;Negativno;Ne
1288;2.2;-65.0;9.71;0.48;Negativno;Ne
1289;0.8;-68.7;6.26;0.27;Negativno;Ne
1290;7.1;-55.5;5.58;0.18;Negativno;Ne
1291;5.2;-67.3;7.42;0.52;Negativno;Ne
1292;6.6;-68.2;3.19;0.21;Negativno;Ne
1293;3.6;-65.6;7.03;0.63;Negativno;Ne
1294;0.6;-57.2;6.2;0.3;Negativno;Ne
1295;1.4;-65.2;7.51;0.12;Negativno;Ne
1296;0.1;-49.3;7.82;0.2;Negativno;Ne
1297;1.8;-67.5;6.87;0.15;Negativno;Ne
1298;8.5;-82.8;7.97;0.77;Negativno;Ne
1299;3.7;-56.9;5.47;0.03;Negativno;Ne
1300;8.4;-57.9;5.8;0.12;Negativno;Ne
1301;1.6;-54.6;8.11;0.13;Negativno;Ne
1302;16.3;-72.1;5.19;0.07;Negativno;Ne
1303;1.1;-49.7;5.95;0.83;Negativno;Ne
1304;16.4;-56.0;7.58;0.16;Negativno;Ne
1305;0.5;-76.6;8.1;0.64;Negativno;Ne
1306;10.0;-61.8;7.53;0.88;Negativno;Ne
1307;2.3;-61.5;6.5;0.33;Negativno;Ne
1308;2.7;-63.4;6.64;0.03;Negativno;Ne
1309;16.3;-54.2;7.94;0.77;Negativno;Ne
1310;4.2;-55.0;9.69;0.01;Negativno;Ne
1311;3.2;-61.8;9.31;0.9;Negativno;Ne
1312;1.9;-68.4;7.75;1.75;Negativno;Ne
1313;3.3;-38.9;3.06;0.82;Negativno;Ne
1314;3.6;-65.9;8.97;0.6;Negativno;Ne
1315;6.5;-68.5;7.3;0.53;Negativno;Ne
1316;8.3;-62.7;7.01;0.87;Negativno;Ne
1317;3.4;-56.4;5.65;0.47;Negativno;Ne
1318;6.1;-52.4;8.09;0.22;Negativno;Ne
1319;3.8;-73.6;5.29;0.16;Negativno;Ne
1320;10.1;-64.9;8.05;0.02;Negativno;Ne
1321;3.3;-53.6;6.65;0.28;Negativno;Ne
1322;2.1;-58.6;8.42;1.26;Negativno;Ne
1323;5.1;-51.7;6.95;1.36;Negativno;Ne
1324;7.3;-55.5;8.52;1.33;Negativno;Ne
1325;8.8;-65.6;6.57;0.43;Negativno;Ne
1326;4.0;-59.1;9.64;0.01;Negativno;Ne
1327;8.7;-27.2;8.44;0.25;Negativno;Ne
1328;3.2;-55.7;9.75;0.21;Negativno;Ne
1329;3.9;-52.7;5.28;0.36;Negativno;Ne
1330;9.5;-58.2;6.26;0.67;Negativno;Ne
1331;7.9;-51.6;4.91;0.08;Negativno;Ne
1332;1.5;-56.7;5.34;0.54;Negativno;Ne
1333;9.0;-48.5;1.65;0.04;Negativno;Ne
1334;8.8;-56.3;9.73;2.45;Negativno;Ne
1335;2.3;-63.4;8.47;0.35;Negativno;Ne
1336;18.7;-73.5;5.95;0.3;Negativno;Ne
1337;3.9;-52.7;5.22;0.68;Negativno;Ne
1338;3.2;-63.5;11.27;0.72;Negativno;Ne
1339;22.0;-54.2;9.88;0.04;Negativno;Ne
1340;3.6;-50.6;9.23;0.55;Negativno;Ne
1341;2.6;-49.0;3.33;0.87;Negativno;Ne
1342;7.5;-45.4;8.94;0.48;Negativno;Ne
1343;2.4;-82.9;9.14;1.0;Negativno;Ne
1344;2.0;-70.2;8.35;0.46;Negativno;Ne
1345;2.6;-59.9;5.52;0.42;Negativno;Ne
1346;3.3;-62.6;9.75;0.28;Negativno;Ne
1347;9.3;-52.0;7.47;0.93;Negativno;Ne
1348;10.4;-53.6;8.38;0.13;Negativno;Ne
1349;0.3;-61.0;4.04;0.01;Negativno;Ne
1350;3.6;-50.7;6.47;0.57;Negativno;Ne
1351;0.2;-44.0;7.08;0.87;Negativno;Ne
1352;14.3;-58.4;9.46;0.54;Negativno;Ne
1353;1.0;-35.1;7.69;0.72;Negativno;Ne
1354;2.1;-41.0;9.41;0.5;Negativno;Ne
1355;12.3;-71.5;8.39;0.42;Negativno;Ne
1356;0.4;-85.2;6.59;0.04;Negativno;Ne
1357;0.0;-59.1;7.49;0.05;Negativno;Ne
1358;3.7;-63.5;6.62;0.01;Negativno;Ne
1359;3.2;-64.7;4.12;0.57;Negativno;Ne
1360;9.4;-59.4;10.75;0.14;Negativno;Ne
1361;2.2;-36.8;8.19;0.79;Negativno;Ne
1362;14.3;-58.8;4.29;0.84;Negativno;Ne
1363;3.2;-69.6;4.73;0.47;Negativno;Ne
1364;5.1;-65.3;5.99;0.06;Negativno;Ne
1365;0.1;-56.9;6.84;0.05;Negativno;Ne
1366;14.9;-57.9;4.94;0.06;Negativno;Ne
1367;9.2;-62.9;9.49;0.01;Negativno;Ne
1368;4.3;-61.6;8.77;0.51;Negativno;Ne
1369;6.2;-55.6;12.63;1.16;Negativno;Ne
1370;4.2;-33.2;9.31;0.92;Negativno;Ne
1371;12.1;-64.0;5.6;1.22;Negativno;Ne
1372;0.9;-52.7;11.96;0.18;Negativno;Ne
1373;7.2;-67.4;9.23;0.06;Negativno;Ne
1374;0.2;-50.9;6.63;0.96;Negativno;Ne
1375;0.6;-67.8;5.5;0.06;Negativno;Ne
1376;6.2;-56.8;6.32;0.08;Negativno;Ne
1377;4.7;-59.8;6.74;1.75;Negativno;Ne
1378;0.9;-70.1;7.94;0.14;Negativno;Ne
1379;1.0;-67.6;4.69;0.49;Negativno;Ne
1380;3.4;-71.1;5.03;0.17;Negativno;Ne
1381;6.0;-48.7;5.04;0.23;Negativno;Ne
1382;5.6;-64.4;6.93;0.88;Negativno;Ne
1383;2.5;-55.6;8.12;1.08;Negativno;Ne
1384;1.6;-55.0;5.28;1.16;Negativno;Ne
1385;1.4;-70.5;3.66;0.78;Negativno;Ne
1386;0.3;-68.5;5.46;0.81;Negativno;Ne
1387;0.7;-56.5;7.61;0.78;Negativno;Ne
1388;1.3;-60.1;7.97;0.2;Negativno;Ne
1389;12.7;-59.4;9.23;0.79;Negativno;Ne
1390;10.3;-58.3;6.64;0.23;Negativno;Ne
1391;4.8;-89.4;7.15;0.78;Negativno;Ne
1392;3.7;-65.2;4.39;0.11;Negativno;Ne
1393;3.3;-57.6;8.89;0.53;Negativno;Ne
1394;5.0;-56.2;9.74;0.33;Negativno;Ne
1395;8.9;-65.8;6.22;0.52;Negativno;Ne
1396;2.0;-64.2;5.5;0.88;Negativno;Ne
1397;1.7;-63.7;5.72;0.35;Negativno;Ne
1398;4.1;-62.1;5.47;0.41;Negativno;Ne
1399;1.6;-61.4;6.58;0.4;Negativno;Ne
1400;8.2;-60.4;7.44;1.33;Negativno;Ne
1401;3.1;-67.2;4.59;1.01;Negativno;Ne
1402;10.8;-43.9;3.27;0.47;Pozitivno;Ne
1403;3.6;-48.1;7.5;0.77;Negativno;Ne
1404;3.7;-60.0;8.65;0.25;Negativno;Ne
1405;2.8;-75.0;8.48;0.15;Negativno;Ne
1406;5.6;-48.8;5.82;0.95;Negativno;Ne
1407;30.4;-81.1;5.87;0.27;Negativno;Ne
1408;4.0;-53.8;6.11;0.15;Negativno;Ne
1409;2.2;-65.8;8.99;0.3;Negativno;Ne
1410;0.8;-52.4;7.05;1.92;Negativno;Ne
1411;4.1;-52.3;10.13;0.08;Negativno;Ne
1412;12.6;-53.8;7.44;0.1;Negativno;Ne
1413;3.9;-62.2;6.26;0.64;Negativno;Ne
1414;3.9;-54.2;6.98;0.16;Negativno;Ne
1415;12.2;-56.9;5.82;0.19;Negativno;Ne
1416;0.3;-65.3;5.4;0.13;Negativno;Ne
1417;0.4;-57.6;3.79;0.7;Negativno;Ne
1418;1.2;-55.6;4.84;0.18;Negativno;Ne
1419;13.4;-67.7;9.85;0.02;Negativno;Ne
1420;3.5;-67.6;9.6;0.75;Negativno;Ne
1421;0.1;-58.5;7.08;0.94;Negativno;Ne
1422;1.6;-72.9;6.95;0.36;Negativno;Ne
1423;2.0;-51.0;7.1;0.01;Negativno;Ne
1424;0.9;-61.9;12.64;0.15;Negativno;Ne
1425;3.6;-43.6;9.52;0.18;Negativno;Ne
1426;7.7;-48.3;6.61;0.04;Negativno;Ne
1427;0.0;-73.1;9.95;0.32;Negativno;Ne
1428;1.2;-65.5;7.12;1.87;Negativno;Ne
1429;9.2;-63.4;5.17;0.06;Negativno;Ne
1430;3.7;-77.2;3.03;0.13;Negativno;Ne
1431;0.5;-61.1;7.74;0.15;Negativno;Ne
1432;0.1;-66.1;3.54;0.12;Negativno;Ne
1433;0.3;-59.8;6.3;0.35;Negativno;Ne
1434;1.2;-61.6;5.55;0.35;Negativno;Ne
1435;8.4;-75.1;5.52;0.14;Negativno;Ne
1436;0.3;-61.1;5.13;0.65;Negativno;Ne
1437;3.7;-74.3;5.55;0.3;Negativno;Ne
1438;0.6;-64.5;7.91;0.67;Negativno;Ne
1439;3.5;-50.4;6.85;0.38;Negativno;Ne
1440;0.0;-62.3;5.77;0.21;Negativno;Ne
1441;6.0;-41.9;6.86;0.08;Negativno;Ne
1442;8.5;-78.4;3.93;0.43;Negativno;Ne
1443;16.9;-66.5;8.78;0.25;Negativno;Ne
1444;2.1;-77.7;9.56;0.98;Negativno;Ne
1445;3.5;-67.1;9.72;0.12;Negativno;Ne
1446;3.5;-60.0;7.93;1.21;Negativno;Ne
1447;1.4;-52.3;10.32;0.77;Negativno;Ne
1448;3.3;-42.9;10.62;0.58;Negativno;Ne
1449;11.8;-64.5;9.04;0.35;Negativno;Ne
1450;0.8;-73.2;8.62;0.95;Negativno;Ne
1451;5.0;-59.9;8.09;0.19;Negativno;Ne
1452;3.2;-61.1;7.64;0.28;Negativno;Ne
1453;6.6;-54.8;4.54;0.36;Negativno;Ne
1454;5.8;-60.5;7.01;0.34;Negativno;Ne
1455;8.8;-64.8;7.03;0.48;Negativno;Ne
1456;1.1;-50.2;4.96;0.78;Negativno;Ne
1457;5.4;-46.6;7.92;0.04;Negativno;Ne
1458;6.0;-79.7;6.41;0.01;Negativno;Ne
1459;1.4;-75.0;8.37;0.01;Negativno;Ne
1460;7.0;-73.9;6.18;0.15;Negativno;Ne
1461;1.3;-60.8;4.68;0.02;Negativno;Ne
1462;5.4;-39.3;9.46;0.15;Negativno;Ne
1463;0.2;-48.8;4.72;0.64;Negativno;Ne
1464;4.2;-56.8;5.96;0.74;Negativno;Ne
1465;17.9;-75.9;6.43;0.41;Negativno;Ne
1466;6.5;-80.7;8.09;0.48;Negativno;Ne
1467;3.1;-58.0;2.97;0.45;Negativno;Ne
1468;3.7;-65.6;8.46;0.8;Negativno;Ne
1469;18.0;-61.8;7.93;0.4;Negativno;Ne
1470;1.2;-70.0;3.17;0.47;Negativno;Ne
1471;0.1;-74.8;8.81;0.07;Negativno;Ne
1472;1.8;-49.5;2.88;0.37;Negativno;Ne
1473;2.1;-59.1;8.65;0.08;Negativno;Ne
1474;6.4;-34.7;7.16;0.68;Negativno;Ne
1475;5.8;-38.7;3.84;0.23;Negativno;Ne
1476;12.0;-64.9;7.53;0.79;Negativno;Ne
1477;6.2;-54.4;8.98;2.54;Negativno;Ne
1478;0.9;-68.4;6.28;0.61;Negativno;Ne
1479;1.4;-45.6;8.94;1.19;Negativno;Ne
1480;6.0;-66.0;10.47;0.23;Negativno;Ne
1481;20.1;-72.6;3.4;0.8;Negativno;Ne
1482;8.1;-59.2;3.66;0.27;Negativno;Ne
1483;4.7;-62.7;11.64;0.7;Negativno;Ne
1484;5.2;-83.9;7.44;0.01;Negativno;Ne
1485;4.6;-67.7;7.45;0.37;Negativno;Ne
1486;5.2;-47.6;8.07;0.17;Negativno;Ne
1487;8.0;-63.5;1.05;1.33;Negativno;Ne
1488;6.6;-48.6;4.35;0.63;Negativno;Ne
1489;0.0;-67.8;2.01;0.08;Negativno;Ne
1490;5.5;-43.5;8.37;0.04;Negativno;Ne
1491;1.3;-57.6;6.77;0.46;Negativno;Ne
1492;6.4;-55.3;5.57;0.41;Negativno;Ne
1493;1.4;-59.6;5.96;1.4;Negativno;Ne
1494;0.5;-49.1;6.58;0.01;Negativno;Ne
1495;6.5;-65.6;6.96;0.54;Negativno;Ne
1496;9.2;-60.8;3.77;0.1;Negativno;Ne
1497;3.6;-57.8;9.96;0.53;Negativno;Ne
1498;0.2;-55.1;6.96;0.56;Negativno;Ne
1499;2.3;-65.9;5.18;0.2;Negativno;Ne
1500;2.6;-53.0;7.03;0.06;Negativno;Ne
1501;0.3;-61.5;9.22;0.1;Negativno;Ne
1502;14.0;-78.4;5.2;0.17;Negativno;Ne
1503;2.5;-59.7;5.63;0.04;Negativno;Ne
1504;5.1;-59.8;7.39;1.06;Negativno;Ne
1505;12.7;-72.4;4.61;0.5;Negativno;Ne
1506;0.7;-59.8;7.19;0.46;Negativno;Ne
1507;12.5;-91.4;6.27;1.88;Negativno;Ne
1508;0.5;-38.4;6.17;0.18;Negativno;Ne
1509;2.8;-66.0;9.63;0.0;Negativno;Ne
1510;13.5;-57.3;7.58;0.24;Negativno;Ne
1511;0.5;-53.4;7.03;0.31;Negativno;Ne
1512;17.9;-66.8;6.89;0.72;Negativno;Ne
1513;13.8;-54.8;5.3;0.04;Negativno;Ne
1514;0.7;-61.5;5.33;0.1;Negativno;Ne
1515;1.9;-49.9;8.5;0.6;Negativno;Ne
1516;2.0;-54.6;9.27;0.24;Negativno;Ne
1517;0.7;-62.6;6.06;0.42;Negativno;Ne
1518;8.5;-69.6;8.09;0.07;Negativno;Ne
1519;2.1;-62.2;2.57;0.41;Negativno;Ne
1520;13.7;-56.8;9.01;1.01;Negativno;Ne
1521;2.0;-56.3;5.78;0.78;Negativno;Ne
1522;8.3;-63.9;6.61;0.01;Negativno;Ne
1523;6.4;-64.8;6.12;0.1;Negativno;Ne
1524;5.9;-48.4;6.92;0.85;Negativno;Ne
1525;2.6;-63.9;4.9;1.64;Negativno;Ne
1526;0.1;-69.9;7.44;1.09;Negativno;Ne
1527;1.7;-62.8;8.15;0.18;Negativno;Ne
1528;2.4;-62.4;8.72;0.37;Negativno;Ne
1529;9.6;-63.6;6.58;0.0;Negativno;Ne
1530;2.3;-56.4;6.54;0.02;Negativno;Ne
1531;0.9;-62.9;5.04;0.49;Negativno;Ne
1532;5.6;-63.5;8.68;1.42;Negativno;Ne
1533;0.8;-76.5;6.41;0.53;Negativno;Ne
1534;6.1;-50.4;4.28;0.01;Negativno;Ne
1535;8.0;-73.9;6.64;0.22;Negativno;Ne
1536;15.7;-55.0;9.0;0.46;Negativno;Ne
1537;2.6;-77.1;8.57;0.17;Negativno;Ne
1538;8.1;-55.9;7.4;0.75;Negativno;Ne
1539;3.0;-73.2;6.57;0.98;Negativno;Ne
1540;7.5;-51.9;3.67;0.19;Negativno;Ne
1541;3.0;-41.9;6.07;0.45;Negativno;Ne
1542;3.2;-72.1;5.81;0.47;Negativno;Ne
1543;4.6;-54.6;7.67;0.1;Negativno;Ne
1544;7.2;-62.8;11.9;0.21;Negativno;Ne
1545;7.4;-69.4;6.97;0.01;Negativno;Ne
1546;21.7;-73.3;8.61;1.11;Negativno;Ne
1547;1.9;-53.4;8.5;0.31;Negativno;Ne
1548;2.4;-58.3;6.32;0.02;Negativno;Ne
1549;14.0;-65.8;9.76;0.33;Negativno;Ne
1550;9.5;-64.4;8.57;1.33;Negativno;Ne
1551;6.9;-59.4;5.59;0.78;Negativno;Ne
1552;4.2;-71.9;9.53;0.07;Negativno;Ne
1553;7.4;-48.0;5.53;0.89;Negativno;Ne
1554;4.9;-60.3;7.3;0.28;Negativno;Ne
1555;17.8;-55.3;8.82;0.29;Negativno;Ne
1556;2.5;-53.2;5.16;0.02;Negativno;Ne
1557;2.7;-52.3;10.28;0.1;Negativno;Ne
1558;3.1;-68.4;8.66;0.47;Negativno;Ne
1559;4.4;-63.1;8.82;1.56;Negativno;Ne
1560;5.7;-73.8;5.88;0.75;Negativno;Ne
1561;6.8;-46.3;5.57;0.4;Negativno;Ne
1562;9.2;-48.2;7.65;0.02;Negativno;Ne
1563;2.3;-45.4;5.91;0.47;Negativno;Ne
1564;0.1;-59.3;8.1;0.05;Negativno;Ne
1565;3.3;-68.2;7.47;0.18;Negativno;Ne
1566;3.5;-48.7;8.24;0.58;Negativno;Ne
1567;6.4;-61.5;9.0;0.97;Negativno;Ne
1568;5.8;-72.7;5.96;0.1;Negativno;Ne
1569;3.5;-57.0;7.55;0.47;Negativno;Ne
1570;4.6;-67.2;7.83;1.66;Negativno;Ne
1571;2.2;-65.8;9.06;0.11;Negativno;Ne
1572;8.8;-56.9;8.55;0.04;Negativno;Ne
1573;2.1;-44.9;6.57;0.33;Pozitivno;Ne
1574;12.8;-58.5;5.85;0.53;Negativno;Ne
1575;2.8;-58.2;6.14;0.47;Negativno;Ne
1576;1.6;-69.1;7.78;0.1;Negativno;Ne
1577;2.7;-73.9;5.62;0.1;Negativno;Ne
1578;4.3;-51.2;9.37;0.46;Negativno;Ne
1579;7.0;-69.3;7.74;0.35;Negativno;Ne
1580;2.8;-61.7;8.46;0.1;Negativno;Ne
1581;7.0;-55.1;8.55;0.05;Negativno;Ne
1582;4.9;-59.4;6.41;0.16;Negativno;Ne
1583;0.1;-40.5;8.24;0.46;Negativno;Ne
1584;2.4;-54.1;7.9;0.11;Negativno;Ne
1585;4.0;-67.0;5.75;0.0;Negativno;Ne
1586;2.8;-71.6;9.13;0.44;Negativno;Ne
1587;0.9;-71.0;6.83;0.13;Negativno;Ne
1588;19.6;-54.8;3.9;0.1;Negativno;Ne
1589;18.2;-38.9;7.42;0.79;Negativno;Ne
1590;5.4;-59.3;8.74;0.1;Negativno;Ne
1591;5.1;-47.4;7.04;0.55;Negativno;Ne
1592;0.1;-69.2;8.54;0.0;Negativno;Ne
1593;0.5;-65.6;8.06;0.3;Negativno;Ne
1594;7.6;-59.4;8.01;0.56;Negativno;Ne
1595;3.9;-71.2;2.85;0.56;Negativno;Ne
1596;3.9;-51.5;7.4;0.51;Negativno;Ne
1597;1.9;-71.7;4.68;0.1;Negativno;Ne
1598;5.6;-57.1;3.49;0.2;Negativno;Ne
1599;2.6;-74.9;9.0;0.0;Negativno;Ne
1600;8.9;-66.0;6.68;0.75;Negativno;Ne
1601;3.7;-80.7;10.2;0.11;Negativno;Ne
1602;27.3;-83.6;11.38;1.24;Negativno;Ne
1603;3.1;-46.4;8.43;0.08;Negativno;Ne
1604;13.8;-54.4;2.13;0.2;Negativno;Ne
1605;2.3;-56.2;4.97;0.09;Negativno;Ne
1606;9.5;-58.6;7.15;0.21;Negativno;Ne
1607;8.0;-54.3;6.87;0.33;Negativno;Ne
1608;3.1;-56.6;6.58;0.54;Negativno;Ne
1609;8.8;-65.1;7.75;0.05;Negativno;Ne
1610;7.9;-60.4;11.8;0.49;Negativno;Ne
1611;1.2;-66.5;8.96;1.25;Negativno;Ne
1612;13.6;-53.9;6.93;0.37;Negativno;Ne
1613;7.4;-71.6;5.68;0.03;Negativno;Ne
1614;9.4;-48.0;7.26;1.02;Negativno;Ne
1615;1.6;-48.7;6.6;0.08;Negativno;Ne
1616;0.1;-68.9;5.4;1.73;Negativno;Ne
1617;9.1;-54.8;2.9;0.08;Negativno;Ne
1618;5.8;-71.8;5.69;1.01;Negativno;Ne
1619;6.7;-58.1;6.15;1.41;Negativno;Ne
1620;1.7;-61.6;7.79;0.4;Negativno;Ne
1621;1.5;-45.8;5.95;0.03;Negativno;Ne
1622;5.7;-61.5;6.25;0.3;Negativno;Ne
1623;2.3;-54.6;7.3;0.1;Negativno;Ne
1624;5.1;-55.7;7.76;0.45;Negativno;Ne
1625;2.5;-61.8;7.91;0.63;Negativno;Ne
1626;0.6;-59.9;8.27;0.26;Negativno;Ne
1627;2.4;-51.7;5.7;0.49;Negativno;Ne
1628;0.2;-51.4;9.87;0.74;Negativno;Ne
1629;1.4;-66.3;7.77;0.34;Negativno;Ne
1630;16.1;-41.4;5.93;0.38;Negativno;Ne
1631;11.6;-64.8;7.03;0.58;Negativno;Ne
1632;0.1;-66.0;7.83;0.1;Negativno;Ne
1633;0.3;-39.5;7.28;0.1;Negativno;Ne
1634;17.3;-55.3;9.07;0.54;Negativno;Ne
1635;8.4;-68.0;5.49;0.35;Negativno;Ne
1636;0.9;-57.9;4.3;0.08;Negativno;Ne
1637;1.5;-44.5;5.83;1.22;Negativno;Ne
1638;6.8;-58.8;7.26;0.27;Negativno;Ne
1639;8.1;-67.6;11.04;0.48;Negativno;Ne
1640;37.6;-60.2;7.35;0.34;Negativno;Ne
1641;22.2;-58.7;6.35;1.13;Negativno;Ne
1642;5.0;-78.6;8.72;1.58;Negativno;Ne
1643;4.6;-70.3;6.54;0.44;Negativno;Ne
1644;15.1;-56.2;2.48;0.55;Negativno;Ne
1645;0.1;-64.2;8.78;0.25;Negativno;Ne
1646;6.5;-65.4;4.39;0.38;Negativno;Ne
1647;1.9;-52.0;5.91;0.52;Negativno;Ne
1648;0.6;-64.1;8.64;1.46;Negativno;Ne
1649;3.9;-67.4;6.91;0.68;Negativno;Ne
1650;15.8;-56.3;6.89;0.2;Negativno;Ne
1651;2.4;-66.5;4.96;0.23;Negativno;Ne
1652;2.6;-62.5;6.58;1.02;Negativno;Ne
1653;1.7;-50.6;6.17;0.08;Negativno;Ne
1654;12.5;-73.3;9.07;0.57;Negativno;Ne
1655;1.7;-58.3;7.6;0.58;Negativno;Ne
1656;4.1;-74.0;8.95;0.11;Negativno;Ne
1657;1.4;-52.8;2.84;0.42;Negativno;Ne
1658;11.5;-63.3;6.04;0.77;Negativno;Ne
1659;7.1;-53.2;4.82;0.55;Negativno;Ne
1660;9.2;-64.1;8.37;1.96;Negativno;Ne
1661;3.9;-56.4;6.4;0.47;Negativno;Ne
1662;3.0;-59.8;6.08;2.74;Negativno;Ne
1663;4.0;-51.2;6.25;0.27;Negativno;Ne
1664;4.9;-82.0;7.5;0.1;Negativno;Ne
1665;15.8;-45.7;6.54;0.44;Negativno;Ne
1666;1.5;-81.1;6.56;0.09;Negativno;Ne
1667;0.1;-69.4;3.06;0.29;Negativno;Ne
1668;7.0;-58.1;8.1;0.31;Negativno;Ne
1669;6.1;-60.0;8.42;0.58;Negativno;Ne
1670;1.9;-67.3;5.0;0.34;Negativno;Ne
1671;11.4;-60.1;8.43;0.08;Negativno;Ne
1672;8.8;-45.1;11.81;0.61;Negativno;Ne
1673;9.4;-58.3;7.55;0.17;Negativno;Ne
1674;11.4;-58.3;7.88;1.57;Negativno;Ne
1675;10.1;-53.8;4.97;0.24;Pozitivno;Ne
1676;4.3;-75.7;8.36;0.24;Negativno;Ne
1677;8.1;-54.3;8.26;1.2;Negativno;Ne
1678;5.9;-73.6;7.97;1.11;Negativno;Ne
1679;17.1;-51.6;9.27;0.53;Negativno;Ne
1680;8.4;-55.7;8.75;0.73;Negativno;Ne
1681;7.8;-51.2;4.02;0.33;Negativno;Ne
1682;0.9;-46.3;10.11;0.43;Negativno;Ne
1683;2.3;-79.3;3.9;0.88;Negativno;Ne
1684;3.0;-71.7;8.85;0.21;Negativno;Ne
1685;7.9;-58.7;8.41;0.36;Negativno;Ne
1686;3.1;-56.9;6.55;1.61;Negativno;Ne
1687;0.9;-54.2;8.23;0.12;Negativno;Ne
1688;23.2;-60.6;6.78;0.41;Negativno;Ne
1689;0.9;-56.9;6.05;0.79;Negativno;Ne
1690;10.6;-69.0;5.61;0.37;Negativno;Ne
1691;0.6;-64.1;5.74;0.97;Negativno;Ne
1692;0.7;-64.3;3.97;0.35;Negativno;Ne
1693;0.3;-44.9;5.82;0.11;Negativno;Ne
1694;1.8;-50.0;8.11;0.25;Negativno;Ne
1695;3.2;-66.3;4.89;0.43;Negativno;Ne
1696;4.9;-57.8;7.43;0.23;Negativno;Ne
1697;2.0;-77.7;5.4;0.52;Negativno;Ne
1698;13.7;-45.8;6.36;0.16;Pozitivno;Ne
1699;1.3;-45.5;8.45;1.02;Negativno;Ne
1700;1.0;-69.3;3.39;0.13;Negativno;Ne
1701;9.0;-63.8;7.9;0.39;Negativno;Ne
1702;0.8;-67.6;5.96;0.66;Negativno;Ne
1703;7.1;-57.4;4.7;1.67;Negativno;Ne
1704;2.7;-60.6;8.14;0.07;Negativno;Ne
1705;1.1;-40.5;5.67;0.04;Negativno;Ne
1706;1.9;-47.8;8.45;0.73;Negativno;Ne
1707;0.5;-67.0;4.2;0.49;Negativno;Ne
1708;1.2;-60.7;7.27;0.14;Negativno;Ne
1709;3.9;-51.5;9.03;0.37;Negativno;Ne
1710;17.5;-81.1;10.19;0.16;Negativno;Ne
1711;6.3;-73.0;3.16;0.36;Negativno;Ne
1712;11.0;-46.9;8.15;0.37;Negativno;Ne
1713;5.3;-79.4;9.14;0.43;Negativno;Ne
1714;7.0;-64.9;6.2;0.57;Negativno;Ne
1715;0.4;-62.6;5.06;0.65;Negativno;Ne
1716;2.5;-69.1;6.01;0.04;Negativno;Ne
1717;4.0;-68.4;8.74;0.23;Negativno;Ne
1718;1.5;-46.2;5.19;0.31;Negativno;Ne
1719;6.0;-67.9;6.47;0.15;Negativno;Ne
1720;0.9;-63.6;7.01;0.21;Negativno;Ne
1721;1.6;-31.9;6.8;0.06;Negativno;Ne
1722;3.3;-51.4;5.76;0.06;Negativno;Ne
1723;1.8;-58.4;8.8;0.78;Negativno;Ne
1724;8.8;-64.0;7.25;2.6;Negativno;Ne
1725;0.0;-73.6;4.83;0.21;Negativno;Ne
1726;5.0;-67.5;3.79;0.06;Negativno;Ne
1727;7.5;-62.3;8.02;0.3;Negativno;Ne
1728;0.6;-69.6;8.1;0.15;Negativno;Ne
1729;3.5;-67.7;7.48;0.84;Negativno;Ne
1730;1.7;-62.8;7.3;0.03;Negativno;Ne
1731;6.6;-48.9;5.23;0.6;Negativno;Ne
1732;10.6;-53.8;5.23;1.4;Negativno;Ne
1733;2.6;-52.4;2.6;1.22;Negativno;Ne
1734;0.1;-63.6;5.72;0.96;Negativno;Ne
1735;14.1;-53.5;7.66;0.94;Negativno;Ne
1736;4.7;-61.5;8.04;0.7;Negativno;Ne
1737;8.7;-62.5;9.58;0.15;Negativno;Ne
1738;7.9;-64.8;10.9;0.09;Negativno;Ne
1739;0.2;-59.3;8.04;0.2;Negativno;Ne
1740;0.8;-64.8;9.04;1.48;Negativno;Ne
1741;4.7;-58.5;5.16;0.2;Negativno;Ne
1742;5.9;-49.5;7.21;0.96;Negativno;Ne
1743;0.0;-62.4;4.99;0.31;Negativno;Ne
1744;9.5;-51.6;6.25;0.2;Negativno;Ne
1745;0.3;-54.8;6.39;1.7;Negativno;Ne
1746;4.1;-67.7;7.48;0.42;Negativno;Ne
1747;9.0;-60.9;8.28;0.78;Negativno;Ne
1748;9.6;-67.4;7.22;0.39;Negativno;Ne
1749;4.7;-56.2;6.08;0.39;Negativno;Ne
1750;25.1;-54.6;4.73;0.06;Negativno;Ne
1751;1.8;-66.7;8.02;0.31;Negativno;Ne
1752;7.1;-75.9;9.14;0.01;Negativno;Ne
1753;3.1;-68.5;6.81;0.91;Negativno;Ne
1754;4.9;-50.0;6.32;0.73;Negativno;Ne
1755;2.7;-51.3;5.81;0.5;Negativno;Ne
1756;6.3;-69.3;4.18;0.29;Negativno;Ne
1757;1.9;-58.6;6.87;0.02;Negativno;Ne
1758;0.5;-64.0;4.62;0.03;Negativno;Ne
1759;8.0;-55.8;8.91;0.29;Negativno;Ne
1760;6.9;-66.0;9.33;0.98;Negativno;Ne
1761;1.4;-80.7;7.78;1.87;Pozitivno;Ne
1762;0.7;-69.9;6.6;0.07;Negativno;Ne
1763;2.8;-47.0;6.73;0.43;Negativno;Ne
1764;7.5;-50.0;5.43;1.07;Negativno;Ne
1765;4.0;-70.7;9.09;0.76;Negativno;Ne
1766;1.7;-46.1;6.72;0.04;Negativno;Ne
1767;1.1;-74.0;3.71;0.74;Negativno;Ne
1768;3.0;-73.3;6.38;0.64;Negativno;Ne
1769;4.8;-69.9;10.27;0.04;Negativno;Ne
1770;0.9;-79.9;4.9;0.21;Negativno;Ne
1771;2.0;-53.5;4.78;1.16;Negativno;Ne
1772;7.9;-52.8;7.53;0.26;Negativno;Ne
1773;7.7;-45.3;9.56;1.12;Negativno;Ne
1774;4.5;-57.6;6.97;0.36;Negativno;Ne
1775;0.2;-51.9;7.2;0.55;Negativno;Ne
1776;0.7;-67.5;7.74;1.08;Negativno;Ne
1777;4.3;-46.8;3.96;0.21;Negativno;Ne
1778;8.3;-48.8;6.7;0.49;Negativno;Ne
1779;16.4;-58.4;8.78;0.14;Negativno;Ne
1780;1.1;-63.8;9.4;0.01;Negativno;Ne
1781;3.2;-58.9;6.09;0.86;Negativno;Ne
1782;7.1;-44.2;8.88;0.04;Negativno;Ne
1783;0.4;-63.8;7.86;0.58;Negativno;Ne
1784;3.1;-65.7;7.56;0.53;Negativno;Ne
1785;4.5;-53.5;6.25;0.83;Negativno;Ne
1786;1.5;-70.0;6.7;0.42;Negativno;Ne
1787;3.7;-60.4;6.15;1.03;Negativno;Ne
1788;4.3;-50.9;1.69;0.09;Negativno;Ne
1789;1.6;-62.2;7.07;1.33;Negativno;Ne
1790;3.8;-50.7;4.56;1.01;Negativno;Ne
1791;5.4;-63.5;7.99;0.53;Negativno;Ne
1792;17.2;-63.5;5.6;0.23;Pozitivno;Ne
1793;10.5;-78.4;6.87;0.19;Negativno;Ne
1794;6.6;-45.2;7.27;0.32;Negativno;Ne
1795;0.3;-63.7;7.14;0.5;Negativno;Ne
1796;1.3;-46.6;6.6;0.08;Negativno;Ne
1797;2.8;-67.6;9.79;0.45;Negativno;Ne
1798;2.6;-63.1;6.77;0.78;Negativno;Ne
1799;3.1;-69.9;11.04;0.81;Negativno;Ne
1800;5.2;-44.0;8.58;0.45;Negativno;Ne
1801;7.4;-70.1;4.48;0.24;Negativno;Ne
1802;2.6;-55.9;2.83;0.42;Negativno;Ne
1803;4.2;-40.6;7.55;0.02;Negativno;Ne
1804;1.3;-67.7;6.53;0.66;Negativno;Ne
1805;5.3;-64.4;2.45;0.6;Negativno;Ne
1806;1.0;-70.6;8.3;0.38;Negativno;Ne
1807;3.3;-58.4;5.55;0.16;Negativno;Ne
1808;7.1;-59.5;2.6;0.15;Negativno;Ne
1809;2.4;-75.9;8.19;0.09;Negativno;Ne
1810;12.5;-51.1;11.69;0.31;Negativno;Ne
1811;3.7;-49.3;6.45;0.59;Negativno;Ne
1812;1.0;-54.8;7.6;0.31;Negativno;Ne
1813;8.3;-52.4;8.73;0.15;Negativno;Ne
1814;0.8;-63.3;5.78;0.05;Negativno;Ne
1815;13.0;-72.6;8.67;0.51;Negativno;Ne
1816;9.3;-70.2;7.17;1.05;Negativno;Ne
1817;3.4;-69.4;9.77;0.06;Negativno;Ne
1818;11.8;-60.4;7.06;0.42;Negativno;Ne
1819;2.8;-87.7;7.42;1.16;Negativno;Ne
1820;6.1;-68.8;9.07;0.11;Negativno;Ne
1821;13.3;-46.4;6.01;0.62;Negativno;Ne
1822;2.8;-68.8;6.56;0.91;Negativno;Ne
1823;7.6;-49.1;3.87;0.06;Negativno;Ne
1824;2.7;-49.4;5.68;0.82;Negativno;Ne
1825;12.0;-69.7;5.3;0.2;Negativno;Ne
1826;4.7;-59.9;5.32;0.04;Negativno;Ne
1827;3.7;-40.3;5.89;1.62;Negativno;Ne
1828;8.1;-65.8;7.97;0.53;Negativno;Ne
1829;3.5;-57.1;6.79;0.78;Negativno;Ne
1830;1.6;-75.8;9.36;0.93;Negativno;Ne
1831;3.4;-62.5;7.75;0.48;Negativno;Ne
1832;6.0;-69.0;5.01;0.44;Negativno;Ne
1833;9.2;-59.9;12.5;0.34;Negativno;Ne
1834;5.7;-53.7;7.07;0.65;Negativno;Ne
1835;11.0;-64.0;7.7;0.32;Negativno;Ne
1836;0.2;-60.9;6.77;0.78;Negativno;Ne
1837;0.6;-61.2;6.04;0.58;Negativno;Ne
1838;0.9;-64.6;6.86;0.0;Negativno;Ne
1839;0.4;-64.7;3.31;0.59;Negativno;Ne
1840;1.5;-73.3;7.32;0.36;Negativno;Ne
1841;2.4;-47.9;7.41;0.45;Negativno;Ne
1842;2.8;-77.9;5.54;0.83;Negativno;Ne
1843;8.4;-55.7;7.94;0.22;Negativno;Ne
1844;1.1;-38.8;5.07;0.04;Negativno;Ne
1845;1.9;-56.4;5.03;0.14;Negativno;Ne
1846;0.7;-58.1;5.44;0.74;Negativno;Ne
1847;7.8;-67.6;14.0;0.88;Negativno;Ne
1848;4.2;-52.4;2.68;0.16;Negativno;Ne
1849;0.8;-58.1;6.19;0.93;Negativno;Ne
1850;0.2;-63.2;8.04;0.08;Negativno;Ne
1851;12.5;-59.0;8.72;0.13;Negativno;Ne
1852;1.9;-61.3;6.75;1.64;Negativno;Ne
1853;4.3;-64.4;7.65;0.13;Negativno;Ne
1854;3.2;-62.4;9.62;0.02;Negativno;Ne
1855;0.5;-67.8;8.11;0.46;Negativno;Ne
1856;4.2;-61.5;5.8;1.3;Negativno;Ne
1857;0.4;-55.3;9.4;0.24;Negativno;Ne
1858;1.7;-50.8;2.04;0.44;Negativno;Ne
1859;0.2;-73.3;7.79;0.25;Negativno;Ne
1860;0.1;-70.3;10.96;0.17;Negativno;Ne
1861;3.9;-35.7;8.44;0.82;Negativno;Ne
1862;11.4;-54.7;8.38;0.53;Negativno;Ne
1863;1.3;-68.8;5.63;1.76;Negativno;Ne
1864;4.3;-68.1;7.53;0.43;Negativno;Ne
1865;2.9;-61.6;13.43;0.27;Negativno;Ne
1866;6.5;-68.1;6.27;0.09;Negativno;Ne
1867;0.7;-55.8;6.87;0.1;Negativno;Ne
1868;3.6;-50.6;8.04;0.06;Negativno;Ne
1869;0.1;-72.9;7.34;0.4;Negativno;Ne
1870;13.1;-56.8;5.66;0.89;Negativno;Ne
1871;9.8;-63.4;6.35;0.58;Negativno;Ne
1872;3.5;-63.4;7.6;0.21;Negativno;Ne
1873;2.8;-61.1;5.17;0.47;Negativno;Ne
1874;42.1;-58.3;4.91;0.29;Negativno;Ne
1875;2.6;-53.6;8.26;0.7;Negativno;Ne
1876;2.8;-66.4;9.97;0.81;Negativno;Ne
1877;8.4;-62.2;3.65;1.55;Negativno;Ne
1878;8.8;-67.5;8.85;0.28;Negativno;Ne
1879;4.0;-60.2;8.65;0.31;Negativno;Ne
1880;0.2;-52.5;6.47;0.22;Negativno;Ne
1881;7.1;-65.8;6.0;0.15;Negativno;Ne
1882;6.2;-61.7;5.64;0.93;Negativno;Ne
1883;4.7;-60.8;5.94;0.47;Negativno;Ne
1884;1.1;-65.4;6.03;0.64;Negativno;Ne
1885;3.7;-50.4;8.89;0.49;Negativno;Ne
1886;7.8;-56.6;6.87;0.17;Negativno;Ne
1887;0.2;-76.9;7.58;0.84;Negativno;Ne
1888;13.2;-52.2;8.04;0.01;Negativno;Ne
1889;0.9;-78.1;6.96;0.41;Negativno;Ne
1890;6.3;-81.6;6.51;0.07;Negativno;Ne
1891;0.6;-68.9;5.89;0.08;Negativno;Ne
1892;4.1;-72.6;3.91;0.28;Negativno;Ne
1893;2.9;-58.1;5.99;0.26;Negativno;Ne
1894;22.3;-62.6;7.46;0.22;Negativno;Ne
1895;6.4;-61.0;2.47;0.09;Negativno;Ne
1896;1.6;-66.9;5.28;0.24;Negativno;Ne
1897;1.4;-57.9;6.81;0.05;Negativno;Ne
1898;12.8;-59.8;9.7;1.07;Negativno;Ne
1899;2.6;-62.7;9.99;0.17;Negativno;Ne
1900;5.1;-82.8;5.53;0.26;Negativno;Ne
1901;2.2;-53.3;3.72;0.08;Negativno;Ne
1902;4.8;-51.5;10.63;1.03;Negativno;Ne
1903;4.7;-70.6;4.16;0.08;Negativno;Ne
1904;2.0;-63.0;6.83;0.17;Negativno;Ne
1905;1.2;-58.6;7.01;0.27;Pozitivno;Ne
1906;1.6;-53.2;8.0;0.74;Negativno;Ne
1907;26.4;-51.3;10.69;0.19;Negativno;Ne
1908;7.2;-60.8;6.61;0.28;Negativno;Ne
1909;23.2;-50.6;8.54;0.79;Negativno;Ne
1910;2.5;-62.2;6.55;0.45;Negativno;Ne
1911;1.4;-59.9;7.22;0.01;Negativno;Ne
1912;4.3;-69.7;10.57;0.68;Negativno;Ne
1913;1.2;-45.1;10.28;0.3;Negativno;Ne
1914;0.1;-69.0;7.6;0.37;Negativno;Ne
1915;1.1;-59.1;5.67;0.27;Negativno;Ne
1916;1.4;-51.2;7.61;0.44;Negativno;Ne
1917;1.2;-59.8;3.04;2.1;Negativno;Ne
1918;0.0;-50.4;4.56;1.28;Negativno;Ne
1919;0.5;-68.7;9.47;0.38;Negativno;Ne
1920;6.2;-58.1;8.32;1.35;Negativno;Ne
1921;5.4;-40.0;7.48;0.08;Negativno;Ne
1922;7.9;-45.0;3.87;0.65;Negativno;Ne
1923;2.5;-60.3;4.84;0.69;Negativno;Ne
1924;5.1;-65.1;8.25;0.18;Negativno;Ne
1925;2.8;-60.9;7.29;1.9;Negativno;Ne
1926;4.6;-51.8;6.06;0.07;Negativno;Ne
1927;1.2;-53.5;8.71;0.38;Negativno;Ne
1928;0.1;-71.3;11.17;1.01;Negativno;Ne
1929;6.4;-49.6;7.69;0.2;Negativno;Ne
1930;3.1;-57.4;7.57;0.84;Negativno;Ne
1931;11.5;-50.3;8.15;0.27;Negativno;Ne
1932;5.2;-55.2;5.09;0.94;Negativno;Ne
1933;1.9;-68.1;9.31;0.57;Negativno;Ne
1934;8.5;-57.5;8.07;0.28;Negativno;Ne
1935;2.4;-50.1;8.43;0.11;Negativno;Ne
1936;5.0;-56.8;4.69;0.32;Negativno;Ne
1937;0.7;-46.7;10.24;0.5;Negativno;Ne
1938;2.0;-65.3;12.55;0.57;Negativno;Ne
1939;1.0;-63.2;7.11;0.07;Negativno;Ne
1940;1.3;-60.6;8.24;0.23;Negativno;Ne
1941;2.1;-53.6;6.79;0.25;Negativno;Ne
1942;5.6;-75.4;6.96;0.08;Negativno;Ne
1943;0.1;-47.8;5.99;0.39;Negativno;Ne
1944;12.3;-65.4;9.51;0.37;Pozitivno;Ne
1945;6.5;-39.3;5.33;0.49;Negativno;Ne
1946;4.8;-47.3;8.79;0.37;Negativno;Ne
1947;0.3;-59.7;6.01;0.34;Negativno;Ne
1948;1.8;-58.1;5.45;0.44;Negativno;Ne
1949;4.7;-58.0;7.14;0.79;Negativno;Ne
1950;3.8;-42.7;6.39;1.14;Negativno;Ne
1951;1.7;-64.8;3.6;4.34;Negativno;Ne
1952;10.0;-62.9;7.03;0.97;Negativno;Ne
1953;0.9;-57.6;7.05;0.22;Negativno;Ne
1954;1.5;-62.4;9.39;0.7;Negativno;Ne
1955;7.1;-67.5;7.79;0.16;Negativno;Ne
1956;3.6;-46.8;9.5;1.15;Negativno;Ne
1957;10.8;-51.0;7.23;0.37;Negativno;Ne
1958;1.3;-59.4;8.74;1.3;Negativno;Ne
1959;7.5;-76.6;4.99;0.11;Negativno;Ne
1960;3.8;-66.1;6.79;0.92;Negativno;Ne
1961;5.8;-50.3;5.82;0.04;Negativno;Ne
1962;0.1;-58.9;2.41;0.71;Negativno;Ne
1963;1.1;-81.4;8.05;0.22;Pozitivno;Ne
1964;3.4;-50.8;6.08;0.37;Negativno;Ne
1965;8.3;-62.5;10.59;0.07;Negativno;Ne
1966;5.9;-69.5;7.68;0.35;Negativno;Ne
1967;0.4;-58.6;6.13;0.25;Negativno;Ne
1968;4.5;-42.4;5.25;0.33;Negativno;Ne
1969;13.7;-56.8;8.58;0.15;Negativno;Ne
1970;3.3;-60.3;6.63;0.41;Negativno;Ne
1971;17.0;-59.4;9.73;0.15;Negativno;Ne
1972;4.4;-50.9;6.55;0.05;Negativno;Ne
1973;11.5;-51.9;7.8;0.34;Negativno;Ne
1974;8.8;-89.8;6.84;0.34;Negativno;Ne
1975;20.0;-63.0;8.39;0.32;Negativno;Ne
1976;3.1;-56.1;6.26;0.03;Negativno;Ne
1977;5.7;-56.8;6.25;0.68;Negativno;Ne
1978;2.2;-63.6;13.92;0.42;Pozitivno;Ne
1979;3.9;-45.4;8.91;0.88;Negativno;Ne
1980;5.3;-63.9;8.66;0.28;Negativno;Ne
1981;0.4;-66.3;8.02;0.14;Negativno;Ne
1982;1.6;-49.6;6.29;0.7;Negativno;Ne
1983;21.1;-81.2;7.6;0.31;Pozitivno;Ne
1984;2.1;-47.6;6.82;0.03;Negativno;Ne
1985;11.3;-48.6;7.3;0.47;Negativno;Ne
1986;7.4;-61.4;8.99;0.04;Negativno;Ne
1987;4.0;-50.5;2.23;0.03;Negativno;Ne
1988;5.7;-52.2;7.16;0.58;Negativno;Ne
1989;2.0;-73.2;9.02;0.1;Negativno;Ne
1990;10.6;-71.8;6.62;0.82;Negativno;Ne
1991;8.9;-63.6;6.0;0.24;Negativno;Ne
1992;0.7;-65.6;10.16;0.1;Negativno;Ne
1993;1.0;-55.6;4.92;0.65;Negativno;Ne
1994;6.5;-59.8;6.1;0.13;Negativno;Ne
1995;0.8;-51.7;5.23;0.14;Negativno;Ne
1996;18.0;-52.4;9.27;0.63;Negativno;Ne
1997;14.2;-45.6;7.59;0.11;Negativno;Ne
1998;9.4;-59.1;7.02;0.6;Negativno;Ne
1999;4.4;-59.7;5.95;0.08;Negativno;Ne
2000;1.0;-58.4;7.64;0.2;Negativno;Ne
2001;10.5;-74.8;8.91;0.78;Negativno;Ne
2002;27.7;-67.4;6.15;0.36;Negativno;Ne
2003;20.9;-53.8;9.26;0.51;Negativno;Ne
2004;0.9;-66.1;7.03;0.4;Negativno;Ne
2005;5.8;-63.5;7.6;0.04;Negativno;Ne
2006;3.8;-54.6;7.13;2.14;Negativno;Ne
2007;7.9;-52.4;7.23;0.04;Negativno;Ne
2008;8.3;-61.0;7.93;0.02;Negativno;Ne
2009;2.3;-63.6;9.16;0.21;Negativno;Ne
2010;6.0;-57.4;3.67;0.33;Negativno;Ne
2011;6.7;-48.2;8.19;0.97;Negativno;Ne
2012;8.0;-60.0;6.25;0.3;Negativno;Ne
2013;3.1;-66.2;5.87;3.86;Negativno;Ne
2014;5.8;-70.0;8.59;0.1;Negativno;Ne
2015;10.4;-68.4;9.04;0.15;Negativno;Ne
2016;0.9;-43.7;6.4;0.52;Negativno;Ne
2017;0.2;-51.4;9.8;0.53;Negativno;Ne
2018;14.3;-66.2;4.44;0.46;Negativno;Ne
2019;5.5;-71.5;5.54;0.14;Negativno;Ne
2020;5.8;-74.2;6.01;0.24;Negativno;Ne
2021;3.6;-61.0;6.58;1.07;Negativno;Ne
2022;0.2;-41.8;6.62;0.15;Negativno;Ne
2023;9.5;-55.9;6.13;0.21;Negativno;Ne
2024;13.8;-64.0;5.87;0.04;Negativno;Ne
2025;0.2;-68.4;10.01;0.64;Negativno;Ne
2026;5.7;-55.1;7.42;0.28;Negativno;Ne
2027;9.7;-51.9;5.92;0.62;Negativno;Ne
2028;0.5;-60.0;6.18;0.0;Negativno;Ne
2029;0.3;-55.2;5.46;0.21;Negativno;Ne
2030;14.5;-50.4;9.93;0.19;Negativno;Ne
2031;12.7;-52.8;6.68;0.76;Negativno;Ne
2032;2.4;-54.0;3.45;0.33;Negativno;Ne
2033;20.9;-69.1;7.22;1.2;Negativno;Ne
2034;1.4;-65.9;7.71;0.09;Negativno;Ne
2035;0.0;-57.5;8.13;0.25;Negativno;Ne
2036;3.7;-66.1;9.64;0.92;Negativno;Ne
2037;2.6;-35.0;5.31;0.76;Negativno;Ne
2038;9.9;-73.4;7.49;0.28;Negativno;Ne
2039;8.3;-65.2;7.17;0.54;Negativno;Ne
2040;0.8;-55.1;8.91;0.08;Negativno;Ne
2041;2.9;-73.0;6.98;0.19;Negativno;Ne
2042;2.2;-80.0;4.73;0.08;Negativno;Ne
2043;1.3;-63.4;6.06;0.39;Negativno;Ne
2044;0.2;-76.0;6.87;0.72;Negativno;Ne
2045;3.7;-66.1;6.74;0.21;Negativno;Ne
2046;11.4;-60.9;11.37;1.1;Negativno;Ne
2047;0.3;-70.3;6.43;0.37;Negativno;Ne
2048;7.3;-56.2;5.09;0.65;Negativno;Ne
2049;0.7;-53.1;7.92;0.19;Negativno;Ne
2050;4.1;-50.3;5.48;0.51;Negativno;Ne
2051;2.6;-51.6;9.61;0.33;Negativno;Ne
2052;0.7;-66.0;5.37;0.74;Negativno;Ne
2053;1.2;-64.2;6.56;1.42;Negativno;Ne
2054;3.3;-71.8;7.91;0.41;Negativno;Ne
2055;5.1;-68.2;10.19;0.3;Negativno;Ne
2056;0.3;-47.4;6.21;0.31;Negativno;Ne
2057;16.3;-35.9;7.04;1.88;Negativno;Ne
2058;1.0;-58.4;2.29;0.61;Negativno;Ne
2059;2.1;-68.4;11.77;0.51;Negativno;Ne
2060;2.6;-53.4;8.66;0.15;Negativno;Ne
2061;6.1;-47.9;10.2;0.59;Negativno;Ne
2062;11.9;-72.6;4.33;0.27;Negativno;Ne
2063;7.4;-44.2;6.72;1.46;Negativno;Ne
2064;14.5;-48.7;7.52;0.41;Negativno;Ne
2065;22.2;-58.6;6.45;1.06;Negativno;Ne
2066;4.7;-71.9;8.57;0.85;Negativno;Ne
2067;7.1;-52.5;5.78;0.2;Negativno;Ne
2068;1.7;-76.3;6.34;0.99;Negativno;Ne
2069;5.5;-53.9;7.86;0.12;Negativno;Ne
2070;3.3;-55.4;8.39;0.92;Negativno;Ne
2071;13.2;-57.5;8.76;0.86;Negativno;Ne
2072;0.7;-58.6;7.81;0.8;Negativno;Ne
2073;10.0;-53.4;7.04;0.77;Negativno;Ne
2074;5.1;-62.8;11.21;0.98;Negativno;Ne
2075;1.5;-47.0;10.41;1.18;Negativno;Ne
2076;1.2;-62.0;9.48;0.46;Negativno;Ne
2077;0.8;-74.3;7.48;0.01;Negativno;Ne
2078;13.4;-59.6;6.12;0.05;Negativno;Ne
2079;0.5;-74.3;7.29;0.21;Negativno;Ne
2080;0.3;-64.2;8.49;0.43;Negativno;Ne
2081;3.6;-70.1;9.5;0.54;Negativno;Ne
2082;1.9;-70.9;5.2;0.15;Negativno;Ne
2083;11.4;-43.5;7.76;1.17;Negativno;Ne
2084;0.3;-59.2;8.26;0.55;Negativno;Ne
2085;13.5;-67.1;6.1;0.07;Negativno;Ne
2086;1.7;-48.8;7.33;0.41;Negativno;Ne
2087;11.7;-71.9;3.56;0.17;Negativno;Ne
2088;3.7;-52.5;7.48;0.43;Negativno;Ne
2089;5.4;-70.5;3.71;0.92;Negativno;Ne
2090;0.1;-65.4;4.5;1.26;Negativno;Ne
2091;1.8;-41.3;5.61;0.52;Negativno;Ne
2092;3.1;-58.2;6.71;0.49;Negativno;Ne
2093;5.7;-51.7;5.32;0.02;Negativno;Ne
2094;5.7;-66.6;2.92;0.88;Negativno;Ne
2095;8.0;-31.0;7.12;0.19;Negativno;Ne
2096;7.1;-72.1;8.17;0.29;Negativno;Ne
2097;6.5;-66.3;9.26;0.35;Negativno;Ne
2098;7.3;-56.9;5.71;1.69;Negativno;Ne
2099;5.6;-52.0;3.64;1.16;Negativno;Ne
2100;3.6;-57.8;5.57;0.34;Negativno;Ne
2101;0.7;-84.7;5.38;0.09;Negativno;Ne
2102;1.5;-52.0;10.31;0.54;Negativno;Ne
2103;1.6;-74.6;8.31;0.15;Negativno;Ne
2104;2.3;-66.1;5.73;0.21;Negativno;Ne
2105;7.1;-70.1;7.13;0.58;Negativno;Ne
2106;10.8;-64.5;5.07;0.18;Negativno;Ne
2107;2.3;-61.8;9.15;1.13;Negativno;Ne
2108;2.9;-49.8;7.55;0.99;Negativno;Ne
2109;5.3;-91.8;10.31;0.45;Negativno;Ne
2110;0.7;-74.0;4.2;2.24;Negativno;Ne
2111;0.6;-74.0;9.77;0.12;Negativno;Ne
2112;13.7;-52.4;4.83;1.45;Negativno;Ne
2113;1.9;-68.7;8.86;0.21;Negativno;Ne
2114;0.7;-45.3;6.63;0.06;Negativno;Ne
2115;1.8;-60.3;7.44;0.08;Negativno;Ne
2116;2.3;-61.9;7.49;0.13;Negativno;Ne
2117;3.3;-47.8;5.03;0.14;Negativno;Ne
2118;4.0;-56.8;8.0;0.2;Negativno;Ne
2119;0.3;-48.0;8.67;2.4;Negativno;Ne
2120;8.8;-62.2;9.29;0.08;Negativno;Ne
2121;20.7;-80.7;8.03;0.62;Negativno;Ne
2122;2.3;-55.0;5.72;1.69;Negativno;Ne
2123;0.1;-46.3;4.69;1.27;Negativno;Ne
2124;2.0;-55.1;6.15;3.45;Negativno;Ne
2125;2.1;-61.4;6.81;0.29;Negativno;Ne
2126;1.3;-75.9;1.85;0.58;Negativno;Ne
2127;15.5;-58.1;9.03;0.23;Negativno;Ne
2128;1.1;-70.8;6.26;0.11;Negativno;Ne
2129;4.7;-55.1;5.38;0.06;Negativno;Ne
2130;4.0;-60.1;7.41;0.78;Negativno;Ne
2131;7.2;-52.9;6.54;0.41;Negativno;Ne
2132;0.2;-74.9;9.8;0.53;Negativno;Ne
2133;14.1;-51.0;9.89;1.48;Negativno;Ne
2134;2.9;-57.6;7.02;0.25;Negativno;Ne
2135;24.8;-58.7;6.98;0.9;Negativno;Ne
2136;3.2;-45.1;5.53;1.0;Negativno;Ne
2137;0.3;-53.1;4.53;0.48;Negativno;Ne
2138;2.6;-71.3;6.96;0.84;Negativno;Ne
2139;6.7;-58.8;6.22;0.14;Negativno;Ne
2140;0.1;-60.6;6.58;0.09;Negativno;Ne
2141;7.3;-64.6;8.41;1.02;Negativno;Ne
2142;2.7;-75.7;8.92;5.04;Negativno;Ne
2143;1.9;-51.3;8.03;0.89;Negativno;Ne
2144;0.5;-64.3;7.63;0.02;Negativno;Ne
2145;2.2;-65.4;6.9;0.15;Negativno;Ne
2146;8.7;-58.9;7.06;1.23;Negativno;Ne
2147;4.4;-60.2;9.94;0.43;Negativno;Ne
2148;0.3;-73.1;8.32;0.02;Negativno;Ne
2149;13.3;-52.4;5.08;0.22;Negativno;Ne
2150;7.5;-82.5;8.64;0.47;Negativno;Ne
2151;1.0;-55.6;5.03;0.32;Negativno;Ne
2152;1.0;-55.4;8.33;1.18;Negativno;Ne
2153;0.6;-56.0;8.06;0.03;Negativno;Ne
2154;0.2;-65.7;6.28;0.5;Negativno;Ne
2155;1.3;-47.6;4.8;0.18;Negativno;Ne
2156;1.7;-66.5;9.0;0.02;Negativno;Ne
2157;4.5;-42.4;6.82;0.53;Negativno;Ne
2158;12.3;-68.7;8.14;0.49;Negativno;Ne
2159;0.3;-78.9;5.33;0.24;Negativno;Ne
2160;3.5;-61.5;8.48;0.19;Negativno;Ne
2161;0.2;-47.9;7.53;0.23;Negativno;Ne
2162;1.3;-61.4;7.57;1.2;Negativno;Ne
2163;2.5;-77.6;5.27;0.23;Negativno;Ne
2164;5.1;-66.4;8.81;0.17;Negativno;Ne
2165;11.8;-58.4;5.84;1.12;Negativno;Ne
2166;2.6;-78.5;2.78;0.59;Negativno;Ne
2167;8.5;-45.0;10.41;0.03;Negativno;Ne
2168;0.6;-60.7;7.96;1.55;Negativno;Ne
2169;0.3;-75.5;5.76;0.0;Negativno;Ne
2170;0.1;-66.8;3.02;0.37;Negativno;Ne
2171;4.3;-60.4;6.93;0.08;Negativno;Ne
2172;1.0;-72.0;8.08;0.16;Negativno;Ne
2173;5.0;-55.9;5.59;1.22;Negativno;Ne
2174;10.4;-61.5;3.84;1.01;Negativno;Ne
2175;3.4;-66.6;7.34;0.05;Negativno;Ne
2176;2.5;-47.7;7.51;0.16;Negativno;Ne
2177;4.7;-56.0;8.74;1.45;Negativno;Ne
2178;1.0;-44.6;10.97;1.41;Negativno;Ne
2179;6.4;-55.4;8.37;0.52;Negativno;Ne
2180;3.0;-56.9;8.22;0.68;Negativno;Ne
2181;1.2;-72.8;5.33;0.54;Negativno;Ne
2182;5.5;-55.1;7.35;0.03;Negativno;Ne
2183;10.7;-54.4;8.26;0.79;Negativno;Ne
2184;4.1;-66.8;2.26;1.01;Negativno;Ne
2185;4.4;-58.6;7.14;0.56;Negativno;Ne
2186;2.2;-60.4;3.87;0.28;Negativno;Ne
2187;2.9;-72.1;8.15;0.31;Negativno;Ne
2188;9.8;-76.3;5.14;1.38;Negativno;Ne
2189;4.2;-54.2;7.64;0.72;Negativno;Ne
2190;4.2;-48.7;8.55;0.45;Negativno;Ne
2191;2.9;-70.4;3.19;0.89;Negativno;Ne
2192;4.7;-60.8;8.32;0.16;Negativno;Ne
2193;3.0;-47.1;8.67;0.07;Negativno;Ne
2194;22.5;-59.1;4.91;0.43;Negativno;Ne
2195;3.0;-72.1;9.87;1.32;Negativno;Ne
2196;2.3;-67.6;5.25;0.15;Negativno;Ne
2197;8.3;-55.5;7.34;0.5;Negativno;Ne
2198;7.5;-72.8;5.57;0.18;Negativno;Ne
2199;4.7;-54.6;9.45;0.31;Negativno;Ne
2200;6.4;-65.8;3.45;0.67;Negativno;Ne
2201;6.8;-49.6;9.43;0.09;Negativno;Ne
2202;9.2;-61.0;8.28;0.43;Negativno;Ne
2203;14.4;-56.2;10.56;1.43;Negativno;Ne
2204;16.1;-60.2;4.57;0.7;Negativno;Ne
2205;5.8;-65.3;5.37;0.03;Negativno;Ne
2206;0.2;-60.2;3.14;0.12;Negativno;Ne
2207;2.2;-62.4;5.5;1.3;Negativno;Ne
2208;0.7;-71.8;6.53;0.67;Negativno;Ne
2209;16.7;-45.0;5.65;0.05;Negativno;Ne
2210;7.3;-51.2;11.58;0.5;Negativno;Ne
2211;2.0;-49.7;7.84;1.24;Negativno;Ne
2212;3.6;-57.4;3.44;0.21;Negativno;Ne
2213;16.6;-53.2;7.39;0.38;Negativno;Ne
2214;6.8;-48.6;6.09;1.34;Negativno;Ne
2215;6.5;-47.9;8.5;0.26;Negativno;Ne
2216;6.1;-58.8;4.9;0.23;Negativno;Ne
2217;3.6;-60.7;4.76;0.31;Negativno;Ne
2218;0.8;-49.9;4.25;1.35;Negativno;Ne
2219;11.2;-48.6;9.2;0.36;Negativno;Ne
2220;2.4;-61.1;9.73;1.89;Negativno;Ne
2221;2.8;-57.7;6.21;2.42;Negativno;Ne
2222;5.1;-58.7;8.43;0.35;Negativno;Ne
2223;0.2;-68.7;6.62;0.93;Negativno;Ne
2224;3.5;-58.9;8.9;0.13;Negativno;Ne
2225;6.3;-40.7;7.68;0.1;Negativno;Ne
2226;0.5;-66.3;5.5;0.18;Negativno;Ne
2227;17.1;-46.8;6.68;0.48;Negativno;Ne
2228;12.0;-72.6;7.13;0.14;Negativno;Ne
2229;7.5;-67.6;4.09;0.31;Negativno;Ne
2230;5.6;-60.5;7.11;0.37;Negativno;Ne
2231;11.0;-54.6;7.36;1.51;Negativno;Ne
2232;6.3;-60.6;7.75;0.3;Negativno;Ne
2233;2.7;-51.7;5.93;0.13;Negativno;Ne
2234;5.4;-68.6;4.34;0.86;Negativno;Ne
2235;6.8;-72.1;4.99;0.03;Negativno;Ne
2236;5.8;-64.5;3.89;0.71;Negativno;Ne
2237;8.6;-53.0;4.54;1.11;Negativno;Ne
2238;4.6;-62.7;6.87;1.08;Negativno;Ne
2239;6.4;-41.9;10.17;0.46;Negativno;Ne
2240;10.3;-47.1;5.26;1.86;Negativno;Ne
2241;0.5;-44.6;4.54;0.27;Negativno;Ne
2242;13.3;-51.5;6.37;0.53;Negativno;Ne
2243;0.0;-69.5;9.29;0.01;Negativno;Ne
2244;16.0;-61.1;7.07;0.21;Negativno;Ne
2245;3.8;-44.9;7.25;0.21;Negativno;Ne
2246;12.4;-69.8;4.85;0.04;Negativno;Ne
2247;5.8;-52.1;7.53;0.05;Negativno;Ne
2248;1.1;-69.5;9.82;0.32;Negativno;Ne
2249;4.8;-53.2;9.6;1.42;Negativno;Ne
2250;10.6;-68.9;6.48;0.89;Negativno;Ne
2251;3.7;-64.6;4.48;0.34;Negativno;Ne
2252;2.4;-43.1;8.33;0.7;Negativno;Ne
2253;18.3;-63.1;8.09;0.25;Negativno;Ne
2254;11.9;-47.8;8.39;0.36;Negativno;Ne
2255;1.8;-43.2;4.09;0.14;Negativno;Ne
2256;2.5;-54.8;10.9;1.09;Negativno;Ne
2257;3.3;-51.5;4.82;0.14;Negativno;Ne
2258;7.0;-61.3;8.06;0.09;Negativno;Ne
2259;5.4;-57.1;8.57;0.39;Negativno;Ne
2260;5.1;-63.9;10.1;1.36;Negativno;Ne
2261;12.9;-47.9;2.1;0.05;Negativno;Ne
2262;0.3;-74.5;9.78;0.56;Negativno;Ne
2263;5.5;-68.3;9.07;0.56;Negativno;Ne
2264;8.8;-60.1;6.72;0.75;Negativno;Ne
2265;5.8;-46.6;5.85;0.14;Negativno;Ne
2266;0.4;-54.1;5.05;0.53;Negativno;Ne
2267;6.2;-39.9;6.09;0.75;Negativno;Ne
2268;20.6;-67.0;8.12;0.12;Negativno;Ne
2269;0.3;-56.6;4.1;0.44;Negativno;Ne
2270;0.2;-64.5;2.36;0.02;Negativno;Ne
2271;4.1;-49.9;7.4;0.95;Negativno;Ne
2272;2.0;-53.2;5.66;0.12;Negativno;Ne
2273;3.2;-65.9;8.36;0.35;Negativno;Ne
2274;0.9;-57.9;9.91;1.08;Negativno;Ne
2275;18.3;-69.8;7.82;0.05;Negativno;Ne
2276;2.5;-60.3;6.62;0.15;Negativno;Ne
2277;1.4;-62.7;4.89;0.2;Negativno;Ne
2278;9.6;-70.6;6.24;0.11;Negativno;Ne
2279;0.6;-71.5;4.84;0.01;Negativno;Ne
2280;8.7;-62.8;6.64;0.66;Negativno;Ne
2281;8.9;-51.2;11.45;0.15;Negativno;Ne
2282;0.1;-71.7;4.9;0.8;Negativno;Ne
2283;9.1;-57.2;6.14;0.05;Negativno;Ne
2284;8.3;-68.3;6.89;0.44;Negativno;Ne
2285;17.2;-60.7;6.71;0.46;Negativno;Ne
2286;2.1;-65.5;8.46;0.55;Negativno;Ne
2287;4.3;-78.0;8.84;0.42;Negativno;Ne
2288;3.2;-71.4;7.51;0.65;Negativno;Ne
2289;1.1;-56.6;5.07;1.17;Negativno;Ne
2290;5.9;-53.4;8.98;1.59;Negativno;Ne
2291;2.5;-62.6;7.21;1.3;Negativno;Ne
2292;7.7;-72.6;10.79;0.31;Negativno;Ne
2293;2.1;-55.6;7.24;0.29;Negativno;Ne
2294;1.3;-59.5;9.05;1.69;Negativno;Ne
2295;8.6;-57.9;5.48;0.56;Negativno;Ne
2296;0.1;-69.6;7.27;0.45;Negativno;Ne
2297;1.3;-62.9;5.0;0.66;Negativno;Ne
2298;2.0;-56.1;2.12;0.43;Negativno;Ne
2299;18.5;-48.7;12.09;0.66;Negativno;Ne
2300;2.0;-70.3;8.55;1.06;Negativno;Ne
2301;2.6;-60.8;5.37;0.17;Negativno;Ne
2302;1.0;-46.8;4.71;1.61;Negativno;Ne
2303;0.6;-67.0;5.67;0.78;Negativno;Ne
2304;12.1;-72.4;5.52;0.13;Negativno;Ne
2305;3.8;-60.0;4.05;0.11;Negativno;Ne
2306;4.8;-69.6;10.06;0.4;Negativno;Ne
2307;1.7;-68.5;4.95;0.18;Negativno;Ne
2308;0.4;-68.2;7.06;0.15;Negativno;Ne
2309;6.4;-65.5;6.45;0.68;Negativno;Ne
2310;4.6;-59.8;6.77;0.65;Negativno;Ne
2311;1.2;-55.6;4.05;2.09;Negativno;Ne
2312;0.7;-59.1;3.77;0.1;Negativno;Ne
2313;2.9;-46.0;6.67;0.04;Negativno;Ne
2314;19.7;-53.5;5.86;0.06;Negativno;Ne
2315;10.1;-50.2;6.54;0.94;Negativno;Ne
2316;12.1;-63.1;10.56;1.07;Negativno;Ne
2317;0.0;-55.9;6.09;0.43;Negativno;Ne
2318;0.7;-71.9;8.58;0.13;Negativno;Ne
2319;0.3;-41.8;6.23;0.2;Negativno;Ne
2320;3.6;-60.2;3.87;0.75;Negativno;Ne
2321;1.4;-71.6;10.41;0.21;Negativno;Ne
2322;9.2;-69.5;4.37;1.33;Negativno;Ne
2323;2.4;-82.8;10.91;0.11;Negativno;Ne
2324;5.3;-61.4;8.37;0.32;Negativno;Ne
2325;4.1;-49.4;5.99;0.68;Negativno;Ne
2326;3.2;-39.5;5.66;0.62;Negativno;Ne
2327;0.9;-59.2;9.98;0.33;Negativno;Ne
2328;4.9;-79.5;5.42;0.25;Negativno;Ne
2329;1.2;-39.0;9.53;1.48;Negativno;Ne
2330;2.0;-51.6;7.01;0.02;Negativno;Ne
2331;1.2;-59.1;7.11;0.11;Negativno;Ne
2332;15.7;-57.1;10.81;0.26;Negativno;Ne
2333;4.4;-33.9;11.6;1.24;Negativno;Ne
2334;2.0;-70.1;8.44;0.15;Negativno;Ne
2335;0.6;-70.4;5.61;0.05;Negativno;Ne
2336;0.3;-54.9;5.02;1.07;Negativno;Ne
2337;4.3;-50.6;8.88;0.03;Negativno;Ne
2338;4.9;-68.1;6.46;0.38;Negativno;Ne
2339;0.8;-76.1;6.77;0.35;Negativno;Ne
2340;0.9;-62.5;5.39;0.29;Negativno;Ne
2341;1.6;-57.8;6.92;1.55;Negativno;Ne
2342;2.9;-57.8;5.37;0.44;Negativno;Ne
2343;9.5;-57.9;6.71;0.1;Negativno;Ne
2344;3.4;-55.6;8.26;0.35;Negativno;Ne
2345;2.2;-53.5;9.21;1.26;Negativno;Ne
2346;1.6;-55.1;5.02;0.14;Negativno;Ne
2347;0.9;-34.2;3.76;0.3;Negativno;Ne
2348;4.6;-49.7;4.28;1.11;Negativno;Ne
2349;1.7;-40.2;7.2;0.74;Negativno;Ne
2350;1.3;-56.7;5.16;0.26;Negativno;Ne
2351;2.8;-64.2;9.07;0.26;Negativno;Ne
2352;9.2;-51.9;6.11;0.23;Negativno;Ne
2353;15.2;-54.9;5.75;0.07;Negativno;Ne
2354;2.7;-70.0;4.47;0.23;Negativno;Ne
2355;3.6;-55.6;7.76;0.39;Negativno;Ne
2356;2.0;-72.9;6.43;0.14;Negativno;Ne
2357;9.5;-62.1;8.35;1.56;Negativno;Ne
2358;9.6;-47.5;7.3;0.11;Negativno;Ne
2359;4.7;-55.5;7.41;0.24;Negativno;Ne
2360;1.5;-52.1;9.91;0.36;Negativno;Ne
2361;14.4;-54.0;2.79;1.02;Negativno;Ne
2362;3.0;-63.1;10.21;2.22;Negativno;Ne
2363;2.9;-57.0;4.82;0.16;Negativno;Ne
2364;5.5;-68.4;8.02;0.48;Negativno;Ne
2365;5.4;-68.5;9.22;0.0;Negativno;Ne
2366;1.1;-53.7;4.21;0.02;Negativno;Ne
2367;1.7;-74.6;6.79;0.75;Negativno;Ne
2368;0.4;-51.2;5.56;0.52;Negativno;Ne
2369;7.9;-57.1;7.0;0.79;Negativno;Ne
2370;6.5;-61.0;9.85;0.13;Negativno;Ne
2371;4.0;-77.2;6.37;0.04;Negativno;Ne
2372;3.7;-48.5;6.92;0.09;Negativno;Ne
2373;2.1;-54.1;8.76;0.33;Negativno;Ne
2374;3.4;-56.3;8.39;0.26;Negativno;Ne
2375;3.2;-66.3;8.07;0.46;Negativno;Ne
2376;5.3;-43.0;7.1;0.55;Negativno;Ne
2377;10.4;-50.0;6.38;0.0;Negativno;Ne
2378;4.5;-67.1;4.02;0.69;Negativno;Ne
2379;5.5;-66.3;4.27;0.38;Negativno;Ne
2380;23.7;-47.2;5.9;0.69;Negativno;Ne
2381;3.9;-61.7;9.11;0.06;Negativno;Ne
2382;10.6;-41.7;8.08;0.05;Negativno;Ne
2383;5.4;-50.6;7.2;0.67;Negativno;Ne
2384;0.9;-66.4;2.69;0.21;Negativno;Ne
2385;6.9;-63.5;7.81;0.18;Negativno;Ne
2386;0.5;-71.2;11.93;0.44;Negativno;Ne
2387;1.7;-62.3;5.09;0.8;Negativno;Ne
2388;0.1;-61.0;5.78;0.01;Negativno;Ne
2389;8.7;-52.1;7.57;0.48;Negativno;Ne
2390;9.1;-54.1;4.04;0.19;Negativno;Ne
2391;4.7;-49.1;5.05;0.32;Negativno;Ne
2392;3.1;-38.6;8.95;0.37;Negativno;Ne
2393;9.3;-66.0;6.04;0.02;Negativno;Ne
2394;11.1;-84.1;6.95;0.12;Negativno;Ne
2395;0.0;-68.3;7.19;0.12;Negativno;Ne
2396;5.3;-64.2;5.07;0.74;Negativno;Ne
2397;3.3;-70.6;4.98;0.79;Negativno;Ne
2398;0.8;-49.3;8.05;0.83;Negativno;Ne
2399;2.8;-69.0;4.08;0.99;Negativno;Ne
2400;0.2;-45.6;7.71;1.08;Negativno;Ne
2401;5.4;-67.9;7.1;0.19;Negativno;Ne
2402;24.5;-58.8;6.52;0.08;Negativno;Ne
2403;4.5;-57.0;11.05;1.6;Negativno;Ne
2404;5.7;-60.7;7.04;0.21;Negativno;Ne
2405;1.7;-62.0;5.87;0.06;Negativno;Ne
2406;0.0;-60.3;6.58;0.27;Negativno;Ne
2407;6.2;-53.3;8.52;0.35;Negativno;Ne
2408;6.4;-64.9;11.82;0.81;Negativno;Ne
2409;5.2;-71.7;8.35;0.17;Negativno;Ne
2410;1.7;-60.0;8.02;0.13;Negativno;Ne
2411;6.4;-67.6;11.23;0.42;Negativno;Ne
2412;0.3;-76.5;4.71;0.32;Pozitivno;Ne
2413;9.7;-45.0;5.72;0.41;Negativno;Ne
2414;1.9;-42.7;5.65;0.17;Negativno;Ne
2415;1.6;-67.8;6.87;0.46;Negativno;Ne
2416;9.2;-56.0;9.61;0.76;Negativno;Ne
2417;2.4;-59.6;7.64;0.06;Negativno;Ne
2418;3.6;-61.3;8.14;0.16;Negativno;Ne
2419;6.9;-80.7;6.6;0.6;Negativno;Ne
2420;3.4;-53.1;4.02;0.07;Negativno;Ne
2421;26.9;-79.8;7.27;0.53;Negativno;Ne
2422;4.9;-57.8;11.32;1.27;Negativno;Ne
2423;3.0;-64.3;5.38;0.07;Negativno;Ne
2424;1.9;-52.6;6.21;0.25;Negativno;Ne
2425;14.7;-52.9;7.69;0.36;Negativno;Ne
2426;0.3;-62.9;10.3;0.04;Negativno;Ne
2427;2.7;-74.9;7.62;0.08;Negativno;Ne
2428;4.4;-53.8;6.94;0.52;Negativno;Ne
2429;2.9;-45.4;6.62;0.05;Negativno;Ne
2430;5.5;-53.7;7.89;0.95;Negativno;Ne
2431;5.7;-70.5;6.43;0.41;Negativno;Ne
2432;4.0;-58.5;3.5;1.08;Negativno;Ne
2433;4.6;-64.0;6.51;1.65;Negativno;Ne
2434;2.8;-56.5;9.39;0.36;Negativno;Ne
2435;7.4;-59.6;7.27;0.57;Negativno;Ne
2436;7.8;-65.6;11.07;1.44;Negativno;Ne
2437;3.3;-74.0;7.2;0.17;Negativno;Ne
2438;1.9;-72.4;10.51;1.14;Negativno;Ne
2439;3.0;-70.9;7.73;0.16;Negativno;Ne
2440;6.2;-54.8;5.19;0.37;Negativno;Ne
2441;4.0;-53.0;9.72;0.22;Negativno;Ne
2442;7.9;-52.3;8.16;0.29;Negativno;Ne
2443;1.7;-57.1;8.19;0.5;Negativno;Ne
2444;1.8;-46.9;7.06;0.02;Negativno;Ne
2445;4.7;-67.3;5.95;0.87;Negativno;Ne
2446;15.1;-91.7;5.74;1.3;Negativno;Ne
2447;0.7;-57.2;7.53;0.33;Negativno;Ne
2448;7.0;-58.0;9.55;0.76;Negativno;Ne
2449;3.6;-64.9;1.68;0.05;Negativno;Ne
2450;0.8;-58.0;8.97;0.33;Negativno;Ne
2451;0.3;-54.0;1.02;0.07;Negativno;Ne
2452;3.5;-68.0;8.17;0.31;Negativno;Ne
2453;0.4;-62.7;10.0;0.05;Negativno;Ne
2454;8.2;-73.1;6.55;0.57;Negativno;Ne
2455;5.9;-55.2;5.39;1.03;Negativno;Ne
2456;4.5;-59.3;3.97;0.52;Negativno;Ne
2457;4.3;-68.9;6.82;0.21;Negativno;Ne
2458;9.5;-53.5;4.32;0.16;Negativno;Ne
2459;6.6;-63.3;6.2;1.13;Negativno;Ne
2460;1.2;-86.1;7.14;0.06;Negativno;Ne
2461;3.5;-72.4;7.15;0.64;Negativno;Ne
2462;3.8;-68.1;9.31;0.58;Negativno;Ne
2463;8.1;-74.6;7.94;0.09;Negativno;Ne
2464;5.5;-60.4;8.3;0.3;Negativno;Ne
2465;5.2;-62.0;8.52;0.39;Negativno;Ne
2466;3.5;-47.8;7.8;0.2;Negativno;Ne
2467;2.3;-62.0;7.53;0.12;Negativno;Ne
2468;1.4;-70.3;6.82;0.7;Negativno;Ne
2469;11.1;-66.4;7.27;0.01;Negativno;Ne
2470;1.8;-79.2;5.55;1.27;Negativno;Ne
2471;0.7;-53.0;5.41;0.15;Negativno;Ne
2472;0.3;-55.3;10.66;0.01;Negativno;Ne
2473;17.9;-52.2;6.09;0.64;Negativno;Ne
2474;5.2;-50.7;5.58;0.14;Negativno;Ne
2475;2.4;-74.4;5.65;0.05;Negativno;Ne
2476;0.2;-76.3;6.9;0.25;Negativno;Ne
2477;1.0;-36.4;7.92;0.47;Negativno;Ne
2478;6.4;-64.3;7.42;0.34;Negativno;Ne
2479;6.6;-55.1;5.99;0.4;Negativno;Ne
2480;15.5;-87.1;9.15;0.66;Negativno;Ne
2481;2.6;-61.7;6.3;1.06;Negativno;Ne
2482;10.9;-51.4;5.72;0.07;Negativno;Ne
2483;7.0;-49.8;7.57;0.57;Negativno;Ne
2484;2.3;-49.1;6.7;0.38;Negativno;Ne
2485;4.4;-71.6;7.08;0.36;Negativno;Ne
2486;0.0;-60.4;7.72;0.04;Negativno;Ne
2487;2.6;-39.2;5.09;0.11;Negativno;Ne
2488;5.9;-50.0;8.3;0.8;Negativno;Ne
2489;4.3;-41.7;7.01;1.58;Negativno;Ne
2490;4.9;-71.9;6.87;0.0;Negativno;Ne
2491;8.2;-57.3;6.21;0.21;Negativno;Ne
2492;8.3;-48.5;7.05;1.24;Negativno;Ne
2493;4.9;-56.9;10.07;0.54;Negativno;Ne
2494;0.2;-59.1;7.26;0.6;Negativno;Ne
2495;12.3;-52.6;3.24;0.29;Negativno;Ne
2496;1.1;-59.1;5.73;0.06;Negativno;Ne
2497;18.9;-53.0;4.44;0.56;Negativno;Ne
2498;1.4;-62.9;7.94;0.33;Negativno;Ne
2499;9.0;-61.3;6.91;0.46;Negativno;Ne
2500;0.9;-52.5;7.83;0.24;Negativno;Ne
2501;1.8;-40.4;7.94;0.45;Negativno;Ne
2502;1.6;-47.0;8.27;0.26;Negativno;Ne
2503;1.2;-50.8;7.22;0.2;Negativno;Ne
2504;3.3;-58.0;9.59;0.37;Negativno;Ne
2505;16.0;-70.8;8.49;1.48;Negativno;Ne
2506;14.5;-60.1;8.03;0.13;Negativno;Ne
2507;3.1;-60.1;9.73;0.02;Pozitivno;Ne
2508;0.3;-63.9;4.9;0.04;Negativno;Ne
2509;0.8;-61.3;8.94;0.08;Negativno;Ne
2510;15.3;-57.4;8.56;3.63;Negativno;Ne
2511;3.4;-58.1;6.29;0.18;Negativno;Ne
2512;5.9;-69.0;2.85;0.33;Negativno;Ne
2513;2.1;-66.6;7.62;0.08;Negativno;Ne
2514;1.7;-60.0;8.3;2.62;Negativno;Ne
2515;9.7;-57.0;5.26;1.83;Negativno;Ne
2516;10.0;-54.3;7.55;0.05;Negativno;Ne
2517;14.6;-54.9;7.7;0.52;Negativno;Ne
2518;3.3;-68.1;7.84;0.94;Negativno;Ne
2519;1.1;-48.6;7.82;0.17;Negativno;Ne
2520;2.0;-51.1;10.35;0.44;Negativno;Ne
2521;3.9;-82.1;9.63;0.23;Negativno;Ne
2522;10.3;-51.7;9.83;0.11;Negativno;Ne
2523;0.9;-53.0;9.54;0.97;Negativno;Ne
2524;1.4;-58.1;8.77;0.61;Negativno;Ne
2525;9.7;-56.4;10.84;1.22;Negativno;Ne
2526;0.1;-74.0;5.92;0.88;Negativno;Ne
2527;1.9;-41.7;4.2;0.29;Negativno;Ne
2528;4.1;-78.1;10.21;0.03;Negativno;Ne
2529;2.5;-54.0;1.38;0.81;Negativno;Ne
2530;3.3;-63.0;9.01;0.46;Negativno;Ne
2531;5.3;-47.4;4.95;0.69;Negativno;Ne
2532;8.4;-71.0;8.37;0.2;Negativno;Ne
2533;0.7;-56.8;6.26;0.04;Negativno;Ne
2534;2.2;-60.1;6.12;0.55;Negativno;Ne
2535;8.5;-64.3;6.23;0.48;Negativno;Ne
2536;1.0;-61.2;6.92;0.27;Negativno;Ne
2537;2.2;-59.2;7.07;1.08;Negativno;Ne
2538;1.5;-71.3;8.0;0.04;Negativno;Ne
2539;0.2;-77.9;5.62;0.97;Negativno;Ne
2540;3.9;-53.8;7.65;1.01;Negativno;Ne
2541;5.4;-56.7;6.53;0.35;Negativno;Ne
2542;6.2;-59.7;11.05;0.33;Negativno;Ne
2543;0.2;-59.2;5.36;0.31;Negativno;Ne
2544;0.2;-58.5;7.13;0.49;Negativno;Ne
2545;6.8;-51.3;5.42;1.33;Negativno;Ne
2546;3.8;-39.0;3.1;0.35;Negativno;Ne
2547;5.0;-56.1;9.5;0.23;Negativno;Ne
2548;4.3;-53.7;5.28;0.53;Negativno;Ne
2549;0.7;-48.3;3.51;0.12;Negativno;Ne
2550;4.2;-53.1;6.47;0.37;Negativno;Ne
2551;1.4;-65.8;7.73;0.29;Negativno;Ne
2552;2.7;-55.9;5.89;0.88;Negativno;Ne
2553;1.1;-71.2;6.56;1.33;Negativno;Ne
2554;0.5;-60.0;9.91;1.03;Negativno;Ne
2555;2.0;-55.5;4.4;1.05;Negativno;Ne
2556;0.4;-61.2;5.23;0.19;Negativno;Ne
2557;0.0;-52.5;1.73;0.86;Negativno;Ne
2558;2.1;-63.1;6.96;0.04;Negativno;Ne
2559;1.5;-56.6;11.32;0.56;Negativno;Ne
2560;0.6;-51.3;6.74;1.43;Negativno;Ne
2561;6.6;-54.4;10.38;0.34;Negativno;Ne
2562;11.2;-71.5;5.17;0.65;Negativno;Ne
2563;4.8;-52.8;2.26;0.36;Negativno;Ne
2564;0.7;-53.6;8.27;0.54;Negativno;Ne
2565;1.7;-63.9;7.61;0.47;Negativno;Ne
2566;0.3;-73.5;7.36;0.5;Negativno;Ne
2567;4.8;-50.5;6.81;0.73;Negativno;Ne
2568;5.7;-48.9;6.25;0.29;Negativno;Ne
2569;12.7;-62.4;6.03;0.86;Negativno;Ne
2570;4.0;-47.4;4.28;0.29;Negativno;Ne
2571;24.3;-47.9;7.92;0.55;Negativno;Ne
2572;0.3;-60.7;5.1;1.22;Negativno;Ne
2573;14.4;-60.7;3.29;0.37;Negativno;Ne
2574;1.9;-50.3;7.7;0.6;Negativno;Ne
2575;3.6;-76.8;5.7;0.01;Negativno;Ne
2576;1.7;-54.0;7.96;0.04;Negativno;Ne
2577;0.5;-63.8;8.66;0.35;Negativno;Ne
2578;0.4;-58.9;6.52;0.42;Negativno;Ne
2579;0.2;-55.8;4.04;0.1;Negativno;Ne
2580;5.4;-55.5;8.09;0.68;Negativno;Ne
2581;2.4;-56.1;6.19;0.71;Negativno;Ne
2582;16.5;-39.4;4.08;0.4;Negativno;Ne
2583;1.9;-72.7;6.41;0.24;Negativno;Ne
2584;7.3;-61.6;3.8;1.38;Negativno;Ne
2585;6.6;-74.1;8.97;0.73;Negativno;Ne
2586;2.3;-58.8;5.14;0.09;Negativno;Ne
2587;1.0;-41.5;7.96;0.61;Negativno;Ne
2588;1.6;-46.2;8.15;0.4;Negativno;Ne
2589;2.0;-66.5;8.47;0.12;Negativno;Ne
2590;3.7;-62.9;10.25;0.83;Negativno;Ne
2591;2.1;-52.3;8.21;0.59;Negativno;Ne
2592;3.9;-57.2;5.37;2.6;Negativno;Ne
2593;8.7;-71.4;3.89;0.34;Negativno;Ne
2594;1.8;-58.2;6.88;0.33;Negativno;Ne
2595;2.4;-43.3;2.81;1.07;Negativno;Ne
2596;2.8;-61.1;5.67;0.14;Negativno;Ne
2597;0.0;-70.3;4.89;0.23;Negativno;Ne
2598;1.3;-57.2;10.44;0.33;Negativno;Ne
2599;2.1;-53.5;7.74;0.42;Negativno;Ne
2600;0.4;-50.7;5.2;0.1;Negativno;Ne
2601;1.6;-53.8;8.17;0.27;Negativno;Ne
2602;1.5;-67.6;8.12;4.9;Negativno;Ne
2603;1.7;-62.8;6.08;0.89;Negativno;Ne
2604;0.6;-66.7;4.58;1.36;Negativno;Ne
2605;5.5;-50.8;3.41;1.32;Negativno;Ne
2606;7.1;-68.4;7.62;0.2;Negativno;Ne
2607;6.4;-65.2;9.06;0.21;Negativno;Ne
2608;6.1;-49.8;5.72;0.91;Negativno;Ne
2609;6.4;-54.0;7.41;0.03;Negativno;Ne
2610;0.7;-88.4;4.59;0.07;Negativno;Ne
2611;0.2;-40.6;10.38;0.56;Negativno;Ne
2612;2.9;-74.4;7.17;1.17;Negativno;Ne
2613;3.4;-64.2;6.78;0.72;Negativno;Ne
2614;0.9;-62.6;4.27;0.44;Negativno;Ne
2615;4.9;-66.9;8.11;0.62;Negativno;Ne
2616;1.4;-38.5;4.63;0.12;Negativno;Ne
2617;0.8;-50.4;5.88;0.88;Negativno;Ne
2618;7.4;-59.4;7.68;0.0;Negativno;Ne
2619;9.3;-51.0;4.68;1.1;Negativno;Ne
2620;0.7;-45.7;8.42;0.33;Negativno;Ne
2621;5.0;-78.0;6.6;0.34;Negativno;Ne
2622;9.4;-64.6;2.96;1.02;Negativno;Ne
2623;5.3;-62.6;4.44;1.13;Negativno;Ne
2624;1.9;-63.8;3.42;0.24;Negativno;Ne
2625;1.3;-64.5;8.28;0.4;Negativno;Ne
2626;0.9;-44.3;4.87;0.19;Negativno;Ne
2627;0.6;-76.8;9.27;0.27;Negativno;Ne
2628;16.2;-58.0;7.58;0.38;Negativno;Ne
2629;4.5;-37.6;8.36;0.36;Negativno;Ne
2630;0.7;-66.3;10.3;0.87;Negativno;Ne
2631;1.0;-71.9;9.71;0.04;Negativno;Ne
2632;2.7;-49.6;5.91;0.47;Negativno;Ne
2633;6.5;-58.1;3.7;2.01;Negativno;Ne
2634;8.3;-65.3;5.33;0.92;Negativno;Ne
2635;3.7;-50.0;4.37;1.3;Negativno;Ne
2636;0.6;-57.1;7.21;0.12;Negativno;Ne
2637;3.3;-53.6;7.2;0.31;Negativno;Ne
2638;0.7;-68.4;8.3;0.5;Negativno;Ne
2639;1.3;-53.3;5.46;0.8;Negativno;Ne
2640;28.4;-53.9;9.2;0.51;Negativno;Ne
2641;12.3;-63.8;10.35;1.45;Negativno;Ne
2642;1.9;-65.2;5.65;0.51;Negativno;Ne
2643;0.2;-61.0;2.78;0.18;Negativno;Ne
2644;3.9;-51.7;3.8;0.08;Negativno;Ne
2645;3.7;-66.6;6.41;0.49;Negativno;Ne
2646;9.4;-63.2;7.61;0.29;Negativno;Ne
2647;0.7;-61.3;6.9;0.71;Negativno;Ne
2648;0.9;-70.5;8.97;0.1;Negativno;Ne
2649;9.7;-78.8;8.17;0.49;Negativno;Ne
2650;1.6;-64.5;4.09;0.49;Negativno;Ne
2651;7.8;-60.6;5.52;0.05;Negativno;Ne
2652;0.8;-49.4;7.11;0.06;Negativno;Ne
2653;4.2;-53.3;7.33;0.05;Negativno;Ne
2654;6.7;-64.0;14.0;0.25;Negativno;Ne
2655;3.8;-61.4;7.91;0.03;Negativno;Ne
2656;9.3;-72.3;4.31;0.18;Negativno;Ne
2657;3.4;-76.4;6.16;0.32;Negativno;Ne
2658;2.5;-28.0;5.93;0.78;Negativno;Ne
2659;1.1;-51.9;8.61;0.28;Negativno;Ne
2660;1.5;-65.3;7.19;1.15;Negativno;Ne
2661;10.1;-59.2;6.24;0.77;Negativno;Ne
2662;0.9;-59.0;5.84;0.09;Negativno;Ne
2663;1.4;-60.2;5.74;0.31;Negativno;Ne
2664;3.6;-66.5;4.3;0.11;Negativno;Ne
2665;3.6;-70.9;4.44;0.22;Negativno;Ne
2666;6.0;-69.7;7.11;0.34;Negativno;Ne
2667;0.1;-61.3;7.74;0.33;Negativno;Ne
2668;0.5;-63.8;1.41;0.51;Negativno;Ne
2669;4.2;-70.6;6.7;0.24;Negativno;Ne
2670;9.6;-64.8;9.01;0.22;Negativno;Ne
2671;3.2;-65.4;7.41;0.19;Negativno;Ne
2672;1.7;-56.8;7.34;0.39;Negativno;Ne
2673;1.6;-64.1;5.94;0.21;Negativno;Ne
2674;11.4;-68.0;7.89;0.37;Negativno;Ne
2675;13.6;-58.0;12.67;0.8;Negativno;Ne
2676;0.5;-68.5;13.35;1.04;Negativno;Ne
2677;7.1;-67.2;7.64;0.37;Negativno;Ne
2678;8.4;-57.8;5.04;0.29;Negativno;Ne
2679;0.2;-58.0;6.57;0.29;Negativno;Ne
2680;1.5;-51.9;6.71;0.26;Negativno;Ne
2681;7.0;-50.3;11.21;0.03;Negativno;Ne
2682;9.0;-55.0;9.07;0.0;Negativno;Ne
2683;2.3;-62.0;10.61;0.82;Negativno;Ne
2684;1.4;-56.6;7.85;0.36;Negativno;Ne
2685;5.8;-63.3;6.56;1.23;Negativno;Ne
2686;6.3;-44.8;7.29;0.21;Negativno;Ne
2687;10.5;-72.1;8.32;0.8;Negativno;Ne
2688;4.6;-60.6;10.4;0.15;Negativno;Ne
2689;0.6;-56.7;5.29;2.69;Negativno;Ne
2690;4.6;-62.4;9.21;1.44;Negativno;Ne
2691;20.3;-57.0;3.89;0.28;Negativno;Ne
2692;1.2;-63.5;8.5;0.27;Negativno;Ne
2693;14.2;-60.9;7.19;0.44;Negativno;Ne
2694;8.1;-58.1;5.64;0.33;Negativno;Ne
2695;0.6;-53.8;8.36;0.67;Negativno;Ne
2696;0.5;-34.8;7.83;1.48;Negativno;Ne
2697;1.3;-69.0;2.24;0.34;Negativno;Ne
2698;3.0;-63.2;6.52;0.65;Negativno;Ne
2699;14.6;-74.7;7.5;0.2;Negativno;Ne
2700;2.1;-55.7;4.95;0.18;Negativno;Ne
2701;1.3;-59.9;7.63;0.49;Negativno;Ne
2702;7.5;-54.4;8.21;0.95;Negativno;Ne
2703;2.0;-51.6;6.27;0.08;Negativno;Ne
2704;0.8;-52.9;7.85;1.5;Negativno;Ne
2705;2.1;-53.5;6.45;0.11;Negativno;Ne
2706;9.7;-38.0;5.76;0.13;Negativno;Ne
2707;6.1;-68.6;6.95;0.91;Negativno;Ne
2708;8.6;-65.1;7.33;0.25;Negativno;Ne
2709;9.1;-86.8;6.94;0.01;Negativno;Ne
2710;1.9;-72.1;4.89;0.15;Negativno;Ne
2711;1.4;-73.9;6.93;0.29;Negativno;Ne
2712;13.2;-64.1;7.67;0.13;Negativno;Ne
2713;0.3;-65.0;4.98;0.92;Negativno;Ne
2714;0.9;-58.5;5.05;0.72;Negativno;Ne
2715;22.4;-60.5;5.45;0.35;Negativno;Ne
2716;3.3;-68.3;7.66;1.26;Negativno;Ne
2717;5.2;-51.0;8.3;0.05;Negativno;Ne
2718;0.1;-59.1;6.96;1.35;Pozitivno;Ne
2719;4.3;-62.4;6.12;2.12;Negativno;Ne
2720;13.6;-68.4;9.53;0.35;Negativno;Ne
2721;7.8;-63.3;8.35;0.01;Negativno;Ne
2722;1.6;-70.8;5.24;0.17;Negativno;Ne
2723;0.9;-69.5;5.78;1.26;Negativno;Ne
2724;14.2;-74.5;8.46;0.6;Negativno;Ne
2725;3.5;-61.3;7.12;0.93;Negativno;Ne
2726;0.7;-47.0;9.64;0.01;Negativno;Ne
2727;16.2;-67.4;11.63;0.31;Negativno;Ne
2728;3.8;-56.1;7.96;0.14;Negativno;Ne
2729;8.2;-67.9;6.75;0.16;Negativno;Ne
2730;0.9;-62.9;7.26;1.24;Negativno;Ne
2731;0.3;-56.8;7.66;0.14;Negativno;Ne
2732;9.7;-76.9;7.22;0.48;Negativno;Ne
2733;5.1;-57.6;4.88;0.04;Negativno;Ne
2734;8.6;-49.7;8.07;0.13;Negativno;Ne
2735;0.0;-44.7;8.12;0.46;Negativno;Ne
2736;2.6;-56.6;2.93;0.48;Negativno;Ne
2737;0.1;-46.8;8.22;0.28;Negativno;Ne
2738;0.3;-65.3;3.59;0.17;Negativno;Ne
2739;4.8;-68.5;8.19;2.1;Negativno;Ne
2740;7.2;-70.2;10.36;0.57;Negativno;Ne
2741;6.2;-70.2;5.76;0.41;Negativno;Ne
2742;1.4;-73.7;5.48;0.1;Negativno;Ne
2743;3.8;-52.3;6.08;0.68;Negativno;Ne
2744;7.5;-69.7;8.95;0.18;Negativno;Ne
2745;6.1;-49.9;5.9;0.12;Negativno;Ne
2746;1.8;-67.3;6.34;0.89;Negativno;Ne
2747;1.9;-49.2;7.06;0.09;Negativno;Ne
2748;0.8;-70.8;6.16;0.64;Negativno;Ne
2749;2.5;-61.7;9.7;0.13;Negativno;Ne
2750;1.1;-63.9;7.51;0.44;Negativno;Ne
2751;10.7;-68.0;9.1;0.25;Negativno;Ne
2752;0.1;-51.6;9.19;0.3;Negativno;Ne
2753;0.0;-56.8;8.77;1.37;Negativno;Ne
2754;8.1;-73.9;6.86;3.22;Negativno;Ne
2755;2.2;-42.8;7.4;0.27;Negativno;Ne
2756;1.2;-92.3;3.72;1.36;Negativno;Ne
2757;1.8;-51.0;8.78;1.26;Negativno;Ne
2758;1.6;-58.6;7.6;0.28;Negativno;Ne
2759;18.3;-62.6;7.52;0.17;Negativno;Ne
2760;0.0;-80.2;6.89;1.48;Negativno;Ne
2761;6.1;-64.1;8.51;0.01;Negativno;Ne
2762;3.7;-60.1;8.15;0.33;Negativno;Ne
2763;2.8;-50.5;6.26;1.08;Negativno;Ne
2764;0.5;-64.8;4.68;0.41;Negativno;Ne
2765;0.7;-39.7;7.43;0.42;Negativno;Ne
2766;0.7;-54.3;7.56;0.98;Negativno;Ne
2767;11.0;-66.0;6.78;0.25;Negativno;Ne
2768;8.8;-90.5;3.72;0.88;Negativno;Ne
2769;3.2;-68.5;10.54;0.15;Negativno;Ne
2770;12.7;-49.9;5.59;0.16;Negativno;Ne
2771;3.5;-53.4;7.7;0.48;Negativno;Ne
2772;0.5;-59.6;10.18;0.33;Negativno;Ne
2773;0.9;-46.8;6.7;0.43;Negativno;Ne
2774;1.3;-43.3;6.69;0.81;Negativno;Ne
2775;13.9;-67.6;9.82;0.17;Negativno;Ne
2776;5.0;-51.6;8.84;0.52;Negativno;Ne
2777;0.6;-63.0;7.5;0.02;Negativno;Ne
2778;18.4;-62.2;6.51;0.34;Negativno;Ne
2779;13.9;-58.2;7.55;0.16;Negativno;Ne
2780;3.9;-58.4;5.75;0.48;Negativno;Ne
2781;2.5;-61.1;5.23;0.41;Negativno;Ne
2782;5.1;-60.1;5.1;0.34;Negativno;Ne
2783;1.2;-67.7;6.32;0.02;Negativno;Ne
2784;10.7;-55.0;6.1;0.22;Negativno;Ne
2785;0.4;-48.7;6.76;0.46;Negativno;Ne
2786;0.2;-72.7;6.38;0.19;Negativno;Ne
2787;7.3;-73.0;6.66;0.73;Negativno;Ne
2788;4.2;-61.0;9.2;0.17;Negativno;Ne
2789;3.0;-51.5;5.37;0.53;Negativno;Ne
2790;0.2;-44.5;9.17;0.76;Negativno;Ne
2791;1.7;-57.3;7.81;0.7;Negativno;Ne
2792;2.6;-79.5;6.36;0.52;Pozitivno;Ne
2793;7.8;-72.7;8.0;1.11;Negativno;Ne
2794;6.6;-58.5;9.46;0.03;Negativno;Ne
2795;3.7;-53.7;3.55;0.81;Negativno;Ne
2796;1.6;-54.8;3.4;0.15;Negativno;Ne
2797;0.7;-65.6;5.86;0.33;Negativno;Ne
2798;9.1;-66.0;6.77;1.61;Negativno;Ne
2799;7.9;-70.1;9.94;1.0;Negativno;Ne
2800;3.9;-59.1;7.31;0.12;Pozitivno;Ne
2801;1.7;-55.0;8.1;0.12;Negativno;Ne
2802;1.9;-60.4;9.19;0.2;Negativno;Ne
2803;5.9;-48.6;4.55;0.14;Negativno;Ne
2804;3.8;-61.6;6.57;0.03;Negativno;Ne
2805;4.8;-63.9;7.2;0.86;Negativno;Ne
2806;3.0;-55.7;5.93;0.68;Negativno;Ne
2807;0.1;-81.0;7.03;0.67;Negativno;Ne
2808;15.1;-61.8;6.33;0.32;Negativno;Ne
2809;1.2;-52.5;12.44;0.11;Negativno;Ne
2810;3.0;-69.2;9.26;0.14;Negativno;Ne
2811;6.0;-48.0;2.67;2.8;Negativno;Ne
2812;1.9;-56.4;8.34;0.29;Negativno;Ne
2813;6.3;-51.5;5.85;1.32;Negativno;Ne
2814;1.2;-55.4;6.2;0.67;Negativno;Ne
2815;6.2;-62.8;6.53;0.16;Negativno;Ne
2816;11.8;-44.7;6.94;1.25;Negativno;Ne
2817;10.5;-61.5;8.97;0.05;Negativno;Ne
2818;1.0;-53.5;6.18;0.29;Negativno;Ne
2819;2.3;-64.3;7.91;0.49;Negativno;Ne
2820;10.3;-37.7;6.55;0.4;Negativno;Ne
2821;11.7;-61.4;4.87;0.43;Negativno;Ne
2822;11.4;-69.9;4.25;0.39;Negativno;Ne
2823;3.3;-68.9;2.01;0.07;Negativno;Ne
2824;8.5;-55.9;6.42;0.02;Negativno;Ne
2825;2.9;-52.4;5.03;0.48;Negativno;Ne
2826;8.7;-77.5;3.14;0.32;Negativno;Ne
2827;1.8;-79.3;7.37;0.94;Negativno;Ne
2828;7.5;-55.7;8.47;0.06;Negativno;Ne
2829;0.2;-52.2;5.08;0.41;Negativno;Ne
2830;3.4;-60.4;4.97;0.51;Negativno;Ne
2831;8.9;-65.9;7.8;0.73;Negativno;Ne
2832;8.8;-62.8;6.05;0.37;Negativno;Ne
2833;6.3;-36.9;4.68;0.55;Negativno;Ne
2834;5.6;-53.8;11.41;0.35;Negativno;Ne
2835;11.7;-56.3;7.86;0.56;Negativno;Ne
2836;5.3;-49.4;4.22;0.02;Negativno;Ne
2837;0.8;-54.8;5.84;0.11;Negativno;Ne
2838;4.6;-32.9;7.75;1.49;Negativno;Ne
2839;0.1;-66.0;6.27;0.3;Negativno;Ne
2840;14.8;-59.4;2.57;0.25;Negativno;Ne
2841;2.1;-45.4;5.64;0.82;Negativno;Ne
2842;5.2;-62.4;11.04;0.82;Negativno;Ne
2843;7.8;-66.5;7.64;1.7;Negativno;Ne
2844;11.2;-55.5;6.09;0.36;Negativno;Ne
2845;2.9;-65.7;7.19;0.09;Negativno;Ne
2846;3.7;-77.7;7.49;0.06;Negativno;Ne
2847;3.0;-54.6;4.67;0.6;Negativno;Ne
2848;1.9;-61.4;8.45;0.17;Negativno;Ne
2849;7.6;-54.4;6.84;0.22;Negativno;Ne
2850;2.0;-77.8;10.18;0.24;Negativno;Ne
2851;1.0;-66.0;7.19;1.05;Negativno;Ne
2852;2.6;-66.4;10.28;0.04;Negativno;Ne
2853;6.5;-65.7;6.01;0.92;Negativno;Ne
2854;3.4;-59.6;8.45;0.79;Negativno;Ne
2855;1.6;-51.0;8.17;0.18;Negativno;Ne
2856;1.5;-52.5;6.45;0.16;Negativno;Ne
2857;5.9;-57.4;4.2;0.52;Negativno;Ne
2858;1.6;-61.2;7.62;0.01;Negativno;Ne
2859;10.0;-43.6;5.49;0.48;Negativno;Ne
2860;2.2;-40.9;8.55;0.14;Negativno;Ne
2861;0.5;-58.4;7.1;0.43;Negativno;Ne
2862;0.0;-60.1;4.47;0.25;Negativno;Ne
2863;12.8;-60.5;8.43;0.73;Negativno;Ne
2864;1.9;-61.5;5.18;0.27;Negativno;Ne
2865;0.1;-59.3;9.01;0.1;Negativno;Ne
2866;5.8;-61.8;10.1;0.31;Negativno;Ne
2867;0.4;-53.3;7.06;0.22;Negativno;Ne
2868;5.1;-57.6;11.2;0.95;Negativno;Ne
2869;3.2;-69.8;1.64;0.83;Negativno;Ne
2870;0.8;-64.6;7.08;0.18;Negativno;Ne
2871;7.9;-63.8;9.03;1.6;Negativno;Ne
2872;11.9;-57.8;5.54;0.08;Negativno;Ne
2873;4.7;-50.3;3.81;0.28;Negativno;Ne
2874;0.8;-48.9;6.57;0.24;Negativno;Ne
2875;1.8;-72.0;6.1;0.84;Negativno;Ne
2876;5.6;-57.2;5.58;1.12;Negativno;Ne
2877;2.9;-50.4;7.55;0.06;Negativno;Ne
2878;11.3;-59.9;5.64;0.02;Negativno;Ne
2879;4.9;-74.8;7.09;0.72;Negativno;Ne
2880;0.3;-48.4;5.14;0.01;Negativno;Ne
2881;10.5;-48.0;7.38;0.29;Negativno;Ne
2882;14.3;-61.9;6.06;0.81;Negativno;Ne
2883;4.0;-55.2;8.86;0.57;Negativno;Ne
2884;5.5;-72.5;4.16;0.37;Negativno;Ne
2885;3.2;-52.8;7.75;0.38;Negativno;Ne
2886;3.3;-72.7;10.74;0.95;Negativno;Ne
2887;9.7;-49.8;9.78;0.02;Negativno;Ne
2888;5.1;-59.9;5.57;0.78;Negativno;Ne
2889;1.8;-50.9;6.61;1.08;Negativno;Ne
2890;4.1;-70.9;8.7;0.29;Negativno;Ne
2891;2.5;-62.3;4.54;0.22;Negativno;Ne
2892;1.8;-49.3;5.9;0.09;Negativno;Ne
2893;4.1;-75.5;9.77;0.56;Negativno;Ne
2894;7.3;-55.2;7.82;0.0;Negativno;Ne
2895;4.5;-57.8;8.64;0.41;Negativno;Ne
2896;1.0;-57.6;6.85;0.52;Negativno;Ne
2897;1.4;-67.3;7.49;0.17;Negativno;Ne
2898;8.4;-74.1;6.61;0.11;Negativno;Ne
2899;5.4;-78.5;3.36;0.23;Negativno;Ne
2900;5.5;-61.6;8.2;0.58;Negativno;Ne
2901;9.2;-82.4;7.02;0.8;Negativno;Ne
2902;2.5;-67.8;4.02;0.04;Negativno;Ne
2903;7.6;-52.4;7.05;0.26;Negativno;Ne
2904;12.0;-64.2;4.6;1.06;Negativno;Ne
2905;5.7;-59.6;7.04;0.01;Negativno;Ne
2906;17.0;-46.5;6.2;0.2;Negativno;Ne
2907;4.1;-63.1;8.71;0.29;Negativno;Ne
2908;9.5;-68.1;9.47;0.07;Negativno;Ne
2909;7.3;-64.6;6.16;0.13;Negativno;Ne
2910;5.9;-53.8;6.45;0.2;Negativno;Ne
2911;13.1;-59.6;9.41;0.29;Negativno;Ne
2912;0.5;-59.4;9.7;0.91;Negativno;Ne
2913;0.7;-64.5;5.75;0.31;Negativno;Ne
2914;4.5;-71.6;6.29;0.58;Negativno;Ne
2915;8.8;-47.1;9.62;0.23;Negativno;Ne
2916;3.3;-42.0;6.67;0.17;Negativno;Ne
2917;0.2;-70.5;4.44;0.2;Negativno;Ne
2918;3.6;-50.5;6.85;2.14;Negativno;Ne
2919;4.1;-62.4;7.9;0.16;Negativno;Ne
2920;5.3;-62.7;8.66;0.06;Negativno;Ne
2921;8.3;-56.9;7.27;0.77;Negativno;Ne
2922;1.7;-52.9;8.17;0.1;Negativno;Ne
2923;2.0;-65.8;5.99;0.3;Negativno;Ne
2924;16.2;-78.9;8.1;0.79;Negativno;Ne
2925;16.3;-65.8;9.5;0.34;Negativno;Ne
2926;3.9;-70.7;6.65;1.51;Negativno;Ne
2927;1.8;-63.2;4.72;0.17;Negativno;Ne
2928;2.6;-49.7;12.53;0.51;Negativno;Ne
2929;8.1;-51.6;9.04;0.12;Negativno;Ne
2930;13.0;-48.6;6.17;0.23;Negativno;Ne
2931;14.3;-51.9;6.24;0.93;Negativno;Ne
2932;2.7;-52.7;8.18;0.38;Negativno;Ne
2933;10.6;-71.0;8.16;0.87;Negativno;Ne
2934;0.9;-50.6;7.77;0.11;Negativno;Ne
2935;1.4;-50.8;8.15;0.01;Negativno;Ne
2936;28.9;-62.1;9.66;0.73;Negativno;Ne
2937;2.7;-51.4;7.12;0.34;Negativno;Ne
2938;0.9;-79.1;4.31;1.55;Negativno;Ne
2939;0.5;-52.2;7.91;0.77;Negativno;Ne
2940;4.6;-55.4;8.0;0.43;Negativno;Ne
2941;5.8;-61.8;5.05;0.04;Negativno;Ne
2942;4.3;-61.8;4.54;0.41;Negativno;Ne
2943;11.2;-58.1;3.81;0.35;Negativno;Ne
2944;8.1;-73.2;6.11;1.17;Negativno;Ne
2945;7.9;-65.1;9.3;0.06;Negativno;Ne
2946;2.4;-52.5;5.36;1.37;Negativno;Ne
2947;1.0;-55.4;8.72;0.4;Negativno;Ne
2948;1.7;-67.7;9.66;0.73;Negativno;Ne
2949;1.2;-37.3;3.43;0.22;Negativno;Ne
2950;13.8;-71.4;8.55;3.33;Negativno;Ne
2951;2.2;-50.5;11.28;0.2;Negativno;Ne
2952;2.4;-73.1;7.9;0.0;Negativno;Ne
2953;1.7;-72.7;8.57;0.05;Negativno;Ne
2954;8.7;-67.3;5.99;0.2;Negativno;Ne
2955;4.8;-74.6;3.34;0.28;Negativno;Ne
2956;0.8;-57.7;6.95;0.24;Negativno;Ne
2957;7.8;-78.2;7.06;1.54;Negativno;Ne
2958;14.8;-46.5;8.15;0.29;Negativno;Ne
2959;1.8;-56.9;7.6;0.89;Negativno;Ne
2960;14.5;-52.0;5.14;1.04;Negativno;Ne
2961;11.5;-52.6;7.82;1.14;Negativno;Ne
2962;0.5;-71.4;1.73;0.11;Negativno;Ne
2963;1.1;-64.9;5.55;0.19;Negativno;Ne
2964;1.4;-60.0;10.1;0.37;Negativno;Ne
2965;0.6;-60.1;6.74;0.24;Negativno;Ne
2966;2.2;-57.4;11.69;0.95;Negativno;Ne
2967;2.4;-55.4;7.3;0.25;Negativno;Ne
2968;2.4;-54.2;8.23;0.66;Negativno;Ne
2969;10.2;-70.7;7.93;0.19;Negativno;Ne
2970;10.2;-58.7;10.66;0.27;Negativno;Ne
2971;9.7;-44.0;7.78;0.08;Negativno;Ne
2972;5.6;-65.6;8.89;0.18;Negativno;Ne
2973;9.9;-74.1;10.38;0.13;Negativno;Ne
2974;1.7;-68.4;7.32;1.25;Negativno;Ne
2975;0.7;-66.7;7.68;0.77;Negativno;Ne
2976;2.0;-48.4;4.83;0.11;Negativno;Ne
2977;7.4;-66.4;7.06;0.14;Negativno;Ne
2978;1.8;-61.8;8.14;0.27;Negativno;Ne
2979;0.1;-71.1;6.46;0.0;Negativno;Ne
2980;0.0;-61.8;7.61;1.29;Negativno;Ne
2981;5.2;-63.7;5.27;0.05;Negativno;Ne
2982;2.3;-64.8;8.14;0.09;Negativno;Ne
2983;0.7;-53.9;8.25;0.04;Negativno;Ne
2984;6.4;-54.2;7.94;0.08;Negativno;Ne
2985;1.3;-61.2;7.49;0.11;Negativno;Ne
2986;3.1;-37.7;1.27;0.08;Negativno;Ne
2987;3.2;-64.4;3.81;0.49;Negativno;Ne
2988;7.9;-75.4;5.29;0.72;Negativno;Ne
2989;1.4;-49.2;7.26;0.28;Negativno;Ne
2990;0.0;-54.9;6.51;2.28;Negativno;Ne
2991;0.6;-55.1;6.41;0.36;Negativno;Ne
2992;8.8;-74.6;9.01;0.34;Negativno;Ne
2993;17.3;-70.9;7.34;0.57;Negativno;Ne
2994;10.6;-59.0;9.22;0.2;Negativno;Ne
2995;5.8;-67.1;9.54;0.27;Negativno;Ne
2996;7.2;-68.5;8.34;0.1;Negativno;Ne
2997;18.7;-55.8;2.25;0.37;Negativno;Ne
2998;2.4;-58.7;5.11;0.04;Negativno;Ne
2999;13.1;-47.7;5.0;0.18;Negativno;Ne
3000;2.4;-67.2;7.53;0.51;Negativno;Ne
3001;20.9;-53.7;7.18;0.62;Negativno;Ne
3002;0.0;-60.8;7.47;0.19;Negativno;Ne
3003;1.8;-70.9;7.24;0.96;Negativno;Ne
3004;0.9;-58.6;2.35;0.1;Negativno;Ne
3005;19.4;-64.5;9.94;0.46;Negativno;Ne
3006;1.5;-45.6;7.65;0.08;Negativno;Ne
3007;17.8;-57.1;4.54;2.22;Negativno;Ne
3008;0.4;-64.6;9.95;1.3;Negativno;Ne
3009;5.2;-74.1;6.44;0.02;Negativno;Ne
3010;0.7;-60.0;7.27;0.64;Negativno;Ne
3011;5.2;-68.0;4.65;0.92;Negativno;Ne
3012;0.1;-69.2;6.89;0.53;Negativno;Ne
3013;9.5;-68.5;6.8;0.02;Negativno;Ne
3014;10.9;-74.8;5.83;0.33;Negativno;Ne
3015;0.6;-51.5;8.15;0.19;Negativno;Ne
3016;34.2;-53.6;3.8;0.17;Negativno;Ne
3017;9.5;-35.8;6.07;0.21;Negativno;Ne
3018;1.1;-61.7;4.96;0.23;Negativno;Ne
3019;0.1;-70.0;7.38;0.82;Negativno;Ne
3020;2.1;-72.5;5.3;0.29;Negativno;Ne
3021;3.1;-61.2;3.98;0.18;Negativno;Ne
3022;3.3;-51.1;8.61;0.14;Negativno;Ne
3023;6.2;-51.3;5.37;0.68;Negativno;Ne
3024;2.9;-57.7;5.9;0.33;Negativno;Ne
3025;1.0;-51.2;3.94;0.23;Negativno;Ne
3026;5.0;-64.7;8.88;0.07;Negativno;Ne
3027;0.9;-79.2;5.21;0.15;Negativno;Ne
3028;8.2;-73.7;7.37;1.09;Negativno;Ne
3029;2.2;-52.3;8.3;0.5;Negativno;Ne
3030;9.4;-75.7;8.96;0.3;Negativno;Ne
3031;8.0;-76.0;9.4;0.2;Negativno;Ne
3032;7.6;-54.4;5.47;0.91;Negativno;Ne
3033;0.8;-64.3;8.78;0.39;Negativno;Ne
3034;2.4;-47.9;9.84;0.16;Negativno;Ne
3035;2.3;-54.3;7.4;0.12;Negativno;Ne
3036;0.9;-66.9;9.15;0.35;Negativno;Ne
3037;4.4;-56.4;6.43;2.49;Negativno;Ne
3038;2.5;-53.0;8.37;0.82;Negativno;Ne
3039;3.5;-65.6;8.89;1.06;Negativno;Ne
3040;6.0;-70.9;5.89;0.03;Negativno;Ne
3041;10.0;-42.3;6.94;0.07;Negativno;Ne
3042;3.7;-57.3;5.83;2.09;Negativno;Ne
3043;0.0;-50.6;9.62;0.04;Negativno;Ne
3044;7.5;-53.6;10.57;1.16;Negativno;Ne
3045;7.8;-53.3;4.85;0.39;Negativno;Ne
3046;2.5;-60.1;5.0;0.31;Negativno;Ne
3047;15.6;-55.9;7.52;0.22;Negativno;Ne
3048;5.0;-43.8;6.07;0.19;Negativno;Ne
3049;4.2;-68.5;6.41;1.31;Negativno;Ne
3050;0.3;-59.4;3.54;0.16;Negativno;Ne
3051;12.4;-88.4;8.35;0.16;Negativno;Ne
3052;15.4;-63.9;6.2;0.55;Negativno;Ne
3053;0.0;-67.2;7.65;0.77;Negativno;Ne
3054;9.9;-55.4;6.68;0.17;Negativno;Ne
3055;27.3;-55.8;8.9;0.12;Negativno;Ne
3056;1.6;-55.3;10.24;0.25;Negativno;Ne
3057;8.5;-67.5;6.16;0.42;Negativno;Ne
3058;0.0;-55.1;2.84;0.46;Negativno;Ne
3059;8.6;-62.9;10.42;0.0;Negativno;Ne
3060;11.8;-47.0;5.22;0.46;Negativno;Ne
3061;5.2;-59.8;7.87;0.18;Negativno;Ne
3062;4.3;-53.2;11.48;0.04;Negativno;Ne
3063;8.3;-48.9;6.08;0.06;Negativno;Ne
3064;1.8;-45.0;7.4;0.02;Negativno;Ne
3065;16.9;-67.7;4.76;0.54;Negativno;Ne
3066;8.1;-53.0;6.32;0.48;Negativno;Ne
3067;8.0;-63.2;6.37;0.63;Negativno;Ne
3068;4.4;-63.4;9.23;0.54;Negativno;Ne
3069;0.7;-58.9;3.85;0.63;Negativno;Ne
3070;15.7;-63.6;7.39;1.11;Negativno;Ne
3071;9.2;-59.9;7.36;0.07;Negativno;Ne
3072;1.5;-51.7;9.09;1.54;Negativno;Ne
3073;4.9;-53.1;5.9;0.54;Negativno;Ne
3074;3.2;-72.2;5.03;0.06;Negativno;Ne
3075;1.5;-54.1;10.29;1.6;Negativno;Ne
3076;3.7;-67.6;5.05;0.09;Negativno;Ne
3077;0.0;-49.2;7.78;0.28;Negativno;Ne
3078;12.8;-56.4;6.61;0.15;Negativno;Ne
3079;1.7;-66.0;8.22;0.02;Negativno;Ne
3080;1.6;-49.3;4.59;0.46;Negativno;Ne
3081;6.0;-57.8;7.82;0.01;Negativno;Ne
3082;1.2;-69.7;6.81;0.52;Negativno;Ne
3083;1.6;-48.0;11.04;0.08;Negativno;Ne
3084;2.5;-40.3;5.61;0.33;Negativno;Ne
3085;1.0;-56.8;8.35;0.14;Negativno;Ne
3086;6.0;-74.9;8.29;0.41;Negativno;Ne
3087;1.7;-49.4;7.48;0.15;Negativno;Ne
3088;0.3;-65.8;6.53;0.82;Negativno;Ne
3089;9.0;-63.0;9.02;0.11;Negativno;Ne
3090;6.0;-65.2;6.96;1.06;Negativno;Ne
3091;0.0;-42.4;11.5;0.5;Negativno;Ne
3092;9.8;-52.9;8.67;0.78;Negativno;Ne
3093;4.4;-58.2;6.35;0.25;Negativno;Ne
3094;1.0;-70.8;6.52;1.51;Negativno;Ne
3095;5.1;-63.3;4.86;0.52;Negativno;Ne
3096;4.9;-46.7;4.58;0.08;Negativno;Ne
3097;5.5;-57.4;7.49;1.05;Negativno;Ne
3098;7.0;-60.0;1.36;0.06;Negativno;Ne
3099;2.8;-54.3;11.09;0.28;Negativno;Ne
3100;2.4;-56.3;7.16;1.12;Negativno;Ne
3101;1.5;-61.4;7.13;0.29;Negativno;Ne
3102;7.8;-72.2;10.96;0.39;Negativno;Ne
3103;6.0;-72.1;8.38;0.14;Negativno;Ne
3104;3.1;-64.5;5.95;1.88;Negativno;Ne
3105;9.2;-80.3;7.09;0.08;Negativno;Ne
3106;15.3;-64.2;5.89;1.54;Negativno;Ne
3107;5.0;-64.2;4.76;0.31;Negativno;Ne
3108;3.2;-54.7;8.81;0.2;Negativno;Ne
3109;10.1;-56.8;11.35;0.38;Negativno;Ne
3110;2.7;-59.0;4.34;1.52;Negativno;Ne
3111;0.8;-57.5;4.13;0.21;Negativno;Ne
3112;12.4;-47.5;8.81;0.31;Negativno;Ne
3113;0.7;-50.7;4.98;0.13;Negativno;Ne
3114;0.9;-61.8;6.47;1.12;Negativno;Ne
3115;8.1;-68.0;5.8;0.38;Negativno;Ne
3116;2.8;-55.2;6.03;0.03;Negativno;Ne
3117;3.1;-60.6;8.39;0.15;Negativno;Ne
3118;6.8;-55.8;5.63;0.37;Negativno;Ne
3119;4.0;-54.6;9.21;0.52;Negativno;Ne
3120;8.8;-61.2;8.38;0.24;Negativno;Ne
3121;0.5;-52.7;5.48;0.89;Negativno;Ne
3122;3.2;-59.1;8.28;0.37;Negativno;Ne
3123;0.1;-70.2;7.65;0.82;Negativno;Ne
3124;3.5;-64.4;5.56;1.11;Negativno;Ne
3125;1.8;-63.9;8.16;0.68;Negativno;Ne
3126;3.4;-61.8;5.57;0.01;Negativno;Ne
3127;10.8;-49.9;3.76;0.18;Negativno;Ne
3128;2.6;-56.4;5.7;0.06;Negativno;Ne
3129;1.4;-44.0;5.61;0.21;Negativno;Ne
3130;2.4;-53.9;4.25;0.43;Negativno;Ne
3131;4.2;-44.1;2.96;1.55;Negativno;Ne
3132;4.7;-50.1;6.54;0.15;Negativno;Ne
3133;2.0;-70.3;5.39;0.29;Negativno;Ne
3134;1.2;-67.0;13.0;0.14;Negativno;Ne
3135;0.4;-58.4;6.11;0.08;Negativno;Ne
3136;16.9;-68.4;9.46;0.68;Negativno;Ne
3137;2.3;-58.7;8.89;0.24;Negativno;Ne
3138;0.6;-62.2;6.76;1.22;Negativno;Ne
3139;3.8;-33.0;5.05;0.3;Negativno;Ne
3140;14.8;-56.9;8.65;0.77;Negativno;Ne
3141;2.6;-51.9;11.24;0.35;Negativno;Ne
3142;0.1;-59.1;3.33;1.07;Negativno;Ne
3143;0.5;-67.6;7.25;0.5;Negativno;Ne
3144;1.7;-62.7;7.58;0.11;Negativno;Ne
3145;6.1;-68.3;7.21;0.29;Negativno;Ne
3146;8.5;-45.9;4.78;0.75;Negativno;Ne
3147;0.9;-58.0;0.68;2.49;Negativno;Ne
3148;14.5;-63.0;8.7;0.45;Negativno;Ne
3149;30.0;-58.5;7.66;1.23;Negativno;Ne
3150;1.9;-64.2;7.34;0.05;Negativno;Ne
3151;2.6;-81.6;7.94;0.12;Negativno;Ne
3152;2.2;-49.5;6.89;1.94;Negativno;Ne
3153;4.4;-62.1;5.34;0.01;Negativno;Ne
3154;4.9;-61.6;8.4;0.15;Negativno;Ne
3155;6.1;-49.8;5.2;0.02;Negativno;Ne
3156;10.6;-68.0;6.7;1.02;Negativno;Ne
3157;4.7;-64.3;8.81;0.17;Negativno;Ne
3158;9.9;-59.6;8.69;0.01;Negativno;Ne
3159;2.8;-69.3;10.0;0.86;Negativno;Ne
3160;2.8;-79.2;9.05;0.01;Negativno;Ne
3161;16.5;-39.5;5.08;0.11;Negativno;Ne
3162;2.5;-72.5;9.8;0.4;Negativno;Ne
3163;0.4;-68.3;8.11;0.17;Negativno;Ne
3164;2.5;-60.9;6.39;0.01;Negativno;Ne
3165;4.5;-72.0;4.31;0.75;Negativno;Ne
3166;4.9;-45.2;3.16;0.04;Negativno;Ne
3167;1.9;-67.5;5.4;0.07;Negativno;Ne
3168;16.9;-69.0;5.01;0.47;Negativno;Ne
3169;8.5;-75.4;4.59;0.39;Negativno;Ne
3170;0.6;-62.5;7.12;0.54;Negativno;Ne
3171;3.1;-56.2;7.55;0.25;Negativno;Ne
3172;5.4;-49.4;7.85;0.55;Negativno;Ne
3173;0.9;-81.9;5.83;0.54;Negativno;Ne
3174;10.8;-58.2;5.98;0.38;Negativno;Ne
3175;0.2;-54.6;4.87;0.27;Negativno;Ne
3176;1.7;-54.9;8.68;0.13;Negativno;Ne
3177;1.6;-69.5;1.86;0.61;Negativno;Ne
3178;11.0;-68.6;7.85;0.45;Negativno;Ne
3179;5.1;-56.6;7.67;0.09;Negativno;Ne
3180;3.2;-59.1;7.12;0.42;Negativno;Ne
3181;0.4;-53.0;8.85;0.26;Negativno;Ne
3182;2.1;-64.7;5.77;0.02;Negativno;Ne
3183;1.0;-59.7;10.78;0.08;Negativno;Ne
3184;3.2;-55.5;10.56;0.65;Negativno;Ne
3185;5.3;-51.8;9.16;0.7;Negativno;Ne
3186;4.9;-67.7;8.38;1.0;Negativno;Ne
3187;21.2;-56.6;3.66;0.62;Negativno;Ne
3188;6.6;-65.8;11.09;0.32;Negativno;Ne
3189;1.2;-72.0;7.83;0.12;Negativno;Ne
3190;0.0;-56.5;5.0;0.07;Negativno;Ne
3191;1.5;-60.8;10.94;1.33;Negativno;Ne
3192;1.9;-62.4;5.71;0.22;Negativno;Ne
3193;5.9;-55.7;5.39;0.41;Negativno;Ne
3194;6.9;-52.7;9.62;0.35;Negativno;Ne
3195;5.8;-59.2;7.59;0.0;Negativno;Ne
3196;2.2;-46.1;5.37;2.74;Negativno;Ne
3197;4.9;-63.8;4.1;0.14;Negativno;Ne
3198;3.6;-68.6;7.43;0.04;Negativno;Ne
3199;2.9;-46.4;7.48;0.83;Negativno;Ne
3200;1.4;-67.3;11.07;0.69;Negativno;Ne
3201;3.1;-62.9;3.42;0.02;Negativno;Ne
3202;7.0;-56.2;9.69;0.3;Negativno;Ne
3203;9.7;-63.2;3.3;3.27;Negativno;Ne
3204;10.8;-54.6;6.47;0.37;Negativno;Ne
3205;2.1;-56.0;6.17;1.44;Negativno;Ne
3206;7.0;-54.5;6.19;1.55;Negativno;Ne
3207;4.6;-61.6;7.15;0.0;Negativno;Ne
3208;6.2;-60.1;4.41;0.36;Negativno;Ne
3209;2.8;-60.3;4.59;0.1;Negativno;Ne
3210;0.0;-59.0;5.07;0.24;Negativno;Ne
3211;9.7;-66.3;8.0;0.34;Negativno;Ne
3212;5.1;-63.9;8.85;0.16;Negativno;Ne
3213;2.6;-76.1;7.06;0.34;Negativno;Ne
3214;3.2;-45.9;6.46;1.0;Negativno;Ne
3215;6.5;-60.8;5.13;0.04;Negativno;Ne
3216;2.2;-58.5;8.14;0.03;Negativno;Ne
3217;2.5;-47.6;5.82;0.01;Negativno;Ne
3218;0.1;-58.3;9.38;1.01;Negativno;Ne
3219;4.9;-58.2;11.35;1.94;Negativno;Ne
3220;1.5;-52.1;6.96;0.58;Negativno;Ne
3221;1.9;-67.1;5.1;0.22;Negativno;Ne
3222;0.6;-82.1;6.57;0.37;Negativno;Ne
3223;4.3;-59.4;8.17;0.13;Negativno;Ne
3224;4.5;-54.0;5.53;0.01;Negativno;Ne
3225;2.1;-47.9;8.19;1.31;Negativno;Ne
3226;5.0;-74.1;9.13;0.43;Negativno;Ne
3227;3.2;-81.2;5.21;0.07;Negativno;Ne
3228;1.6;-51.4;8.24;0.25;Negativno;Ne
3229;5.3;-63.3;9.81;1.35;Pozitivno;Ne
3230;0.8;-56.9;9.18;0.2;Negativno;Ne
3231;1.8;-59.3;5.6;0.06;Negativno;Ne
3232;3.1;-60.9;9.19;0.91;Negativno;Ne
3233;0.9;-71.6;5.34;1.27;Negativno;Ne
3234;2.2;-61.7;5.16;0.23;Negativno;Ne
3235;0.1;-58.1;6.53;0.09;Negativno;Ne
3236;5.3;-75.1;9.25;0.41;Negativno;Ne
3237;0.0;-74.8;9.54;0.24;Negativno;Ne
3238;25.8;-72.0;7.27;0.29;Negativno;Ne
3239;2.5;-73.8;8.35;0.58;Negativno;Ne
3240;5.9;-51.9;6.46;1.48;Negativno;Ne
3241;8.9;-57.3;6.86;0.41;Negativno;Ne
3242;5.0;-61.1;8.86;0.72;Negativno;Ne
3243;2.5;-70.5;5.32;0.16;Negativno;Ne
3244;0.3;-71.1;3.35;0.34;Negativno;Ne
3245;6.9;-55.0;7.62;0.31;Negativno;Ne
3246;0.6;-59.9;6.67;0.14;Negativno;Ne
3247;0.0;-67.8;7.0;0.18;Negativno;Ne
3248;3.8;-47.3;7.82;3.07;Pozitivno;Ne
3249;0.1;-45.2;10.37;0.36;Negativno;Ne
3250;4.7;-73.0;7.91;0.27;Negativno;Ne
3251;4.4;-60.8;9.01;2.36;Negativno;Ne
3252;3.6;-66.4;7.64;0.01;Negativno;Ne
3253;11.4;-57.3;11.31;0.24;Negativno;Ne
3254;1.6;-59.5;5.18;0.09;Negativno;Ne
3255;2.3;-66.2;6.07;1.5;Negativno;Ne
3256;2.2;-71.5;6.99;0.25;Negativno;Ne
3257;3.1;-54.6;8.25;1.08;Negativno;Ne
3258;7.1;-59.0;4.17;0.38;Negativno;Ne
3259;4.4;-69.7;9.48;2.43;Negativno;Ne
3260;10.4;-57.8;7.42;0.61;Negativno;Ne
3261;0.1;-59.7;9.63;0.28;Negativno;Ne
3262;0.6;-36.3;7.06;1.06;Negativno;Ne
3263;4.2;-50.3;8.45;0.09;Negativno;Ne
3264;2.4;-68.9;5.86;0.29;Negativno;Ne
3265;3.1;-53.0;8.9;0.23;Negativno;Ne
3266;7.1;-45.9;4.69;0.74;Negativno;Ne
3267;12.9;-60.2;6.35;1.11;Negativno;Ne
3268;1.8;-61.3;7.28;0.64;Negativno;Ne
3269;3.0;-47.2;5.91;0.07;Negativno;Ne
3270;0.8;-70.5;3.95;1.68;Negativno;Ne
3271;2.9;-61.5;12.21;0.08;Negativno;Ne
3272;1.5;-47.2;5.19;0.72;Negativno;Ne
3273;10.2;-50.8;7.44;0.2;Negativno;Ne
3274;0.9;-68.3;8.54;0.54;Negativno;Ne
3275;4.3;-60.4;7.57;0.46;Pozitivno;Ne
3276;10.1;-64.4;7.04;0.33;Negativno;Ne
3277;5.8;-58.9;5.9;0.83;Negativno;Ne
3278;0.5;-64.8;7.54;1.0;Negativno;Ne
3279;3.0;-81.7;6.99;0.05;Negativno;Ne
3280;2.7;-54.2;7.4;0.1;Negativno;Ne
3281;1.5;-60.4;5.67;0.24;Negativno;Ne
3282;16.0;-51.5;7.11;1.49;Negativno;Ne
3283;9.3;-65.6;8.2;0.97;Negativno;Ne
3284;4.3;-58.2;8.6;0.13;Negativno;Ne
3285;1.3;-41.3;7.8;0.16;Negativno;Ne
3286;0.7;-56.5;9.57;0.14;Negativno;Ne
3287;0.5;-68.3;8.76;1.08;Negativno;Ne
3288;13.3;-70.5;8.65;0.34;Negativno;Ne
3289;2.2;-55.0;7.48;0.82;Negativno;Ne
3290;3.0;-57.7;7.14;0.28;Negativno;Ne
3291;12.8;-52.3;5.82;0.25;Negativno;Ne
3292;4.8;-47.0;6.17;0.25;Negativno;Ne
3293;8.5;-51.9;8.84;1.2;Negativno;Ne
3294;0.9;-74.2;11.23;0.28;Negativno;Ne
3295;1.4;-65.4;6.49;0.76;Negativno;Ne
3296;18.8;-42.8;6.58;0.2;Negativno;Ne
3297;2.0;-58.3;9.34;0.31;Negativno;Ne
3298;29.8;-54.9;8.65;1.88;Negativno;Ne
3299;0.8;-61.9;6.78;0.04;Negativno;Ne
3300;1.2;-78.4;6.3;0.05;Negativno;Ne
3301;2.4;-61.7;4.48;0.23;Negativno;Ne
3302;10.9;-52.3;5.17;0.58;Negativno;Ne
3303;6.1;-61.5;4.96;0.13;Negativno;Ne
3304;4.8;-56.3;9.37;1.19;Negativno;Ne
3305;1.7;-75.2;9.28;0.26;Negativno;Ne
3306;0.8;-58.1;4.49;0.14;Negativno;Ne
3307;1.2;-73.4;3.43;0.56;Negativno;Ne
3308;1.8;-53.3;8.43;0.52;Negativno;Ne
3309;9.9;-63.1;7.2;0.78;Negativno;Ne
3310;6.8;-56.8;10.66;0.91;Negativno;Ne
3311;4.6;-55.8;5.3;0.09;Negativno;Ne
3312;0.7;-59.6;5.03;0.08;Negativno;Ne
3313;1.4;-72.0;6.31;0.77;Negativno;Ne
3314;1.7;-53.9;9.32;0.13;Negativno;Ne
3315;0.4;-79.8;8.24;0.01;Negativno;Ne
3316;10.2;-57.8;1.52;0.83;Negativno;Ne
3317;2.4;-51.4;10.66;0.51;Negativno;Ne
3318;0.4;-60.1;2.3;0.37;Negativno;Ne
3319;3.1;-76.1;5.3;0.56;Negativno;Ne
3320;3.0;-51.1;5.0;0.07;Negativno;Ne
3321;1.2;-55.9;5.64;0.1;Negativno;Ne
3322;1.6;-51.3;7.89;1.76;Negativno;Ne
3323;3.8;-64.9;8.93;0.02;Negativno;Ne
3324;3.2;-77.1;9.3;0.16;Negativno;Ne
3325;2.8;-54.2;4.14;0.28;Negativno;Ne
3326;5.0;-59.6;5.54;0.05;Negativno;Ne
3327;2.2;-52.6;7.28;0.62;Negativno;Ne
3328;7.5;-52.2;7.18;0.17;Negativno;Ne
3329;0.0;-67.6;6.87;0.83;Negativno;Ne
3330;0.4;-71.5;5.33;0.36;Negativno;Ne
3331;1.8;-71.9;9.42;0.01;Negativno;Ne
3332;1.1;-70.2;8.3;0.61;Negativno;Ne
3333;5.8;-44.0;6.29;1.15;Negativno;Ne
3334;3.7;-56.3;8.36;0.6;Negativno;Ne
3335;3.1;-50.2;8.35;0.16;Negativno;Ne
3336;1.4;-50.4;7.27;0.64;Negativno;Ne
3337;3.2;-70.6;6.19;0.01;Negativno;Ne
3338;14.2;-52.8;7.32;0.32;Negativno;Ne
3339;0.1;-60.8;7.59;0.04;Negativno;Ne
3340;2.6;-67.8;5.88;0.43;Negativno;Ne
3341;7.0;-71.3;9.25;0.51;Negativno;Ne
3342;0.4;-60.5;9.25;0.74;Negativno;Ne
3343;7.3;-75.4;7.98;0.04;Negativno;Ne
3344;7.6;-59.8;9.8;0.32;Pozitivno;Ne
3345;4.6;-64.6;6.02;0.18;Negativno;Ne
3346;2.5;-51.4;5.71;0.31;Negativno;Ne
3347;4.1;-66.7;7.88;0.1;Negativno;Ne
3348;3.3;-58.3;7.67;0.7;Negativno;Ne
3349;4.8;-60.4;3.47;0.77;Negativno;Ne
3350;1.8;-59.2;9.61;0.0;Negativno;Ne
3351;6.7;-55.7;6.71;0.15;Negativno;Ne
3352;2.0;-52.8;6.55;0.75;Negativno;Ne
3353;0.3;-70.4;6.33;0.22;Negativno;Ne
3354;7.9;-54.2;5.94;1.82;Negativno;Ne
3355;7.6;-58.3;7.07;0.36;Negativno;Ne
3356;1.9;-51.9;5.99;0.61;Negativno;Ne
3357;5.5;-57.7;11.78;0.11;Negativno;Ne
3358;2.8;-63.0;9.39;0.38;Negativno;Ne
3359;11.6;-52.1;6.56;0.15;Negativno;Ne
3360;1.7;-64.8;7.88;0.0;Negativno;Ne
3361;2.0;-67.4;3.84;0.12;Negativno;Ne
3362;2.8;-37.3;8.74;0.03;Negativno;Ne
3363;0.8;-54.5;4.85;0.33;Negativno;Ne
3364;0.1;-72.1;7.04;0.52;Negativno;Ne
3365;2.9;-55.3;8.28;0.05;Negativno;Ne
3366;4.7;-76.7;5.51;1.08;Negativno;Ne
3367;7.3;-58.4;5.78;0.08;Negativno;Ne
3368;3.5;-67.1;6.74;0.64;Negativno;Ne
3369;13.8;-68.1;4.57;0.13;Negativno;Ne
3370;0.7;-48.5;8.68;0.04;Negativno;Ne
3371;2.0;-53.3;9.36;0.24;Negativno;Ne
3372;3.4;-55.5;7.08;0.56;Negativno;Ne
3373;22.3;-50.6;6.31;0.06;Negativno;Ne
3374;5.2;-74.5;6.18;0.65;Negativno;Ne
3375;0.0;-58.8;6.66;0.4;Negativno;Ne
3376;2.0;-62.8;7.27;0.36;Negativno;Ne
3377;2.2;-52.4;7.04;0.12;Negativno;Ne
3378;0.3;-51.5;5.01;0.12;Negativno;Ne
3379;3.4;-64.6;10.24;0.17;Negativno;Ne
3380;0.8;-50.3;8.13;0.04;Negativno;Ne
3381;0.8;-63.9;8.54;0.03;Negativno;Ne
3382;1.1;-59.8;11.43;0.79;Negativno;Ne
3383;8.6;-51.5;6.1;0.38;Negativno;Ne
3384;8.0;-63.5;10.07;0.95;Negativno;Ne
3385;3.2;-45.2;11.51;0.5;Negativno;Ne
3386;6.6;-51.2;6.54;0.37;Negativno;Ne
3387;1.9;-50.0;4.21;0.04;Negativno;Ne
3388;1.3;-77.9;5.63;0.97;Pozitivno;Ne
3389;2.3;-71.5;7.87;0.29;Negativno;Ne
3390;14.0;-55.1;7.27;0.04;Negativno;Ne
3391;0.1;-70.6;4.89;0.18;Negativno;Ne
3392;9.0;-51.0;5.99;0.22;Negativno;Ne
3393;10.6;-56.4;7.03;0.06;Negativno;Ne
3394;6.2;-64.2;9.35;0.09;Negativno;Ne
3395;5.9;-59.2;4.85;0.29;Negativno;Ne
3396;0.0;-62.2;6.5;1.03;Negativno;Ne
3397;3.1;-62.6;9.27;1.11;Pozitivno;Ne
3398;6.3;-63.5;9.0;0.56;Negativno;Ne
3399;6.1;-54.0;8.07;0.27;Negativno;Ne
3400;6.9;-71.9;5.17;0.04;Pozitivno;Ne
3401;2.7;-56.1;5.08;0.62;Negativno;Ne
3402;5.2;-59.6;5.67;0.16;Negativno;Ne
3403;4.0;-49.0;7.92;0.9;Negativno;Ne
3404;3.3;-60.8;8.69;0.06;Negativno;Ne
3405;0.1;-40.0;8.4;0.27;Negativno;Ne
3406;2.4;-63.9;6.17;2.33;Negativno;Ne
3407;5.0;-65.2;10.5;0.21;Negativno;Ne
3408;1.5;-71.6;7.25;0.01;Negativno;Ne
3409;0.3;-64.8;9.5;0.67;Negativno;Ne
3410;1.1;-47.1;0.61;0.43;Negativno;Ne
3411;3.5;-43.7;4.74;0.12;Negativno;Ne
3412;15.6;-56.2;6.84;0.13;Negativno;Ne
3413;0.6;-61.3;8.53;1.4;Negativno;Ne
3414;7.9;-62.6;3.9;0.47;Negativno;Ne
3415;0.7;-67.2;3.89;0.14;Negativno;Ne
3416;7.4;-68.9;4.06;0.44;Negativno;Ne
3417;2.9;-46.5;6.73;2.47;Negativno;Ne
3418;2.4;-73.3;6.98;0.14;Negativno;Ne
3419;6.9;-60.5;6.73;0.1;Negativno;Ne
3420;4.1;-61.3;6.14;0.16;Negativno;Ne
3421;0.0;-52.0;7.51;0.05;Negativno;Ne
3422;0.6;-59.1;8.35;0.07;Negativno;Ne
3423;26.7;-53.6;7.47;0.34;Negativno;Ne
3424;2.6;-59.6;10.83;0.01;Negativno;Ne
3425;2.3;-70.9;8.09;0.04;Negativno;Ne
3426;3.8;-46.2;7.43;0.85;Negativno;Ne
3427;12.3;-55.3;8.67;1.7;Negativno;Ne
3428;0.0;-60.7;9.17;1.52;Negativno;Ne
3429;19.7;-56.9;8.07;1.21;Negativno;Ne
3430;2.1;-66.1;7.55;0.24;Negativno;Ne
3431;7.5;-47.7;4.24;0.34;Negativno;Ne
3432;0.8;-53.2;6.86;0.71;Negativno;Ne
3433;11.9;-56.0;8.78;0.04;Negativno;Ne
3434;1.2;-72.2;8.12;0.65;Negativno;Ne
3435;3.9;-80.0;5.29;0.04;Negativno;Ne
3436;3.0;-63.6;8.04;0.43;Negativno;Ne
3437;3.5;-65.7;8.51;0.0;Negativno;Ne
3438;3.6;-67.7;8.08;0.15;Negativno;Ne
3439;2.3;-78.8;5.46;0.94;Negativno;Ne
3440;2.1;-51.4;9.61;0.08;Negativno;Ne
3441;0.4;-71.7;5.54;1.67;Negativno;Ne
3442;1.0;-58.1;3.38;0.84;Negativno;Ne
3443;2.8;-63.6;4.52;2.53;Negativno;Ne
3444;9.6;-63.5;11.05;0.33;Negativno;Ne
3445;10.6;-69.6;7.98;0.09;Negativno;Ne
3446;3.9;-43.6;6.33;0.01;Negativno;Ne
3447;0.3;-57.7;5.99;0.26;Negativno;Ne
3448;0.1;-58.5;5.86;0.43;Negativno;Ne
3449;2.4;-60.9;11.2;0.06;Negativno;Ne
3450;6.7;-64.7;5.5;0.15;Negativno;Ne
3451;2.9;-70.7;6.1;0.64;Negativno;Ne
3452;7.6;-51.6;6.29;0.23;Negativno;Ne
3453;2.9;-77.6;7.72;1.98;Negativno;Ne
3454;4.5;-56.0;9.49;0.17;Negativno;Ne
3455;4.1;-54.1;7.9;0.02;Negativno;Ne
3456;17.5;-72.4;6.9;2.72;Negativno;Ne
3457;7.5;-67.2;7.08;0.55;Negativno;Ne
3458;1.7;-70.7;5.39;0.7;Negativno;Ne
3459;0.4;-56.8;9.84;0.05;Negativno;Ne
3460;3.5;-47.2;8.08;0.54;Negativno;Ne
3461;1.9;-39.7;9.29;0.21;Negativno;Ne
3462;1.6;-43.3;8.95;0.77;Negativno;Ne
3463;1.0;-50.8;8.96;0.95;Negativno;Ne
3464;1.7;-58.5;7.09;0.27;Negativno;Ne
3465;0.2;-56.6;10.24;0.12;Negativno;Ne
3466;7.6;-65.7;5.94;0.35;Negativno;Ne
3467;0.2;-62.1;8.0;0.65;Negativno;Ne
3468;5.9;-52.4;4.2;0.87;Negativno;Ne
3469;4.8;-49.0;3.0;0.33;Negativno;Ne
3470;5.6;-69.5;7.98;0.39;Negativno;Ne
3471;9.3;-54.5;8.91;0.38;Negativno;Ne
3472;4.7;-57.2;7.3;0.47;Negativno;Ne
3473;1.0;-65.7;4.17;0.14;Negativno;Ne
3474;10.1;-47.3;7.62;0.01;Negativno;Ne
3475;1.3;-59.5;7.22;2.31;Negativno;Ne
3476;17.3;-63.5;8.18;0.03;Negativno;Ne
3477;7.4;-58.8;5.59;0.13;Negativno;Ne
3478;6.1;-62.2;5.65;0.01;Negativno;Ne
3479;3.1;-63.6;7.97;0.38;Negativno;Ne
3480;4.2;-61.0;10.57;0.18;Negativno;Ne
3481;2.3;-50.3;9.18;0.74;Negativno;Ne
3482;5.5;-80.7;9.72;0.32;Negativno;Ne
3483;3.1;-58.9;9.38;0.11;Negativno;Ne
3484;5.2;-72.5;8.91;0.02;Negativno;Ne
3485;12.5;-78.9;3.26;0.81;Negativno;Ne
3486;0.2;-50.9;8.43;1.71;Negativno;Ne
3487;2.9;-70.7;7.3;0.74;Negativno;Ne
3488;16.0;-60.5;7.64;0.1;Negativno;Ne
3489;0.5;-70.4;5.53;0.1;Negativno;Ne
3490;4.3;-59.5;9.68;0.03;Negativno;Ne
3491;8.5;-60.9;6.96;1.68;Negativno;Ne
3492;10.8;-53.2;8.04;1.23;Negativno;Ne
3493;1.7;-65.3;6.55;0.58;Negativno;Ne
3494;3.9;-70.4;8.33;0.25;Negativno;Ne
3495;22.3;-54.8;7.32;0.72;Negativno;Ne
3496;1.9;-59.0;8.14;0.37;Negativno;Ne
3497;3.1;-45.9;4.66;0.83;Negativno;Ne
3498;5.9;-54.4;7.0;0.36;Negativno;Ne
3499;0.2;-62.5;7.02;0.86;Negativno;Ne
3500;2.9;-67.3;6.46;0.65;Negativno;Ne
3501;0.7;-57.6;9.24;0.2;Negativno;Ne
3502;5.5;-63.5;7.42;0.35;Negativno;Ne
3503;2.1;-58.4;9.14;1.55;Negativno;Ne
3504;0.9;-68.6;2.0;0.88;Negativno;Ne
3505;2.6;-67.7;7.67;0.31;Negativno;Ne
3506;8.0;-50.4;8.03;1.26;Negativno;Ne
3507;1.3;-52.4;3.88;0.87;Negativno;Ne
3508;3.0;-48.7;9.76;0.17;Negativno;Ne
3509;7.7;-57.6;5.35;0.22;Negativno;Ne
3510;2.2;-86.5;4.68;0.44;Negativno;Ne
3511;4.4;-65.9;4.1;0.16;Negativno;Ne
3512;0.6;-57.6;5.66;1.11;Negativno;Ne
3513;2.3;-53.9;6.97;0.13;Negativno;Ne
3514;4.4;-42.1;5.11;1.87;Negativno;Ne
3515;2.6;-58.6;6.42;0.24;Negativno;Ne
3516;7.5;-53.9;5.23;0.35;Negativno;Ne
3517;0.9;-75.0;6.41;0.77;Negativno;Ne
3518;4.4;-51.8;9.22;0.85;Negativno;Ne
3519;6.4;-50.9;2.8;0.4;Negativno;Ne
3520;1.0;-55.2;6.05;0.06;Negativno;Ne
3521;4.0;-60.8;10.4;0.84;Negativno;Ne
3522;5.8;-70.9;4.06;0.68;Negativno;Ne
3523;3.9;-48.5;2.5;0.02;Negativno;Ne
3524;1.6;-65.6;7.06;0.06;Negativno;Ne
3525;5.5;-48.0;6.61;2.94;Negativno;Ne
3526;6.4;-65.6;8.06;0.8;Negativno;Ne
3527;4.8;-38.1;8.75;0.73;Negativno;Ne
3528;3.0;-55.9;7.11;0.0;Negativno;Ne
3529;5.2;-82.0;2.56;0.5;Negativno;Ne
3530;7.5;-45.4;8.96;0.81;Negativno;Ne
3531;12.8;-49.7;8.04;0.11;Negativno;Ne
3532;2.0;-40.3;4.53;0.43;Negativno;Ne
3533;2.8;-56.6;11.41;1.84;Negativno;Ne
3534;2.6;-62.9;5.29;0.43;Negativno;Ne
3535;2.0;-55.5;8.97;0.06;Negativno;Ne
3536;0.7;-55.2;7.53;0.6;Negativno;Ne
3537;2.9;-51.3;4.0;0.12;Negativno;Ne
3538;1.6;-68.8;6.46;0.62;Negativno;Ne
3539;13.6;-51.7;7.08;0.67;Negativno;Ne
3540;12.5;-60.3;7.85;0.1;Negativno;Ne
3541;6.4;-53.2;1.27;0.25;Negativno;Ne
3542;1.3;-52.6;10.11;0.66;Negativno;Ne
3543;10.9;-68.2;3.73;0.22;Negativno;Ne
3544;0.8;-71.9;3.08;2.42;Negativno;Ne
3545;8.7;-62.3;7.62;0.17;Negativno;Ne
3546;5.1;-73.8;7.89;0.2;Negativno;Ne
3547;0.0;-44.5;8.7;0.2;Negativno;Ne
3548;0.1;-50.4;9.61;1.36;Negativno;Ne
3549;11.0;-54.5;6.46;0.66;Negativno;Ne
3550;0.2;-56.1;5.4;0.23;Negativno;Ne
3551;0.2;-62.5;6.07;0.06;Negativno;Ne
3552;3.2;-39.7;4.4;0.25;Negativno;Ne
3553;1.4;-53.4;8.1;0.2;Negativno;Ne
3554;2.9;-54.5;5.56;0.55;Negativno;Ne
3555;2.6;-64.8;6.83;1.01;Negativno;Ne
3556;3.9;-57.8;7.76;1.32;Negativno;Ne
3557;3.7;-57.4;7.58;0.96;Negativno;Ne
3558;1.2;-86.7;8.79;0.3;Negativno;Ne
3559;1.3;-70.5;5.35;0.37;Negativno;Ne
3560;4.5;-66.5;7.06;0.4;Negativno;Ne
3561;0.5;-45.7;10.42;0.94;Negativno;Ne
3562;5.1;-81.3;6.97;0.11;Negativno;Ne
3563;0.4;-63.9;7.05;0.99;Negativno;Ne
3564;5.3;-61.2;5.2;0.17;Negativno;Ne
3565;0.1;-60.1;7.34;0.13;Negativno;Ne
3566;5.0;-56.1;7.11;0.33;Negativno;Ne
3567;3.9;-49.7;3.8;0.17;Negativno;Ne
3568;1.8;-56.0;7.36;0.14;Negativno;Ne
3569;4.8;-55.1;9.27;0.02;Pozitivno;Ne
3570;3.2;-60.3;5.51;0.84;Negativno;Ne
3571;2.0;-47.9;9.16;1.3;Negativno;Ne
3572;14.8;-55.0;9.02;0.57;Negativno;Ne
3573;1.0;-55.6;5.96;0.07;Negativno;Ne
3574;2.5;-65.3;9.04;1.08;Negativno;Ne
3575;2.8;-67.2;9.34;0.43;Negativno;Ne
3576;8.2;-62.1;7.95;1.64;Negativno;Ne
3577;2.7;-73.3;5.71;0.14;Negativno;Ne
3578;10.9;-88.7;8.18;0.39;Negativno;Ne
3579;5.3;-69.2;4.68;0.1;Negativno;Ne
3580;0.7;-62.3;4.92;0.19;Negativno;Ne
3581;1.5;-69.7;5.34;0.03;Negativno;Ne
3582;8.8;-66.5;7.15;0.2;Negativno;Ne
3583;3.9;-63.1;8.17;1.57;Negativno;Ne
3584;8.9;-64.3;5.21;0.35;Negativno;Ne
3585;4.7;-44.4;3.55;0.34;Negativno;Ne
3586;12.5;-61.6;6.16;0.34;Negativno;Ne
3587;6.8;-60.1;5.7;0.48;Negativno;Ne
3588;11.9;-70.2;7.58;0.11;Negativno;Ne
3589;2.4;-66.9;9.43;0.99;Negativno;Ne
3590;10.0;-58.0;6.28;1.0;Negativno;Ne
3591;12.2;-75.4;7.1;0.3;Negativno;Ne
3592;8.5;-36.0;6.26;0.7;Negativno;Ne
3593;7.1;-59.2;6.15;1.37;Negativno;Ne
3594;9.2;-63.6;9.05;0.66;Negativno;Ne
3595;5.9;-62.2;5.42;0.34;Negativno;Ne
3596;0.3;-70.0;8.58;0.59;Negativno;Ne
3597;18.4;-69.1;8.88;1.69;Negativno;Ne
3598;8.3;-81.3;3.83;0.97;Negativno;Ne
3599;6.4;-51.5;8.26;0.26;Negativno;Ne
3600;5.7;-78.1;6.71;0.35;Pozitivno;Ne
3601;7.8;-49.4;5.59;0.14;Negativno;Ne
3602;2.1;-66.1;1.72;0.33;Negativno;Ne
3603;7.8;-69.6;8.0;0.72;Negativno;Ne
3604;2.1;-69.9;6.85;0.31;Negativno;Ne
3605;3.7;-70.7;7.16;0.57;Negativno;Ne
3606;0.4;-69.6;8.27;0.38;Negativno;Ne
3607;0.4;-56.4;8.87;0.8;Negativno;Ne
3608;3.1;-73.3;4.21;0.59;Negativno;Ne
3609;4.5;-51.0;7.5;1.3;Negativno;Ne
3610;0.9;-39.4;3.18;0.27;Negativno;Ne
3611;6.5;-80.5;10.69;0.53;Negativno;Ne
3612;1.4;-49.2;3.56;0.44;Negativno;Ne
3613;8.0;-63.8;7.66;0.42;Negativno;Ne
3614;1.7;-58.8;5.15;0.87;Negativno;Ne
3615;8.8;-50.0;8.02;0.01;Negativno;Ne
3616;0.2;-47.8;5.11;0.33;Negativno;Ne
3617;1.7;-58.8;5.14;0.22;Negativno;Ne
3618;0.4;-72.7;3.72;0.55;Pozitivno;Ne
3619;1.9;-63.0;7.97;0.09;Negativno;Ne
3620;0.9;-67.9;9.62;0.41;Negativno;Ne
3621;26.0;-57.2;7.3;0.01;Negativno;Ne
3622;4.2;-58.5;6.32;0.02;Negativno;Ne
3623;6.7;-58.9;7.86;0.73;Negativno;Ne
3624;1.3;-82.3;8.44;0.06;Negativno;Ne
3625;0.1;-49.8;5.15;4.16;Negativno;Ne
3626;2.2;-69.7;4.99;0.04;Negativno;Ne
3627;0.9;-78.6;3.87;1.51;Negativno;Ne
3628;1.2;-70.0;6.64;0.67;Negativno;Ne
3629;2.5;-51.3;6.23;0.14;Negativno;Ne
3630;7.2;-68.4;5.77;0.3;Negativno;Ne
3631;0.7;-60.4;7.13;0.51;Negativno;Ne
3632;8.0;-56.9;10.45;0.2;Negativno;Ne
3633;0.6;-52.3;11.28;0.12;Negativno;Ne
3634;8.4;-53.1;5.34;2.78;Negativno;Ne
3635;0.7;-61.5;8.52;0.81;Negativno;Ne
3636;0.9;-56.9;7.83;0.49;Negativno;Ne
3637;3.9;-93.4;6.1;0.08;Negativno;Ne
3638;1.5;-59.3;6.11;0.02;Negativno;Ne
3639;3.6;-80.4;5.61;0.65;Negativno;Ne
3640;0.2;-50.7;8.9;0.41;Negativno;Ne
3641;8.8;-45.2;4.92;0.04;Negativno;Ne
3642;0.6;-70.4;7.87;0.01;Negativno;Ne
3643;28.6;-55.8;4.67;1.48;Negativno;Ne
3644;13.2;-66.8;6.27;0.36;Negativno;Ne
3645;5.3;-49.4;8.09;0.85;Negativno;Ne
3646;11.5;-61.2;0.63;0.03;Negativno;Ne
3647;0.2;-48.5;6.74;1.01;Negativno;Ne
3648;2.2;-60.3;3.78;0.3;Negativno;Ne
3649;2.6;-49.1;3.83;0.03;Negativno;Ne
3650;1.0;-67.1;3.95;0.39;Negativno;Ne
3651;1.4;-62.0;3.23;0.01;Negativno;Ne
3652;0.8;-44.6;6.53;0.14;Negativno;Ne
3653;1.2;-60.2;8.77;0.24;Negativno;Ne
3654;7.5;-61.5;7.43;0.07;Negativno;Ne
3655;3.1;-63.2;6.86;0.53;Negativno;Ne
3656;0.8;-71.6;10.61;0.36;Negativno;Ne
3657;4.8;-59.8;5.84;0.02;Negativno;Ne
3658;0.9;-68.7;3.33;0.81;Negativno;Ne
3659;7.6;-67.1;5.14;0.05;Negativno;Ne
3660;4.3;-46.2;3.88;0.03;Negativno;Ne
3661;0.2;-70.8;4.96;0.21;Negativno;Ne
3662;1.6;-55.7;10.36;0.1;Negativno;Ne
3663;12.6;-51.2;6.83;0.33;Negativno;Ne
3664;9.8;-56.7;6.88;0.09;Negativno;Ne
3665;5.3;-43.4;5.55;1.91;Negativno;Ne
3666;7.1;-59.6;5.08;0.47;Negativno;Ne
3667;0.3;-63.0;6.48;0.08;Negativno;Ne
3668;1.5;-57.7;5.21;0.31;Negativno;Ne
3669;7.2;-70.2;7.96;0.88;Negativno;Ne
3670;7.1;-58.2;6.95;0.17;Negativno;Ne
3671;1.7;-52.4;6.79;0.17;Negativno;Ne
3672;3.7;-40.1;11.68;0.42;Negativno;Ne
3673;5.9;-65.4;10.36;1.09;Negativno;Ne
3674;8.7;-81.8;8.53;0.22;Negativno;Ne
3675;15.9;-51.5;4.98;0.15;Negativno;Ne
3676;4.2;-74.1;5.28;0.05;Negativno;Ne
3677;3.9;-61.2;5.54;0.21;Negativno;Ne
3678;0.5;-39.5;5.43;0.01;Negativno;Ne
3679;15.9;-55.4;5.72;0.1;Negativno;Ne
3680;1.3;-46.4;5.57;0.59;Negativno;Ne
3681;1.6;-80.5;4.11;0.26;Negativno;Ne
3682;8.7;-61.0;9.39;1.54;Negativno;Ne
3683;2.4;-53.9;5.81;1.31;Negativno;Ne
3684;12.5;-71.6;6.02;0.27;Negativno;Ne
3685;0.3;-79.6;5.51;0.65;Negativno;Ne
3686;7.9;-37.8;11.11;0.31;Negativno;Ne
3687;0.2;-61.6;6.44;0.17;Negativno;Ne
3688;13.9;-62.2;8.59;0.31;Negativno;Ne
3689;1.4;-52.3;6.79;0.1;Negativno;Ne
3690;5.5;-53.1;6.08;0.08;Negativno;Ne
3691;11.8;-75.9;5.54;0.43;Negativno;Ne
3692;8.1;-42.7;10.59;1.22;Negativno;Ne
3693;8.1;-47.7;5.66;0.27;Negativno;Ne
3694;6.2;-50.1;7.19;0.26;Negativno;Ne
3695;4.0;-49.1;5.15;1.06;Negativno;Ne
3696;1.5;-61.2;5.24;1.26;Negativno;Ne
3697;0.4;-53.4;9.25;0.01;Negativno;Ne
3698;5.3;-77.2;9.69;0.18;Negativno;Ne
3699;2.9;-45.7;8.95;0.17;Negativno;Ne
3700;11.7;-76.3;6.7;0.76;Negativno;Ne
3701;11.5;-54.1;7.15;0.3;Negativno;Ne
3702;0.3;-58.4;11.84;0.29;Negativno;Ne
3703;2.2;-61.8;7.55;0.13;Negativno;Ne
3704;12.0;-68.9;6.86;0.06;Negativno;Ne
3705;9.9;-62.0;9.19;0.49;Negativno;Ne
3706;0.7;-68.9;9.48;0.16;Negativno;Ne
3707;4.9;-64.9;10.53;0.84;Negativno;Ne
3708;0.2;-55.5;5.87;0.87;Negativno;Ne
3709;1.7;-58.4;9.69;0.15;Negativno;Ne
3710;0.8;-48.4;3.82;0.59;Negativno;Ne
3711;1.8;-59.4;7.95;0.29;Negativno;Ne
3712;3.4;-57.3;11.4;0.33;Negativno;Ne
3713;15.1;-65.1;3.87;0.74;Negativno;Ne
3714;10.9;-57.7;6.09;1.86;Negativno;Ne
3715;0.2;-66.9;4.1;0.24;Negativno;Ne
3716;7.9;-78.8;3.79;1.01;Negativno;Ne
3717;6.9;-47.7;10.66;0.0;Negativno;Ne
3718;18.3;-32.4;6.47;0.55;Negativno;Ne
3719;9.6;-57.2;7.38;0.54;Negativno;Ne
3720;2.1;-63.5;11.3;1.96;Negativno;Ne
3721;6.4;-44.2;5.71;0.27;Negativno;Ne
3722;12.3;-68.2;9.9;0.62;Negativno;Ne
3723;14.2;-40.9;8.42;1.2;Negativno;Ne
3724;5.5;-63.9;2.89;0.19;Negativno;Ne
3725;2.3;-52.9;10.49;0.36;Negativno;Ne
3726;4.0;-63.6;5.7;0.15;Negativno;Ne
3727;2.6;-51.9;9.78;0.12;Negativno;Ne
3728;0.9;-62.9;6.27;0.03;Negativno;Ne
3729;2.6;-57.1;6.0;0.19;Negativno;Ne
3730;2.3;-65.3;7.35;0.28;Negativno;Ne
3731;4.7;-63.5;10.41;1.11;Negativno;Ne
3732;1.4;-60.3;5.38;0.59;Negativno;Ne
3733;7.3;-54.2;5.6;0.02;Negativno;Ne
3734;1.9;-69.0;9.64;0.01;Negativno;Ne
3735;1.9;-67.0;9.5;0.15;Negativno;Ne
3736;2.8;-48.4;8.0;0.38;Negativno;Ne
3737;8.0;-66.2;7.94;0.87;Negativno;Ne
3738;0.7;-64.0;10.25;0.18;Negativno;Ne
3739;8.2;-66.7;8.52;0.02;Negativno;Ne
3740;6.2;-55.4;8.24;0.43;Negativno;Ne
3741;0.9;-56.5;12.42;0.23;Negativno;Ne
3742;4.9;-54.3;7.84;0.34;Negativno;Ne
3743;3.0;-72.6;9.02;0.49;Negativno;Ne
3744;0.5;-45.8;6.22;0.23;Negativno;Ne
3745;0.1;-60.7;9.09;0.39;Negativno;Ne
3746;1.7;-52.1;5.57;0.17;Negativno;Ne
3747;3.6;-68.4;5.57;2.07;Negativno;Ne
3748;1.9;-66.6;8.22;0.05;Negativno;Ne
3749;0.7;-83.0;6.88;0.17;Negativno;Ne
3750;4.4;-73.6;7.68;0.53;Negativno;Ne
3751;11.0;-62.4;8.27;0.06;Negativno;Ne
3752;12.5;-51.2;8.89;0.18;Negativno;Ne
3753;3.5;-59.7;6.15;1.45;Negativno;Ne
3754;0.6;-50.9;0.0;0.56;Negativno;Ne
3755;0.4;-72.6;7.45;0.01;Negativno;Ne
3756;7.2;-71.6;5.96;0.11;Negativno;Ne
3757;13.5;-77.6;5.09;0.28;Negativno;Ne
3758;15.6;-67.1;6.75;0.07;Negativno;Ne
3759;3.5;-45.2;7.86;0.19;Negativno;Ne
3760;0.9;-43.1;6.18;0.11;Negativno;Ne
3761;6.1;-57.5;3.4;1.23;Negativno;Ne
3762;9.4;-55.1;7.1;0.6;Negativno;Ne
3763;3.0;-75.6;7.08;0.59;Negativno;Ne
3764;0.6;-56.6;4.37;0.16;Negativno;Ne
3765;8.3;-65.4;7.95;0.08;Negativno;Ne
3766;7.0;-49.8;7.45;0.08;Negativno;Ne
3767;5.4;-68.5;3.62;0.15;Negativno;Ne
3768;2.4;-58.3;4.32;0.68;Negativno;Ne
3769;4.8;-55.0;6.66;0.13;Negativno;Ne
3770;4.9;-57.1;8.52;0.97;Negativno;Ne
3771;4.5;-53.6;3.4;0.01;Negativno;Ne
3772;7.0;-53.0;5.43;0.36;Negativno;Ne
3773;6.3;-76.7;9.37;0.02;Negativno;Ne
3774;0.2;-66.2;5.75;0.61;Negativno;Ne
3775;8.2;-62.1;8.84;0.1;Negativno;Ne
3776;14.7;-62.2;8.63;0.15;Negativno;Ne
3777;3.0;-38.4;6.23;0.08;Negativno;Ne
3778;2.1;-84.2;7.39;0.78;Negativno;Ne
3779;1.6;-69.7;7.29;0.56;Negativno;Ne
3780;4.2;-61.5;6.63;0.31;Negativno;Ne
3781;0.6;-64.7;7.54;0.14;Negativno;Ne
3782;3.6;-45.0;11.09;0.07;Negativno;Ne
3783;2.7;-66.4;4.05;1.94;Pozitivno;Ne
3784;1.5;-61.0;8.65;0.11;Negativno;Ne
3785;3.6;-58.7;8.39;0.61;Negativno;Ne
3786;6.6;-61.8;6.92;1.91;Negativno;Ne
3787;3.5;-60.5;8.05;0.03;Negativno;Ne
3788;2.6;-60.0;7.8;0.08;Negativno;Ne
3789;2.7;-50.0;11.99;0.94;Negativno;Ne
3790;19.3;-59.2;3.95;0.02;Negativno;Ne
3791;11.6;-80.3;4.24;0.19;Negativno;Ne
3792;0.7;-55.4;8.76;0.87;Negativno;Ne
3793;0.4;-56.4;6.38;0.2;Negativno;Ne
3794;3.0;-62.0;5.89;0.71;Negativno;Ne
3795;17.3;-55.6;9.7;0.05;Negativno;Ne
3796;2.8;-60.8;4.55;1.82;Negativno;Ne
3797;0.6;-65.7;7.57;0.86;Negativno;Ne
3798;27.5;-61.4;4.23;0.24;Negativno;Ne
3799;2.9;-51.8;9.44;0.73;Negativno;Ne
3800;1.2;-65.4;6.87;0.73;Negativno;Ne
3801;4.1;-79.4;6.84;0.68;Negativno;Ne
3802;2.4;-65.0;6.87;1.47;Negativno;Ne
3803;0.0;-59.0;3.93;3.62;Negativno;Ne
3804;0.9;-60.8;5.14;1.57;Negativno;Ne
3805;0.2;-62.6;6.01;0.39;Negativno;Ne
3806;7.2;-55.2;8.23;0.34;Negativno;Ne
3807;5.3;-60.3;6.62;0.39;Negativno;Ne
3808;6.6;-52.4;4.94;2.16;Negativno;Ne
3809;0.7;-53.3;8.37;0.23;Negativno;Ne
3810;9.1;-48.5;8.7;0.69;Negativno;Ne
3811;2.1;-63.3;11.15;0.85;Negativno;Ne
3812;5.1;-57.3;6.63;0.01;Negativno;Ne
3813;5.9;-63.0;5.27;0.1;Negativno;Ne
3814;1.8;-75.5;4.97;0.17;Negativno;Ne
3815;0.9;-53.8;7.11;0.46;Negativno;Ne
3816;0.2;-50.3;7.3;1.17;Negativno;Ne
3817;13.4;-70.8;7.91;0.32;Negativno;Ne
3818;2.9;-53.7;7.62;0.4;Negativno;Ne
3819;0.0;-69.4;4.83;0.16;Negativno;Ne
3820;3.4;-63.8;2.61;0.71;Negativno;Ne
3821;8.4;-57.3;8.26;0.44;Negativno;Ne
3822;6.7;-63.6;4.7;0.57;Negativno;Ne
3823;1.8;-60.7;6.13;0.46;Negativno;Ne
3824;1.1;-73.1;7.26;0.04;Negativno;Ne
3825;1.1;-49.9;3.65;0.89;Negativno;Ne
3826;5.9;-45.0;10.18;0.08;Negativno;Ne
3827;3.9;-45.8;8.06;0.97;Negativno;Ne
3828;2.0;-63.4;4.0;0.22;Negativno;Ne
3829;3.5;-47.4;9.95;1.09;Negativno;Ne
3830;0.6;-61.1;9.48;0.09;Negativno;Ne
3831;3.0;-58.2;6.3;1.8;Negativno;Ne
3832;1.2;-61.5;9.09;0.55;Negativno;Ne
3833;2.8;-60.7;5.93;0.08;Pozitivno;Ne
3834;1.0;-58.3;6.56;0.58;Negativno;Ne
3835;4.9;-49.4;10.42;0.38;Negativno;Ne
3836;7.0;-47.3;10.17;0.11;Negativno;Ne
3837;3.3;-59.1;6.47;0.78;Negativno;Ne
3838;4.9;-70.0;4.2;0.23;Negativno;Ne
3839;1.3;-60.5;5.62;1.65;Negativno;Ne
3840;2.0;-77.9;8.25;0.13;Negativno;Ne
3841;1.4;-80.9;4.93;0.37;Negativno;Ne
3842;7.9;-43.8;8.17;0.12;Negativno;Ne
3843;7.1;-52.5;8.13;0.13;Negativno;Ne
3844;13.2;-71.0;9.32;0.45;Negativno;Ne
3845;17.9;-64.8;9.68;0.15;Negativno;Ne
3846;6.8;-61.9;5.96;0.46;Negativno;Ne
3847;1.4;-80.3;9.21;0.17;Negativno;Ne
3848;5.3;-66.6;10.85;0.98;Negativno;Ne
3849;8.3;-62.8;6.3;0.39;Negativno;Ne
3850;2.7;-37.9;6.81;0.9;Negativno;Ne
3851;0.3;-60.9;10.27;1.36;Negativno;Ne
3852;3.0;-57.0;7.75;0.7;Negativno;Ne
3853;1.3;-46.9;10.07;0.65;Negativno;Ne
3854;5.7;-47.5;4.5;0.08;Negativno;Ne
3855;1.2;-72.3;5.34;0.0;Negativno;Ne
3856;12.4;-66.6;5.16;0.87;Negativno;Ne
3857;10.1;-46.7;3.2;0.14;Negativno;Ne
3858;2.8;-57.5;11.05;0.13;Negativno;Ne
3859;15.6;-50.6;5.86;0.0;Negativno;Ne
3860;1.8;-57.1;8.49;0.27;Negativno;Ne
3861;5.4;-62.5;7.74;1.24;Negativno;Ne
3862;0.3;-74.4;9.0;0.27;Negativno;Ne
3863;0.9;-58.1;5.67;0.87;Negativno;Ne
3864;1.4;-49.4;9.21;0.04;Negativno;Ne
3865;1.4;-61.5;8.64;0.23;Negativno;Ne
3866;0.1;-52.6;3.74;0.51;Negativno;Ne
3867;0.8;-59.1;6.6;1.19;Negativno;Ne
3868;7.7;-64.5;6.92;0.09;Negativno;Ne
3869;2.9;-45.6;4.38;0.62;Negativno;Ne
3870;6.2;-83.6;7.29;0.67;Negativno;Ne
3871;0.3;-69.1;7.61;2.65;Negativno;Ne
3872;0.5;-64.4;7.99;1.02;Negativno;Ne
3873;7.9;-59.8;8.72;0.01;Negativno;Ne
3874;3.1;-64.3;6.41;0.24;Negativno;Ne
3875;0.8;-72.0;7.7;0.72;Negativno;Ne
3876;0.7;-50.5;7.46;0.5;Negativno;Ne
3877;3.1;-54.1;6.46;0.25;Negativno;Ne
3878;4.3;-58.1;6.7;0.28;Negativno;Ne
3879;3.2;-58.2;5.0;0.04;Negativno;Ne
3880;5.1;-57.9;7.18;0.76;Negativno;Ne
3881;2.1;-44.3;9.74;0.04;Negativno;Ne
3882;0.9;-64.8;4.33;0.26;Negativno;Ne
3883;1.1;-51.0;5.01;1.02;Negativno;Ne
3884;6.8;-88.0;11.0;0.25;Negativno;Ne
3885;1.5;-46.4;10.38;0.39;Negativno;Ne
3886;1.6;-55.2;5.59;0.39;Negativno;Ne
3887;1.5;-46.6;8.47;0.12;Negativno;Ne
3888;6.5;-44.2;9.85;0.18;Negativno;Ne
3889;3.5;-60.6;7.55;1.32;Negativno;Ne
3890;5.2;-66.8;5.21;0.17;Negativno;Ne
3891;0.2;-70.2;6.18;0.16;Negativno;Ne
3892;2.4;-64.4;10.19;1.37;Negativno;Ne
3893;4.4;-54.5;8.67;0.26;Negativno;Ne
3894;4.5;-79.9;8.95;0.79;Negativno;Ne
3895;15.3;-63.6;9.08;1.0;Negativno;Ne
3896;13.4;-30.2;8.33;0.44;Negativno;Ne
3897;2.9;-30.4;9.39;0.44;Negativno;Ne
3898;4.6;-70.1;6.09;0.47;Negativno;Ne
3899;5.0;-69.4;7.19;0.83;Negativno;Ne
3900;3.4;-65.2;9.0;0.37;Negativno;Ne
3901;8.2;-62.1;10.97;0.13;Negativno;Ne
3902;3.8;-52.6;7.9;1.1;Negativno;Ne
3903;1.1;-68.8;6.4;0.17;Negativno;Ne
3904;0.6;-65.2;7.6;0.06;Negativno;Ne
3905;9.0;-44.0;12.32;0.09;Negativno;Ne
3906;3.5;-66.5;7.57;3.79;Negativno;Ne
3907;5.8;-66.3;6.75;0.53;Negativno;Ne
3908;2.2;-59.5;10.99;0.0;Negativno;Ne
3909;2.0;-64.7;6.19;0.96;Negativno;Ne
3910;2.0;-52.1;6.87;0.67;Negativno;Ne
3911;6.2;-60.7;6.49;0.52;Negativno;Ne
3912;3.7;-54.6;6.23;0.11;Negativno;Ne
3913;0.7;-57.6;7.6;0.84;Negativno;Ne
3914;1.2;-48.7;6.19;0.04;Negativno;Ne
3915;0.8;-63.5;8.75;0.81;Negativno;Ne
3916;0.6;-52.3;7.65;0.15;Negativno;Ne
3917;0.5;-51.4;6.68;0.08;Negativno;Ne
3918;6.3;-58.6;8.37;0.09;Negativno;Ne
3919;2.2;-37.1;7.34;0.45;Negativno;Ne
3920;3.3;-72.9;5.55;0.26;Negativno;Ne
3921;2.1;-62.6;7.1;0.28;Negativno;Ne
3922;0.9;-59.0;6.03;0.1;Negativno;Ne
3923;5.5;-65.5;7.42;0.86;Negativno;Ne
3924;3.3;-65.8;8.28;0.04;Negativno;Ne
3925;0.3;-67.3;7.91;0.02;Negativno;Ne
3926;1.5;-61.1;7.04;0.02;Negativno;Ne
3927;2.5;-66.6;7.26;0.25;Negativno;Ne
3928;3.4;-38.9;7.42;1.12;Negativno;Ne
3929;2.3;-53.0;7.29;0.32;Negativno;Ne
3930;12.1;-84.5;7.48;0.23;Negativno;Ne
3931;4.7;-39.4;6.17;0.09;Negativno;Ne
3932;9.4;-61.1;8.35;1.77;Negativno;Ne
3933;5.0;-69.5;6.58;0.49;Negativno;Ne
3934;0.2;-60.8;8.66;0.44;Negativno;Ne
3935;4.6;-54.5;2.36;0.43;Negativno;Ne
3936;0.3;-62.0;8.95;0.2;Negativno;Ne
3937;1.3;-59.1;4.4;0.81;Negativno;Ne
3938;25.8;-57.1;5.85;0.55;Negativno;Ne
3939;7.9;-71.6;6.83;1.13;Negativno;Ne
3940;18.0;-72.1;6.47;0.22;Negativno;Ne
3941;2.4;-54.7;5.74;0.55;Negativno;Ne
3942;2.4;-53.8;5.78;0.03;Negativno;Ne
3943;2.8;-60.0;3.13;0.86;Negativno;Ne
3944;1.6;-57.6;6.97;0.53;Negativno;Ne
3945;1.7;-46.9;7.46;0.43;Negativno;Ne
3946;0.2;-44.1;5.29;0.97;Negativno;Ne
3947;6.2;-61.4;7.33;0.34;Negativno;Ne
3948;0.9;-80.2;6.13;1.35;Negativno;Ne
3949;4.2;-59.0;10.57;0.51;Negativno;Ne
3950;0.6;-58.5;5.03;0.19;Negativno;Ne
3951;2.5;-87.8;10.36;0.1;Negativno;Ne
3952;8.3;-68.3;7.3;0.12;Negativno;Ne
3953;0.4;-50.4;4.19;0.65;Negativno;Ne
3954;3.1;-57.2;8.33;0.11;Negativno;Ne
3955;20.6;-52.1;6.99;0.14;Negativno;Ne
3956;5.4;-63.1;8.78;0.65;Negativno;Ne
3957;15.5;-62.9;3.34;0.79;Negativno;Ne
3958;1.7;-63.4;7.71;0.38;Negativno;Ne
3959;2.6;-48.9;5.54;0.42;Negativno;Ne
3960;3.2;-72.9;8.15;0.02;Negativno;Ne
3961;13.0;-60.0;6.91;0.37;Negativno;Ne
3962;0.5;-68.3;3.2;0.15;Negativno;Ne
3963;0.1;-69.8;7.81;1.44;Negativno;Ne
3964;2.5;-54.5;9.17;0.52;Negativno;Ne
3965;8.7;-56.8;6.32;0.15;Negativno;Ne
3966;6.8;-48.1;7.66;0.21;Negativno;Ne
3967;2.6;-68.6;4.64;0.94;Negativno;Ne
3968;1.0;-71.4;6.8;0.22;Negativno;Ne
3969;1.3;-58.1;6.67;0.08;Negativno;Ne
3970;0.7;-80.0;5.78;0.02;Negativno;Ne
3971;2.0;-57.6;7.96;0.25;Negativno;Ne
3972;0.9;-64.9;5.81;0.04;Negativno;Ne
3973;1.6;-42.6;6.95;0.96;Negativno;Ne
3974;7.9;-53.1;6.58;0.55;Negativno;Ne
3975;2.7;-47.2;8.36;0.19;Negativno;Ne
3976;2.7;-52.7;6.88;0.61;Negativno;Ne
3977;1.6;-80.5;7.3;0.06;Negativno;Ne
3978;3.9;-80.2;8.79;0.33;Negativno;Ne
3979;1.9;-61.5;8.53;0.0;Negativno;Ne
3980;0.6;-49.6;8.37;0.31;Negativno;Ne
3981;1.5;-56.0;4.19;0.27;Negativno;Ne
3982;0.8;-59.1;5.35;0.25;Negativno;Ne
3983;0.2;-76.2;6.03;0.93;Negativno;Ne
3984;3.0;-59.8;10.26;0.24;Negativno;Ne
3985;0.9;-75.8;8.81;0.79;Negativno;Ne
3986;9.3;-70.0;6.74;0.01;Negativno;Ne
3987;7.6;-49.1;7.89;0.35;Negativno;Ne
3988;0.8;-53.6;4.3;0.18;Negativno;Ne
3989;0.4;-74.7;4.93;0.21;Negativno;Ne
3990;8.1;-69.6;7.71;0.04;Negativno;Ne
3991;0.7;-80.7;10.5;1.29;Negativno;Ne
3992;1.8;-56.9;4.45;0.41;Negativno;Ne
3993;2.6;-54.4;6.93;0.41;Negativno;Ne
3994;0.7;-62.0;4.3;0.43;Negativno;Ne
3995;0.0;-57.6;4.6;1.09;Negativno;Ne
3996;3.1;-49.8;3.81;0.49;Negativno;Ne
3997;3.0;-65.4;5.69;0.09;Negativno;Ne
3998;4.0;-52.5;6.92;0.33;Negativno;Ne
3999;3.3;-53.6;10.45;0.22;Negativno;Ne
4000;1.8;-70.2;5.79;0.1;Negativno;Ne
4001;2.4;-38.5;6.67;0.17;Negativno;Ne
4002;8.2;-56.5;6.91;2.38;Negativno;Ne
4003;7.4;-55.7;6.34;0.15;Negativno;Ne
4004;1.0;-83.4;7.78;0.5;Negativno;Ne
4005;7.9;-81.8;8.45;0.4;Negativno;Ne
4006;1.7;-57.3;9.32;0.02;Negativno;Ne
4007;2.6;-57.7;8.56;0.05;Negativno;Ne
4008;0.7;-52.4;8.65;0.19;Negativno;Ne
4009;1.6;-58.5;8.55;0.3;Negativno;Ne
4010;0.3;-61.3;8.32;0.0;Negativno;Ne
4011;14.3;-51.8;12.19;0.59;Negativno;Ne
4012;1.3;-64.6;4.88;0.5;Negativno;Ne
4013;5.9;-64.6;7.11;0.23;Negativno;Ne
4014;3.7;-63.9;5.98;0.29;Negativno;Ne
4015;2.9;-50.4;6.22;0.13;Negativno;Ne
4016;1.6;-68.1;10.71;0.26;Negativno;Ne
4017;4.1;-48.2;7.31;0.2;Negativno;Ne
4018;2.5;-43.7;6.92;0.8;Negativno;Ne
4019;2.2;-59.7;7.11;0.0;Negativno;Ne
4020;7.0;-58.1;8.4;0.74;Negativno;Ne
4021;9.8;-60.2;5.98;0.61;Negativno;Ne
4022;2.1;-71.1;8.82;0.59;Negativno;Ne
4023;1.3;-60.9;5.62;0.82;Negativno;Ne
4024;2.1;-67.3;7.39;0.32;Negativno;Ne
4025;8.2;-53.6;4.84;0.08;Negativno;Ne
4026;1.0;-67.6;12.87;0.04;Negativno;Ne
4027;3.0;-56.4;8.77;0.07;Negativno;Ne
4028;7.6;-77.1;11.65;0.26;Negativno;Ne
4029;8.3;-49.0;8.67;0.56;Negativno;Ne
4030;6.1;-66.3;4.51;0.03;Negativno;Ne
4031;1.3;-56.4;8.11;0.95;Negativno;Ne
4032;6.9;-71.7;7.24;0.02;Negativno;Ne
4033;4.7;-72.2;7.59;0.14;Negativno;Ne
4034;5.5;-65.4;10.66;0.24;Negativno;Ne
4035;1.1;-72.0;8.06;0.15;Negativno;Ne
4036;4.3;-68.4;9.39;0.14;Negativno;Ne
4037;12.7;-76.7;10.26;0.23;Negativno;Ne
4038;2.5;-60.8;9.02;0.49;Negativno;Ne
4039;3.0;-57.3;5.89;0.63;Negativno;Ne
4040;0.6;-57.6;8.25;0.92;Negativno;Ne
4041;5.7;-72.8;7.06;0.16;Negativno;Ne
4042;12.0;-55.1;7.9;0.02;Negativno;Ne
4043;3.0;-60.8;6.21;0.08;Negativno;Ne
4044;5.6;-63.1;11.45;0.01;Negativno;Ne
4045;7.7;-61.8;4.57;0.09;Pozitivno;Ne
4046;25.9;-62.6;6.99;0.21;Negativno;Ne
4047;9.3;-53.3;6.86;0.29;Negativno;Ne
4048;20.8;-67.7;6.88;0.35;Negativno;Ne
4049;0.6;-67.1;8.45;0.04;Negativno;Ne
4050;6.4;-69.1;8.53;0.09;Negativno;Ne
4051;1.5;-50.4;5.45;0.58;Negativno;Ne
4052;1.3;-51.1;7.9;0.23;Negativno;Ne
4053;4.3;-55.9;9.74;0.87;Negativno;Ne
4054;7.9;-70.4;6.71;0.43;Negativno;Ne
4055;2.5;-58.0;5.23;0.29;Negativno;Ne
4056;3.3;-54.9;5.1;0.18;Negativno;Ne
4057;3.3;-45.3;6.49;0.11;Negativno;Ne
4058;5.9;-62.7;5.23;0.97;Negativno;Ne
4059;0.2;-70.2;8.11;0.33;Negativno;Ne
4060;1.7;-65.5;6.85;0.7;Negativno;Ne
4061;2.9;-56.2;8.37;0.42;Negativno;Ne
4062;9.4;-65.0;10.1;0.5;Negativno;Ne
4063;0.1;-57.3;7.15;0.2;Negativno;Ne
4064;2.8;-91.8;10.22;1.51;Negativno;Ne
4065;5.6;-75.7;1.8;0.22;Negativno;Ne
4066;3.8;-57.5;4.92;0.02;Negativno;Ne
4067;5.9;-64.3;5.32;0.68;Negativno;Ne
4068;10.6;-44.2;7.16;0.12;Negativno;Ne
4069;1.5;-50.0;3.84;0.44;Negativno;Ne
4070;0.5;-62.4;7.48;0.19;Negativno;Ne
4071;0.3;-46.8;5.65;0.08;Negativno;Ne
4072;1.7;-57.8;9.51;0.83;Negativno;Ne
4073;0.6;-50.3;5.89;0.52;Negativno;Ne
4074;13.4;-68.7;8.79;0.12;Negativno;Ne
4075;1.2;-67.7;6.78;0.11;Negativno;Ne
4076;0.3;-71.9;7.94;0.35;Negativno;Ne
4077;9.2;-59.2;6.79;0.83;Negativno;Ne
4078;2.3;-59.2;7.98;0.17;Negativno;Ne
4079;0.5;-48.6;5.47;0.11;Negativno;Ne
4080;0.4;-48.6;10.45;0.58;Pozitivno;Ne
4081;6.4;-59.9;9.34;0.32;Negativno;Ne
4082;0.8;-39.4;4.19;0.13;Negativno;Ne
4083;4.9;-48.0;8.88;0.35;Negativno;Ne
4084;11.9;-59.4;9.7;1.49;Negativno;Ne
4085;15.5;-61.7;5.93;0.39;Negativno;Ne
4086;3.7;-75.7;8.94;0.51;Negativno;Ne
4087;0.5;-60.3;6.33;0.26;Negativno;Ne
4088;3.7;-53.3;9.62;0.26;Negativno;Ne
4089;6.9;-57.7;5.93;0.22;Pozitivno;Ne
4090;6.7;-67.2;6.31;0.06;Negativno;Ne
4091;10.2;-54.5;8.55;0.42;Negativno;Ne
4092;8.3;-47.5;8.52;0.56;Negativno;Ne
4093;0.5;-64.0;2.32;0.08;Negativno;Ne
4094;18.2;-76.4;7.83;0.25;Negativno;Ne
4095;2.4;-59.6;8.61;1.84;Negativno;Ne
4096;8.3;-47.4;7.57;0.38;Negativno;Ne
4097;0.4;-62.9;8.1;1.95;Negativno;Ne
4098;6.2;-62.9;4.12;0.38;Negativno;Ne
4099;0.2;-45.6;7.23;0.45;Negativno;Ne
4100;1.0;-48.7;7.61;0.77;Negativno;Ne
4101;0.3;-52.4;3.99;0.29;Negativno;Ne
4102;2.6;-58.6;12.04;0.43;Pozitivno;Ne
4103;6.7;-65.8;7.99;0.37;Negativno;Ne
4104;0.8;-49.2;7.63;0.28;Negativno;Ne
4105;0.8;-54.5;7.81;0.29;Negativno;Ne
4106;1.1;-79.6;8.47;3.43;Negativno;Ne
4107;0.7;-67.4;7.13;0.21;Negativno;Ne
4108;1.0;-62.6;8.47;0.14;Negativno;Ne
4109;0.5;-58.5;6.8;0.37;Negativno;Ne
4110;0.1;-82.9;9.22;0.07;Negativno;Ne
4111;1.0;-60.4;6.43;0.1;Negativno;Ne
4112;3.8;-42.7;8.35;0.07;Negativno;Ne
4113;0.4;-53.3;5.34;0.11;Negativno;Ne
4114;1.2;-46.5;3.55;0.17;Negativno;Ne
4115;0.5;-59.2;7.33;0.12;Negativno;Ne
4116;1.9;-75.3;5.16;0.72;Negativno;Ne
4117;0.0;-59.8;5.1;0.39;Negativno;Ne
4118;4.4;-61.4;4.0;0.04;Negativno;Ne
4119;3.0;-51.8;2.02;0.06;Negativno;Ne
4120;1.5;-53.1;9.84;0.23;Negativno;Ne
4121;11.6;-53.8;7.2;0.43;Negativno;Ne
4122;0.8;-61.7;8.04;0.08;Negativno;Ne
4123;0.3;-53.7;6.43;0.33;Negativno;Ne
4124;4.9;-52.4;6.06;0.96;Negativno;Ne
4125;1.6;-52.2;7.1;0.35;Negativno;Ne
4126;2.5;-51.8;10.2;0.06;Negativno;Ne
4127;5.5;-49.7;7.07;0.54;Negativno;Ne
4128;0.4;-83.5;8.19;0.42;Negativno;Ne
4129;4.1;-70.6;10.13;1.01;Negativno;Ne
4130;2.4;-55.8;7.02;0.45;Negativno;Ne
4131;3.2;-71.7;14.0;0.85;Negativno;Ne
4132;9.7;-67.7;3.81;0.02;Negativno;Ne
4133;6.8;-47.9;5.87;0.01;Negativno;Ne
4134;3.7;-71.2;7.52;0.41;Negativno;Ne
4135;5.2;-62.1;7.27;0.94;Negativno;Ne
4136;6.3;-70.2;9.59;0.34;Negativno;Ne
4137;3.4;-62.5;10.68;0.02;Negativno;Ne
4138;5.6;-60.3;5.17;0.03;Negativno;Ne
4139;0.6;-60.6;6.31;0.3;Negativno;Ne
4140;3.8;-64.7;6.88;0.81;Negativno;Ne
4141;8.9;-70.1;9.35;1.11;Negativno;Ne
4142;13.0;-63.7;7.6;0.06;Negativno;Ne
4143;3.3;-85.1;10.47;0.37;Negativno;Ne
4144;0.1;-54.3;12.67;0.16;Negativno;Ne
4145;0.2;-55.3;3.18;0.08;Negativno;Ne
4146;3.5;-60.4;6.27;0.13;Negativno;Ne
4147;0.0;-57.0;8.02;0.17;Negativno;Ne
4148;6.2;-63.4;4.23;0.01;Negativno;Ne
4149;9.9;-61.5;9.0;0.09;Negativno;Ne
4150;1.5;-62.5;2.5;1.24;Negativno;Ne
4151;1.3;-67.5;5.17;1.36;Negativno;Ne
4152;10.1;-62.3;5.61;1.14;Negativno;Ne
4153;5.7;-66.1;4.7;0.63;Negativno;Ne
4154;3.1;-57.2;8.01;0.21;Negativno;Ne
4155;15.3;-48.6;7.3;0.95;Negativno;Ne
4156;6.3;-54.9;8.11;0.92;Negativno;Ne
4157;0.6;-61.9;9.74;0.2;Negativno;Ne
4158;1.7;-54.3;8.27;0.34;Negativno;Ne
4159;1.4;-61.0;9.29;0.44;Negativno;Ne
4160;10.3;-65.0;8.24;0.21;Negativno;Ne
4161;4.9;-76.9;7.94;0.86;Negativno;Ne
4162;1.9;-71.8;6.7;0.01;Negativno;Ne
4163;21.8;-64.1;9.39;0.01;Negativno;Ne
4164;5.6;-61.5;7.84;0.43;Negativno;Ne
4165;5.5;-65.3;7.38;0.46;Negativno;Ne
4166;0.3;-52.9;7.71;0.36;Negativno;Ne
4167;9.5;-71.0;7.56;2.64;Negativno;Ne
4168;4.7;-53.0;4.13;2.63;Negativno;Ne
4169;11.9;-70.0;7.46;0.47;Negativno;Ne
4170;1.8;-59.7;8.78;0.03;Negativno;Ne
4171;4.7;-58.8;8.7;0.02;Negativno;Ne
4172;3.2;-60.9;4.34;0.08;Negativno;Ne
4173;0.5;-53.3;6.48;1.0;Negativno;Ne
4174;5.7;-56.9;5.83;0.24;Negativno;Ne
4175;4.8;-53.7;5.33;0.43;Negativno;Ne
4176;5.7;-53.4;7.92;0.12;Negativno;Ne
4177;3.0;-64.0;10.3;0.18;Negativno;Ne
4178;0.5;-37.4;5.27;0.81;Negativno;Ne
4179;2.8;-59.4;9.52;0.6;Negativno;Ne
4180;6.3;-52.0;8.07;0.21;Negativno;Ne
4181;0.5;-66.5;7.34;0.65;Negativno;Ne
4182;3.5;-54.2;5.9;0.1;Negativno;Ne
4183;3.7;-65.3;7.61;0.56;Negativno;Ne
4184;0.1;-59.8;5.35;0.23;Negativno;Ne
4185;15.6;-73.9;6.3;0.07;Negativno;Ne
4186;1.0;-69.3;3.97;0.5;Negativno;Ne
4187;5.0;-60.2;7.12;0.1;Negativno;Ne
4188;0.4;-54.3;6.49;1.56;Negativno;Ne
4189;19.9;-65.7;2.93;0.55;Negativno;Ne
4190;10.7;-53.8;7.86;0.01;Negativno;Ne
4191;5.2;-55.1;5.88;1.94;Negativno;Ne
4192;4.7;-62.6;8.09;0.86;Negativno;Ne
4193;10.8;-40.7;9.02;0.48;Negativno;Ne
4194;0.6;-73.6;8.18;0.31;Negativno;Ne
4195;13.9;-68.2;4.03;0.8;Negativno;Ne
4196;3.2;-53.6;5.64;0.81;Negativno;Ne
4197;9.3;-86.6;8.04;1.04;Negativno;Ne
4198;0.9;-58.7;9.76;0.05;Negativno;Ne
4199;9.3;-67.9;8.41;0.49;Negativno;Ne
4200;1.6;-54.9;6.04;0.18;Negativno;Ne
4201;2.6;-48.2;5.72;0.92;Negativno;Ne
4202;3.7;-65.1;6.82;0.54;Negativno;Ne
4203;2.2;-76.1;5.21;1.05;Negativno;Ne
4204;2.9;-57.8;9.59;0.15;Negativno;Ne
4205;21.0;-51.7;6.31;1.25;Negativno;Ne
4206;4.9;-36.8;7.83;0.91;Negativno;Ne
4207;8.2;-58.6;6.79;0.06;Negativno;Ne
4208;4.3;-59.0;9.08;0.42;Negativno;Ne
4209;15.1;-55.6;7.57;0.06;Negativno;Ne
4210;8.2;-66.2;3.92;0.19;Negativno;Ne
4211;4.5;-74.0;7.63;0.18;Negativno;Ne
4212;1.8;-60.0;11.43;0.22;Pozitivno;Ne
4213;9.2;-42.7;7.96;0.96;Negativno;Ne
4214;8.7;-76.6;4.08;0.08;Negativno;Ne
4215;8.2;-53.4;8.59;0.26;Negativno;Ne
4216;0.7;-77.7;8.02;0.04;Negativno;Ne
4217;7.8;-61.6;6.76;0.41;Negativno;Ne
4218;16.4;-66.3;10.03;0.05;Negativno;Ne
4219;1.3;-67.5;5.03;0.31;Negativno;Ne
4220;9.1;-46.4;6.14;1.25;Negativno;Ne
4221;0.7;-64.7;6.38;0.3;Negativno;Ne
4222;2.2;-62.9;9.0;0.1;Negativno;Ne
4223;1.5;-56.8;2.62;0.11;Negativno;Ne
4224;4.9;-73.9;7.47;0.79;Negativno;Ne
4225;4.6;-50.6;1.94;0.4;Negativno;Ne
4226;2.7;-87.9;11.52;0.22;Negativno;Ne
4227;4.6;-61.4;8.23;0.99;Negativno;Ne
4228;6.5;-57.5;5.76;0.37;Negativno;Ne
4229;7.8;-54.0;11.68;0.44;Negativno;Ne
4230;3.9;-73.5;10.68;0.02;Negativno;Ne
4231;5.4;-56.9;6.7;0.83;Negativno;Ne
4232;9.0;-55.4;8.69;0.63;Negativno;Ne
4233;3.1;-63.0;8.29;0.06;Negativno;Ne
4234;1.0;-70.3;11.23;0.61;Negativno;Ne
4235;3.1;-54.3;8.89;0.36;Negativno;Ne
4236;1.2;-65.4;7.16;0.09;Negativno;Ne
4237;0.2;-81.1;6.57;0.7;Negativno;Ne
4238;3.0;-64.2;6.45;0.28;Negativno;Ne
4239;4.7;-64.1;5.91;0.69;Negativno;Ne
4240;4.5;-69.9;2.26;0.28;Negativno;Ne
4241;1.1;-45.2;4.38;0.04;Negativno;Ne
4242;0.1;-80.6;9.64;0.24;Pozitivno;Ne
4243;1.7;-58.1;5.57;0.63;Negativno;Ne
4244;3.2;-51.0;6.22;0.19;Negativno;Ne
4245;1.8;-61.6;9.92;0.38;Negativno;Ne
4246;11.9;-78.4;6.54;0.33;Negativno;Ne
4247;12.9;-51.4;7.36;1.66;Negativno;Ne
4248;0.7;-77.4;2.24;0.52;Negativno;Ne
4249;4.0;-57.0;4.71;0.21;Negativno;Ne
4250;0.3;-50.6;10.0;0.49;Negativno;Ne
4251;7.3;-57.8;4.63;0.04;Negativno;Ne
4252;2.0;-66.9;7.19;0.04;Negativno;Ne
4253;1.1;-71.7;7.33;0.55;Negativno;Ne
4254;6.2;-57.8;6.53;0.65;Negativno;Ne
4255;7.4;-66.0;7.6;0.02;Negativno;Ne
4256;1.2;-54.8;7.18;0.13;Negativno;Ne
4257;3.8;-81.1;10.47;0.79;Negativno;Ne
4258;3.0;-63.0;8.56;0.26;Negativno;Ne
4259;2.9;-50.9;5.63;0.3;Negativno;Ne
4260;8.8;-50.9;7.63;0.11;Negativno;Ne
4261;0.3;-47.1;4.5;0.29;Negativno;Ne
4262;2.5;-75.5;3.11;0.22;Negativno;Ne
4263;3.6;-55.6;1.32;0.13;Negativno;Ne
4264;1.5;-61.3;5.56;0.34;Negativno;Ne
4265;2.8;-56.1;10.45;0.38;Negativno;Ne
4266;12.2;-51.4;7.66;1.2;Negativno;Ne
4267;7.6;-67.8;5.86;0.41;Negativno;Ne
4268;4.1;-77.0;2.77;0.74;Negativno;Ne
4269;1.2;-82.5;7.83;0.34;Negativno;Ne
4270;0.6;-64.0;6.93;0.81;Negativno;Ne
4271;1.9;-53.9;3.08;0.48;Negativno;Ne
4272;3.0;-33.9;6.88;0.25;Negativno;Ne
4273;4.5;-49.4;8.85;0.31;Negativno;Ne
4274;2.5;-63.1;7.51;0.22;Negativno;Ne
4275;1.1;-66.2;7.84;1.75;Negativno;Ne
4276;1.3;-60.6;6.67;1.08;Negativno;Ne
4277;2.7;-58.6;5.99;0.91;Negativno;Ne
4278;7.0;-65.9;5.55;0.53;Negativno;Ne
4279;0.8;-64.9;7.26;1.3;Negativno;Ne
4280;2.6;-60.9;4.19;0.55;Negativno;Ne
4281;0.7;-59.8;8.48;1.22;Negativno;Ne
4282;2.2;-53.2;5.36;0.19;Negativno;Ne
4283;3.8;-72.4;5.28;0.88;Negativno;Ne
4284;2.7;-60.5;7.28;0.62;Negativno;Ne
4285;16.9;-57.2;7.36;0.1;Negativno;Ne
4286;1.6;-60.8;7.86;0.12;Negativno;Ne
4287;3.6;-54.9;7.38;0.57;Negativno;Ne
4288;7.7;-61.6;5.86;0.28;Negativno;Ne
4289;0.4;-50.9;7.17;0.25;Negativno;Ne
4290;2.2;-66.7;6.38;0.57;Negativno;Ne
4291;5.0;-58.2;6.72;0.33;Negativno;Ne
4292;1.2;-73.9;8.4;0.32;Negativno;Ne
4293;0.7;-71.4;3.78;0.4;Negativno;Ne
4294;5.6;-53.7;8.45;0.48;Negativno;Ne
4295;2.4;-64.3;8.19;0.21;Negativno;Ne
4296;2.0;-73.4;9.62;0.59;Negativno;Ne
4297;2.4;-63.5;6.8;0.1;Negativno;Ne
4298;14.5;-47.7;9.35;0.08;Negativno;Ne
4299;0.7;-64.9;7.66;0.18;Negativno;Ne
4300;8.2;-62.4;5.51;0.82;Negativno;Ne
4301;4.3;-71.3;7.49;0.5;Negativno;Ne
4302;0.5;-64.4;8.99;0.06;Negativno;Ne
4303;2.5;-68.3;9.97;0.82;Negativno;Ne
4304;3.0;-61.1;8.76;0.18;Negativno;Ne
4305;7.7;-53.9;2.11;0.15;Negativno;Ne
4306;0.5;-54.8;4.5;0.16;Negativno;Ne
4307;1.4;-78.7;6.92;0.53;Negativno;Ne
4308;0.2;-64.9;4.14;0.0;Negativno;Ne
4309;2.9;-65.7;3.43;0.05;Negativno;Ne
4310;2.6;-51.7;8.01;0.49;Negativno;Ne
4311;3.2;-67.8;4.66;1.31;Negativno;Ne
4312;22.4;-50.4;4.49;0.68;Negativno;Ne
4313;0.4;-81.0;5.91;0.76;Negativno;Ne
4314;7.7;-75.8;6.41;0.26;Negativno;Ne
4315;9.2;-60.8;6.57;0.28;Negativno;Ne
4316;1.2;-69.8;6.47;0.01;Negativno;Ne
4317;3.0;-57.1;6.47;0.95;Negativno;Ne
4318;4.1;-59.0;10.05;0.0;Negativno;Ne
4319;12.3;-53.9;5.12;0.9;Negativno;Ne
4320;18.0;-70.2;7.69;0.26;Negativno;Ne
4321;2.1;-71.5;6.45;0.25;Negativno;Ne
4322;4.1;-49.2;5.38;0.45;Negativno;Ne
4323;8.7;-48.9;7.47;0.38;Negativno;Ne
4324;9.9;-63.2;5.46;0.19;Negativno;Ne
4325;7.1;-47.7;9.52;0.23;Negativno;Ne
4326;3.4;-53.2;5.93;1.06;Negativno;Ne
4327;3.9;-67.1;9.32;0.19;Negativno;Ne
4328;6.7;-47.1;3.75;1.3;Negativno;Ne
4329;4.6;-47.1;7.09;0.57;Negativno;Ne
4330;3.1;-53.4;7.8;0.03;Negativno;Ne
4331;4.7;-59.7;6.77;0.44;Negativno;Ne
4332;7.3;-65.2;7.12;0.85;Negativno;Ne
4333;7.0;-75.1;7.53;1.11;Negativno;Ne
4334;1.0;-58.5;5.58;0.21;Negativno;Ne
4335;3.0;-75.3;6.42;0.83;Negativno;Ne
4336;5.5;-51.5;5.61;0.53;Negativno;Ne
4337;8.8;-61.8;6.95;0.18;Negativno;Ne
4338;12.0;-60.4;8.7;0.34;Negativno;Ne
4339;0.6;-49.1;6.94;0.23;Negativno;Ne
4340;19.8;-57.4;4.65;0.04;Negativno;Ne
4341;6.7;-66.6;7.21;0.22;Negativno;Ne
4342;2.7;-48.5;5.53;0.03;Negativno;Ne
4343;3.1;-68.6;9.38;0.35;Negativno;Ne
4344;0.5;-60.7;5.42;1.74;Negativno;Ne
4345;3.5;-62.4;6.56;0.29;Negativno;Ne
4346;5.3;-50.3;9.03;0.44;Negativno;Ne
4347;2.7;-55.0;8.24;0.81;Negativno;Ne
4348;6.0;-40.6;6.91;0.61;Negativno;Ne
4349;8.3;-56.1;7.52;0.48;Negativno;Ne
4350;11.8;-53.4;8.29;0.58;Negativno;Ne
4351;6.6;-71.8;9.93;1.21;Negativno;Ne
4352;0.1;-56.2;2.83;0.39;Negativno;Ne
4353;0.4;-73.8;8.97;1.42;Negativno;Ne
4354;7.2;-64.8;7.55;0.14;Negativno;Ne
4355;4.7;-51.7;5.24;1.04;Negativno;Ne
4356;1.4;-63.4;9.35;0.04;Negativno;Ne
4357;1.3;-75.2;7.61;0.42;Negativno;Ne
4358;2.8;-55.6;6.97;0.06;Negativno;Ne
4359;3.5;-50.5;7.4;0.4;Negativno;Ne
4360;12.7;-52.8;11.74;0.47;Negativno;Ne
4361;0.8;-74.2;5.16;0.06;Negativno;Ne
4362;5.0;-67.6;8.11;0.21;Negativno;Ne
4363;1.2;-60.0;6.67;0.55;Negativno;Ne
4364;16.9;-59.4;6.73;0.36;Negativno;Ne
4365;0.1;-51.3;12.06;0.69;Negativno;Ne
4366;14.8;-49.9;3.99;0.78;Negativno;Ne
4367;1.1;-49.3;6.41;0.0;Negativno;Ne
4368;5.4;-52.6;7.79;0.29;Negativno;Ne
4369;3.4;-60.9;4.42;0.16;Negativno;Ne
4370;2.2;-60.9;5.9;0.17;Negativno;Ne
4371;7.9;-45.4;8.6;1.01;Negativno;Ne
4372;1.3;-70.3;7.02;0.62;Negativno;Ne
4373;3.5;-62.0;5.72;0.05;Negativno;Ne
4374;1.6;-32.9;6.87;0.1;Negativno;Ne
4375;17.5;-59.7;6.38;1.01;Negativno;Ne
4376;1.2;-57.9;7.95;0.13;Negativno;Ne
4377;3.8;-58.3;4.73;0.22;Negativno;Ne
4378;2.0;-69.7;7.14;1.61;Negativno;Ne
4379;4.3;-63.1;7.97;0.13;Negativno;Ne
4380;5.6;-50.8;5.46;1.15;Negativno;Ne
4381;11.5;-62.0;6.62;0.46;Negativno;Ne
4382;0.5;-47.3;9.36;0.5;Negativno;Ne
4383;0.1;-53.2;7.16;0.35;Negativno;Ne
4384;2.0;-62.9;10.2;2.3;Negativno;Ne
4385;2.5;-58.0;5.64;0.21;Negativno;Ne
4386;0.6;-57.9;6.37;0.82;Negativno;Ne
4387;4.2;-54.8;9.73;0.88;Negativno;Ne
4388;0.5;-50.6;3.57;0.75;Negativno;Ne
4389;1.1;-63.3;6.03;0.32;Negativno;Ne
4390;0.2;-63.9;12.98;0.34;Negativno;Ne
4391;15.9;-56.5;7.39;0.41;Negativno;Ne
4392;7.8;-81.9;6.66;1.45;Negativno;Ne
4393;1.2;-51.7;11.78;0.57;Negativno;Ne
4394;12.9;-74.6;8.85;0.04;Negativno;Ne
4395;17.6;-51.5;7.73;0.23;Negativno;Ne
4396;2.6;-63.9;6.16;0.03;Negativno;Ne
4397;2.7;-66.4;9.77;0.11;Negativno;Ne
4398;1.9;-54.6;6.68;0.2;Negativno;Ne
4399;1.6;-65.1;5.1;0.84;Negativno;Ne
4400;5.6;-68.0;8.9;0.73;Negativno;Ne
4401;0.2;-60.8;5.74;0.52;Negativno;Ne
4402;8.9;-59.2;5.88;0.02;Negativno;Ne
4403;2.1;-74.3;8.84;0.05;Negativno;Ne
4404;7.5;-65.7;6.52;0.68;Negativno;Ne
4405;5.0;-71.3;7.15;1.31;Negativno;Ne
4406;12.7;-43.4;5.29;0.21;Negativno;Ne
4407;9.0;-63.9;6.1;0.22;Negativno;Ne
4408;1.7;-48.7;6.88;0.33;Negativno;Ne
4409;1.2;-54.1;4.31;0.52;Negativno;Ne
4410;8.3;-50.3;8.92;0.47;Negativno;Ne
4411;3.7;-62.0;7.93;0.27;Negativno;Ne
4412;0.2;-67.0;7.45;0.24;Negativno;Ne
4413;19.0;-49.8;5.22;0.05;Negativno;Ne
4414;4.6;-63.7;6.39;0.07;Negativno;Ne
4415;3.2;-69.1;7.39;0.16;Negativno;Ne
4416;18.5;-56.7;7.57;0.07;Negativno;Ne
4417;13.1;-67.6;3.93;0.67;Negativno;Ne
4418;4.4;-55.1;5.17;0.11;Negativno;Ne
4419;1.6;-55.8;8.34;0.52;Negativno;Ne
4420;5.3;-52.9;5.04;0.3;Negativno;Ne
4421;1.8;-43.1;4.58;0.37;Negativno;Ne
4422;0.2;-48.8;6.72;0.0;Negativno;Ne
4423;2.7;-48.7;2.16;1.23;Negativno;Ne
4424;4.4;-58.6;6.45;0.28;Negativno;Ne
4425;4.4;-64.3;10.16;0.05;Negativno;Ne
4426;0.2;-55.9;8.84;0.92;Negativno;Ne
4427;4.3;-58.9;4.08;0.2;Negativno;Ne
4428;9.0;-46.9;7.5;0.11;Negativno;Ne
4429;4.9;-63.4;9.26;0.33;Negativno;Ne
4430;1.4;-71.0;7.42;0.19;Negativno;Ne
4431;3.7;-63.5;4.67;1.07;Negativno;Ne
4432;2.1;-48.3;3.0;1.21;Negativno;Ne
4433;29.1;-53.1;8.55;0.48;Negativno;Ne
4434;3.2;-57.8;7.95;0.61;Negativno;Ne
4435;2.4;-70.4;6.82;0.27;Negativno;Ne
4436;11.6;-51.0;6.84;0.12;Negativno;Ne
4437;0.6;-50.3;8.3;1.37;Negativno;Ne
4438;3.9;-65.4;4.25;0.37;Negativno;Ne
4439;5.3;-60.7;10.51;0.04;Negativno;Ne
4440;2.9;-50.5;5.11;0.32;Negativno;Ne
4441;2.3;-67.6;6.72;0.07;Negativno;Ne
4442;6.5;-71.0;2.61;0.16;Negativno;Ne
4443;5.2;-57.3;5.19;0.52;Negativno;Ne
4444;21.7;-71.2;7.01;0.31;Negativno;Ne
4445;9.8;-74.0;3.65;1.32;Negativno;Ne
4446;0.3;-53.8;8.17;0.07;Negativno;Ne
4447;0.7;-60.5;6.31;0.22;Negativno;Ne
4448;4.3;-69.9;7.76;0.04;Negativno;Ne
4449;1.4;-58.0;8.24;0.15;Negativno;Ne
4450;13.3;-54.9;8.93;0.38;Negativno;Ne
4451;18.7;-77.5;4.84;2.32;Negativno;Ne
4452;2.1;-59.4;7.72;0.11;Negativno;Ne
4453;2.0;-57.4;5.92;0.22;Negativno;Ne
4454;9.7;-61.6;6.38;0.13;Negativno;Ne
4455;1.4;-56.5;7.61;0.09;Negativno;Ne
4456;2.4;-70.3;8.12;0.15;Negativno;Ne
4457;1.5;-70.9;4.34;1.64;Negativno;Ne
4458;3.5;-71.3;5.24;0.4;Negativno;Ne
4459;0.3;-76.3;5.71;0.62;Negativno;Ne
4460;16.5;-43.4;6.49;0.52;Negativno;Ne
4461;2.8;-68.5;5.92;0.35;Negativno;Ne
4462;0.4;-69.7;6.4;0.2;Negativno;Ne
4463;1.2;-58.4;5.09;0.21;Negativno;Ne
4464;7.2;-51.9;8.6;0.29;Negativno;Ne
4465;5.7;-50.5;4.22;0.09;Negativno;Ne
4466;0.4;-48.1;7.78;0.56;Negativno;Ne
4467;1.1;-65.9;7.08;0.33;Negativno;Ne
4468;0.4;-58.4;7.36;0.28;Negativno;Ne
4469;0.1;-57.7;5.14;0.65;Negativno;Ne
4470;8.6;-65.8;4.8;0.51;Negativno;Ne
4471;3.6;-60.1;8.0;0.61;Negativno;Ne
4472;1.2;-62.3;5.87;0.12;Negativno;Ne
4473;1.5;-56.3;5.67;0.38;Negativno;Ne
4474;1.7;-49.4;7.45;0.56;Negativno;Ne
4475;5.8;-68.9;8.22;1.16;Negativno;Ne
4476;8.9;-66.9;10.24;0.18;Negativno;Ne
4477;19.4;-58.4;7.19;0.24;Negativno;Ne
4478;10.6;-60.8;8.8;0.36;Negativno;Ne
4479;1.5;-69.7;8.45;0.08;Negativno;Ne
4480;4.0;-44.6;8.3;0.71;Negativno;Ne
4481;14.0;-60.0;8.22;0.03;Negativno;Ne
4482;9.0;-63.2;6.96;0.39;Negativno;Ne
4483;1.7;-45.9;5.02;0.24;Negativno;Ne
4484;0.4;-68.0;6.49;0.02;Negativno;Ne
4485;9.5;-65.1;0.04;0.17;Negativno;Ne
4486;1.1;-71.6;5.97;0.13;Negativno;Ne
4487;15.6;-76.9;5.73;0.27;Negativno;Ne
4488;0.7;-49.5;6.74;0.56;Negativno;Ne
4489;3.8;-61.0;10.53;0.12;Negativno;Ne
4490;8.6;-59.4;7.93;0.6;Negativno;Ne
4491;32.3;-60.6;5.92;0.49;Negativno;Ne
4492;7.0;-65.1;5.32;0.17;Negativno;Ne
4493;3.6;-69.2;7.25;0.68;Negativno;Ne
4494;6.7;-49.5;5.0;0.26;Negativno;Ne
4495;0.9;-81.4;7.88;0.2;Negativno;Ne
4496;4.7;-74.1;7.44;0.98;Negativno;Ne
4497;0.8;-69.0;7.95;0.09;Negativno;Ne
4498;1.0;-64.8;9.3;0.05;Negativno;Ne
4499;9.0;-67.8;9.04;0.12;Negativno;Ne
4500;5.3;-45.2;5.59;0.62;Negativno;Ne
4501;2.3;-39.9;4.24;0.02;Negativno;Ne
4502;2.9;-57.2;8.76;0.14;Negativno;Ne
4503;13.1;-58.2;6.11;0.97;Negativno;Ne
4504;3.6;-67.7;4.81;0.02;Negativno;Ne
4505;7.1;-60.5;9.27;0.28;Negativno;Ne
4506;0.6;-54.9;8.53;0.05;Negativno;Ne
4507;0.6;-58.9;3.35;1.18;Negativno;Ne
4508;7.0;-64.9;8.16;0.04;Negativno;Ne
4509;6.9;-47.5;4.78;0.56;Negativno;Ne
4510;0.4;-62.5;7.96;0.98;Negativno;Ne
4511;6.2;-58.9;9.35;0.75;Negativno;Ne
4512;1.4;-75.5;4.6;0.02;Negativno;Ne
4513;9.4;-60.1;5.79;0.09;Negativno;Ne
4514;15.4;-62.9;10.03;0.25;Negativno;Ne
4515;7.7;-74.6;5.16;0.35;Negativno;Ne
4516;0.3;-76.8;5.84;0.51;Negativno;Ne
4517;2.1;-54.0;10.73;0.36;Negativno;Ne
4518;5.2;-75.2;5.79;0.29;Negativno;Ne
4519;9.5;-59.6;6.95;0.24;Negativno;Ne
4520;2.9;-58.3;6.02;0.28;Negativno;Ne
4521;4.0;-51.2;6.95;1.08;Negativno;Ne
4522;3.0;-68.1;6.55;0.32;Negativno;Ne
4523;0.6;-54.0;7.78;0.18;Negativno;Ne
4524;5.2;-60.6;10.22;0.15;Negativno;Ne
4525;7.8;-61.5;9.12;0.34;Negativno;Ne
4526;0.3;-68.1;7.88;0.21;Negativno;Ne
4527;12.4;-55.4;5.44;0.97;Negativno;Ne
4528;0.4;-50.2;4.93;0.25;Negativno;Ne
4529;1.5;-71.7;7.99;0.45;Negativno;Ne
4530;0.1;-43.3;8.02;0.33;Negativno;Ne
4531;11.6;-68.5;7.77;0.87;Negativno;Ne
4532;4.6;-57.0;5.11;0.33;Negativno;Ne
4533;1.5;-63.0;6.24;0.5;Negativno;Ne
4534;0.2;-45.3;7.63;0.33;Negativno;Ne
4535;0.0;-55.7;11.21;0.51;Negativno;Ne
4536;4.0;-59.6;7.48;0.03;Negativno;Ne
4537;12.9;-75.7;1.37;1.66;Negativno;Ne
4538;30.3;-42.8;7.33;0.57;Pozitivno;Ne
4539;3.6;-68.6;7.88;0.96;Negativno;Ne
4540;7.1;-51.6;10.54;0.03;Negativno;Ne
4541;0.3;-66.2;5.63;0.26;Negativno;Ne
4542;6.5;-52.0;10.57;0.32;Negativno;Ne
4543;0.0;-65.9;10.35;0.87;Negativno;Ne
4544;5.3;-53.6;9.4;0.06;Negativno;Ne
4545;5.5;-66.2;5.32;0.48;Negativno;Ne
4546;7.8;-52.5;7.17;0.68;Negativno;Ne
4547;16.8;-52.2;9.05;0.54;Negativno;Ne
4548;1.6;-48.3;6.16;0.64;Negativno;Ne
4549;11.8;-64.3;7.27;0.82;Negativno;Ne
4550;0.2;-65.5;7.39;0.36;Negativno;Ne
4551;5.9;-55.6;6.57;0.07;Negativno;Ne
4552;6.0;-56.5;9.32;0.3;Negativno;Ne
4553;2.8;-53.2;12.82;0.14;Negativno;Ne
4554;3.2;-67.1;7.1;0.29;Negativno;Ne
4555;0.7;-58.6;7.06;0.33;Negativno;Ne
4556;2.9;-69.8;6.79;2.48;Negativno;Ne
4557;0.5;-58.7;5.67;0.2;Negativno;Ne
4558;24.8;-61.8;7.8;0.29;Negativno;Ne
4559;1.5;-62.2;4.97;0.33;Negativno;Ne
4560;6.1;-74.5;10.16;0.31;Negativno;Ne
4561;1.9;-66.9;3.64;0.18;Negativno;Ne
4562;2.8;-55.4;4.05;0.09;Negativno;Ne
4563;2.8;-66.8;9.69;0.06;Negativno;Ne
4564;0.3;-57.5;6.59;0.0;Negativno;Ne
4565;6.8;-57.6;6.6;2.73;Negativno;Ne
4566;3.5;-61.7;7.01;0.05;Negativno;Ne
4567;0.2;-57.6;4.35;0.71;Negativno;Ne
4568;2.3;-68.1;3.83;0.01;Negativno;Ne
4569;2.6;-64.2;8.34;0.27;Negativno;Ne
4570;7.1;-60.5;8.16;0.45;Negativno;Ne
4571;1.4;-64.7;7.73;0.07;Negativno;Ne
4572;3.6;-67.0;7.35;0.07;Negativno;Ne
4573;3.1;-63.2;8.75;0.0;Negativno;Ne
4574;5.8;-55.3;6.68;1.31;Negativno;Ne
4575;4.4;-58.8;6.33;0.71;Negativno;Ne
4576;10.5;-63.1;6.89;0.57;Negativno;Ne
4577;0.3;-54.9;7.48;0.39;Negativno;Ne
4578;1.9;-59.7;8.27;0.04;Negativno;Ne
4579;4.9;-63.8;7.46;0.2;Negativno;Ne
4580;1.4;-70.0;7.33;1.19;Negativno;Ne
4581;8.9;-44.1;5.11;0.38;Negativno;Ne
4582;12.2;-51.2;7.7;0.48;Negativno;Ne
4583;5.8;-60.2;6.0;0.14;Negativno;Ne
4584;2.0;-63.6;3.18;0.86;Negativno;Ne
4585;2.0;-64.8;9.97;0.02;Negativno;Ne
4586;2.1;-57.5;5.46;0.63;Negativno;Ne
4587;3.0;-69.0;7.5;0.23;Negativno;Ne
4588;13.1;-66.6;5.87;0.53;Negativno;Ne
4589;2.9;-60.6;5.81;0.11;Negativno;Ne
4590;5.5;-56.0;9.65;0.13;Negativno;Ne
4591;3.5;-57.9;8.55;0.03;Negativno;Ne
4592;4.2;-65.4;7.1;0.27;Negativno;Ne
4593;4.6;-80.5;10.24;0.28;Negativno;Ne
4594;0.5;-45.8;6.6;0.14;Negativno;Ne
4595;1.8;-64.4;8.4;0.04;Negativno;Ne
4596;1.3;-82.1;7.33;0.69;Negativno;Ne
4597;13.3;-51.2;7.39;0.64;Negativno;Ne
4598;4.5;-59.4;9.33;0.08;Negativno;Ne
4599;11.2;-40.8;3.32;0.21;Negativno;Ne
4600;12.3;-48.3;7.63;0.62;Negativno;Ne
4601;1.0;-45.3;6.77;0.25;Negativno;Ne
4602;3.2;-57.3;7.17;0.17;Negativno;Ne
4603;0.5;-56.6;10.73;0.15;Negativno;Ne
4604;7.9;-34.9;6.1;0.46;Negativno;Ne
4605;3.0;-59.8;7.68;0.38;Negativno;Ne
4606;2.4;-51.2;9.2;0.43;Negativno;Ne
4607;3.8;-70.5;10.41;0.18;Negativno;Ne
4608;3.4;-61.9;11.8;0.13;Negativno;Ne
4609;7.1;-56.8;5.55;0.49;Negativno;Ne
4610;1.0;-53.3;4.7;1.24;Negativno;Ne
4611;9.9;-45.4;8.35;0.44;Negativno;Ne
4612;3.9;-66.9;4.24;1.22;Negativno;Ne
4613;6.2;-48.4;8.17;0.76;Negativno;Ne
4614;8.8;-61.1;9.58;0.44;Negativno;Ne
4615;1.2;-61.4;7.48;0.05;Negativno;Ne
4616;3.6;-61.9;7.07;0.4;Pozitivno;Ne
4617;6.7;-59.1;5.4;0.31;Negativno;Ne
4618;13.8;-65.7;6.39;0.32;Negativno;Ne
4619;1.1;-68.0;5.19;0.82;Negativno;Ne
4620;10.1;-58.3;8.65;0.01;Negativno;Ne
4621;0.6;-72.8;5.36;0.67;Negativno;Ne
4622;13.4;-58.5;3.7;0.17;Negativno;Ne
4623;12.1;-52.9;9.53;0.75;Negativno;Ne
4624;0.1;-66.0;6.39;0.09;Negativno;Ne
4625;4.2;-67.8;7.62;0.67;Negativno;Ne
4626;14.5;-70.3;4.29;0.25;Negativno;Ne
4627;4.2;-56.2;7.17;0.04;Negativno;Ne
4628;4.2;-55.4;8.29;0.49;Negativno;Ne
4629;7.2;-57.1;6.88;0.12;Negativno;Ne
4630;12.6;-56.7;5.29;0.1;Negativno;Ne
4631;11.3;-64.3;14.0;0.8;Negativno;Ne
4632;6.3;-83.4;6.31;0.02;Negativno;Ne
4633;4.5;-51.0;8.48;0.22;Negativno;Ne
4634;0.6;-63.3;6.58;0.21;Negativno;Ne
4635;5.0;-61.1;6.9;0.16;Negativno;Ne
4636;3.0;-58.0;8.51;0.07;Negativno;Ne
4637;17.8;-64.8;6.43;0.61;Negativno;Ne
4638;0.2;-60.8;4.65;0.96;Negativno;Ne
4639;10.0;-60.8;8.36;0.11;Negativno;Ne
4640;1.5;-60.5;4.48;0.15;Negativno;Ne
4641;4.5;-68.4;7.3;0.36;Negativno;Ne
4642;4.6;-45.1;6.04;0.1;Negativno;Ne
4643;1.1;-80.7;4.25;0.28;Negativno;Ne
4644;2.1;-62.8;9.14;0.81;Negativno;Ne
4645;3.7;-77.5;7.29;0.16;Negativno;Ne
4646;6.5;-65.6;7.86;0.96;Negativno;Ne
4647;6.5;-55.5;7.15;0.01;Pozitivno;Ne
4648;12.9;-67.0;5.67;0.08;Negativno;Ne
4649;0.8;-49.4;9.64;0.35;Negativno;Ne
4650;6.1;-54.8;6.57;0.52;Negativno;Ne
4651;4.0;-64.4;8.6;0.44;Negativno;Ne
4652;0.6;-65.2;7.79;0.01;Negativno;Ne
4653;2.9;-60.5;8.26;0.09;Negativno;Ne
4654;3.9;-56.0;2.78;0.88;Negativno;Ne
4655;1.5;-43.8;7.33;0.49;Negativno;Ne
4656;4.1;-59.8;2.04;0.45;Negativno;Ne
4657;4.6;-64.7;7.41;0.49;Negativno;Ne
4658;12.4;-48.9;11.05;0.87;Negativno;Ne
4659;15.2;-58.0;7.29;0.02;Negativno;Ne
4660;2.0;-67.9;8.53;0.17;Negativno;Ne
4661;22.4;-63.0;11.06;0.72;Negativno;Ne
4662;4.2;-49.3;3.56;0.07;Negativno;Ne
4663;1.4;-71.6;7.34;0.02;Pozitivno;Ne
4664;2.2;-53.3;3.85;0.68;Negativno;Ne
4665;11.4;-46.3;6.42;0.17;Negativno;Ne
4666;4.3;-67.3;8.31;0.64;Negativno;Ne
4667;6.4;-68.8;6.59;0.59;Negativno;Ne
4668;4.9;-73.9;7.85;0.23;Negativno;Ne
4669;0.1;-53.2;7.19;1.74;Negativno;Ne
4670;1.1;-60.3;8.63;2.61;Negativno;Ne
4671;8.4;-67.1;9.93;0.05;Negativno;Ne
4672;1.4;-50.7;7.51;0.02;Negativno;Ne
4673;0.4;-59.7;8.68;0.75;Negativno;Ne
4674;4.7;-69.3;10.65;0.09;Negativno;Ne
4675;2.6;-52.7;7.04;1.04;Negativno;Ne
4676;0.3;-46.3;7.66;0.17;Negativno;Ne
4677;10.1;-68.2;6.61;0.51;Negativno;Ne
4678;3.7;-70.6;7.74;0.47;Negativno;Ne
4679;7.3;-63.2;4.98;0.11;Negativno;Ne
4680;0.3;-66.0;5.76;0.23;Negativno;Ne
4681;6.5;-73.6;7.89;0.95;Negativno;Ne
4682;14.6;-59.6;9.66;0.04;Negativno;Ne
4683;15.2;-58.8;12.21;0.48;Negativno;Ne
4684;0.7;-62.8;6.53;0.04;Negativno;Ne
4685;20.4;-64.5;5.56;0.57;Negativno;Ne
4686;3.4;-53.6;5.53;0.18;Negativno;Ne
4687;2.4;-51.1;9.51;0.21;Negativno;Ne
4688;5.3;-65.8;5.71;0.2;Negativno;Ne
4689;5.7;-60.2;10.45;0.1;Negativno;Ne
4690;4.4;-67.8;7.44;0.07;Negativno;Ne
4691;1.5;-54.4;4.98;0.2;Negativno;Ne
4692;5.3;-64.4;3.52;0.04;Negativno;Ne
4693;2.4;-66.7;7.36;0.59;Negativno;Ne
4694;2.3;-42.3;6.95;2.56;Negativno;Ne
4695;8.4;-58.2;6.11;0.43;Negativno;Ne
4696;0.3;-56.0;6.07;0.07;Negativno;Ne
4697;3.5;-68.0;7.64;0.15;Negativno;Ne
4698;12.6;-69.8;8.0;0.18;Negativno;Ne
4699;6.2;-59.4;11.09;0.19;Negativno;Ne
4700;4.5;-39.4;9.74;0.5;Negativno;Ne
4701;2.6;-49.4;3.6;0.13;Negativno;Ne
4702;5.1;-57.7;7.29;0.62;Negativno;Ne
4703;1.2;-46.9;2.66;0.84;Negativno;Ne
4704;8.4;-48.1;4.38;0.01;Negativno;Ne
4705;6.7;-54.9;9.06;0.48;Negativno;Ne
4706;4.3;-73.1;9.2;1.47;Negativno;Ne
4707;2.6;-51.2;8.93;0.2;Negativno;Ne
4708;6.9;-45.2;6.76;0.11;Negativno;Ne
4709;6.3;-55.5;6.5;0.09;Negativno;Ne
4710;5.2;-58.5;7.71;0.01;Negativno;Ne
4711;9.0;-68.9;5.82;0.08;Negativno;Ne
4712;12.9;-57.9;5.22;1.55;Negativno;Ne
4713;1.9;-46.1;8.18;0.11;Negativno;Ne
4714;2.5;-77.6;8.65;0.54;Negativno;Ne
4715;1.5;-68.5;3.74;1.24;Negativno;Ne
4716;5.8;-59.6;6.93;0.06;Negativno;Ne
4717;3.4;-65.5;5.16;1.35;Negativno;Ne
4718;1.8;-58.8;5.18;0.72;Negativno;Ne
4719;1.0;-54.5;12.02;1.24;Negativno;Ne
4720;3.7;-78.4;11.39;0.04;Negativno;Ne
4721;1.8;-72.4;8.35;0.27;Negativno;Ne
4722;2.6;-72.0;6.6;0.17;Negativno;Ne
4723;0.0;-41.6;8.06;0.23;Negativno;Ne
4724;0.2;-71.9;9.39;0.14;Negativno;Ne
4725;2.0;-75.1;6.94;0.6;Negativno;Ne
4726;1.8;-73.1;7.31;0.85;Negativno;Ne
4727;2.7;-56.8;6.99;0.48;Negativno;Ne
4728;4.5;-62.0;4.59;0.43;Negativno;Ne
4729;3.3;-58.7;9.68;0.06;Negativno;Ne
4730;7.9;-66.2;8.09;1.01;Negativno;Ne
4731;3.2;-38.3;8.19;0.15;Negativno;Ne
4732;0.4;-51.4;9.92;0.43;Negativno;Ne
4733;5.0;-60.5;6.34;0.9;Negativno;Ne
4734;1.9;-57.3;3.75;0.31;Negativno;Ne
4735;21.2;-46.5;8.51;1.09;Negativno;Ne
4736;7.7;-65.9;4.49;0.22;Negativno;Ne
4737;5.4;-58.2;5.41;0.45;Negativno;Ne
4738;3.0;-59.0;4.56;0.76;Negativno;Ne
4739;4.3;-55.1;1.48;0.92;Negativno;Ne
4740;1.3;-48.5;9.22;0.04;Negativno;Ne
4741;2.7;-47.4;9.48;0.19;Negativno;Ne
4742;3.5;-64.8;9.38;0.14;Negativno;Ne
4743;11.7;-48.8;2.98;0.87;Negativno;Ne
4744;18.5;-61.4;4.87;1.45;Negativno;Ne
4745;8.8;-61.3;11.16;0.61;Negativno;Ne
4746;4.8;-75.9;9.13;0.01;Negativno;Ne
4747;6.5;-62.0;8.7;0.05;Negativno;Ne
4748;1.1;-61.0;9.77;0.22;Negativno;Ne
4749;3.4;-46.0;6.2;0.24;Negativno;Ne
4750;0.7;-76.7;3.62;0.25;Negativno;Ne
4751;0.3;-38.1;7.22;0.1;Negativno;Ne
4752;19.3;-60.6;8.44;0.11;Negativno;Ne
4753;18.6;-54.7;8.0;0.19;Negativno;Ne
4754;11.3;-44.9;9.59;0.21;Negativno;Ne
4755;3.1;-37.1;8.71;0.81;Negativno;Ne
4756;8.5;-53.2;5.88;0.37;Negativno;Ne
4757;11.2;-64.1;5.72;0.99;Negativno;Ne
4758;7.2;-68.5;6.95;2.44;Negativno;Ne
4759;4.0;-50.5;7.22;1.31;Negativno;Ne
4760;0.1;-68.5;6.48;0.56;Negativno;Ne
4761;3.4;-62.4;5.47;0.23;Negativno;Ne
4762;6.3;-73.0;5.42;0.0;Negativno;Ne
4763;2.0;-66.4;2.33;1.03;Negativno;Ne
4764;16.1;-63.4;3.83;0.37;Negativno;Ne
4765;8.6;-83.1;3.97;2.13;Negativno;Ne
4766;9.5;-57.7;9.71;0.22;Negativno;Ne
4767;2.5;-57.0;7.57;0.38;Negativno;Ne
4768;5.8;-43.4;5.48;0.04;Negativno;Ne
4769;7.6;-81.3;5.86;1.18;Negativno;Ne
4770;2.4;-63.5;7.88;0.06;Negativno;Ne
4771;5.1;-57.3;3.38;0.04;Negativno;Ne
4772;18.8;-68.4;5.97;0.21;Negativno;Ne
4773;5.2;-83.6;8.46;0.29;Negativno;Ne
4774;2.2;-72.6;8.5;0.87;Negativno;Ne
4775;1.5;-68.8;6.83;0.02;Negativno;Ne
4776;2.4;-53.8;7.46;0.93;Negativno;Ne
4777;5.8;-56.7;6.15;0.07;Negativno;Ne
4778;0.4;-45.6;4.96;1.06;Negativno;Ne
4779;1.4;-90.3;6.26;1.05;Negativno;Ne
4780;6.9;-51.6;7.06;0.34;Negativno;Ne
4781;4.6;-77.6;7.49;0.77;Negativno;Ne
4782;6.7;-66.7;5.05;0.03;Negativno;Ne
4783;4.7;-56.5;9.57;0.13;Negativno;Ne
4784;1.8;-45.7;7.51;0.05;Negativno;Ne
4785;7.9;-65.1;9.99;0.02;Negativno;Ne
4786;0.8;-55.4;6.05;0.68;Negativno;Ne
4787;4.6;-48.0;7.24;0.1;Negativno;Ne
4788;0.7;-62.1;3.66;0.86;Negativno;Ne
4789;5.6;-76.0;5.97;0.12;Negativno;Ne
4790;2.5;-56.3;7.15;0.7;Negativno;Ne
4791;4.3;-50.5;2.43;0.28;Negativno;Ne
4792;2.4;-48.9;6.86;0.12;Negativno;Ne
4793;10.5;-65.6;3.69;0.03;Negativno;Ne
4794;0.6;-67.8;3.69;0.12;Negativno;Ne
4795;3.8;-61.3;4.15;0.36;Negativno;Ne
4796;11.4;-69.3;3.31;0.72;Negativno;Ne
4797;12.5;-60.6;8.71;1.6;Negativno;Ne
4798;1.5;-71.0;2.9;0.51;Negativno;Ne
4799;1.3;-49.2;2.88;1.45;Negativno;Ne
4800;2.6;-65.6;4.65;0.18;Negativno;Ne
4801;4.1;-63.8;5.97;0.19;Negativno;Ne
4802;4.2;-66.9;9.2;0.06;Negativno;Ne
4803;13.9;-60.0;5.55;1.08;Negativno;Ne
4804;1.8;-46.6;3.12;0.29;Negativno;Ne
4805;0.8;-63.5;7.08;0.95;Negativno;Ne
4806;1.4;-51.6;7.4;0.92;Negativno;Ne
4807;5.2;-48.9;7.6;0.09;Negativno;Ne
4808;10.0;-36.1;7.36;0.16;Negativno;Ne
4809;8.0;-47.5;5.14;0.12;Negativno;Ne
4810;0.8;-47.8;7.33;0.04;Negativno;Ne
4811;0.5;-48.0;4.4;0.36;Negativno;Ne
4812;1.1;-45.0;10.54;0.16;Negativno;Ne
4813;11.7;-32.4;5.34;0.43;Negativno;Ne
4814;17.0;-82.5;7.23;0.15;Negativno;Ne
4815;9.0;-48.2;4.2;0.66;Negativno;Ne
4816;3.5;-42.1;8.7;0.72;Negativno;Ne
4817;10.0;-57.7;3.08;0.51;Negativno;Ne
4818;6.0;-62.0;1.91;0.48;Negativno;Ne
4819;14.4;-92.9;7.26;0.03;Negativno;Ne
4820;3.2;-54.8;9.98;0.6;Negativno;Ne
4821;4.4;-58.9;7.67;0.28;Negativno;Ne
4822;3.4;-50.9;7.79;0.04;Negativno;Ne
4823;1.5;-50.6;3.74;0.15;Negativno;Ne
4824;2.4;-57.7;7.44;1.49;Negativno;Ne
4825;0.1;-64.3;5.5;0.3;Negativno;Ne
4826;3.2;-54.2;6.99;0.07;Negativno;Ne
4827;5.1;-57.0;9.21;1.2;Negativno;Ne
4828;6.7;-64.1;9.97;0.62;Pozitivno;Ne
4829;0.6;-50.6;4.63;1.52;Negativno;Ne
4830;42.1;-43.8;7.79;0.82;Negativno;Ne
4831;0.1;-60.8;3.34;0.52;Negativno;Ne
4832;1.4;-70.4;3.65;0.4;Negativno;Ne
4833;17.4;-53.1;4.05;0.21;Negativno;Ne
4834;1.6;-61.8;8.32;1.21;Pozitivno;Ne
4835;16.8;-52.6;6.95;0.06;Negativno;Ne
4836;7.5;-59.6;5.52;0.18;Negativno;Ne
4837;2.7;-45.1;4.5;0.0;Negativno;Ne
4838;3.3;-49.4;8.15;0.93;Negativno;Ne
4839;3.8;-60.7;3.42;1.51;Negativno;Ne
4840;3.0;-75.5;8.43;0.34;Negativno;Ne
4841;4.9;-60.8;8.67;1.79;Negativno;Ne
4842;1.6;-42.2;9.56;0.1;Negativno;Ne
4843;10.8;-46.0;5.85;0.2;Negativno;Ne
4844;0.4;-47.0;6.13;0.34;Negativno;Ne
4845;2.8;-71.5;8.02;0.37;Negativno;Ne
4846;9.7;-75.8;10.09;0.43;Negativno;Ne
4847;12.7;-61.1;9.59;1.37;Negativno;Ne
4848;10.5;-69.5;7.98;0.24;Negativno;Ne
4849;4.6;-51.9;6.76;0.55;Negativno;Ne
4850;3.2;-46.3;7.33;0.18;Negativno;Ne
4851;0.6;-62.9;5.38;0.35;Negativno;Ne
4852;1.6;-55.5;1.82;0.16;Negativno;Ne
4853;4.7;-58.7;8.33;1.36;Negativno;Ne
4854;5.0;-79.4;7.87;0.57;Negativno;Ne
4855;3.5;-59.1;8.13;1.06;Negativno;Ne
4856;5.1;-58.7;5.46;0.49;Negativno;Ne
4857;2.1;-64.8;7.15;0.78;Negativno;Ne
4858;2.1;-71.8;9.38;0.15;Negativno;Ne
4859;2.4;-47.4;6.28;0.71;Negativno;Ne
4860;8.6;-53.6;7.29;0.58;Negativno;Ne
4861;9.8;-50.4;6.57;0.14;Negativno;Ne
4862;0.1;-51.4;6.84;1.07;Negativno;Ne
4863;21.5;-57.1;7.61;1.28;Negativno;Ne
4864;3.5;-75.2;5.06;0.25;Negativno;Ne
4865;16.8;-60.8;5.35;1.04;Negativno;Ne
4866;1.9;-52.8;8.45;0.25;Negativno;Ne
4867;6.8;-62.9;8.39;0.63;Negativno;Ne
4868;1.9;-64.4;4.58;0.15;Negativno;Ne
4869;5.7;-68.6;10.42;0.32;Negativno;Ne
4870;6.8;-53.1;6.44;0.73;Negativno;Ne
4871;11.2;-68.6;7.21;1.91;Negativno;Ne
4872;4.1;-51.6;7.23;0.52;Negativno;Ne
4873;7.1;-52.9;8.24;0.33;Negativno;Ne
4874;8.0;-56.9;6.57;0.04;Negativno;Ne
4875;3.9;-63.0;9.57;0.16;Negativno;Ne
4876;2.1;-67.5;5.16;0.25;Negativno;Ne
4877;1.7;-63.6;3.54;0.28;Negativno;Ne
4878;6.9;-47.6;7.9;0.19;Negativno;Ne
4879;0.1;-53.3;7.81;0.29;Negativno;Ne
4880;8.8;-49.9;11.1;0.14;Negativno;Ne
4881;1.9;-63.7;10.53;1.32;Negativno;Ne
4882;1.5;-44.2;4.23;0.81;Negativno;Ne
4883;5.4;-47.8;5.71;0.83;Negativno;Ne
4884;2.6;-53.8;9.23;0.33;Negativno;Ne
4885;2.5;-66.4;5.85;0.0;Negativno;Ne
4886;0.5;-51.7;8.08;0.77;Negativno;Ne
4887;3.9;-66.1;7.94;2.13;Negativno;Ne
4888;3.7;-43.9;6.46;0.79;Negativno;Ne
4889;8.7;-64.5;9.91;0.62;Negativno;Ne
4890;1.8;-78.9;8.54;0.32;Negativno;Ne
4891;3.9;-57.6;7.82;0.81;Negativno;Ne
4892;5.8;-60.1;9.15;0.02;Negativno;Ne
4893;0.4;-71.4;3.12;0.29;Negativno;Ne
4894;1.9;-49.6;5.94;1.45;Negativno;Ne
4895;2.1;-77.3;5.52;0.14;Negativno;Ne
4896;8.9;-47.0;4.52;1.93;Negativno;Ne
4897;1.6;-57.7;6.8;0.22;Negativno;Ne
4898;2.8;-73.2;8.62;0.87;Negativno;Ne
4899;3.6;-62.0;9.51;0.99;Negativno;Ne
4900;1.8;-63.3;2.41;0.25;Negativno;Ne
4901;7.8;-72.6;8.12;0.23;Negativno;Ne
4902;2.2;-48.2;8.61;0.01;Negativno;Ne
4903;9.3;-70.0;6.4;0.74;Negativno;Ne
4904;2.1;-63.1;2.07;0.42;Negativno;Ne
4905;6.9;-56.8;2.81;0.18;Negativno;Ne
4906;4.0;-56.0;8.43;0.45;Negativno;Ne
4907;0.1;-65.2;7.55;0.7;Negativno;Ne
4908;1.4;-60.3;6.82;0.24;Negativno;Ne
4909;1.6;-52.6;5.84;0.15;Negativno;Ne
4910;2.7;-68.7;6.97;0.08;Negativno;Ne
4911;0.9;-67.9;8.14;0.47;Negativno;Ne
4912;2.2;-80.6;7.0;0.21;Negativno;Ne
4913;0.9;-57.0;7.12;2.19;Negativno;Ne
4914;3.7;-56.0;7.0;0.3;Negativno;Ne
4915;1.0;-51.1;8.65;1.56;Negativno;Ne
4916;0.2;-46.4;8.58;0.74;Negativno;Ne
4917;18.4;-56.4;7.86;0.73;Negativno;Ne
4918;5.3;-52.4;5.38;0.84;Negativno;Ne
4919;0.0;-56.3;8.72;0.01;Pozitivno;Ne
4920;3.0;-61.2;8.26;0.07;Negativno;Ne
4921;2.2;-68.4;3.97;0.03;Negativno;Ne
4922;4.9;-55.8;3.36;1.43;Negativno;Ne
4923;3.7;-39.4;4.47;0.25;Negativno;Ne
4924;2.7;-72.7;9.53;0.06;Negativno;Ne
4925;12.9;-63.2;6.77;0.58;Negativno;Ne
4926;7.2;-67.6;6.22;1.49;Negativno;Ne
4927;0.1;-68.9;10.43;0.26;Negativno;Ne
4928;3.2;-73.2;7.46;1.42;Negativno;Ne
4929;0.4;-59.3;5.6;0.16;Negativno;Ne
4930;0.2;-58.2;5.82;0.03;Negativno;Ne
4931;1.4;-63.3;10.05;0.41;Negativno;Ne
4932;11.1;-71.4;4.08;0.54;Negativno;Ne
4933;3.0;-60.7;6.64;0.43;Negativno;Ne
4934;0.4;-59.1;7.27;0.06;Negativno;Ne
4935;26.7;-56.5;7.74;0.1;Negativno;Ne
4936;3.0;-71.5;6.53;0.37;Negativno;Ne
4937;2.1;-60.5;5.95;0.23;Negativno;Ne
4938;2.9;-56.2;5.67;0.14;Negativno;Ne
4939;5.3;-73.4;7.98;0.14;Pozitivno;Ne
4940;9.3;-58.5;6.46;0.36;Negativno;Ne
4941;10.0;-57.2;6.31;0.74;Negativno;Ne
4942;1.7;-62.3;5.19;0.55;Negativno;Ne
4943;7.7;-56.6;6.81;0.09;Negativno;Ne
4944;11.0;-57.2;9.58;0.35;Negativno;Ne
4945;8.8;-68.8;9.0;0.33;Negativno;Ne
4946;0.2;-62.3;10.28;0.14;Negativno;Ne
4947;0.1;-51.8;4.87;0.49;Negativno;Ne
4948;0.4;-53.0;12.12;0.21;Negativno;Ne
4949;0.0;-71.2;8.25;0.22;Negativno;Ne
4950;10.3;-51.1;9.96;1.25;Negativno;Ne
4951;5.0;-55.4;7.43;0.3;Negativno;Ne
4952;2.1;-38.8;7.32;0.12;Negativno;Ne
4953;11.3;-70.5;7.15;0.05;Negativno;Ne
4954;0.4;-50.8;4.05;0.94;Negativno;Ne
4955;0.8;-57.9;5.76;1.25;Negativno;Ne
4956;3.2;-62.2;9.31;0.22;Pozitivno;Ne
4957;9.3;-52.7;3.41;0.53;Negativno;Ne
4958;0.7;-48.6;4.95;0.18;Negativno;Ne
4959;2.0;-63.4;9.1;0.61;Negativno;Ne
4960;0.6;-67.8;3.59;0.22;Negativno;Ne
4961;3.3;-57.6;4.5;0.12;Negativno;Ne
4962;1.2;-56.4;8.95;0.04;Negativno;Ne
4963;7.4;-68.9;6.64;0.12;Negativno;Ne
4964;5.8;-41.5;8.55;0.66;Negativno;Ne
4965;2.5;-67.3;6.1;0.44;Negativno;Ne
4966;1.1;-49.9;8.28;0.52;Negativno;Ne
4967;2.7;-48.4;6.82;0.08;Negativno;Ne
4968;9.9;-67.8;4.9;0.48;Negativno;Ne
4969;9.0;-46.8;6.98;0.33;Negativno;Ne
4970;2.0;-53.9;5.99;0.49;Negativno;Ne
4971;3.4;-56.2;9.91;0.12;Negativno;Ne
4972;12.6;-71.0;4.96;1.29;Negativno;Ne
4973;1.2;-73.4;4.41;0.04;Negativno;Ne
4974;9.0;-79.3;7.34;0.18;Negativno;Ne
4975;3.2;-69.8;9.57;0.13;Negativno;Ne
4976;0.2;-56.0;7.5;0.03;Negativno;Ne
4977;9.1;-59.0;9.92;0.41;Negativno;Ne
4978;2.7;-66.4;6.07;0.37;Negativno;Ne
4979;0.1;-50.5;6.58;0.29;Negativno;Ne
4980;3.0;-70.5;5.89;1.74;Negativno;Ne
4981;6.1;-50.8;6.34;0.35;Negativno;Ne
4982;7.6;-42.2;7.51;0.93;Negativno;Ne
4983;2.2;-59.6;5.33;0.08;Negativno;Ne
4984;6.4;-64.4;4.86;0.22;Negativno;Ne
4985;11.6;-63.6;5.31;0.23;Negativno;Ne
4986;3.3;-59.4;6.47;0.55;Negativno;Ne
4987;4.8;-46.7;7.05;0.02;Negativno;Ne
4988;1.6;-73.2;9.35;0.83;Negativno;Ne
4989;1.8;-58.2;7.75;1.53;Negativno;Ne
4990;1.4;-65.4;6.16;1.05;Negativno;Ne
4991;6.7;-66.8;6.22;0.29;Negativno;Ne
4992;1.5;-47.3;7.88;0.43;Negativno;Ne
4993;7.1;-77.1;1.94;0.42;Negativno;Ne
4994;1.9;-57.8;6.12;0.03;Negativno;Ne
4995;3.6;-63.0;6.82;2.04;Negativno;Ne
4996;4.4;-68.0;8.71;0.28;Negativno;Ne
4997;14.5;-52.0;8.09;0.69;Negativno;Ne
4998;5.3;-44.4;5.77;0.15;Negativno;Ne
4999;0.1;-36.6;8.55;0.4;Negativno;Ne
5000;1.7;-44.4;6.14;0.28;Negativno;Ne
5001;2.3;-54.0;6.68;0.21;Negativno;Ne
5002;2.8;-57.2;8.64;0.73;Negativno;Ne
5003;1.6;-58.8;5.28;1.07;Negativno;Ne
5004;12.3;-58.9;5.69;1.03;Negativno;Ne
5005;0.3;-62.4;6.02;0.67;Negativno;Ne
5006;3.6;-57.3;5.76;1.12;Negativno;Ne
5007;0.8;-77.1;9.04;0.67;Negativno;Ne
5008;1.9;-56.7;9.91;1.26;Negativno;Ne
5009;0.1;-64.0;4.19;0.61;Negativno;Ne
5010;5.7;-54.5;7.17;0.52;Negativno;Ne
5011;3.1;-76.9;9.58;0.08;Negativno;Ne
5012;3.2;-53.8;8.24;0.1;Pozitivno;Ne
5013;2.9;-71.5;7.92;0.06;Negativno;Ne
5014;13.5;-53.3;3.9;0.3;Negativno;Ne
5015;5.2;-72.6;7.18;0.29;Negativno;Ne
5016;0.4;-56.5;6.44;0.16;Negativno;Ne
5017;2.0;-58.0;2.47;0.04;Negativno;Ne
5018;1.0;-57.8;9.18;0.27;Negativno;Ne
5019;7.5;-42.7;10.13;1.88;Negativno;Ne
5020;3.3;-57.9;8.48;0.1;Negativno;Ne
5021;8.5;-68.0;7.88;0.52;Negativno;Ne
5022;2.4;-59.1;10.04;1.12;Negativno;Ne
5023;0.6;-60.4;6.79;0.04;Negativno;Ne
5024;3.9;-61.7;9.43;0.42;Negativno;Ne
5025;3.0;-47.9;6.05;0.07;Negativno;Ne
5026;1.3;-48.5;9.68;1.01;Negativno;Ne
5027;6.1;-70.5;7.24;0.74;Negativno;Ne
5028;12.8;-75.4;10.88;0.47;Negativno;Ne
5029;9.4;-55.3;6.37;0.18;Negativno;Ne
5030;5.5;-44.8;8.34;0.01;Negativno;Ne
5031;1.0;-54.9;7.05;0.34;Negativno;Ne
5032;0.7;-59.2;7.03;0.8;Negativno;Ne
5033;4.2;-71.7;4.85;0.1;Negativno;Ne
5034;0.4;-66.1;7.2;0.32;Negativno;Ne
5035;0.0;-51.6;7.76;0.06;Negativno;Ne
5036;3.7;-65.5;5.87;0.5;Negativno;Ne
5037;0.5;-52.0;5.46;0.08;Negativno;Ne
5038;2.9;-63.3;10.38;0.08;Negativno;Ne
5039;5.8;-54.7;9.06;2.51;Negativno;Ne
5040;0.5;-56.4;7.59;0.06;Negativno;Ne
5041;2.8;-69.6;8.05;0.02;Negativno;Ne
5042;1.3;-62.1;6.06;0.06;Negativno;Ne
5043;9.8;-66.6;9.26;0.14;Negativno;Ne
5044;4.8;-54.7;11.5;0.64;Negativno;Ne
5045;0.6;-65.9;9.21;0.26;Negativno;Ne
5046;0.3;-65.6;3.85;0.23;Negativno;Ne
5047;6.3;-59.8;8.52;1.18;Negativno;Ne
5048;7.0;-58.0;8.42;0.25;Negativno;Ne
5049;6.3;-71.5;7.85;0.01;Negativno;Ne
5050;3.6;-63.1;7.19;0.51;Negativno;Ne
5051;0.8;-45.0;10.81;0.14;Negativno;Ne
5052;3.8;-76.3;7.33;0.13;Negativno;Ne
5053;2.0;-65.1;9.36;0.12;Negativno;Ne
5054;0.9;-37.6;5.68;0.88;Negativno;Ne
5055;9.2;-74.4;7.32;0.68;Negativno;Ne
5056;2.0;-41.0;7.79;0.63;Negativno;Ne
5057;10.3;-57.4;5.54;1.32;Negativno;Ne
5058;21.8;-64.1;9.02;0.42;Negativno;Ne
5059;5.1;-71.7;7.83;0.6;Negativno;Ne
5060;1.5;-48.8;7.68;0.13;Negativno;Ne
5061;5.6;-60.5;6.46;0.67;Negativno;Ne
5062;6.6;-43.4;6.69;0.05;Negativno;Ne
5063;28.9;-43.1;9.55;0.38;Negativno;Ne
5064;10.1;-38.8;4.62;0.17;Negativno;Ne
5065;4.4;-62.4;5.36;0.49;Negativno;Ne
5066;2.5;-59.4;2.54;0.9;Negativno;Ne
5067;2.1;-47.9;8.37;0.06;Negativno;Ne
5068;6.9;-46.4;6.35;1.6;Negativno;Ne
5069;1.5;-61.4;8.09;0.51;Negativno;Ne
5070;11.9;-76.8;6.9;0.16;Negativno;Ne
5071;1.1;-60.5;7.56;1.05;Negativno;Ne
5072;2.5;-60.2;6.88;0.21;Negativno;Ne
5073;7.7;-39.9;7.29;0.54;Negativno;Ne
5074;18.5;-40.4;4.39;0.37;Negativno;Ne
5075;10.1;-64.2;3.34;0.56;Negativno;Ne
5076;6.6;-85.3;7.14;0.02;Negativno;Ne
5077;11.9;-43.7;9.4;0.26;Negativno;Ne
5078;1.8;-71.7;6.77;0.53;Negativno;Ne
5079;4.2;-61.2;7.26;1.08;Pozitivno;Ne
5080;1.0;-68.6;7.75;0.43;Negativno;Ne
5081;1.5;-59.3;7.97;1.28;Negativno;Ne
5082;0.1;-60.9;5.77;0.28;Negativno;Ne
5083;1.3;-83.5;5.14;0.67;Negativno;Ne
5084;2.0;-73.8;3.38;1.1;Negativno;Ne
5085;1.9;-48.3;6.28;0.25;Negativno;Ne
5086;1.8;-66.2;8.32;0.9;Negativno;Ne
5087;3.4;-58.1;2.12;1.33;Negativno;Ne
5088;1.0;-76.4;5.79;0.47;Negativno;Ne
5089;6.0;-52.8;7.64;0.13;Negativno;Ne
5090;5.6;-57.9;4.86;0.1;Negativno;Ne
5091;3.1;-63.6;5.87;0.65;Negativno;Ne
5092;1.9;-65.7;7.41;0.28;Negativno;Ne
5093;6.4;-72.5;6.7;0.9;Negativno;Ne
5094;6.8;-59.1;9.11;0.21;Negativno;Ne
5095;2.7;-70.1;9.3;0.24;Negativno;Ne
5096;1.0;-55.7;8.3;0.88;Negativno;Ne
5097;1.9;-75.4;6.5;0.4;Negativno;Ne
5098;5.2;-49.9;7.57;1.23;Negativno;Ne
5099;7.9;-64.5;8.13;0.64;Negativno;Ne
5100;0.5;-59.7;7.62;0.42;Negativno;Ne
5101;4.7;-60.3;5.57;1.42;Negativno;Ne
5102;0.9;-57.2;5.72;0.83;Negativno;Ne
5103;6.8;-71.3;3.21;0.21;Negativno;Ne
5104;4.6;-73.5;11.85;0.05;Negativno;Ne
5105;4.7;-48.1;10.46;1.42;Negativno;Ne
5106;9.1;-73.8;7.37;0.63;Negativno;Ne
5107;7.9;-47.3;7.82;0.76;Negativno;Ne
5108;4.1;-65.3;6.68;0.7;Negativno;Ne
5109;0.9;-71.2;5.65;0.9;Negativno;Ne
5110;3.8;-60.7;7.06;0.18;Negativno;Ne
5111;1.8;-54.9;5.71;0.18;Negativno;Ne
5112;9.1;-54.3;8.23;0.05;Negativno;Ne
5113;1.2;-47.2;10.6;0.01;Negativno;Ne
5114;2.0;-63.5;8.56;0.17;Negativno;Ne
5115;10.5;-60.3;7.66;0.04;Negativno;Ne
5116;5.9;-68.2;6.65;0.07;Negativno;Ne
5117;3.8;-64.2;4.58;0.07;Negativno;Ne
5118;3.6;-41.6;10.44;0.04;Negativno;Ne
5119;6.1;-57.3;5.27;0.39;Negativno;Ne
5120;0.6;-68.1;6.39;0.05;Negativno;Ne
5121;1.3;-55.1;7.56;0.43;Negativno;Ne
5122;2.7;-43.7;4.89;1.06;Negativno;Ne
5123;1.1;-65.7;6.77;1.02;Negativno;Ne
5124;0.6;-65.6;5.92;0.09;Negativno;Ne
5125;4.4;-61.7;7.94;0.14;Negativno;Ne
5126;15.3;-54.1;6.74;0.96;Negativno;Ne
5127;6.2;-66.5;8.68;0.52;Negativno;Ne
5128;1.7;-61.6;7.34;0.64;Negativno;Ne
5129;8.0;-47.5;6.37;0.02;Negativno;Ne
5130;1.2;-69.1;10.46;0.14;Negativno;Ne
5131;7.3;-57.4;9.51;0.36;Negativno;Ne
5132;7.2;-67.3;5.2;0.9;Negativno;Ne
5133;11.8;-62.5;6.42;0.45;Negativno;Ne
5134;2.6;-46.6;8.81;0.26;Negativno;Ne
5135;0.2;-42.3;8.21;0.65;Negativno;Ne
5136;0.8;-65.6;8.1;0.22;Negativno;Ne
5137;3.2;-59.0;9.34;0.36;Negativno;Ne
5138;13.8;-56.2;9.36;0.02;Negativno;Ne
5139;12.9;-48.4;8.48;0.36;Negativno;Ne
5140;3.7;-55.6;8.16;1.02;Negativno;Ne
5141;8.5;-67.8;3.45;0.13;Negativno;Ne
5142;3.1;-50.7;4.71;0.12;Negativno;Ne
5143;1.9;-63.1;6.33;0.37;Negativno;Ne
5144;0.2;-52.5;10.4;0.21;Negativno;Ne
5145;2.6;-66.1;4.47;0.78;Negativno;Ne
5146;4.7;-72.2;8.78;0.87;Negativno;Ne
5147;6.2;-65.2;5.72;0.03;Negativno;Ne
5148;3.5;-65.8;6.67;0.29;Negativno;Ne
5149;2.3;-57.6;2.63;0.25;Negativno;Ne
5150;3.8;-68.8;6.77;0.41;Negativno;Ne
5151;6.2;-57.4;6.32;0.21;Negativno;Ne
5152;5.1;-41.5;9.32;1.64;Negativno;Ne
5153;0.2;-42.5;8.45;0.17;Negativno;Ne
5154;0.3;-66.8;8.24;1.06;Negativno;Ne
5155;8.0;-55.9;9.83;0.47;Negativno;Ne
5156;0.5;-64.8;8.77;0.05;Negativno;Ne
5157;2.4;-47.9;6.87;0.62;Negativno;Ne
5158;6.2;-61.2;8.19;0.02;Negativno;Ne
5159;7.4;-45.4;8.3;0.06;Negativno;Ne
5160;4.5;-70.3;6.61;0.3;Negativno;Ne
5161;2.1;-53.4;9.51;0.17;Negativno;Ne
5162;4.2;-63.5;9.66;0.07;Negativno;Ne
5163;3.2;-67.2;6.38;0.41;Negativno;Ne
5164;10.8;-59.0;6.33;1.12;Negativno;Ne
5165;3.0;-64.7;5.41;0.15;Negativno;Ne
5166;25.0;-66.7;3.51;0.31;Negativno;Ne
5167;16.9;-75.8;5.68;0.09;Negativno;Ne
5168;5.0;-57.8;6.67;0.66;Negativno;Ne
5169;0.7;-65.0;6.33;0.1;Negativno;Ne
5170;14.8;-70.2;9.7;0.11;Negativno;Ne
5171;3.8;-53.5;8.38;0.62;Negativno;Ne
5172;6.3;-48.8;6.82;2.01;Negativno;Ne
5173;2.5;-67.7;6.59;0.12;Negativno;Ne
5174;0.8;-55.6;4.26;1.87;Negativno;Ne
5175;9.8;-43.9;11.02;0.21;Negativno;Ne
5176;5.1;-74.4;3.83;0.37;Negativno;Ne
5177;1.9;-41.9;6.96;0.55;Negativno;Ne
5178;13.7;-62.8;7.62;0.06;Negativno;Ne
5179;3.1;-53.7;7.51;0.41;Negativno;Ne
5180;2.7;-61.2;8.32;0.73;Negativno;Ne
5181;0.0;-68.1;5.86;0.3;Pozitivno;Ne
5182;8.5;-59.1;6.8;1.67;Negativno;Ne
5183;1.8;-78.8;7.29;0.92;Negativno;Ne
5184;6.3;-60.6;6.25;0.9;Negativno;Ne
5185;1.0;-56.6;5.57;0.47;Negativno;Ne
5186;1.3;-69.0;4.35;0.51;Negativno;Ne
5187;3.4;-53.3;0.0;1.27;Negativno;Ne
5188;7.6;-54.8;8.59;0.94;Negativno;Ne
5189;3.9;-58.6;10.15;0.35;Negativno;Ne
5190;4.3;-57.7;5.9;0.13;Negativno;Ne
5191;10.9;-52.4;6.14;0.37;Negativno;Ne
5192;2.4;-58.8;6.64;1.74;Negativno;Ne
5193;1.2;-69.6;9.47;0.6;Negativno;Ne
5194;5.1;-54.5;7.75;0.73;Negativno;Ne
5195;2.1;-50.1;3.79;0.1;Negativno;Ne
5196;3.0;-53.1;8.29;0.05;Pozitivno;Ne
5197;0.7;-62.6;4.45;1.77;Negativno;Ne
5198;3.2;-80.0;8.87;0.78;Negativno;Ne
5199;1.0;-65.9;3.92;0.19;Negativno;Ne
5200;2.3;-66.3;7.18;1.0;Negativno;Ne
5201;6.3;-61.6;7.35;0.51;Negativno;Ne
5202;26.6;-59.6;2.44;0.45;Negativno;Ne
5203;1.1;-55.3;9.79;0.31;Negativno;Ne
5204;2.3;-46.5;7.75;0.13;Negativno;Ne
5205;4.2;-63.1;4.39;0.65;Negativno;Ne
5206;6.3;-63.3;9.32;0.06;Negativno;Ne
5207;8.5;-74.1;6.75;0.17;Negativno;Ne
5208;5.6;-60.1;9.34;0.22;Negativno;Ne
5209;1.0;-48.0;9.26;0.02;Negativno;Ne
5210;1.6;-50.7;6.22;0.09;Negativno;Ne
5211;0.6;-68.9;5.25;0.56;Negativno;Ne
5212;2.3;-63.2;7.29;0.05;Negativno;Ne
5213;1.0;-60.8;5.89;0.04;Negativno;Ne
5214;0.6;-55.5;7.16;0.13;Negativno;Ne
5215;5.2;-64.0;5.82;0.07;Negativno;Ne
5216;1.4;-31.4;5.9;0.08;Negativno;Ne
5217;0.7;-51.7;5.79;0.61;Negativno;Ne
5218;6.7;-47.6;6.25;2.14;Negativno;Ne
5219;8.7;-53.0;7.92;0.31;Negativno;Ne
5220;2.4;-63.4;9.12;0.27;Negativno;Ne
5221;5.3;-55.2;8.5;0.94;Negativno;Ne
5222;3.3;-77.2;10.94;0.67;Negativno;Ne
5223;7.5;-72.3;7.33;0.13;Negativno;Ne
5224;1.1;-73.6;6.05;0.14;Negativno;Ne
5225;1.9;-67.8;6.98;2.16;Negativno;Ne
5226;6.3;-86.5;5.53;0.19;Negativno;Ne
5227;2.5;-67.3;8.97;0.13;Negativno;Ne
5228;5.8;-60.6;7.17;0.04;Negativno;Ne
5229;6.0;-71.8;6.9;0.17;Negativno;Ne
5230;1.9;-69.8;8.58;0.26;Negativno;Ne
5231;3.9;-55.0;6.12;0.61;Pozitivno;Ne
5232;6.0;-39.2;5.08;0.59;Negativno;Ne
5233;2.8;-49.1;6.43;0.2;Negativno;Ne
5234;2.8;-68.0;5.51;0.87;Negativno;Ne
5235;0.9;-64.5;7.69;1.74;Negativno;Ne
5236;0.1;-71.4;5.34;0.79;Negativno;Ne
5237;0.3;-56.9;8.57;0.83;Negativno;Ne
5238;0.4;-52.2;7.15;0.04;Negativno;Ne
5239;6.8;-63.4;9.14;0.5;Negativno;Ne
5240;3.7;-48.4;7.49;0.02;Negativno;Ne
5241;4.9;-59.3;7.04;0.32;Negativno;Ne
5242;9.0;-73.8;7.26;2.73;Negativno;Ne
5243;8.6;-60.2;11.21;0.12;Negativno;Ne
5244;2.2;-54.2;5.32;0.06;Negativno;Ne
5245;1.8;-65.1;7.98;0.88;Negativno;Ne
5246;6.5;-50.3;5.35;0.26;Negativno;Ne
5247;6.6;-43.2;4.87;0.07;Negativno;Ne
5248;12.0;-50.6;7.34;0.2;Negativno;Ne
5249;3.8;-64.6;9.32;0.17;Negativno;Ne
5250;3.8;-59.2;11.1;0.46;Negativno;Ne
5251;2.2;-64.2;4.06;0.91;Negativno;Ne
5252;5.9;-62.3;7.37;1.01;Negativno;Ne
5253;8.1;-69.9;5.01;0.02;Negativno;Ne
5254;10.8;-54.3;4.96;0.1;Negativno;Ne
5255;1.2;-59.1;7.83;0.93;Negativno;Ne
5256;4.0;-45.1;6.52;0.04;Negativno;Ne
5257;5.7;-60.7;6.84;0.11;Negativno;Ne
5258;1.6;-38.8;4.73;1.12;Negativno;Ne
5259;3.1;-56.7;6.45;1.34;Negativno;Ne
5260;7.1;-45.7;2.41;0.07;Negativno;Ne
5261;5.5;-42.2;8.0;0.7;Negativno;Ne
5262;13.4;-56.5;7.01;0.15;Negativno;Ne
5263;0.1;-72.3;8.13;0.36;Negativno;Ne
5264;11.3;-50.0;7.7;0.23;Negativno;Ne
5265;14.3;-83.8;5.09;0.17;Negativno;Ne
5266;7.2;-57.9;6.5;0.5;Negativno;Ne
5267;2.8;-58.3;8.34;0.27;Negativno;Ne
5268;3.1;-79.2;5.41;0.03;Negativno;Ne
5269;0.3;-57.4;6.35;0.35;Negativno;Ne
5270;11.5;-57.9;6.16;1.19;Negativno;Ne
5271;0.7;-79.3;3.06;0.66;Negativno;Ne
5272;10.2;-57.4;7.43;0.06;Negativno;Ne
5273;13.1;-69.7;4.28;0.83;Negativno;Ne
5274;8.6;-69.9;2.17;0.07;Negativno;Ne
5275;24.9;-36.9;6.71;0.11;Negativno;Ne
5276;3.8;-58.0;13.37;0.38;Negativno;Ne
5277;8.0;-66.7;6.73;0.07;Negativno;Ne
5278;2.2;-45.5;3.92;1.28;Negativno;Ne
5279;0.5;-58.9;4.86;1.22;Negativno;Ne
5280;0.6;-47.6;9.48;1.04;Negativno;Ne
5281;3.3;-50.7;6.67;0.0;Negativno;Ne
5282;0.0;-49.7;7.53;1.16;Negativno;Ne
5283;6.3;-53.0;8.82;1.21;Negativno;Ne
5284;1.5;-54.5;6.49;0.07;Negativno;Ne
5285;3.1;-64.9;4.66;1.94;Negativno;Ne
5286;3.3;-60.1;5.95;0.23;Negativno;Ne
5287;3.5;-77.6;7.98;0.53;Negativno;Ne
5288;0.6;-62.0;6.61;0.17;Negativno;Ne
5289;3.0;-57.8;7.94;1.75;Negativno;Ne
5290;3.7;-69.9;7.02;0.08;Negativno;Ne
5291;4.6;-78.3;4.56;0.0;Negativno;Ne
5292;1.8;-49.2;11.08;0.48;Negativno;Ne
5293;12.5;-61.1;8.16;0.48;Negativno;Ne
5294;12.0;-51.0;2.12;0.12;Negativno;Ne
5295;3.7;-52.2;6.84;0.75;Negativno;Ne
5296;15.8;-56.3;8.15;0.3;Negativno;Ne
5297;0.9;-45.8;10.03;0.12;Negativno;Ne
5298;2.3;-65.0;7.8;0.56;Negativno;Ne
5299;1.8;-47.6;6.31;0.08;Negativno;Ne
5300;6.5;-41.4;8.11;0.02;Negativno;Ne
5301;16.9;-42.4;7.7;0.03;Negativno;Ne
5302;1.4;-65.8;4.99;0.97;Negativno;Ne
5303;7.0;-54.2;5.07;1.57;Negativno;Ne
5304;7.6;-51.3;3.91;0.23;Negativno;Ne
5305;1.0;-53.5;6.96;0.05;Negativno;Ne
5306;5.0;-69.1;5.26;0.51;Negativno;Ne
5307;2.1;-52.3;7.58;0.12;Negativno;Ne
5308;2.1;-54.4;4.34;0.18;Negativno;Ne
5309;6.0;-66.0;7.23;0.04;Negativno;Ne
5310;11.0;-52.5;6.18;0.24;Negativno;Ne
5311;0.6;-65.0;8.56;0.23;Negativno;Ne
5312;0.4;-56.3;7.37;1.04;Negativno;Ne
5313;3.8;-58.6;8.35;0.58;Negativno;Ne
5314;6.6;-77.5;5.56;0.81;Negativno;Ne
5315;2.7;-66.3;6.46;0.32;Negativno;Ne
5316;4.3;-63.6;9.51;0.46;Negativno;Ne
5317;1.5;-69.9;5.17;0.38;Negativno;Ne
5318;2.5;-63.3;6.75;0.42;Negativno;Ne
5319;0.1;-61.4;3.33;0.18;Negativno;Ne
5320;18.1;-81.0;2.91;1.85;Negativno;Ne
5321;1.0;-72.7;6.27;1.07;Negativno;Ne
5322;9.3;-66.3;6.01;0.02;Negativno;Ne
5323;20.6;-56.5;11.28;1.15;Negativno;Ne
5324;5.8;-58.1;8.39;0.71;Negativno;Ne
5325;8.0;-46.0;7.51;0.15;Negativno;Ne
5326;2.4;-58.4;6.8;2.68;Negativno;Ne
5327;2.9;-44.5;8.98;0.44;Negativno;Ne
5328;21.4;-74.5;10.31;0.02;Negativno;Ne
5329;2.7;-61.9;8.5;1.48;Negativno;Ne
5330;3.7;-63.3;6.38;0.97;Negativno;Ne
5331;0.5;-61.4;8.74;0.01;Negativno;Ne
5332;3.1;-58.4;6.66;0.59;Negativno;Ne
5333;3.3;-57.7;8.27;0.7;Negativno;Ne
5334;19.3;-65.7;4.72;0.83;Negativno;Ne
5335;11.8;-49.3;9.27;0.25;Negativno;Ne
5336;5.6;-55.2;4.32;1.04;Negativno;Ne
5337;17.1;-44.9;6.7;0.48;Negativno;Ne
5338;0.8;-32.4;1.97;0.54;Negativno;Ne
5339;0.4;-53.7;5.73;0.0;Negativno;Ne
5340;4.0;-69.1;8.33;0.26;Negativno;Ne
5341;1.0;-43.4;2.07;0.45;Negativno;Ne
5342;1.5;-71.0;6.22;0.02;Negativno;Ne
5343;5.1;-54.5;7.73;0.33;Negativno;Ne
5344;4.7;-78.6;6.71;2.15;Negativno;Ne
5345;1.2;-61.8;8.12;0.47;Negativno;Ne
5346;1.7;-51.0;8.24;0.05;Negativno;Ne
5347;0.1;-48.1;7.63;0.01;Negativno;Ne
5348;2.7;-66.0;7.25;1.18;Negativno;Ne
5349;2.6;-74.3;5.53;0.3;Negativno;Ne
5350;1.7;-40.1;6.14;0.61;Negativno;Ne
5351;17.3;-55.7;8.1;0.26;Negativno;Ne
5352;1.4;-51.9;10.87;1.08;Negativno;Ne
5353;7.2;-61.5;5.72;0.56;Negativno;Ne
5354;1.4;-70.8;9.9;0.91;Negativno;Ne
5355;3.2;-63.1;6.98;0.66;Negativno;Ne
5356;3.4;-68.6;8.21;0.38;Negativno;Ne
5357;3.8;-64.0;5.16;0.11;Negativno;Ne
5358;0.3;-57.1;5.95;0.31;Negativno;Ne
5359;10.8;-72.3;7.26;0.22;Negativno;Ne
5360;11.8;-65.1;7.6;0.07;Negativno;Ne
5361;1.2;-66.6;5.54;0.17;Negativno;Ne
5362;7.1;-46.0;5.97;0.95;Negativno;Ne
5363;1.3;-70.5;6.91;0.3;Negativno;Ne
5364;2.6;-61.3;5.87;0.42;Negativno;Ne
5365;1.9;-62.7;7.47;0.97;Negativno;Ne
5366;1.4;-69.1;9.34;1.09;Negativno;Ne
5367;11.7;-65.0;3.83;2.64;Negativno;Ne
5368;4.8;-58.4;10.0;1.67;Negativno;Ne
5369;11.8;-73.0;5.83;0.41;Negativno;Ne
5370;3.1;-57.1;7.05;0.77;Negativno;Ne
5371;8.4;-60.8;5.38;0.32;Negativno;Ne
5372;0.4;-74.9;9.48;1.44;Negativno;Ne
5373;6.9;-57.3;10.47;0.61;Negativno;Ne
5374;3.7;-59.1;7.23;0.44;Negativno;Ne
5375;20.3;-50.4;4.47;0.11;Negativno;Ne
5376;2.4;-60.0;7.31;0.33;Negativno;Ne
5377;1.1;-71.8;7.47;0.29;Negativno;Ne
5378;3.5;-61.4;6.15;0.59;Negativno;Ne
5379;5.3;-57.0;5.96;0.18;Negativno;Ne
5380;6.2;-58.5;7.9;0.75;Negativno;Ne
5381;0.9;-50.8;8.3;0.06;Negativno;Ne
5382;2.0;-67.0;9.82;0.58;Negativno;Ne
5383;0.6;-53.8;8.39;0.05;Negativno;Ne
5384;4.9;-54.0;7.21;0.17;Negativno;Ne
5385;8.9;-52.4;5.7;0.38;Negativno;Ne
5386;2.2;-46.2;10.79;0.4;Negativno;Ne
5387;1.3;-54.8;5.76;0.66;Negativno;Ne
5388;1.3;-59.6;7.48;0.3;Negativno;Ne
5389;5.8;-57.0;8.64;0.79;Negativno;Ne
5390;10.3;-58.4;8.54;1.27;Negativno;Ne
5391;10.3;-72.5;5.64;0.57;Negativno;Ne
5392;3.0;-72.3;6.41;1.78;Negativno;Ne
5393;8.5;-55.9;7.84;1.16;Negativno;Ne
5394;3.2;-55.2;7.95;0.5;Negativno;Ne
5395;0.5;-62.0;6.08;0.71;Negativno;Ne
5396;10.5;-57.0;6.43;0.6;Negativno;Ne
5397;1.5;-56.3;7.51;0.13;Negativno;Ne
5398;0.7;-70.1;10.4;0.19;Negativno;Ne
5399;0.4;-69.0;8.59;0.59;Negativno;Ne
5400;0.6;-54.7;7.81;0.07;Negativno;Ne
5401;3.9;-60.3;5.71;0.14;Negativno;Ne
5402;2.2;-68.8;7.99;0.1;Negativno;Ne
5403;5.2;-77.7;7.95;0.21;Negativno;Ne
5404;3.7;-54.4;7.07;1.45;Negativno;Ne
5405;5.6;-51.4;8.07;0.37;Negativno;Ne
5406;1.6;-59.6;8.73;0.2;Negativno;Ne
5407;4.4;-76.8;9.06;0.09;Negativno;Ne
5408;3.3;-68.5;7.69;0.39;Negativno;Ne
5409;2.6;-58.3;7.58;0.13;Negativno;Ne
5410;0.1;-52.9;4.68;0.82;Negativno;Ne
5411;7.9;-56.4;6.16;0.02;Negativno;Ne
5412;4.1;-84.9;10.42;0.21;Negativno;Ne
5413;1.9;-44.4;10.65;0.16;Negativno;Ne
5414;9.2;-79.1;9.14;0.71;Negativno;Ne
5415;7.5;-50.8;7.12;0.52;Negativno;Ne
5416;0.8;-35.2;8.62;0.19;Negativno;Ne
5417;4.1;-69.0;6.74;0.32;Negativno;Ne
5418;4.3;-50.6;7.71;0.41;Negativno;Ne
5419;2.3;-66.9;5.54;0.27;Negativno;Ne
5420;9.6;-55.1;9.54;0.24;Negativno;Ne
5421;0.6;-40.4;6.79;0.03;Negativno;Ne
5422;4.0;-70.5;6.42;0.04;Negativno;Ne
5423;1.1;-67.0;7.76;0.61;Negativno;Ne
5424;5.5;-64.6;6.22;0.14;Negativno;Ne
5425;3.6;-50.7;7.76;0.97;Negativno;Ne
5426;6.3;-66.6;6.87;1.05;Negativno;Ne
5427;8.1;-36.6;6.7;0.59;Negativno;Ne
5428;1.4;-55.0;8.08;0.33;Negativno;Ne
5429;5.7;-61.6;8.6;0.05;Negativno;Ne
5430;8.4;-57.4;6.31;0.12;Negativno;Ne
5431;0.2;-66.8;3.82;0.29;Negativno;Ne
5432;3.2;-56.0;6.08;0.46;Negativno;Ne
5433;18.5;-48.6;6.21;1.55;Negativno;Ne
5434;4.6;-53.2;7.69;0.02;Negativno;Ne
5435;6.3;-53.1;8.44;0.53;Negativno;Ne
5436;1.8;-68.2;6.26;0.08;Negativno;Ne
5437;2.9;-64.6;7.8;0.5;Negativno;Ne
5438;5.6;-57.6;8.13;0.4;Negativno;Ne
5439;0.5;-56.5;5.01;0.26;Negativno;Ne
5440;11.2;-73.4;3.61;0.02;Negativno;Ne
5441;0.8;-71.5;8.1;0.01;Negativno;Ne
5442;9.4;-59.3;5.13;1.32;Negativno;Ne
5443;11.8;-30.6;6.49;0.5;Negativno;Ne
5444;3.0;-56.1;6.64;0.18;Negativno;Ne
5445;4.1;-67.5;5.43;1.22;Negativno;Ne
5446;2.1;-47.8;9.16;1.31;Negativno;Ne
5447;26.2;-66.4;10.72;0.74;Negativno;Ne
5448;0.6;-66.2;8.64;1.0;Negativno;Ne
5449;1.0;-49.7;3.06;0.8;Negativno;Ne
5450;1.0;-66.3;7.58;0.22;Negativno;Ne
5451;2.2;-68.7;4.88;1.18;Negativno;Ne
5452;5.3;-56.6;8.01;0.77;Negativno;Ne
5453;2.3;-39.5;7.59;0.85;Negativno;Ne
5454;0.9;-45.5;7.38;0.32;Negativno;Ne
5455;7.2;-57.7;7.48;0.36;Negativno;Ne
5456;8.0;-73.3;4.15;0.2;Negativno;Ne
5457;2.3;-89.9;9.46;0.01;Negativno;Ne
5458;0.2;-46.5;7.63;0.71;Negativno;Ne
5459;0.8;-52.9;7.72;0.06;Negativno;Ne
5460;0.9;-59.8;7.88;0.31;Negativno;Ne
5461;4.7;-61.4;4.47;0.13;Negativno;Ne
5462;20.1;-66.9;7.73;0.26;Negativno;Ne
5463;0.1;-62.1;4.61;0.17;Negativno;Ne
5464;26.0;-55.9;9.32;0.33;Negativno;Ne
5465;1.9;-49.9;8.86;0.19;Negativno;Ne
5466;4.1;-76.2;7.03;0.17;Negativno;Ne
5467;2.5;-72.1;7.8;1.09;Negativno;Ne
5468;4.4;-63.1;4.55;0.05;Negativno;Ne
5469;0.4;-61.1;6.97;0.65;Negativno;Ne
5470;0.7;-75.6;9.65;1.17;Negativno;Ne
5471;4.3;-57.2;7.12;0.5;Negativno;Ne
5472;7.3;-40.9;5.52;0.21;Negativno;Ne
5473;14.8;-64.7;5.99;0.01;Negativno;Ne
5474;5.5;-48.9;6.62;1.11;Negativno;Ne
5475;0.4;-47.7;7.26;0.3;Negativno;Ne
5476;2.7;-60.8;6.97;0.05;Negativno;Ne
5477;3.5;-54.3;10.12;1.17;Negativno;Ne
5478;2.3;-44.6;4.48;1.97;Negativno;Ne
5479;0.1;-63.8;8.94;0.32;Negativno;Ne
5480;15.7;-64.8;6.61;0.72;Negativno;Ne
5481;1.0;-57.1;6.88;1.39;Negativno;Ne
5482;1.1;-39.5;6.12;0.77;Negativno;Ne
5483;3.7;-70.0;10.24;1.43;Negativno;Ne
5484;0.0;-67.8;6.67;0.81;Negativno;Ne
5485;5.4;-62.7;5.76;1.34;Negativno;Ne
5486;0.7;-61.9;7.38;0.16;Negativno;Ne
5487;3.6;-60.2;7.11;0.68;Negativno;Ne
5488;5.1;-53.3;6.73;0.2;Pozitivno;Ne
5489;9.8;-67.6;8.21;0.56;Negativno;Ne
5490;0.4;-71.9;4.94;0.14;Negativno;Ne
5491;0.7;-59.7;7.3;0.71;Negativno;Ne
5492;5.7;-72.4;5.93;0.01;Negativno;Ne
5493;0.6;-60.9;6.65;0.45;Negativno;Ne
5494;9.1;-49.3;9.34;0.25;Negativno;Ne
5495;7.8;-74.0;6.06;1.59;Negativno;Ne
5496;1.5;-70.9;9.23;0.57;Negativno;Ne
5497;0.8;-56.4;8.17;0.16;Negativno;Ne
5498;0.7;-58.4;8.62;0.18;Negativno;Ne
5499;6.5;-29.6;4.63;0.11;Negativno;Ne
5500;8.3;-72.8;7.86;0.18;Negativno;Ne
5501;0.5;-53.9;5.58;0.44;Negativno;Ne
5502;5.6;-52.6;7.57;2.26;Negativno;Ne
5503;2.8;-42.0;7.0;0.12;Negativno;Ne
5504;0.2;-52.6;4.11;1.01;Negativno;Ne
5505;0.3;-54.0;6.62;0.14;Negativno;Ne
5506;0.3;-54.2;8.01;0.67;Negativno;Ne
5507;10.9;-58.8;7.71;0.61;Negativno;Ne
5508;6.3;-60.2;8.93;3.57;Negativno;Ne
5509;2.0;-58.5;7.3;1.71;Negativno;Ne
5510;0.6;-61.1;7.81;0.54;Negativno;Ne
5511;0.7;-47.2;5.93;1.11;Negativno;Ne
5512;9.5;-72.2;5.89;0.06;Negativno;Ne
5513;1.3;-84.6;6.44;0.5;Negativno;Ne
5514;2.9;-38.4;4.91;1.47;Negativno;Ne
5515;5.6;-53.2;8.21;1.42;Negativno;Ne
5516;1.0;-38.9;8.47;0.89;Negativno;Ne
5517;2.1;-58.1;9.83;3.38;Negativno;Ne
5518;4.4;-37.7;6.55;0.36;Negativno;Ne
5519;2.5;-64.8;7.79;0.23;Negativno;Ne
5520;0.2;-43.8;2.81;0.17;Negativno;Ne
5521;19.0;-57.0;7.94;0.36;Negativno;Ne
5522;1.2;-61.6;3.37;0.06;Negativno;Ne
5523;9.4;-61.3;7.58;0.03;Negativno;Ne
5524;5.8;-71.2;7.49;1.19;Negativno;Ne
5525;1.3;-63.1;6.95;1.74;Negativno;Ne
5526;4.2;-46.8;5.0;0.73;Negativno;Ne
5527;10.7;-51.6;8.01;0.26;Negativno;Ne
5528;6.6;-57.5;5.79;0.01;Negativno;Ne
5529;14.1;-56.0;7.36;0.13;Negativno;Ne
5530;2.2;-56.5;5.58;0.34;Negativno;Ne
5531;16.7;-56.7;5.23;1.11;Negativno;Ne
5532;0.6;-52.2;9.27;0.03;Negativno;Ne
5533;0.5;-70.1;1.47;0.46;Negativno;Ne
5534;4.3;-68.9;5.88;0.09;Negativno;Ne
5535;0.4;-75.4;9.01;0.29;Negativno;Ne
5536;0.2;-44.9;7.75;0.25;Negativno;Ne
5537;9.8;-49.8;6.78;0.02;Negativno;Ne
5538;15.0;-57.2;8.63;0.47;Negativno;Ne
5539;14.4;-53.3;7.76;0.51;Negativno;Ne
5540;5.5;-49.2;7.19;0.01;Negativno;Ne
5541;5.3;-63.4;6.62;0.19;Negativno;Ne
5542;0.1;-70.5;9.19;0.12;Negativno;Ne
5543;6.6;-67.2;6.34;0.31;Negativno;Ne
5544;5.5;-69.1;7.14;0.11;Negativno;Ne
5545;3.9;-60.5;7.56;0.25;Negativno;Ne
5546;1.9;-59.7;6.41;0.52;Negativno;Ne
5547;9.2;-72.5;5.41;0.2;Negativno;Ne
5548;11.4;-61.3;7.6;0.49;Negativno;Ne
5549;1.3;-39.2;6.58;0.51;Negativno;Ne
5550;0.8;-52.1;7.5;0.16;Negativno;Ne
5551;2.5;-58.6;5.24;1.29;Negativno;Ne
5552;5.4;-72.5;3.29;0.14;Negativno;Ne
5553;5.3;-55.5;4.72;1.01;Negativno;Ne
5554;0.3;-67.4;5.29;0.44;Negativno;Ne
5555;15.8;-58.8;8.77;0.17;Negativno;Ne
5556;19.0;-50.4;4.19;0.02;Negativno;Ne
5557;3.4;-52.2;8.57;0.59;Negativno;Ne
5558;7.8;-72.5;4.89;0.64;Negativno;Ne
5559;1.3;-40.3;6.82;0.14;Negativno;Ne
5560;7.0;-57.7;8.03;0.15;Negativno;Ne
5561;4.1;-43.6;7.52;0.53;Negativno;Ne
5562;3.2;-58.6;3.62;0.02;Negativno;Ne
5563;4.9;-60.1;7.0;0.6;Negativno;Ne
5564;3.9;-66.1;7.58;0.31;Negativno;Ne
5565;9.0;-57.9;6.69;0.93;Negativno;Ne
5566;1.3;-63.4;9.59;0.59;Negativno;Ne
5567;5.1;-56.5;6.04;0.69;Negativno;Ne
5568;10.4;-66.3;6.18;0.16;Negativno;Ne
5569;9.7;-54.0;7.3;1.8;Negativno;Ne
5570;9.7;-59.0;4.94;0.25;Negativno;Ne
5571;7.8;-60.4;8.41;1.06;Negativno;Ne
5572;3.5;-85.1;5.22;0.55;Negativno;Ne
5573;0.3;-69.1;9.22;0.3;Negativno;Ne
5574;11.6;-53.7;7.42;2.03;Negativno;Ne
5575;0.4;-43.5;6.32;0.44;Negativno;Ne
5576;1.2;-58.7;5.85;0.23;Negativno;Ne
5577;1.6;-53.2;8.43;0.32;Negativno;Ne
5578;0.7;-70.3;7.61;0.47;Negativno;Ne
5579;2.4;-71.8;5.06;1.22;Negativno;Ne
5580;6.7;-71.0;4.69;0.23;Negativno;Ne
5581;1.9;-74.8;6.3;0.64;Negativno;Ne
5582;1.9;-50.6;9.01;0.19;Negativno;Ne
5583;7.5;-77.4;7.33;1.32;Negativno;Ne
5584;6.3;-65.3;6.95;0.53;Negativno;Ne
5585;20.3;-49.8;7.63;0.34;Negativno;Ne
5586;0.2;-63.5;8.38;0.15;Negativno;Ne
5587;1.7;-72.5;9.2;0.11;Negativno;Ne
5588;6.9;-56.5;7.14;0.3;Negativno;Ne
5589;2.2;-75.2;7.08;0.13;Negativno;Ne
5590;0.9;-62.6;11.87;0.18;Negativno;Ne
5591;2.8;-71.5;8.7;0.25;Negativno;Ne
5592;7.4;-65.8;7.91;1.19;Negativno;Ne
5593;5.9;-38.5;6.68;0.04;Negativno;Ne
5594;0.9;-45.3;7.11;0.83;Negativno;Ne
5595;11.9;-60.1;6.07;0.04;Negativno;Ne
5596;0.8;-39.9;9.19;0.96;Negativno;Ne
5597;2.0;-66.0;3.58;0.33;Negativno;Ne
5598;8.1;-64.4;9.18;0.07;Negativno;Ne
5599;3.4;-69.7;5.63;1.25;Negativno;Ne
5600;1.0;-65.2;7.97;1.26;Negativno;Ne
5601;5.5;-68.6;7.52;0.46;Negativno;Ne
5602;5.0;-45.9;9.39;0.75;Negativno;Ne
5603;4.6;-75.0;4.64;0.21;Negativno;Ne
5604;4.3;-57.2;8.74;0.71;Negativno;Ne
5605;3.9;-57.3;7.07;0.28;Negativno;Ne
5606;1.1;-71.5;5.39;0.04;Negativno;Ne
5607;5.5;-63.1;5.45;1.31;Negativno;Ne
5608;0.4;-73.7;8.47;0.91;Negativno;Ne
5609;4.9;-65.9;5.2;0.13;Negativno;Ne
5610;0.3;-45.0;8.6;0.2;Negativno;Ne
5611;29.0;-68.7;7.61;0.22;Negativno;Ne
5612;13.3;-62.4;5.78;0.22;Negativno;Ne
5613;0.7;-58.7;10.9;0.64;Negativno;Ne
5614;9.6;-38.8;7.47;1.31;Negativno;Ne
5615;1.7;-59.4;10.2;0.64;Negativno;Ne
5616;3.5;-58.4;5.97;1.16;Negativno;Ne
5617;1.3;-44.8;4.08;0.41;Negativno;Ne
5618;15.3;-40.6;9.15;1.13;Negativno;Ne
5619;6.2;-52.3;9.71;1.12;Negativno;Ne
5620;5.4;-68.8;6.76;0.19;Negativno;Ne
5621;8.9;-57.6;10.88;1.02;Negativno;Ne
5622;0.3;-55.5;8.19;0.09;Negativno;Ne
5623;1.6;-70.7;5.85;0.82;Negativno;Ne
5624;2.5;-66.3;8.88;0.35;Negativno;Ne
5625;15.1;-62.0;10.65;0.05;Negativno;Ne
5626;16.9;-50.2;9.62;0.09;Negativno;Ne
5627;7.4;-55.0;9.34;0.26;Negativno;Ne
5628;3.3;-56.5;7.97;3.54;Pozitivno;Ne
5629;8.2;-59.7;6.63;0.27;Negativno;Ne
5630;3.5;-63.3;5.6;0.3;Negativno;Ne
5631;2.1;-48.3;7.27;0.02;Negativno;Ne
5632;28.0;-68.2;5.54;0.01;Negativno;Ne
5633;4.6;-61.1;5.82;0.08;Negativno;Ne
5634;1.3;-52.0;7.15;0.88;Negativno;Ne
5635;3.8;-50.7;10.67;0.67;Negativno;Ne
5636;0.3;-65.4;9.68;0.04;Negativno;Ne
5637;9.5;-40.2;4.65;0.1;Negativno;Ne
5638;9.0;-72.3;7.15;0.24;Negativno;Ne
5639;7.8;-53.2;11.55;0.89;Negativno;Ne
5640;5.4;-49.2;6.65;0.43;Negativno;Ne
5641;3.1;-48.1;6.15;0.08;Negativno;Ne
5642;2.5;-50.6;6.49;0.52;Negativno;Ne
5643;0.1;-52.5;4.49;1.18;Negativno;Ne
5644;6.8;-75.6;7.35;0.65;Negativno;Ne
5645;7.4;-52.1;6.56;0.28;Negativno;Ne
5646;5.3;-47.3;7.85;0.12;Negativno;Ne
5647;2.2;-57.2;9.04;0.32;Negativno;Ne
5648;2.7;-72.1;5.97;0.34;Negativno;Ne
5649;2.6;-72.7;8.06;0.29;Negativno;Ne
5650;8.2;-76.6;6.59;0.12;Negativno;Ne
5651;3.0;-67.5;7.04;1.52;Negativno;Ne
5652;0.4;-52.7;11.8;0.07;Negativno;Ne
5653;8.0;-60.7;10.11;0.69;Negativno;Ne
5654;6.3;-52.1;10.83;1.9;Negativno;Ne
5655;0.8;-55.7;10.27;0.23;Negativno;Ne
5656;1.3;-72.1;5.82;0.31;Negativno;Ne
5657;4.0;-54.0;5.55;0.98;Negativno;Ne
5658;7.3;-52.9;8.88;0.05;Negativno;Ne
5659;26.1;-51.7;6.0;1.34;Negativno;Ne
5660;1.6;-66.8;7.48;0.54;Negativno;Ne
5661;14.1;-70.3;4.76;0.86;Negativno;Ne
5662;0.5;-61.5;6.53;0.1;Negativno;Ne
5663;1.3;-56.4;3.75;0.7;Negativno;Ne
5664;3.7;-61.6;4.2;0.45;Negativno;Ne
5665;3.7;-62.4;4.84;0.23;Negativno;Ne
5666;3.3;-54.2;6.01;0.07;Negativno;Ne
5667;7.5;-61.1;4.28;0.09;Negativno;Ne
5668;0.3;-72.3;10.14;1.14;Negativno;Ne
5669;1.6;-54.6;2.91;1.41;Negativno;Ne
5670;3.6;-60.2;9.01;0.35;Negativno;Ne
5671;0.1;-61.0;9.74;0.24;Negativno;Ne
5672;0.6;-54.9;11.74;0.0;Negativno;Ne
5673;2.3;-47.3;9.25;0.49;Negativno;Ne
5674;4.2;-51.8;6.26;0.71;Negativno;Ne
5675;6.8;-56.1;9.31;0.34;Negativno;Ne
5676;6.6;-64.5;9.64;0.89;Negativno;Ne
5677;0.0;-64.2;7.26;0.02;Negativno;Ne
5678;4.1;-50.8;7.07;0.32;Negativno;Ne
5679;10.1;-53.3;9.02;0.52;Negativno;Ne
5680;2.8;-72.3;9.3;0.36;Negativno;Ne
5681;6.5;-56.1;7.25;0.73;Negativno;Ne
5682;3.7;-51.8;7.99;0.77;Negativno;Ne
5683;0.2;-71.3;8.33;0.99;Negativno;Ne
5684;4.4;-36.8;5.88;0.06;Negativno;Ne
5685;7.6;-84.2;5.78;0.51;Negativno;Ne
5686;5.3;-69.3;2.4;0.06;Negativno;Ne
5687;6.3;-59.4;6.44;0.16;Negativno;Ne
5688;3.1;-77.4;6.41;0.81;Negativno;Ne
5689;5.8;-56.6;6.33;1.13;Negativno;Ne
5690;8.1;-65.7;5.6;0.75;Negativno;Ne
5691;4.9;-68.0;8.86;0.18;Negativno;Ne
5692;2.2;-54.1;6.13;0.17;Negativno;Ne
5693;0.1;-64.1;7.22;0.27;Negativno;Ne
5694;0.6;-59.3;8.16;0.09;Negativno;Ne
5695;2.1;-54.1;6.64;0.66;Negativno;Ne
5696;5.3;-76.8;3.8;0.23;Negativno;Ne
5697;12.4;-45.9;7.05;0.12;Negativno;Ne
5698;5.0;-59.6;5.46;0.73;Negativno;Ne
5699;2.3;-64.7;10.27;0.18;Negativno;Ne
5700;5.9;-30.3;6.26;0.16;Negativno;Ne
5701;5.1;-68.7;8.6;0.29;Negativno;Ne
5702;8.8;-48.4;3.67;0.05;Negativno;Ne
5703;7.0;-64.8;9.25;0.13;Negativno;Ne
5704;1.9;-68.6;8.73;0.15;Negativno;Ne
5705;4.7;-43.2;7.17;0.19;Negativno;Ne
5706;5.3;-61.2;5.75;0.28;Negativno;Ne
5707;6.8;-53.3;5.08;0.78;Negativno;Ne
5708;7.4;-67.0;7.11;0.37;Negativno;Ne
5709;0.5;-62.3;5.54;0.19;Negativno;Ne
5710;8.4;-45.3;10.04;0.11;Negativno;Ne
5711;3.2;-55.4;10.27;0.23;Negativno;Ne
5712;10.4;-71.1;8.32;0.79;Negativno;Ne
5713;18.4;-69.7;6.17;0.22;Negativno;Ne
5714;0.3;-46.3;7.26;1.21;Negativno;Ne
5715;8.7;-77.0;9.1;0.21;Negativno;Ne
5716;0.9;-68.7;8.17;0.14;Negativno;Ne
5717;3.6;-70.9;8.17;0.46;Negativno;Ne
5718;13.5;-64.2;7.13;1.17;Negativno;Ne
5719;12.5;-70.3;3.85;0.08;Negativno;Ne
5720;0.1;-43.9;5.42;0.22;Negativno;Ne
5721;0.1;-68.6;6.16;1.29;Negativno;Ne
5722;5.4;-63.5;8.92;1.66;Negativno;Ne
5723;1.5;-41.7;8.03;0.19;Negativno;Ne
5724;4.9;-76.1;8.3;0.8;Negativno;Ne
5725;0.5;-59.2;7.12;0.13;Negativno;Ne
5726;2.2;-68.4;5.62;0.2;Negativno;Ne
5727;1.2;-60.3;6.94;0.17;Negativno;Ne
5728;1.9;-57.2;7.83;0.87;Negativno;Ne
5729;7.8;-50.2;4.89;0.11;Negativno;Ne
5730;0.7;-68.0;6.99;0.33;Negativno;Ne
5731;9.0;-55.1;8.83;0.42;Negativno;Ne
5732;5.2;-67.8;9.48;0.6;Negativno;Ne
5733;0.0;-56.8;8.31;0.23;Negativno;Ne
5734;9.6;-41.6;10.58;0.43;Negativno;Ne
5735;6.5;-62.7;7.69;0.25;Negativno;Ne
5736;9.6;-56.9;7.17;0.3;Negativno;Ne
5737;3.5;-55.2;3.54;0.09;Negativno;Ne
5738;14.7;-49.7;4.6;0.18;Negativno;Ne
5739;0.8;-58.9;4.21;0.26;Negativno;Ne
5740;4.2;-73.5;4.39;0.57;Negativno;Ne
5741;1.6;-53.5;6.12;0.91;Negativno;Ne
5742;5.4;-68.2;5.06;1.36;Negativno;Ne
5743;10.0;-49.3;6.68;0.28;Negativno;Ne
5744;11.0;-48.9;4.81;0.09;Negativno;Ne
5745;1.2;-53.7;5.38;0.26;Negativno;Ne
5746;1.9;-65.7;7.36;0.24;Negativno;Ne
5747;2.9;-68.2;6.95;0.28;Negativno;Ne
5748;3.7;-50.2;9.55;1.09;Negativno;Ne
5749;0.1;-68.5;8.63;0.16;Negativno;Ne
5750;6.7;-65.4;3.31;0.44;Negativno;Ne
5751;0.2;-62.7;5.85;0.66;Negativno;Ne
5752;0.4;-76.8;11.96;1.06;Negativno;Ne
5753;12.4;-49.0;0.89;0.31;Negativno;Ne
5754;3.1;-59.7;9.22;0.03;Negativno;Ne
5755;18.1;-53.9;7.96;0.04;Negativno;Ne
5756;5.2;-56.1;6.52;0.17;Negativno;Ne
5757;2.6;-53.6;7.26;0.23;Negativno;Ne
5758;11.9;-48.4;4.85;0.2;Negativno;Ne
5759;0.7;-59.0;7.84;0.51;Negativno;Ne
5760;4.1;-62.6;7.36;0.12;Negativno;Ne
5761;3.4;-80.4;8.59;0.12;Negativno;Ne
5762;1.8;-60.0;4.82;0.04;Negativno;Ne
5763;1.2;-65.4;7.19;0.42;Negativno;Ne
5764;7.6;-79.9;6.43;0.26;Negativno;Ne
5765;0.3;-43.9;4.77;0.15;Negativno;Ne
5766;0.4;-70.8;4.82;2.14;Negativno;Ne
5767;3.5;-54.0;8.03;0.19;Negativno;Ne
5768;2.0;-66.3;9.12;1.64;Negativno;Ne
5769;1.5;-58.8;8.68;0.32;Negativno;Ne
5770;5.6;-79.5;0.0;0.01;Negativno;Ne
5771;4.5;-44.8;5.37;0.98;Pozitivno;Ne
5772;10.6;-63.8;7.15;0.01;Negativno;Ne
5773;3.9;-45.4;6.23;0.38;Negativno;Ne
5774;3.7;-65.6;9.05;3.9;Negativno;Ne
5775;9.4;-38.1;6.18;0.01;Negativno;Ne
5776;3.4;-63.0;7.62;0.2;Negativno;Ne
5777;4.7;-53.2;8.33;0.09;Negativno;Ne
5778;4.0;-67.6;7.94;0.52;Negativno;Ne
5779;0.5;-57.5;5.81;0.28;Negativno;Ne
5780;7.8;-53.1;7.81;0.9;Negativno;Ne
5781;2.7;-74.9;3.6;0.22;Negativno;Ne
5782;15.0;-49.7;4.0;0.41;Negativno;Ne
5783;2.5;-61.8;2.81;0.34;Negativno;Ne
5784;3.4;-61.4;8.64;0.1;Negativno;Ne
5785;3.7;-65.3;11.51;0.82;Negativno;Ne
5786;0.5;-53.2;7.71;0.06;Negativno;Ne
5787;1.3;-59.6;3.63;1.4;Negativno;Ne
5788;5.3;-63.8;8.21;0.24;Negativno;Ne
5789;8.7;-61.8;8.37;0.36;Negativno;Ne
5790;0.1;-74.4;3.11;1.16;Negativno;Ne
5791;3.3;-56.8;6.48;0.28;Negativno;Ne
5792;2.0;-63.4;8.27;1.19;Negativno;Ne
5793;1.4;-53.9;5.89;0.21;Negativno;Ne
5794;4.2;-61.2;7.18;0.16;Negativno;Ne
5795;0.2;-48.4;5.44;2.23;Negativno;Ne
5796;0.2;-65.2;5.33;0.01;Negativno;Ne
5797;6.5;-66.7;6.91;0.03;Negativno;Ne
5798;1.7;-53.1;6.56;0.82;Negativno;Ne
5799;12.2;-58.9;8.16;0.47;Negativno;Ne
5800;3.8;-54.4;9.19;0.15;Negativno;Ne
5801;5.4;-54.1;6.67;0.19;Negativno;Ne
5802;2.3;-65.8;7.84;0.21;Negativno;Ne
5803;11.8;-52.5;6.11;1.35;Negativno;Ne
5804;5.3;-63.8;8.59;0.22;Negativno;Ne
5805;0.5;-57.8;9.7;0.97;Negativno;Ne
5806;0.4;-55.8;7.23;1.15;Negativno;Ne
5807;2.0;-68.2;4.65;0.07;Negativno;Ne
5808;20.3;-60.8;5.0;0.95;Negativno;Ne
5809;0.8;-55.3;7.29;0.45;Negativno;Ne
5810;3.6;-69.3;9.07;0.33;Negativno;Ne
5811;9.5;-60.7;7.2;1.84;Negativno;Ne
5812;1.1;-56.6;10.81;0.7;Negativno;Ne
5813;7.3;-64.3;8.76;0.41;Negativno;Ne
5814;1.1;-55.1;7.63;0.06;Negativno;Ne
5815;3.7;-79.8;5.35;0.74;Negativno;Ne
5816;13.0;-70.5;8.97;0.3;Negativno;Ne
5817;5.8;-48.8;4.24;0.29;Negativno;Ne
5818;8.8;-88.9;8.49;0.42;Negativno;Ne
5819;3.0;-53.9;9.06;0.52;Negativno;Ne
5820;0.8;-67.4;11.55;0.83;Negativno;Ne
5821;1.6;-40.6;6.76;0.06;Negativno;Ne
5822;1.3;-73.0;5.04;0.25;Negativno;Ne
5823;9.9;-48.2;6.39;0.55;Negativno;Ne
5824;8.6;-66.0;7.41;0.14;Negativno;Ne
5825;4.1;-56.2;5.8;0.89;Negativno;Ne
5826;2.3;-37.1;8.02;0.41;Negativno;Ne
5827;5.4;-65.5;9.85;0.07;Negativno;Ne
5828;9.1;-57.8;6.4;0.54;Negativno;Ne
5829;3.6;-55.6;5.91;1.17;Negativno;Ne
5830;5.2;-73.0;8.67;0.31;Negativno;Ne
5831;1.0;-70.0;8.64;0.45;Negativno;Ne
5832;5.8;-79.5;6.3;0.01;Negativno;Ne
5833;0.2;-52.9;9.6;0.21;Negativno;Ne
5834;11.4;-64.0;8.06;0.45;Negativno;Ne
5835;12.2;-62.3;6.36;0.35;Negativno;Ne
5836;5.4;-66.8;6.68;0.43;Negativno;Ne
5837;3.5;-62.4;7.37;0.09;Negativno;Ne
5838;1.7;-59.2;7.91;0.1;Negativno;Ne
5839;6.3;-59.4;9.14;0.7;Negativno;Ne
5840;1.7;-41.5;6.34;0.86;Negativno;Ne
5841;13.3;-57.4;6.82;1.5;Negativno;Ne
5842;5.8;-62.8;8.92;0.07;Negativno;Ne
5843;4.6;-66.8;7.32;2.02;Negativno;Ne
5844;2.5;-67.2;1.73;0.05;Negativno;Ne
5845;17.9;-52.4;3.86;0.97;Negativno;Ne
5846;4.2;-69.4;7.73;0.55;Negativno;Ne
5847;9.2;-59.2;7.43;0.44;Negativno;Ne
5848;1.4;-65.7;5.34;0.28;Negativno;Ne
5849;10.0;-53.7;7.89;0.13;Negativno;Ne
5850;4.6;-55.6;4.47;0.17;Negativno;Ne
5851;0.4;-51.5;7.28;0.7;Negativno;Ne
5852;2.9;-61.6;6.57;0.42;Negativno;Ne
5853;16.9;-58.2;3.79;0.85;Negativno;Ne
5854;6.9;-56.6;8.41;0.12;Negativno;Ne
5855;3.8;-57.7;6.12;0.02;Negativno;Ne
5856;4.2;-46.6;8.49;0.17;Negativno;Ne
5857;7.7;-52.7;8.97;0.69;Negativno;Ne
5858;9.5;-59.2;2.76;0.17;Negativno;Ne
5859;10.6;-52.3;9.33;0.53;Negativno;Ne
5860;5.0;-60.4;5.79;0.06;Negativno;Ne
5861;12.5;-73.6;6.72;0.01;Negativno;Ne
5862;3.4;-58.2;8.73;0.08;Negativno;Ne
5863;9.2;-52.0;6.45;0.45;Negativno;Ne
5864;0.0;-40.9;4.07;0.0;Negativno;Ne
5865;3.2;-60.4;7.12;0.17;Negativno;Ne
5866;4.1;-64.5;6.05;0.6;Negativno;Ne
5867;19.0;-67.0;11.49;0.08;Negativno;Ne
5868;0.8;-63.8;8.43;0.25;Negativno;Ne
5869;17.3;-67.8;6.18;0.56;Negativno;Ne
5870;1.5;-50.6;8.99;0.53;Negativno;Ne
5871;1.6;-71.8;5.23;0.36;Negativno;Ne
5872;4.8;-59.0;7.48;0.05;Negativno;Ne
5873;15.3;-84.6;7.75;0.02;Negativno;Ne
5874;0.8;-56.9;9.92;0.21;Negativno;Ne
5875;0.1;-49.6;10.88;0.54;Negativno;Ne
5876;1.2;-60.8;10.49;0.16;Negativno;Ne
5877;0.2;-47.0;4.2;0.17;Negativno;Ne
5878;4.6;-45.8;7.8;0.15;Negativno;Ne
5879;0.0;-52.2;5.49;0.56;Negativno;Ne
5880;1.8;-65.9;6.22;0.21;Negativno;Ne
5881;6.9;-42.7;8.7;0.15;Negativno;Ne
5882;4.4;-69.1;8.97;0.11;Negativno;Ne
5883;0.3;-47.7;4.79;0.08;Negativno;Ne
5884;2.4;-56.2;7.09;0.05;Negativno;Ne
5885;0.7;-63.6;5.69;0.0;Negativno;Ne
5886;3.2;-54.6;7.74;0.09;Negativno;Ne
5887;4.5;-60.2;9.66;1.05;Negativno;Ne
5888;0.9;-70.9;7.39;0.35;Negativno;Ne
5889;1.3;-72.2;3.07;1.01;Negativno;Ne
5890;1.5;-30.7;9.49;0.01;Negativno;Ne
5891;0.9;-53.7;7.7;0.02;Negativno;Ne
5892;10.6;-56.4;7.83;0.27;Negativno;Ne
5893;1.6;-76.3;5.88;0.25;Negativno;Ne
5894;8.5;-54.1;5.02;0.39;Negativno;Ne
5895;1.2;-61.9;7.88;0.1;Negativno;Ne
5896;0.6;-58.0;9.53;0.59;Negativno;Ne
5897;3.0;-57.7;8.16;1.84;Negativno;Ne
5898;0.0;-67.5;5.97;0.5;Negativno;Ne
5899;1.0;-63.3;6.8;0.15;Negativno;Ne
5900;14.9;-53.3;8.91;0.15;Negativno;Ne
5901;1.7;-57.3;3.03;0.79;Negativno;Ne
5902;5.7;-52.2;5.58;0.23;Negativno;Ne
5903;7.5;-48.6;8.15;0.41;Negativno;Ne
5904;8.3;-59.7;9.97;0.31;Negativno;Ne
5905;7.0;-61.1;8.62;0.58;Negativno;Ne
5906;0.9;-45.8;4.88;0.01;Negativno;Ne
5907;8.1;-58.4;5.09;1.19;Negativno;Ne
5908;4.0;-50.1;8.85;1.05;Negativno;Ne
5909;0.3;-58.5;5.98;0.42;Negativno;Ne
5910;19.2;-75.9;5.12;0.84;Negativno;Ne
5911;4.4;-48.7;4.91;0.22;Negativno;Ne
5912;4.8;-54.8;7.57;0.03;Negativno;Ne
5913;14.1;-45.3;8.01;0.88;Negativno;Ne
5914;4.4;-53.7;5.8;0.52;Negativno;Ne
5915;6.1;-47.8;6.46;0.85;Negativno;Ne
5916;4.4;-66.5;6.09;0.08;Negativno;Ne
5917;1.1;-58.8;5.76;0.15;Negativno;Ne
5918;0.2;-60.6;7.82;0.26;Negativno;Ne
5919;1.5;-52.9;10.86;0.35;Negativno;Ne
5920;5.1;-61.5;6.29;0.45;Negativno;Ne
5921;0.0;-50.4;5.68;0.05;Negativno;Ne
5922;10.6;-53.2;9.15;0.02;Negativno;Ne
5923;6.7;-52.0;6.91;2.45;Negativno;Ne
5924;11.9;-67.1;5.19;0.23;Negativno;Ne
5925;3.3;-59.5;10.02;0.64;Negativno;Ne
5926;3.6;-67.5;7.16;0.23;Negativno;Ne
5927;1.5;-48.0;8.62;0.0;Negativno;Ne
5928;3.3;-64.7;6.37;0.53;Negativno;Ne
5929;6.4;-49.9;10.88;0.93;Negativno;Ne
5930;2.0;-64.9;4.26;0.39;Negativno;Ne
5931;8.6;-55.6;9.13;0.82;Negativno;Ne
5932;5.3;-59.5;11.0;0.36;Negativno;Ne
5933;1.6;-62.7;10.39;0.18;Negativno;Ne
5934;8.1;-65.9;9.59;0.11;Negativno;Ne
5935;1.9;-67.5;7.1;0.25;Negativno;Ne
5936;4.8;-57.6;7.75;0.01;Negativno;Ne
5937;1.4;-64.2;9.06;1.56;Negativno;Ne
5938;5.6;-47.0;6.59;0.11;Negativno;Ne
5939;6.5;-49.5;8.07;0.34;Negativno;Ne
5940;0.9;-73.1;9.69;0.74;Negativno;Ne
5941;5.6;-58.0;6.02;0.03;Negativno;Ne
5942;2.4;-72.2;5.05;0.15;Negativno;Ne
5943;3.7;-76.8;6.7;0.18;Negativno;Ne
5944;2.4;-45.7;6.52;0.44;Negativno;Ne
5945;7.2;-70.0;12.12;0.84;Negativno;Ne
5946;3.3;-54.1;8.41;0.77;Negativno;Ne
5947;2.7;-47.9;8.33;0.54;Negativno;Ne
5948;8.9;-67.5;10.59;0.38;Negativno;Ne
5949;2.4;-64.1;6.7;0.19;Negativno;Ne
5950;27.9;-53.5;6.16;0.61;Negativno;Ne
5951;10.6;-60.3;7.89;0.34;Negativno;Ne
5952;1.7;-47.3;4.17;0.07;Negativno;Ne
5953;9.4;-69.7;6.66;0.51;Negativno;Ne
5954;3.4;-58.2;4.79;0.87;Negativno;Ne
5955;13.2;-63.9;6.5;0.11;Negativno;Ne
5956;5.2;-65.1;4.88;0.18;Negativno;Ne
5957;4.1;-67.7;10.01;0.08;Negativno;Ne
5958;7.6;-45.4;6.23;0.08;Negativno;Ne
5959;2.0;-63.1;11.02;0.27;Negativno;Ne
5960;3.6;-63.8;5.66;0.04;Negativno;Ne
5961;18.6;-51.3;7.94;0.5;Negativno;Ne
5962;1.6;-66.3;8.58;0.1;Negativno;Ne
5963;7.5;-54.4;3.33;0.92;Negativno;Ne
5964;0.6;-62.6;6.81;0.12;Negativno;Ne
5965;11.8;-58.5;8.23;0.1;Negativno;Ne
5966;0.9;-58.7;6.7;0.31;Negativno;Ne
5967;5.4;-61.8;10.58;0.46;Negativno;Ne
5968;0.5;-65.4;5.28;0.64;Negativno;Ne
5969;11.7;-63.1;11.79;0.4;Negativno;Ne
5970;10.2;-46.4;9.94;0.36;Negativno;Ne
5971;2.8;-56.1;6.71;1.27;Negativno;Ne
5972;5.4;-62.4;9.87;0.2;Negativno;Ne
5973;5.9;-65.9;6.39;0.4;Negativno;Ne
5974;5.1;-44.0;5.22;0.07;Negativno;Ne
5975;7.4;-67.6;5.01;0.08;Negativno;Ne
5976;21.7;-58.8;8.54;0.22;Negativno;Ne
5977;2.1;-56.2;10.67;0.92;Negativno;Ne
5978;1.1;-72.3;3.46;1.71;Negativno;Ne
5979;21.7;-62.4;3.41;1.79;Negativno;Ne
5980;15.6;-59.9;6.91;0.66;Negativno;Ne
5981;2.3;-26.5;7.02;0.47;Negativno;Ne
5982;2.0;-49.0;7.02;1.47;Negativno;Ne
5983;6.1;-50.9;6.71;0.16;Negativno;Ne
5984;5.0;-67.1;7.63;0.09;Negativno;Ne
5985;0.7;-55.0;4.4;0.83;Negativno;Ne
5986;0.5;-49.8;9.48;0.84;Negativno;Ne
5987;5.7;-68.3;8.11;0.6;Negativno;Ne
5988;6.2;-58.5;6.35;1.33;Negativno;Ne
5989;1.3;-59.4;6.67;0.18;Negativno;Ne
5990;7.2;-48.4;5.56;1.51;Negativno;Ne
5991;3.4;-52.5;5.73;0.38;Negativno;Ne
5992;3.0;-61.1;9.64;0.1;Negativno;Ne
5993;0.9;-71.6;6.51;0.5;Negativno;Ne
5994;8.0;-87.8;6.19;4.11;Negativno;Ne
5995;5.3;-35.1;6.51;0.17;Negativno;Ne
5996;3.1;-46.7;6.44;0.88;Negativno;Ne
5997;2.6;-72.7;6.5;0.6;Negativno;Ne
5998;4.2;-66.5;4.85;0.11;Negativno;Ne
5999;3.9;-61.2;8.05;0.06;Negativno;Ne
6000;9.5;-57.6;7.47;0.58;Negativno;Ne
6001;1.9;-63.1;7.68;0.21;Negativno;Ne
6002;7.7;-67.4;8.35;0.03;Negativno;Ne
6003;14.7;-78.0;7.84;0.2;Negativno;Ne
6004;11.8;-62.7;6.61;1.81;Negativno;Ne
6005;5.6;-40.9;7.19;0.64;Negativno;Ne
6006;10.8;-59.0;9.25;0.66;Negativno;Ne
6007;0.8;-38.6;7.21;0.01;Negativno;Ne
6008;4.9;-55.0;3.03;0.33;Pozitivno;Ne
6009;9.7;-49.4;4.81;0.59;Negativno;Ne
6010;9.1;-41.5;5.89;0.09;Negativno;Ne
6011;3.6;-69.6;5.98;0.77;Negativno;Ne
6012;17.9;-57.9;9.81;0.9;Negativno;Ne
6013;4.3;-72.6;5.11;0.01;Negativno;Ne
6014;22.1;-67.2;5.81;0.33;Negativno;Ne
6015;4.4;-51.0;6.2;0.31;Negativno;Ne
6016;2.5;-59.2;7.63;1.56;Negativno;Ne
6017;0.6;-65.3;4.95;0.0;Negativno;Ne
6018;1.6;-56.7;6.21;0.01;Negativno;Ne
6019;0.5;-59.7;6.98;0.1;Negativno;Ne
6020;6.6;-49.3;7.98;0.02;Negativno;Ne
6021;5.6;-55.9;8.51;0.01;Negativno;Ne
6022;2.8;-52.9;6.97;0.04;Negativno;Ne
6023;3.6;-77.3;11.49;0.36;Negativno;Ne
6024;1.7;-48.8;6.37;1.83;Negativno;Ne
6025;4.2;-47.4;7.56;0.28;Negativno;Ne
6026;37.7;-58.4;9.55;0.2;Negativno;Ne
6027;7.0;-52.3;7.87;0.51;Negativno;Ne
6028;0.4;-60.1;9.44;0.4;Negativno;Ne
6029;0.8;-65.8;6.78;0.46;Negativno;Ne
6030;2.6;-68.3;6.39;0.11;Negativno;Ne
6031;0.6;-67.5;9.48;0.96;Negativno;Ne
6032;2.6;-53.0;4.78;0.8;Negativno;Ne
6033;0.1;-58.7;7.26;0.95;Negativno;Ne
6034;0.0;-41.3;10.02;0.02;Negativno;Ne
6035;9.0;-71.2;9.24;0.96;Negativno;Ne
6036;5.0;-50.9;7.2;1.14;Negativno;Ne
6037;2.2;-54.2;7.46;0.48;Negativno;Ne
6038;1.4;-65.3;6.26;0.11;Negativno;Ne
6039;0.1;-48.0;5.86;0.47;Negativno;Ne
6040;0.9;-48.3;6.38;1.45;Negativno;Ne
6041;9.2;-61.6;5.3;0.45;Negativno;Ne
6042;1.4;-61.7;8.99;0.29;Negativno;Ne
6043;5.8;-51.2;2.43;0.19;Negativno;Ne
6044;12.4;-52.8;5.96;0.56;Negativno;Ne
6045;0.9;-80.4;6.17;0.08;Negativno;Ne
6046;4.7;-55.6;6.33;0.19;Negativno;Ne
6047;4.2;-48.0;7.47;0.68;Negativno;Ne
6048;0.4;-53.5;8.15;1.49;Negativno;Ne
6049;1.7;-62.0;5.38;0.31;Negativno;Ne
6050;1.3;-62.6;7.5;0.06;Negativno;Ne
6051;3.8;-68.0;2.62;0.26;Negativno;Ne
6052;5.6;-47.3;6.14;0.79;Negativno;Ne
6053;1.2;-60.1;3.75;0.16;Negativno;Ne
6054;29.7;-68.8;4.29;0.53;Negativno;Ne
6055;0.9;-74.8;7.06;0.82;Negativno;Ne
6056;1.2;-73.1;3.31;0.06;Negativno;Ne
6057;1.3;-43.5;7.15;0.24;Negativno;Ne
6058;1.6;-76.4;6.42;0.39;Negativno;Ne
6059;0.1;-58.6;8.43;0.45;Negativno;Ne
6060;3.2;-59.8;9.9;0.35;Negativno;Ne
6061;26.0;-69.0;9.69;1.92;Negativno;Ne
6062;9.1;-76.6;6.38;0.61;Negativno;Ne
6063;3.2;-78.8;3.19;0.26;Negativno;Ne
6064;0.9;-46.1;7.17;1.29;Negativno;Ne
6065;1.9;-37.7;6.92;0.36;Negativno;Ne
6066;1.9;-61.7;4.6;1.17;Negativno;Ne
6067;3.8;-53.5;4.61;0.35;Negativno;Ne
6068;7.9;-72.4;5.3;0.16;Negativno;Ne
6069;0.9;-62.2;4.54;0.57;Negativno;Ne
6070;10.6;-81.0;11.86;0.27;Negativno;Ne
6071;4.5;-69.8;9.69;0.77;Negativno;Ne
6072;2.1;-47.1;5.6;0.89;Negativno;Ne
6073;2.7;-51.5;6.04;0.98;Negativno;Ne
6074;2.6;-65.8;2.86;1.67;Negativno;Ne
6075;2.1;-45.6;2.29;0.34;Negativno;Ne
6076;9.7;-71.8;9.05;0.28;Negativno;Ne
6077;5.4;-60.5;7.57;0.12;Negativno;Ne
6078;23.0;-55.2;8.0;0.45;Negativno;Ne
6079;0.0;-61.5;8.5;1.23;Negativno;Ne
6080;8.6;-54.2;4.72;0.36;Negativno;Ne
6081;0.5;-62.6;7.67;0.46;Negativno;Ne
6082;10.6;-59.7;6.91;0.54;Negativno;Ne
6083;0.4;-67.7;6.6;1.3;Negativno;Ne
6084;2.0;-54.5;5.07;0.12;Negativno;Ne
6085;10.8;-77.9;10.66;0.25;Negativno;Ne
6086;1.0;-67.0;5.26;0.08;Negativno;Ne
6087;0.2;-55.7;7.25;0.71;Negativno;Ne
6088;1.2;-56.3;4.41;0.29;Negativno;Ne
6089;1.1;-47.4;5.84;0.17;Negativno;Ne
6090;2.8;-63.7;5.83;0.15;Negativno;Ne
6091;1.1;-68.4;6.25;0.55;Negativno;Ne
6092;4.0;-60.8;2.6;0.22;Negativno;Ne
6093;3.7;-59.1;4.52;0.33;Negativno;Ne
6094;1.4;-77.7;4.25;0.95;Negativno;Ne
6095;5.2;-58.5;6.35;0.84;Negativno;Ne
6096;0.1;-52.3;8.2;0.23;Negativno;Ne
6097;0.4;-43.5;10.3;0.21;Negativno;Ne
6098;2.3;-51.4;7.51;0.99;Negativno;Ne
6099;2.5;-69.6;3.22;0.03;Negativno;Ne
6100;0.6;-70.7;6.29;0.42;Negativno;Ne
6101;1.3;-62.4;3.92;0.67;Negativno;Ne
6102;5.8;-60.6;9.05;0.37;Negativno;Ne
6103;0.1;-65.9;5.43;0.2;Negativno;Ne
6104;0.5;-79.5;7.86;0.78;Negativno;Ne
6105;4.5;-71.0;3.88;0.42;Negativno;Ne
6106;4.2;-78.1;7.36;1.1;Negativno;Ne
6107;4.8;-68.6;3.66;0.84;Negativno;Ne
6108;7.2;-54.3;8.75;0.07;Negativno;Ne
6109;3.9;-58.6;8.29;0.05;Negativno;Ne
6110;2.0;-68.2;11.57;0.53;Negativno;Ne
6111;1.8;-75.4;6.18;0.49;Negativno;Ne
6112;4.3;-60.8;8.01;0.53;Negativno;Ne
6113;14.4;-71.3;4.48;0.14;Negativno;Ne
6114;1.6;-50.1;8.64;2.84;Negativno;Ne
6115;10.8;-45.8;8.19;0.11;Negativno;Ne
6116;3.3;-48.7;8.46;0.37;Negativno;Ne
6117;0.9;-55.8;6.84;1.3;Negativno;Ne
6118;2.7;-58.9;4.32;0.25;Negativno;Ne
6119;4.0;-52.6;3.75;1.17;Negativno;Ne
6120;3.7;-64.6;6.24;1.36;Negativno;Ne
6121;0.9;-43.5;5.7;1.42;Negativno;Ne
6122;8.2;-54.3;8.45;0.12;Negativno;Ne
6123;10.9;-76.4;9.58;0.83;Negativno;Ne
6124;0.5;-70.3;6.79;0.42;Negativno;Ne
6125;1.0;-61.7;6.29;0.05;Negativno;Ne
6126;0.6;-67.4;5.24;0.28;Negativno;Ne
6127;6.8;-47.2;7.56;1.06;Negativno;Ne
6128;1.5;-61.5;3.74;0.27;Negativno;Ne
6129;5.0;-80.1;7.74;0.99;Negativno;Ne
6130;5.2;-50.7;5.81;0.34;Negativno;Ne
6131;4.6;-60.5;6.41;0.64;Negativno;Ne
6132;1.2;-47.0;5.14;0.1;Negativno;Ne
6133;13.1;-41.4;9.34;1.19;Negativno;Ne
6134;0.7;-60.3;5.47;0.14;Negativno;Ne
6135;1.3;-74.3;3.83;0.37;Negativno;Ne
6136;5.5;-51.5;7.28;0.76;Negativno;Ne
6137;1.4;-46.0;3.52;0.24;Negativno;Ne
6138;10.4;-57.9;6.65;0.38;Negativno;Ne
6139;23.0;-45.9;9.24;0.22;Negativno;Ne
6140;2.9;-60.9;5.82;0.56;Negativno;Ne
6141;1.3;-52.5;6.41;0.12;Negativno;Ne
6142;22.9;-47.6;8.08;0.1;Negativno;Ne
6143;1.6;-63.1;5.74;0.02;Negativno;Ne
6144;7.1;-66.2;5.28;0.23;Negativno;Ne
6145;5.4;-28.1;3.97;0.55;Negativno;Ne
6146;8.9;-57.6;5.51;0.99;Negativno;Ne
6147;3.2;-58.5;5.43;0.6;Negativno;Ne
6148;1.9;-48.8;10.87;0.08;Negativno;Ne
6149;11.4;-65.8;7.15;1.06;Negativno;Ne
6150;1.3;-63.4;6.87;0.31;Negativno;Ne
6151;9.1;-81.3;6.06;0.62;Negativno;Ne
6152;8.3;-51.7;9.79;0.62;Negativno;Ne
6153;4.7;-68.7;6.77;0.26;Negativno;Ne
6154;0.3;-53.1;8.16;0.68;Negativno;Ne
6155;5.7;-73.7;6.4;0.19;Negativno;Ne
6156;0.2;-64.4;6.69;0.34;Negativno;Ne
6157;1.4;-69.4;7.39;0.72;Negativno;Ne
6158;3.5;-59.0;7.67;0.33;Negativno;Ne
6159;7.2;-57.8;6.31;0.01;Negativno;Ne
6160;11.1;-52.7;9.51;0.22;Negativno;Ne
6161;5.4;-64.8;7.23;1.29;Negativno;Ne
6162;1.5;-58.8;3.95;0.02;Negativno;Ne
6163;8.7;-65.0;7.36;0.44;Negativno;Ne
6164;3.5;-28.5;7.94;0.45;Negativno;Ne
6165;7.0;-57.5;7.01;1.27;Negativno;Ne
6166;4.7;-48.5;10.32;1.35;Negativno;Ne
6167;7.1;-62.1;5.68;0.31;Pozitivno;Ne
6168;4.1;-66.4;8.34;0.42;Negativno;Ne
6169;3.5;-55.6;8.34;0.11;Negativno;Ne
6170;23.1;-59.6;9.14;0.16;Negativno;Ne
6171;3.8;-63.2;5.36;0.71;Negativno;Ne
6172;8.7;-57.6;9.19;0.39;Negativno;Ne
6173;1.4;-47.6;8.54;0.04;Negativno;Ne
6174;1.8;-44.7;7.84;0.27;Negativno;Ne
6175;1.0;-69.1;9.19;0.3;Negativno;Ne
6176;0.8;-53.8;9.37;0.13;Negativno;Ne
6177;12.5;-58.5;10.13;0.43;Negativno;Ne
6178;6.6;-49.3;5.7;0.18;Negativno;Ne
6179;7.6;-72.8;3.51;1.83;Negativno;Ne
6180;2.9;-77.9;9.0;0.22;Negativno;Ne
6181;20.3;-58.5;6.26;1.79;Negativno;Ne
6182;2.5;-52.5;5.28;0.29;Negativno;Ne
6183;4.3;-88.9;6.49;0.51;Negativno;Ne
6184;6.2;-48.5;4.84;0.07;Negativno;Ne
6185;1.1;-59.1;6.83;0.64;Negativno;Ne
6186;3.3;-67.7;8.49;0.22;Negativno;Ne
6187;3.3;-54.3;4.99;0.68;Negativno;Ne
6188;5.4;-60.9;4.45;0.29;Negativno;Ne
6189;0.6;-75.9;4.52;0.38;Negativno;Ne
6190;2.1;-78.1;8.97;0.45;Negativno;Ne
6191;13.5;-63.2;9.09;0.07;Negativno;Ne
6192;0.5;-40.9;7.94;0.06;Negativno;Ne
6193;0.2;-52.4;5.21;0.07;Negativno;Ne
6194;2.9;-62.9;7.81;0.01;Negativno;Ne
6195;0.5;-66.2;6.61;1.83;Negativno;Ne
6196;1.8;-75.0;8.49;0.05;Negativno;Ne
6197;1.2;-60.1;2.73;0.43;Negativno;Ne
6198;2.2;-66.1;8.44;0.58;Negativno;Ne
6199;8.9;-57.8;5.69;1.35;Negativno;Ne
6200;2.9;-44.0;7.73;0.6;Negativno;Ne
6201;2.1;-51.9;4.88;0.78;Negativno;Ne
6202;1.1;-57.7;4.74;0.8;Negativno;Ne
6203;1.0;-56.6;3.4;0.24;Negativno;Ne
6204;7.5;-52.7;4.59;0.38;Negativno;Ne
6205;18.6;-47.4;5.43;0.01;Negativno;Ne
6206;3.2;-46.7;5.88;0.15;Negativno;Ne
6207;10.8;-56.3;3.71;1.11;Negativno;Ne
6208;0.2;-67.0;4.95;0.16;Negativno;Ne
6209;0.8;-48.9;5.78;0.03;Negativno;Ne
6210;4.6;-56.8;4.55;0.43;Negativno;Ne
6211;0.1;-61.3;7.01;0.1;Negativno;Ne
6212;11.6;-63.6;8.43;0.39;Negativno;Ne
6213;2.8;-36.8;8.3;0.53;Negativno;Ne
6214;12.2;-33.8;5.53;2.25;Negativno;Ne
6215;2.4;-55.0;5.57;1.21;Negativno;Ne
6216;9.1;-71.8;6.58;0.23;Negativno;Ne
6217;2.3;-57.3;0.14;0.39;Negativno;Ne
6218;1.3;-64.5;5.65;0.3;Negativno;Ne
6219;2.1;-74.6;8.56;0.28;Negativno;Ne
6220;2.4;-47.0;10.8;0.04;Negativno;Ne
6221;2.6;-51.8;7.69;0.81;Negativno;Ne
6222;3.4;-59.4;9.77;0.6;Negativno;Ne
6223;2.4;-83.1;7.73;0.62;Negativno;Ne
6224;0.1;-61.1;9.47;1.18;Negativno;Ne
6225;3.3;-51.9;8.36;0.57;Negativno;Ne
6226;2.0;-67.2;3.81;0.15;Negativno;Ne
6227;6.0;-54.7;2.45;0.43;Negativno;Ne
6228;6.9;-40.9;9.91;0.36;Negativno;Ne
6229;14.2;-46.3;4.81;0.11;Negativno;Ne
6230;0.3;-75.3;7.18;0.2;Negativno;Ne
6231;3.2;-51.0;7.72;0.96;Negativno;Ne
6232;12.7;-58.2;5.43;0.35;Negativno;Ne
6233;2.2;-61.8;7.23;0.01;Negativno;Ne
6234;3.8;-64.1;6.92;0.27;Negativno;Ne
6235;5.7;-52.5;6.76;0.4;Negativno;Ne
6236;3.5;-65.1;4.79;1.29;Negativno;Ne
6237;2.4;-51.0;3.94;0.55;Negativno;Ne
6238;0.8;-58.8;6.41;0.1;Negativno;Ne
6239;0.7;-46.2;8.44;0.01;Negativno;Ne
6240;0.8;-53.6;7.82;0.74;Negativno;Ne
6241;6.9;-51.3;7.5;0.08;Negativno;Ne
6242;12.6;-63.8;9.32;0.44;Negativno;Ne
6243;1.6;-59.3;6.29;0.48;Negativno;Ne
6244;3.5;-68.5;6.66;0.01;Negativno;Ne
6245;7.5;-71.9;6.56;1.21;Negativno;Ne
6246;0.8;-65.5;3.15;0.25;Negativno;Ne
6247;2.1;-46.1;7.65;0.08;Negativno;Ne
6248;6.0;-68.7;5.48;0.16;Negativno;Ne
6249;6.3;-67.4;6.64;0.35;Negativno;Ne
6250;1.2;-59.8;5.77;0.23;Negativno;Ne
6251;0.1;-50.5;8.79;0.38;Negativno;Ne
6252;0.1;-61.1;9.94;0.03;Negativno;Ne
6253;0.2;-55.5;7.24;0.13;Negativno;Ne
6254;1.4;-73.9;9.46;0.01;Negativno;Ne
6255;6.7;-73.3;5.85;0.32;Negativno;Ne
6256;1.3;-50.5;5.28;0.82;Negativno;Ne
6257;12.0;-54.2;9.13;0.47;Negativno;Ne
6258;5.8;-40.8;5.75;0.24;Negativno;Ne
6259;2.7;-65.2;4.81;0.41;Negativno;Ne
6260;3.7;-52.5;5.31;0.56;Negativno;Ne
6261;5.3;-40.9;8.89;0.02;Negativno;Ne
6262;10.5;-46.6;8.02;1.41;Negativno;Ne
6263;0.6;-63.2;5.76;0.7;Negativno;Ne
6264;0.7;-89.2;7.73;0.41;Negativno;Ne
6265;0.3;-47.7;4.12;0.77;Negativno;Ne
6266;6.7;-70.5;6.18;0.27;Negativno;Ne
6267;2.2;-42.2;8.04;0.02;Negativno;Ne
6268;4.6;-63.4;2.48;0.47;Negativno;Ne
6269;4.9;-58.1;7.08;1.65;Negativno;Ne
6270;0.1;-69.1;8.26;1.56;Negativno;Ne
6271;6.8;-43.7;3.49;1.16;Negativno;Ne
6272;4.4;-50.9;5.27;0.24;Negativno;Ne
6273;5.1;-65.0;11.39;0.18;Negativno;Ne
6274;7.7;-54.1;4.91;1.25;Negativno;Ne
6275;6.9;-51.9;6.75;0.52;Negativno;Ne
6276;0.8;-46.2;5.7;0.53;Negativno;Ne
6277;2.2;-61.5;5.53;0.03;Negativno;Ne
6278;5.0;-67.6;7.99;0.01;Negativno;Ne
6279;48.6;-60.2;9.05;0.05;Negativno;Ne
6280;2.0;-59.7;6.81;0.43;Negativno;Ne
6281;8.9;-68.0;10.85;0.43;Negativno;Ne
6282;3.4;-63.9;7.59;0.73;Negativno;Ne
6283;0.5;-88.8;3.03;0.2;Negativno;Ne
6284;1.8;-57.9;6.49;0.15;Negativno;Ne
6285;4.0;-60.2;6.24;0.2;Negativno;Ne
6286;3.0;-70.7;8.49;0.19;Negativno;Ne
6287;7.3;-76.2;8.03;0.57;Negativno;Ne
6288;2.3;-48.0;4.81;0.12;Negativno;Ne
6289;2.1;-57.6;7.61;0.29;Negativno;Ne
6290;0.7;-57.4;6.5;0.63;Negativno;Ne
6291;1.7;-50.0;5.41;0.58;Negativno;Ne
6292;1.6;-39.6;11.58;0.13;Negativno;Ne
6293;0.0;-69.2;7.63;2.46;Negativno;Ne
6294;1.1;-59.4;9.2;0.06;Negativno;Ne
6295;2.8;-46.5;7.19;0.6;Negativno;Ne
6296;5.8;-50.7;5.57;0.41;Negativno;Ne
6297;18.9;-46.9;9.26;0.52;Negativno;Ne
6298;6.1;-57.6;5.07;0.29;Negativno;Ne
6299;1.0;-45.4;7.7;0.02;Negativno;Ne
6300;1.1;-51.7;10.01;0.03;Negativno;Ne
6301;6.5;-64.2;7.8;0.7;Negativno;Ne
6302;1.4;-56.3;6.15;0.77;Negativno;Ne
6303;1.7;-53.5;7.05;1.44;Negativno;Ne
6304;9.0;-70.9;8.65;0.4;Negativno;Ne
6305;10.6;-59.1;9.32;0.16;Negativno;Ne
6306;5.3;-50.1;9.31;0.86;Negativno;Ne
6307;5.1;-63.8;3.19;0.25;Negativno;Ne
6308;0.6;-64.5;9.05;0.77;Negativno;Ne
6309;0.1;-79.7;4.36;0.07;Negativno;Ne
6310;0.0;-76.9;8.4;1.84;Negativno;Ne
6311;10.5;-55.1;4.27;0.11;Negativno;Ne
6312;13.2;-60.5;7.43;0.38;Negativno;Ne
6313;17.8;-35.7;10.83;0.43;Negativno;Ne
6314;1.0;-75.4;2.52;1.0;Negativno;Ne
6315;0.6;-60.7;12.18;0.32;Negativno;Ne
6316;3.1;-55.7;9.13;0.6;Negativno;Ne
6317;3.1;-49.2;7.04;0.75;Negativno;Ne
6318;6.5;-85.2;8.99;0.28;Negativno;Ne
6319;2.2;-75.8;5.61;0.19;Negativno;Ne
6320;9.2;-66.4;3.78;0.18;Negativno;Ne
6321;7.9;-81.4;5.52;0.07;Negativno;Ne
6322;18.3;-69.6;11.22;0.37;Negativno;Ne
6323;1.5;-63.4;7.6;0.18;Negativno;Ne
6324;0.6;-75.8;8.25;0.02;Negativno;Ne
6325;0.3;-75.5;3.76;0.21;Negativno;Ne
6326;7.6;-63.9;6.36;0.12;Negativno;Ne
6327;1.1;-66.6;7.28;0.21;Negativno;Ne
6328;11.6;-60.3;8.13;0.6;Negativno;Ne
6329;6.5;-76.5;7.51;0.27;Negativno;Ne
6330;0.1;-64.8;6.79;0.24;Negativno;Ne
6331;7.9;-48.7;3.36;0.16;Negativno;Ne
6332;2.6;-47.9;7.63;0.41;Negativno;Ne
6333;1.2;-53.8;6.19;0.05;Negativno;Ne
6334;3.0;-49.5;6.62;0.08;Negativno;Ne
6335;1.3;-66.8;9.47;0.55;Negativno;Ne
6336;0.7;-57.1;1.7;0.41;Negativno;Ne
6337;1.6;-67.6;8.2;0.37;Negativno;Ne
6338;2.0;-52.8;5.23;0.25;Negativno;Ne
6339;1.4;-72.5;3.72;0.33;Negativno;Ne
6340;0.3;-62.3;9.15;1.03;Negativno;Ne
6341;6.0;-59.9;8.96;0.11;Negativno;Ne
6342;0.9;-57.0;9.45;0.08;Negativno;Ne
6343;7.5;-56.0;9.49;0.18;Negativno;Ne
6344;6.7;-64.5;7.58;0.39;Negativno;Ne
6345;7.6;-62.0;7.64;0.06;Negativno;Ne
6346;22.2;-54.9;6.52;0.18;Negativno;Ne
6347;5.0;-42.8;9.29;1.29;Negativno;Ne
6348;0.7;-58.7;6.86;0.5;Negativno;Ne
6349;2.7;-69.9;9.7;0.21;Negativno;Ne
6350;11.3;-46.5;6.43;0.09;Negativno;Ne
6351;13.4;-64.1;3.83;0.58;Negativno;Ne
6352;11.0;-81.0;4.67;1.61;Negativno;Ne
6353;0.1;-70.7;4.37;0.34;Negativno;Ne
6354;2.6;-69.3;7.85;0.35;Negativno;Ne
6355;1.1;-53.7;3.1;0.11;Negativno;Ne
6356;1.1;-75.0;4.9;0.22;Negativno;Ne
6357;1.9;-55.8;7.68;0.58;Negativno;Ne
6358;2.1;-61.4;9.28;0.17;Negativno;Ne
6359;8.7;-50.8;7.4;0.79;Negativno;Ne
6360;3.9;-73.2;9.6;0.09;Negativno;Ne
6361;15.8;-73.5;10.22;1.08;Negativno;Ne
6362;0.2;-49.1;7.16;0.05;Negativno;Ne
6363;2.1;-68.7;4.83;1.95;Negativno;Ne
6364;3.3;-71.4;8.51;0.2;Negativno;Ne
6365;1.4;-61.7;5.37;0.31;Negativno;Ne
6366;0.0;-59.9;6.04;0.07;Negativno;Ne
6367;0.0;-53.2;6.78;0.35;Negativno;Ne
6368;0.3;-58.9;6.6;0.28;Negativno;Ne
6369;0.4;-83.5;6.32;0.66;Negativno;Ne
6370;5.4;-50.7;6.42;0.25;Negativno;Ne
6371;1.5;-61.4;6.88;0.3;Negativno;Ne
6372;1.6;-53.2;6.73;0.17;Negativno;Ne
6373;8.4;-46.0;7.15;0.28;Negativno;Ne
6374;2.0;-66.0;8.65;0.23;Negativno;Ne
6375;3.1;-53.1;7.08;0.18;Negativno;Ne
6376;10.8;-68.2;4.98;0.29;Negativno;Ne
6377;0.1;-62.5;8.55;0.24;Negativno;Ne
6378;4.9;-70.0;9.07;0.11;Negativno;Ne
6379;7.8;-59.0;8.86;0.45;Negativno;Ne
6380;15.7;-54.1;5.58;0.12;Negativno;Ne
6381;0.5;-56.7;4.91;0.13;Negativno;Ne
6382;3.9;-52.3;6.7;0.47;Negativno;Ne
6383;1.7;-58.9;6.22;0.1;Negativno;Ne
6384;1.1;-52.3;5.66;1.21;Negativno;Ne
6385;4.2;-59.1;10.04;0.82;Negativno;Ne
6386;3.4;-67.8;7.16;0.46;Negativno;Ne
6387;0.8;-55.4;9.58;0.12;Negativno;Ne
6388;1.4;-62.3;6.2;1.34;Negativno;Ne
6389;8.9;-49.9;8.79;0.59;Negativno;Ne
6390;4.4;-64.6;7.48;0.98;Negativno;Ne
6391;0.4;-48.8;8.11;1.64;Negativno;Ne
6392;1.1;-39.4;5.79;0.28;Negativno;Ne
6393;5.5;-46.7;4.54;0.36;Negativno;Ne
6394;8.3;-51.5;4.23;0.88;Negativno;Ne
6395;0.9;-67.7;8.9;0.14;Negativno;Ne
6396;4.8;-49.6;8.34;0.24;Negativno;Ne
6397;0.8;-64.1;7.69;1.33;Negativno;Ne
6398;0.3;-65.6;4.68;0.01;Negativno;Ne
6399;0.5;-39.4;6.6;0.37;Negativno;Ne
6400;10.3;-57.0;6.64;0.38;Negativno;Ne
6401;1.9;-46.9;5.42;0.24;Negativno;Ne
6402;2.9;-62.1;10.12;0.4;Negativno;Ne
6403;0.2;-46.5;5.78;0.05;Negativno;Ne
6404;1.2;-88.4;6.4;1.54;Negativno;Ne
6405;0.8;-57.4;4.06;0.29;Negativno;Ne
6406;1.0;-68.4;6.17;0.38;Negativno;Ne
6407;4.4;-53.4;10.55;0.27;Negativno;Ne
6408;3.7;-65.7;7.32;0.83;Negativno;Ne
6409;0.5;-67.9;9.89;0.1;Negativno;Ne
6410;4.3;-50.8;5.21;1.58;Negativno;Ne
6411;7.2;-66.5;10.18;0.16;Negativno;Ne
6412;1.9;-45.8;4.21;1.78;Negativno;Ne
6413;8.5;-54.9;5.46;0.13;Negativno;Ne
6414;9.4;-60.5;8.67;0.38;Negativno;Ne
6415;0.2;-64.3;7.96;2.08;Negativno;Ne
6416;4.1;-54.6;9.95;0.08;Negativno;Ne
6417;2.4;-48.4;2.27;2.1;Negativno;Ne
6418;11.0;-57.9;4.23;0.25;Negativno;Ne
6419;4.5;-71.6;5.39;0.29;Negativno;Ne
6420;1.6;-61.2;8.64;1.34;Negativno;Ne
6421;4.7;-59.2;5.57;0.57;Negativno;Ne
6422;3.0;-56.7;7.6;0.05;Negativno;Ne
6423;3.0;-56.9;6.71;0.84;Negativno;Ne
6424;10.6;-67.2;5.67;1.27;Negativno;Ne
6425;1.7;-47.4;5.29;1.98;Negativno;Ne
6426;1.0;-59.4;8.63;0.19;Negativno;Ne
6427;3.8;-69.6;6.05;0.37;Negativno;Ne
6428;0.9;-65.1;3.64;0.07;Negativno;Ne
6429;0.3;-55.9;6.73;0.02;Negativno;Ne
6430;22.9;-81.7;8.57;0.03;Negativno;Ne
6431;5.0;-54.1;8.08;0.33;Negativno;Ne
6432;8.1;-49.3;4.55;1.61;Negativno;Ne
6433;3.9;-57.0;7.78;0.12;Negativno;Ne
6434;0.3;-66.4;7.92;0.06;Negativno;Ne
6435;0.1;-56.0;8.34;1.81;Negativno;Ne
6436;0.2;-68.7;6.64;1.41;Negativno;Ne
6437;1.6;-57.1;3.69;0.09;Negativno;Ne
6438;0.7;-74.6;4.1;1.25;Negativno;Ne
6439;2.1;-61.2;8.23;0.15;Negativno;Ne
6440;2.9;-70.2;4.26;0.39;Negativno;Ne
6441;0.3;-65.6;6.08;0.35;Negativno;Ne
6442;0.3;-58.3;4.64;2.2;Negativno;Ne
6443;6.9;-79.2;11.31;0.08;Negativno;Ne
6444;4.3;-55.5;9.84;0.29;Negativno;Ne
6445;12.8;-43.6;6.8;0.22;Negativno;Ne
6446;8.9;-66.1;6.7;0.04;Negativno;Ne
6447;1.4;-63.4;8.2;0.79;Negativno;Ne
6448;11.8;-43.6;7.69;0.1;Negativno;Ne
6449;13.5;-49.7;8.91;0.36;Negativno;Ne
6450;1.5;-59.2;9.21;0.05;Negativno;Ne
6451;4.7;-64.7;6.4;0.17;Negativno;Ne
6452;3.3;-62.2;4.13;0.16;Negativno;Ne
6453;2.9;-50.8;8.72;0.12;Negativno;Ne
6454;10.3;-64.1;7.93;0.53;Negativno;Ne
6455;2.0;-58.4;11.74;0.06;Negativno;Ne
6456;0.6;-64.0;6.05;0.31;Negativno;Ne
6457;7.1;-55.2;9.85;0.1;Negativno;Ne
6458;1.4;-76.9;6.08;0.61;Negativno;Ne
6459;0.4;-59.5;4.08;0.52;Negativno;Ne
6460;0.0;-67.7;8.15;0.93;Negativno;Ne
6461;0.7;-52.5;7.08;0.23;Negativno;Ne
6462;1.2;-76.7;7.55;0.04;Negativno;Ne
6463;2.2;-52.5;8.52;0.6;Negativno;Ne
6464;4.4;-57.7;7.16;0.64;Negativno;Ne
6465;0.7;-57.8;6.9;0.54;Negativno;Ne
6466;12.6;-83.8;7.0;0.62;Negativno;Ne
6467;3.2;-50.7;8.01;1.4;Negativno;Ne
6468;3.5;-62.7;4.84;0.7;Negativno;Ne
6469;0.6;-62.7;8.7;0.8;Negativno;Ne
6470;1.2;-65.8;9.22;0.14;Negativno;Ne
6471;9.1;-55.1;8.81;0.1;Negativno;Ne
6472;0.8;-52.9;5.03;0.15;Negativno;Ne
6473;7.9;-66.4;8.17;0.42;Negativno;Ne
6474;2.1;-60.1;5.96;2.2;Negativno;Ne
6475;13.5;-62.2;7.42;0.19;Negativno;Ne
6476;6.0;-61.3;10.74;0.02;Negativno;Ne
6477;4.3;-50.1;9.07;0.91;Negativno;Ne
6478;13.5;-55.3;9.45;0.16;Negativno;Ne
6479;2.9;-55.3;5.16;0.04;Negativno;Ne
6480;7.4;-59.1;6.14;0.45;Pozitivno;Ne
6481;0.8;-47.8;4.13;0.06;Negativno;Ne
6482;0.7;-56.5;8.75;0.03;Negativno;Ne
6483;8.9;-59.1;6.72;0.01;Negativno;Ne
6484;3.4;-65.5;6.09;1.18;Negativno;Ne
6485;2.8;-65.1;6.01;0.03;Negativno;Ne
6486;13.8;-60.3;7.01;0.19;Negativno;Ne
6487;4.7;-61.3;9.69;0.86;Negativno;Ne
6488;11.1;-80.0;7.47;0.75;Negativno;Ne
6489;2.1;-36.8;9.95;0.03;Negativno;Ne
6490;5.0;-74.4;11.19;0.53;Negativno;Ne
6491;13.0;-72.9;4.41;0.09;Negativno;Ne
6492;2.5;-70.2;8.49;0.26;Negativno;Ne
6493;1.8;-57.2;4.94;0.28;Negativno;Ne
6494;2.3;-72.8;2.95;0.46;Negativno;Ne
6495;1.6;-60.4;10.97;0.13;Negativno;Ne
6496;0.4;-69.2;3.57;0.97;Negativno;Ne
6497;0.0;-47.3;5.52;0.01;Negativno;Ne
6498;6.4;-64.7;5.5;0.16;Negativno;Ne
6499;0.1;-72.5;2.81;1.01;Negativno;Ne
6500;8.0;-46.2;6.22;0.49;Negativno;Ne
6501;12.4;-54.2;5.92;0.97;Negativno;Ne
6502;0.9;-63.3;10.65;0.24;Negativno;Ne
6503;2.1;-70.9;6.54;2.08;Negativno;Ne
6504;3.2;-80.9;5.3;0.51;Negativno;Ne
6505;4.1;-51.3;7.47;0.26;Negativno;Ne
6506;2.7;-55.1;7.37;0.46;Negativno;Ne
6507;20.5;-70.1;3.65;0.54;Negativno;Ne
6508;6.9;-39.6;9.16;0.39;Negativno;Ne
6509;3.8;-54.6;6.59;0.48;Negativno;Ne
6510;0.2;-65.4;9.28;0.29;Negativno;Ne
6511;1.3;-57.6;4.32;0.91;Negativno;Ne
6512;6.9;-60.9;9.66;0.92;Negativno;Ne
6513;13.0;-50.9;8.03;0.14;Negativno;Ne
6514;1.8;-68.8;10.02;0.53;Negativno;Ne
6515;1.9;-66.3;6.95;0.16;Negativno;Ne
6516;1.3;-76.3;5.74;0.8;Negativno;Ne
6517;2.9;-68.6;7.27;0.56;Negativno;Ne
6518;15.0;-62.0;10.59;0.41;Negativno;Ne
6519;1.7;-82.9;3.93;0.22;Negativno;Ne
6520;8.7;-45.9;6.28;0.24;Negativno;Ne
6521;5.5;-60.0;7.01;0.48;Negativno;Ne
6522;4.1;-62.9;7.81;0.39;Negativno;Ne
6523;2.3;-51.9;6.51;0.21;Negativno;Ne
6524;9.3;-76.3;9.78;0.09;Negativno;Ne
6525;2.1;-62.8;7.48;0.45;Negativno;Ne
6526;1.9;-56.9;10.59;0.16;Negativno;Ne
6527;7.5;-53.7;6.64;0.3;Negativno;Ne
6528;4.7;-67.8;5.79;0.01;Negativno;Ne
6529;5.6;-62.0;7.65;0.53;Negativno;Ne
6530;0.9;-43.5;8.45;0.05;Negativno;Ne
6531;3.5;-45.9;10.07;0.01;Negativno;Ne
6532;1.3;-58.6;6.36;0.49;Negativno;Ne
6533;0.3;-63.6;11.19;2.72;Negativno;Ne
6534;1.8;-50.6;8.16;0.79;Negativno;Ne
6535;7.2;-65.2;8.55;0.26;Negativno;Ne
6536;7.3;-63.1;7.58;0.88;Negativno;Ne
6537;2.7;-50.7;5.74;0.27;Negativno;Ne
6538;6.3;-57.6;6.11;0.09;Negativno;Ne
6539;11.0;-57.7;7.83;2.87;Negativno;Ne
6540;4.0;-68.1;4.31;1.71;Negativno;Ne
6541;10.1;-56.7;7.92;0.02;Negativno;Ne
6542;11.3;-66.6;10.06;1.41;Negativno;Ne
6543;4.1;-58.9;8.55;0.62;Negativno;Ne
6544;8.0;-73.7;8.69;0.23;Negativno;Ne
6545;1.2;-55.9;5.6;0.18;Negativno;Ne
6546;3.0;-67.8;7.92;0.02;Negativno;Ne
6547;1.1;-43.8;8.56;0.4;Negativno;Ne
6548;6.7;-55.1;5.62;1.57;Negativno;Ne
6549;5.7;-59.3;9.13;0.02;Negativno;Ne
6550;17.0;-61.9;3.93;0.46;Negativno;Ne
6551;2.2;-62.8;6.56;0.89;Negativno;Ne
6552;2.0;-67.2;8.63;0.59;Negativno;Ne
6553;6.4;-63.2;12.23;1.8;Negativno;Ne
6554;2.1;-66.9;8.53;0.41;Negativno;Ne
6555;21.6;-65.0;5.42;1.91;Negativno;Ne
6556;0.7;-54.3;7.54;1.03;Negativno;Ne
6557;1.4;-67.7;9.83;1.16;Negativno;Ne
6558;3.8;-63.7;8.76;0.55;Negativno;Ne
6559;0.1;-67.7;7.71;0.44;Negativno;Ne
6560;6.3;-54.5;7.83;0.21;Negativno;Ne
6561;6.1;-58.4;9.17;0.29;Negativno;Ne
6562;5.4;-62.5;7.36;1.89;Negativno;Ne
6563;2.0;-71.1;3.74;0.26;Negativno;Ne
6564;0.7;-69.8;9.49;0.64;Negativno;Ne
6565;5.9;-52.3;5.71;0.07;Negativno;Ne
6566;2.0;-62.8;9.61;0.7;Negativno;Ne
6567;7.4;-63.9;7.08;0.17;Negativno;Ne
6568;2.2;-53.9;7.24;0.4;Negativno;Ne
6569;12.1;-50.8;7.24;0.54;Negativno;Ne
6570;24.5;-63.1;7.87;0.36;Negativno;Ne
6571;5.3;-51.7;7.79;0.8;Negativno;Ne
6572;3.1;-59.9;7.63;1.85;Negativno;Ne
6573;18.0;-66.5;8.77;0.26;Negativno;Ne
6574;2.9;-56.2;11.04;0.28;Negativno;Ne
6575;8.4;-54.3;4.83;0.43;Negativno;Ne
6576;1.9;-55.8;5.78;0.24;Negativno;Ne
6577;9.5;-54.7;7.49;2.93;Negativno;Ne
6578;3.0;-51.0;8.37;0.05;Negativno;Ne
6579;5.9;-44.1;8.31;1.71;Negativno;Ne
6580;2.1;-67.1;10.12;0.86;Negativno;Ne
6581;5.2;-45.1;6.76;0.45;Negativno;Ne
6582;0.6;-68.0;7.83;1.14;Negativno;Ne
6583;16.6;-68.4;4.84;0.28;Negativno;Ne
6584;9.6;-62.3;9.24;0.96;Negativno;Ne
6585;9.3;-72.6;5.72;0.32;Negativno;Ne
6586;0.8;-68.2;8.03;0.9;Negativno;Ne
6587;2.0;-38.9;9.8;0.28;Negativno;Ne
6588;7.8;-60.5;4.19;1.2;Negativno;Ne
6589;4.1;-55.6;6.53;0.0;Negativno;Ne
6590;2.6;-71.1;7.07;0.25;Negativno;Ne
6591;4.3;-51.4;6.06;0.04;Negativno;Ne
6592;5.2;-63.7;7.42;0.68;Negativno;Ne
6593;4.8;-45.5;8.21;1.07;Negativno;Ne
6594;1.9;-57.2;5.54;0.76;Negativno;Ne
6595;6.5;-75.3;6.85;0.2;Negativno;Ne
6596;6.4;-77.0;7.36;0.54;Negativno;Ne
6597;6.8;-65.5;4.3;1.22;Negativno;Ne
6598;4.9;-65.4;3.23;0.42;Negativno;Ne
6599;0.9;-68.3;4.58;0.7;Negativno;Ne
6600;1.5;-74.8;5.37;0.23;Negativno;Ne
6601;0.8;-63.0;10.28;0.36;Negativno;Ne
6602;9.0;-64.1;7.61;0.54;Negativno;Ne
6603;2.0;-57.2;9.73;0.57;Negativno;Ne
6604;1.9;-57.2;4.42;0.06;Negativno;Ne
6605;3.4;-71.6;6.04;0.52;Negativno;Ne
6606;4.8;-59.0;7.52;0.17;Negativno;Ne
6607;0.4;-59.0;5.49;0.01;Negativno;Ne
6608;14.5;-63.2;5.3;0.76;Negativno;Ne
6609;7.6;-43.4;13.22;0.78;Negativno;Ne
6610;0.1;-78.8;2.82;0.25;Negativno;Ne
6611;4.8;-47.6;4.59;0.46;Negativno;Ne
6612;1.5;-52.4;7.94;0.05;Negativno;Ne
6613;1.9;-57.3;6.77;0.54;Negativno;Ne
6614;13.1;-67.8;8.86;1.49;Negativno;Ne
6615;2.0;-52.8;7.5;0.7;Negativno;Ne
6616;0.3;-48.6;4.3;0.08;Negativno;Ne
6617;10.0;-54.3;8.89;0.29;Negativno;Ne
6618;13.6;-70.5;6.86;0.34;Negativno;Ne
6619;1.2;-61.4;7.36;0.23;Negativno;Ne
6620;0.1;-56.3;9.33;0.37;Negativno;Ne
6621;0.0;-56.0;6.98;0.32;Negativno;Ne
6622;4.6;-63.4;6.95;0.44;Negativno;Ne
6623;0.2;-58.9;6.37;0.34;Negativno;Ne
6624;2.9;-55.1;7.31;0.31;Negativno;Ne
6625;12.3;-54.8;9.52;0.15;Negativno;Ne
6626;4.5;-51.0;5.85;0.7;Negativno;Ne
6627;4.0;-52.0;7.15;1.56;Negativno;Ne
6628;20.1;-77.4;10.08;0.67;Negativno;Ne
6629;3.4;-56.5;9.71;0.59;Negativno;Ne
6630;12.6;-65.9;9.47;2.11;Negativno;Ne
6631;10.4;-63.0;4.21;0.29;Negativno;Ne
6632;3.5;-57.1;6.03;0.01;Negativno;Ne
6633;3.6;-54.7;5.3;0.13;Negativno;Ne
6634;4.2;-58.9;9.76;0.48;Negativno;Ne
6635;2.0;-35.0;7.15;0.64;Negativno;Ne
6636;0.7;-36.4;6.9;0.15;Negativno;Ne
6637;0.7;-73.4;10.34;0.4;Negativno;Ne
6638;2.5;-68.4;3.21;0.71;Negativno;Ne
6639;2.0;-57.1;7.29;0.07;Negativno;Ne
6640;2.1;-52.0;7.25;0.91;Negativno;Ne
6641;6.7;-75.9;7.49;0.89;Negativno;Ne
6642;2.6;-43.7;7.45;0.31;Negativno;Ne
6643;0.2;-56.5;4.66;0.13;Negativno;Ne
6644;1.0;-70.1;6.35;0.2;Negativno;Ne
6645;0.3;-42.4;5.62;0.08;Negativno;Ne
6646;2.0;-76.2;3.29;0.14;Negativno;Ne
6647;7.2;-62.6;4.1;0.04;Negativno;Ne
6648;4.8;-57.7;4.93;0.89;Negativno;Ne
6649;0.1;-65.4;2.84;0.23;Negativno;Ne
6650;4.6;-59.1;6.21;0.29;Negativno;Ne
6651;3.4;-57.6;8.2;1.12;Negativno;Ne
6652;1.2;-60.6;8.15;0.25;Negativno;Ne
6653;1.4;-68.1;6.99;1.03;Negativno;Ne
6654;7.0;-50.9;2.87;0.65;Negativno;Ne
6655;6.8;-46.2;9.46;1.05;Negativno;Ne
6656;11.6;-88.7;1.77;0.04;Negativno;Ne
6657;9.9;-59.3;7.89;0.46;Negativno;Ne
6658;2.7;-47.2;5.79;0.12;Negativno;Ne
6659;0.5;-57.1;6.99;0.17;Negativno;Ne
6660;0.2;-54.0;6.35;0.32;Negativno;Ne
6661;0.2;-60.1;6.36;0.32;Negativno;Ne
6662;0.5;-59.2;5.56;1.09;Negativno;Ne
6663;4.7;-71.1;5.33;0.27;Negativno;Ne
6664;3.0;-47.6;6.85;0.2;Negativno;Ne
6665;6.1;-59.2;8.46;0.85;Negativno;Ne
6666;9.7;-67.6;5.49;0.81;Negativno;Ne
6667;0.3;-59.2;5.58;0.27;Negativno;Ne
6668;2.1;-74.5;5.68;0.81;Negativno;Ne
6669;5.9;-59.5;8.09;0.04;Negativno;Ne
6670;9.1;-51.1;1.56;0.13;Negativno;Ne
6671;21.1;-43.6;5.2;0.17;Negativno;Ne
6672;3.3;-46.2;9.52;0.42;Negativno;Ne
6673;0.3;-71.2;6.81;0.19;Negativno;Ne
6674;0.1;-41.2;8.26;0.24;Negativno;Ne
6675;8.6;-69.1;3.39;0.34;Negativno;Ne
6676;3.4;-67.9;6.7;0.52;Negativno;Ne
6677;2.9;-78.8;6.86;0.01;Negativno;Ne
6678;8.6;-75.2;10.25;0.42;Negativno;Ne
6679;4.7;-47.9;4.22;1.76;Negativno;Ne
6680;0.7;-83.4;4.25;0.61;Negativno;Ne
6681;5.7;-59.0;7.26;0.13;Negativno;Ne
6682;4.5;-71.2;5.89;0.84;Negativno;Ne
6683;0.7;-75.6;7.63;0.13;Negativno;Ne
6684;2.0;-55.4;10.61;0.18;Negativno;Ne
6685;4.5;-60.2;6.51;0.22;Negativno;Ne
6686;11.6;-56.1;9.14;0.48;Negativno;Ne
6687;2.9;-44.5;7.31;0.48;Negativno;Ne
6688;11.0;-64.4;3.46;0.28;Negativno;Ne
6689;1.7;-76.1;6.95;0.42;Negativno;Ne
6690;2.6;-51.6;7.49;0.22;Negativno;Ne
6691;0.1;-53.6;7.37;0.39;Negativno;Ne
6692;0.8;-63.7;10.25;0.02;Negativno;Ne
6693;7.8;-42.1;8.44;0.12;Negativno;Ne
6694;4.7;-63.1;3.83;1.03;Negativno;Ne
6695;0.5;-60.9;4.95;0.04;Negativno;Ne
6696;4.7;-59.9;5.4;0.18;Negativno;Ne
6697;1.4;-63.9;4.16;1.1;Negativno;Ne
6698;5.5;-60.8;9.25;0.43;Negativno;Ne
6699;1.0;-56.6;6.46;1.13;Negativno;Ne
6700;1.2;-56.1;6.1;0.14;Negativno;Ne
6701;28.4;-59.8;5.87;0.48;Negativno;Ne
6702;2.1;-55.8;11.14;0.82;Negativno;Ne
6703;6.2;-78.9;4.49;0.19;Negativno;Ne
6704;3.8;-69.4;6.73;0.6;Negativno;Ne
6705;7.1;-50.5;9.14;1.42;Negativno;Ne
6706;4.5;-55.7;9.62;0.18;Negativno;Ne
6707;9.0;-44.4;5.12;2.1;Negativno;Ne
6708;12.9;-52.0;7.5;0.05;Negativno;Ne
6709;2.9;-79.2;5.43;0.24;Negativno;Ne
6710;5.8;-55.5;6.21;1.25;Negativno;Ne
6711;2.9;-52.8;6.44;1.02;Negativno;Ne
6712;5.6;-69.8;8.92;0.86;Negativno;Ne
6713;1.0;-78.5;7.86;0.22;Negativno;Ne
6714;3.0;-82.0;4.73;0.24;Negativno;Ne
6715;1.0;-77.6;6.34;0.64;Negativno;Ne
6716;0.5;-65.2;5.5;0.24;Negativno;Ne
6717;10.5;-68.3;5.95;1.14;Negativno;Ne
6718;3.5;-67.1;8.61;1.13;Negativno;Ne
6719;1.2;-64.1;6.02;0.39;Negativno;Ne
6720;1.9;-76.7;4.23;0.5;Negativno;Ne
6721;4.6;-59.2;9.44;0.94;Negativno;Ne
6722;5.3;-51.1;7.56;0.18;Negativno;Ne
6723;2.4;-64.0;7.68;0.7;Negativno;Ne
6724;9.2;-48.0;9.89;0.11;Negativno;Ne
6725;16.3;-56.7;5.91;0.42;Negativno;Ne
6726;3.1;-56.5;3.28;0.77;Negativno;Ne
6727;13.2;-54.6;10.45;0.82;Negativno;Ne
6728;3.1;-66.0;6.1;0.41;Negativno;Ne
6729;5.6;-61.2;8.4;0.56;Negativno;Ne
6730;2.6;-43.1;8.41;0.06;Negativno;Ne
6731;1.9;-69.6;7.52;0.68;Negativno;Ne
6732;10.4;-64.0;9.43;0.52;Negativno;Ne
6733;3.6;-58.8;2.87;1.31;Negativno;Ne
6734;1.7;-64.0;10.53;1.16;Negativno;Ne
6735;1.9;-41.3;7.22;1.52;Negativno;Ne
6736;2.3;-39.9;6.83;0.09;Negativno;Ne
6737;1.3;-51.5;4.45;0.51;Negativno;Ne
6738;5.1;-50.5;6.21;0.71;Negativno;Ne
6739;0.0;-70.6;6.65;0.04;Negativno;Ne
6740;5.7;-72.9;7.6;0.26;Negativno;Ne
6741;13.4;-74.8;7.44;0.02;Negativno;Ne
6742;1.2;-55.3;5.55;0.72;Negativno;Ne
6743;5.2;-60.7;7.15;0.76;Negativno;Ne
6744;2.5;-68.0;3.37;0.01;Negativno;Ne
6745;1.4;-53.8;8.13;0.02;Negativno;Ne
6746;0.1;-70.5;6.06;0.11;Negativno;Ne
6747;4.8;-48.6;5.0;1.01;Negativno;Ne
6748;16.1;-50.1;5.5;0.73;Negativno;Ne
6749;5.1;-64.4;5.27;0.14;Negativno;Ne
6750;10.2;-66.6;6.8;0.12;Negativno;Ne
6751;5.0;-62.1;10.45;0.22;Negativno;Ne
6752;0.2;-64.1;3.16;0.33;Negativno;Ne
6753;1.2;-54.1;8.31;0.25;Negativno;Ne
6754;3.4;-64.1;4.18;0.36;Negativno;Ne
6755;3.0;-47.2;8.38;0.01;Negativno;Ne
6756;5.8;-69.0;4.9;1.2;Negativno;Ne
6757;1.1;-61.2;9.43;0.64;Negativno;Ne
6758;0.0;-49.5;9.43;0.39;Negativno;Ne
6759;4.1;-70.7;6.9;0.38;Negativno;Ne
6760;2.6;-73.0;4.0;0.58;Negativno;Ne
6761;4.3;-40.5;5.79;0.69;Negativno;Ne
6762;1.0;-64.6;7.27;0.07;Negativno;Ne
6763;4.2;-36.7;7.05;0.05;Negativno;Ne
6764;4.4;-56.3;7.99;1.06;Negativno;Ne
6765;2.2;-57.2;9.9;0.13;Negativno;Ne
6766;1.0;-65.9;5.76;0.22;Negativno;Ne
6767;6.3;-60.7;7.14;0.04;Negativno;Ne
6768;4.0;-57.0;6.74;0.54;Negativno;Ne
6769;4.0;-44.9;6.69;0.86;Negativno;Ne
6770;5.5;-51.7;9.77;0.12;Negativno;Ne
6771;4.2;-54.2;7.28;0.31;Negativno;Ne
6772;1.8;-53.8;5.77;0.18;Negativno;Ne
6773;1.9;-65.9;7.1;0.69;Negativno;Ne
6774;4.2;-60.4;6.34;0.36;Negativno;Ne
6775;9.4;-45.9;5.56;0.13;Negativno;Ne
6776;2.7;-53.4;5.43;0.63;Negativno;Ne
6777;1.0;-57.6;7.15;2.34;Negativno;Ne
6778;1.1;-58.5;3.46;0.12;Negativno;Ne
6779;1.2;-51.3;7.2;0.37;Negativno;Ne
6780;3.0;-53.5;6.26;0.4;Negativno;Ne
6781;1.7;-57.6;4.88;0.11;Negativno;Ne
6782;3.1;-52.6;7.62;1.05;Negativno;Ne
6783;0.0;-55.4;8.19;0.56;Negativno;Ne
6784;1.0;-59.9;6.93;0.01;Negativno;Ne
6785;0.6;-58.1;4.38;0.17;Negativno;Ne
6786;4.8;-64.3;7.04;0.18;Negativno;Ne
6787;11.3;-44.3;7.68;0.26;Negativno;Ne
6788;2.9;-57.7;8.27;0.94;Negativno;Ne
6789;0.7;-63.5;4.07;1.97;Negativno;Ne
6790;17.7;-51.2;6.97;0.02;Negativno;Ne
6791;3.6;-45.0;5.46;0.16;Negativno;Ne
6792;14.4;-53.0;4.99;0.11;Negativno;Ne
6793;0.4;-65.7;4.93;0.09;Negativno;Ne
6794;0.3;-61.0;5.48;0.21;Negativno;Ne
6795;3.1;-57.4;2.22;0.04;Negativno;Ne
6796;11.1;-60.3;5.72;0.55;Negativno;Ne
6797;4.8;-66.5;7.09;0.12;Negativno;Ne
6798;7.1;-50.0;6.66;1.37;Negativno;Ne
6799;3.7;-65.9;7.59;0.76;Negativno;Ne
6800;8.2;-76.2;7.48;0.22;Negativno;Ne
6801;1.9;-51.5;6.04;1.02;Negativno;Ne
6802;1.2;-78.6;5.36;0.13;Negativno;Ne
6803;5.1;-57.6;5.72;2.11;Negativno;Ne
6804;6.7;-66.6;6.13;0.39;Negativno;Ne
6805;0.4;-80.4;4.98;0.08;Negativno;Ne
6806;12.0;-65.0;3.27;0.06;Negativno;Ne
6807;1.3;-72.7;8.25;0.26;Negativno;Ne
6808;6.5;-53.9;7.1;0.31;Negativno;Ne
6809;7.8;-61.9;9.81;0.56;Negativno;Ne
6810;7.6;-63.6;7.47;0.21;Negativno;Ne
6811;13.1;-55.3;4.21;0.36;Negativno;Ne
6812;6.5;-80.2;8.81;0.15;Negativno;Ne
6813;1.3;-47.8;7.46;0.09;Negativno;Ne
6814;3.1;-43.3;9.32;0.29;Negativno;Ne
6815;10.5;-81.3;8.27;0.24;Negativno;Ne
6816;0.2;-57.2;5.22;0.12;Negativno;Ne
6817;0.1;-86.0;8.72;0.22;Negativno;Ne
6818;3.8;-78.5;6.2;0.38;Negativno;Ne
6819;2.0;-59.2;8.08;1.03;Negativno;Ne
6820;13.3;-78.9;5.99;0.14;Negativno;Ne
6821;1.2;-69.8;4.01;1.26;Negativno;Ne
6822;8.1;-70.5;4.85;0.53;Negativno;Ne
6823;5.9;-73.5;8.32;0.48;Negativno;Ne
6824;2.0;-56.0;6.16;0.07;Negativno;Ne
6825;6.3;-59.3;7.33;0.07;Negativno;Ne
6826;3.1;-56.6;7.15;0.4;Negativno;Ne
6827;0.6;-60.4;4.33;0.07;Negativno;Ne
6828;1.5;-48.5;9.92;0.33;Negativno;Ne
6829;14.9;-55.6;8.62;0.3;Negativno;Ne
6830;1.6;-50.4;7.75;0.33;Negativno;Ne
6831;4.4;-68.8;7.92;0.46;Negativno;Ne
6832;3.5;-47.5;6.24;0.61;Negativno;Ne
6833;12.0;-74.3;4.12;0.04;Negativno;Ne
6834;2.5;-54.5;4.92;0.5;Negativno;Ne
6835;9.2;-56.7;6.07;0.14;Negativno;Ne
6836;3.6;-60.1;5.8;0.1;Negativno;Ne
6837;0.3;-43.9;8.38;0.57;Negativno;Ne
6838;0.2;-44.1;8.62;0.79;Negativno;Ne
6839;0.4;-60.0;9.49;0.99;Negativno;Ne
6840;1.3;-47.8;11.89;0.07;Negativno;Ne
6841;6.9;-55.1;6.31;0.18;Negativno;Ne
6842;15.9;-52.9;5.19;0.39;Negativno;Ne
6843;0.6;-39.4;6.47;0.05;Negativno;Ne
6844;3.8;-64.7;7.83;0.36;Negativno;Ne
6845;1.8;-64.2;6.06;0.54;Negativno;Ne
6846;0.0;-54.7;9.56;0.31;Negativno;Ne
6847;4.9;-65.5;5.69;1.03;Negativno;Ne
6848;1.5;-58.3;6.73;0.31;Negativno;Ne
6849;0.8;-64.9;7.37;0.61;Negativno;Ne
6850;3.5;-63.7;7.33;0.03;Negativno;Ne
6851;0.5;-69.6;8.56;0.83;Negativno;Ne
6852;2.3;-57.7;5.27;0.41;Negativno;Ne
6853;1.5;-66.1;6.41;0.87;Negativno;Ne
6854;5.1;-60.8;6.74;0.02;Negativno;Ne
6855;10.8;-62.8;3.74;0.11;Negativno;Ne
6856;1.9;-65.2;7.68;0.19;Negativno;Ne
6857;4.5;-63.1;9.83;0.97;Negativno;Ne
6858;5.7;-62.0;6.0;0.39;Negativno;Ne
6859;1.1;-60.3;4.73;1.57;Negativno;Ne
6860;3.2;-62.7;7.55;0.09;Negativno;Ne
6861;0.5;-69.2;6.01;1.41;Negativno;Ne
6862;0.1;-68.0;7.71;0.13;Negativno;Ne
6863;1.9;-58.9;5.57;0.32;Negativno;Ne
6864;7.6;-46.8;5.15;1.43;Negativno;Ne
6865;0.2;-72.0;8.21;0.26;Negativno;Ne
6866;3.6;-57.6;2.7;0.86;Negativno;Ne
6867;0.9;-62.0;5.97;0.14;Negativno;Ne
6868;1.1;-60.8;7.86;1.09;Negativno;Ne
6869;4.6;-59.1;5.77;0.03;Negativno;Ne
6870;10.8;-62.3;6.24;0.5;Negativno;Ne
6871;1.2;-57.5;6.26;0.05;Negativno;Ne
6872;5.3;-61.8;8.26;0.02;Negativno;Ne
6873;0.3;-58.7;7.18;0.18;Negativno;Ne
6874;5.2;-47.0;2.47;0.51;Negativno;Ne
6875;0.2;-64.8;9.02;0.66;Negativno;Ne
6876;1.4;-68.5;5.62;0.13;Negativno;Ne
6877;9.8;-59.3;6.08;0.46;Negativno;Ne
6878;2.7;-79.0;7.55;0.07;Negativno;Ne
6879;12.4;-61.3;4.97;0.81;Negativno;Ne
6880;10.1;-58.5;4.96;0.85;Negativno;Ne
6881;2.2;-65.0;7.54;0.16;Negativno;Ne
6882;4.3;-47.1;9.89;0.29;Negativno;Ne
6883;3.1;-69.0;6.54;0.33;Negativno;Ne
6884;2.8;-44.0;7.76;0.28;Negativno;Ne
6885;7.1;-65.4;4.91;0.69;Negativno;Ne
6886;0.1;-63.3;8.26;0.42;Negativno;Ne
6887;1.6;-51.2;0.59;1.19;Negativno;Ne
6888;7.5;-41.1;8.91;0.28;Negativno;Ne
6889;3.6;-66.8;8.51;0.97;Negativno;Ne
6890;1.1;-65.8;4.71;0.34;Negativno;Ne
6891;4.3;-43.4;9.12;0.33;Negativno;Ne
6892;8.4;-70.6;8.04;1.27;Negativno;Ne
6893;0.4;-83.7;4.61;0.09;Negativno;Ne
6894;9.8;-98.1;6.87;0.23;Negativno;Ne
6895;11.7;-61.1;3.5;1.9;Negativno;Ne
6896;1.1;-46.7;9.0;0.04;Negativno;Ne
6897;6.0;-54.2;9.2;0.08;Negativno;Ne
6898;1.6;-59.3;10.93;0.17;Negativno;Ne
6899;4.3;-46.5;6.2;0.66;Negativno;Ne
6900;11.8;-56.3;8.06;0.82;Negativno;Ne
6901;2.5;-64.4;5.12;0.54;Negativno;Ne
6902;1.4;-50.7;8.55;0.11;Negativno;Ne
6903;1.7;-53.0;3.54;1.73;Negativno;Ne
6904;8.4;-77.5;8.38;0.91;Negativno;Ne
6905;3.3;-84.7;8.49;0.36;Negativno;Ne
6906;3.9;-65.2;8.53;0.89;Negativno;Ne
6907;2.7;-48.1;8.96;0.61;Negativno;Ne
6908;2.5;-56.0;10.87;0.02;Negativno;Ne
6909;2.8;-50.3;6.61;0.06;Negativno;Ne
6910;5.6;-58.7;6.1;0.56;Negativno;Ne
6911;10.2;-61.5;6.51;0.15;Negativno;Ne
6912;11.2;-66.7;7.81;1.08;Negativno;Ne
6913;0.1;-52.2;7.13;0.06;Negativno;Ne
6914;1.4;-63.4;8.05;0.66;Negativno;Ne
6915;5.3;-66.1;8.14;0.0;Negativno;Ne
6916;1.0;-57.9;6.6;0.26;Negativno;Ne
6917;1.7;-65.6;3.29;0.76;Negativno;Ne
6918;20.6;-56.2;1.98;0.14;Negativno;Ne
6919;1.6;-76.0;7.21;0.07;Negativno;Ne
6920;2.2;-73.6;5.21;0.54;Negativno;Ne
6921;14.1;-64.5;7.93;0.06;Negativno;Ne
6922;6.5;-40.0;7.88;0.24;Negativno;Ne
6923;14.9;-65.2;7.87;0.08;Negativno;Ne
6924;4.9;-65.7;6.0;0.03;Negativno;Ne
6925;3.0;-65.7;8.77;0.22;Negativno;Ne
6926;0.5;-52.1;8.09;0.13;Negativno;Ne
6927;4.4;-70.1;5.36;1.34;Negativno;Ne
6928;6.8;-83.3;8.78;0.42;Negativno;Ne
6929;3.0;-84.4;8.93;0.61;Negativno;Ne
6930;3.7;-56.1;9.81;0.11;Negativno;Ne
6931;7.9;-64.1;6.78;0.73;Negativno;Ne
6932;1.0;-68.0;7.7;0.41;Negativno;Ne
6933;11.4;-75.3;5.96;0.22;Negativno;Ne
6934;8.4;-48.6;8.23;1.66;Negativno;Ne
6935;3.6;-60.9;6.66;1.43;Negativno;Ne
6936;9.1;-64.3;4.59;0.2;Negativno;Ne
6937;5.4;-46.0;4.3;0.01;Negativno;Ne
6938;2.6;-83.0;1.35;0.17;Negativno;Ne
6939;2.8;-54.8;9.62;0.41;Negativno;Ne
6940;3.0;-62.9;7.28;0.63;Negativno;Ne
6941;7.4;-70.9;7.16;0.04;Negativno;Ne
6942;6.1;-60.5;7.42;0.44;Negativno;Ne
6943;4.2;-53.2;4.33;0.55;Negativno;Ne
6944;3.4;-51.0;7.36;0.18;Negativno;Ne
6945;2.3;-48.9;5.59;1.48;Negativno;Ne
6946;2.6;-57.3;7.26;0.41;Negativno;Ne
6947;1.4;-51.2;8.54;0.59;Negativno;Ne
6948;5.6;-70.4;6.44;0.76;Negativno;Ne
6949;2.0;-50.7;8.02;0.42;Negativno;Ne
6950;1.9;-70.2;9.32;0.3;Negativno;Ne
6951;3.2;-40.4;7.35;0.52;Negativno;Ne
6952;3.7;-54.8;8.39;1.35;Negativno;Ne
6953;5.9;-67.1;6.45;0.3;Negativno;Ne
6954;5.5;-44.1;5.81;0.18;Negativno;Ne
6955;3.3;-61.9;5.63;0.95;Negativno;Ne
6956;4.7;-82.6;6.36;0.94;Negativno;Ne
6957;5.5;-64.7;4.79;0.25;Negativno;Ne
6958;12.6;-45.6;8.45;0.41;Negativno;Ne
6959;7.1;-49.9;10.76;0.31;Negativno;Ne
6960;1.8;-57.5;7.37;0.55;Negativno;Ne
6961;1.7;-50.6;8.28;0.07;Negativno;Ne
6962;1.2;-60.5;6.42;0.02;Negativno;Ne
6963;0.9;-61.6;7.36;0.44;Negativno;Ne
6964;2.8;-48.8;6.12;0.83;Negativno;Ne
6965;13.8;-72.9;8.79;0.02;Negativno;Ne
6966;7.6;-47.8;8.46;0.38;Negativno;Ne
6967;2.8;-67.6;6.32;0.07;Negativno;Ne
6968;9.9;-59.3;5.72;0.41;Negativno;Ne
6969;2.1;-61.7;7.22;0.19;Negativno;Ne
6970;1.2;-64.3;7.0;0.05;Negativno;Ne
6971;0.8;-63.1;8.91;0.11;Negativno;Ne
6972;1.3;-54.6;8.01;0.08;Negativno;Ne
6973;3.0;-58.2;7.69;0.37;Negativno;Ne
6974;8.2;-64.1;9.7;0.18;Negativno;Ne
6975;5.2;-66.7;7.14;0.8;Negativno;Ne
6976;1.1;-52.5;5.73;0.35;Negativno;Ne
6977;1.0;-52.1;5.37;0.57;Negativno;Ne
6978;7.9;-53.0;7.97;0.17;Negativno;Ne
6979;7.8;-52.4;8.7;0.03;Negativno;Ne
6980;3.6;-68.8;2.81;0.6;Negativno;Ne
6981;0.7;-71.2;10.39;0.86;Negativno;Ne
6982;5.8;-65.9;2.67;0.25;Negativno;Ne
6983;1.9;-58.5;5.6;0.41;Negativno;Ne
6984;1.4;-58.1;6.33;0.59;Negativno;Ne
6985;2.3;-60.6;9.18;1.16;Negativno;Ne
6986;14.1;-59.9;8.65;0.96;Negativno;Ne
6987;5.8;-50.6;7.09;0.13;Negativno;Ne
6988;0.8;-48.7;6.35;1.12;Negativno;Ne
6989;2.7;-62.0;9.32;0.75;Negativno;Ne
6990;0.4;-63.1;5.15;0.08;Negativno;Ne
6991;7.6;-41.1;7.13;1.18;Negativno;Ne
6992;5.6;-68.4;7.16;0.28;Negativno;Ne
6993;4.2;-43.5;6.78;0.49;Negativno;Ne
6994;1.2;-67.3;6.79;0.04;Negativno;Ne
6995;14.4;-64.1;6.66;0.03;Negativno;Ne
6996;2.5;-76.1;4.77;0.27;Negativno;Ne
6997;6.8;-58.8;5.52;0.74;Negativno;Ne
6998;7.0;-61.2;5.62;0.36;Negativno;Ne
6999;5.2;-46.5;5.21;1.49;Negativno;Ne
7000;1.6;-56.2;8.55;0.67;Negativno;Ne
7001;7.6;-71.6;6.43;0.7;Negativno;Ne
7002;13.6;-80.4;6.4;0.04;Negativno;Ne
7003;2.5;-68.7;5.44;0.19;Negativno;Ne
7004;0.9;-57.6;6.58;1.11;Negativno;Ne
7005;1.7;-68.9;6.34;0.28;Negativno;Ne
7006;4.2;-51.5;6.39;0.3;Negativno;Ne
7007;12.2;-64.8;10.17;0.13;Negativno;Ne
7008;9.0;-54.6;7.22;1.15;Negativno;Ne
7009;24.0;-61.3;5.64;1.03;Negativno;Ne
7010;0.8;-58.4;8.3;0.2;Negativno;Ne
7011;1.4;-73.7;3.93;0.36;Negativno;Ne
7012;0.3;-53.2;9.18;0.62;Pozitivno;Ne
7013;13.5;-53.6;4.51;0.05;Negativno;Ne
7014;1.6;-62.9;6.6;0.64;Negativno;Ne
7015;1.4;-49.9;10.16;0.34;Negativno;Ne
7016;0.2;-53.9;5.39;0.23;Negativno;Ne
7017;4.3;-49.6;5.6;1.59;Negativno;Ne
7018;12.4;-38.5;9.84;0.45;Negativno;Ne
7019;0.1;-68.1;7.04;1.5;Negativno;Ne
7020;26.0;-53.2;7.29;0.34;Negativno;Ne
7021;10.0;-77.1;6.97;0.88;Negativno;Ne
7022;4.8;-56.5;8.32;0.23;Negativno;Ne
7023;23.0;-53.9;6.28;0.22;Negativno;Ne
7024;8.0;-45.4;8.79;0.25;Negativno;Ne
7025;7.2;-47.5;2.89;0.11;Negativno;Ne
7026;5.0;-63.4;8.89;1.04;Negativno;Ne
7027;6.9;-53.9;4.28;0.16;Negativno;Ne
7028;0.3;-59.7;6.37;0.54;Negativno;Ne
7029;1.3;-46.4;6.93;0.15;Negativno;Ne
7030;6.3;-51.0;6.49;0.03;Negativno;Ne
7031;4.5;-68.3;8.41;0.91;Negativno;Ne
7032;1.8;-68.5;8.43;0.52;Negativno;Ne
7033;1.5;-52.0;6.64;0.19;Negativno;Ne
7034;9.6;-67.3;7.09;0.11;Negativno;Ne
7035;2.6;-67.6;6.17;0.12;Negativno;Ne
7036;1.9;-50.4;6.34;0.81;Negativno;Ne
7037;6.6;-61.9;3.91;0.22;Negativno;Ne
7038;6.9;-49.0;6.31;0.09;Negativno;Ne
7039;12.8;-44.8;2.68;0.13;Negativno;Ne
7040;11.4;-57.3;3.77;0.66;Negativno;Ne
7041;12.4;-60.3;10.55;0.49;Negativno;Ne
7042;2.4;-56.1;5.06;1.69;Negativno;Ne
7043;0.3;-58.7;5.59;1.21;Negativno;Ne
7044;17.3;-61.1;6.44;0.21;Negativno;Ne
7045;0.5;-37.5;9.08;0.38;Negativno;Ne
7046;5.0;-52.7;8.62;0.37;Negativno;Ne
7047;14.5;-51.2;8.72;1.38;Negativno;Ne
7048;11.4;-55.3;5.81;0.32;Negativno;Ne
7049;6.4;-50.9;5.85;0.55;Negativno;Ne
7050;1.4;-75.6;8.12;1.54;Negativno;Ne
7051;28.8;-73.8;10.38;0.19;Negativno;Ne
7052;0.2;-45.2;4.62;1.36;Negativno;Ne
7053;5.9;-68.3;7.1;0.14;Negativno;Ne
7054;16.4;-79.7;6.15;0.01;Negativno;Ne
7055;5.0;-60.1;5.56;0.27;Negativno;Ne
7056;4.2;-53.1;9.78;0.42;Negativno;Ne
7057;1.7;-69.0;6.17;0.41;Negativno;Ne
7058;0.3;-57.5;7.68;0.1;Negativno;Ne
7059;5.6;-68.3;6.13;0.67;Negativno;Ne
7060;5.2;-60.0;9.81;0.44;Negativno;Ne
7061;2.0;-48.8;8.82;0.49;Negativno;Ne
7062;4.3;-66.5;5.79;0.4;Negativno;Ne
7063;2.0;-45.3;5.13;1.48;Negativno;Ne
7064;5.2;-62.3;8.57;0.36;Negativno;Ne
7065;7.3;-57.7;3.33;2.02;Negativno;Ne
7066;5.1;-41.9;8.88;0.43;Negativno;Ne
7067;1.9;-52.9;7.8;0.31;Negativno;Ne
7068;2.1;-61.1;4.46;0.35;Negativno;Ne
7069;6.4;-63.4;5.45;0.03;Negativno;Ne
7070;8.2;-72.5;2.77;0.0;Negativno;Ne
7071;5.2;-56.5;7.17;0.43;Negativno;Ne
7072;10.4;-52.3;11.84;2.31;Negativno;Ne
7073;4.2;-61.7;11.42;0.75;Negativno;Ne
7074;4.4;-66.2;9.29;2.04;Negativno;Ne
7075;5.8;-54.0;4.95;0.23;Negativno;Ne
7076;2.2;-65.6;7.21;0.91;Negativno;Ne
7077;7.6;-63.3;6.86;0.4;Negativno;Ne
7078;4.7;-67.0;5.49;0.76;Negativno;Ne
7079;0.1;-55.9;5.71;0.54;Negativno;Ne
7080;0.4;-71.9;6.63;0.07;Negativno;Ne
7081;0.1;-72.0;7.64;1.15;Negativno;Ne
7082;5.3;-63.8;7.14;0.63;Negativno;Ne
7083;2.0;-44.4;7.26;0.07;Negativno;Ne
7084;0.5;-54.7;4.2;0.15;Negativno;Ne
7085;5.0;-54.6;6.96;0.76;Negativno;Ne
7086;5.8;-55.0;5.47;0.31;Negativno;Ne
7087;8.9;-40.3;9.31;0.32;Negativno;Ne
7088;4.6;-60.0;7.24;0.53;Negativno;Ne
7089;2.2;-48.0;9.0;1.81;Negativno;Ne
7090;2.1;-68.3;6.82;0.07;Negativno;Ne
7091;6.6;-45.5;4.03;0.25;Negativno;Ne
7092;0.1;-54.5;6.86;0.26;Negativno;Ne
7093;10.9;-80.7;6.26;0.01;Negativno;Ne
7094;0.3;-39.9;8.01;1.14;Negativno;Ne
7095;1.8;-65.9;3.48;0.69;Negativno;Ne
7096;2.2;-52.5;5.82;0.94;Negativno;Ne
7097;2.7;-55.6;6.28;0.19;Negativno;Ne
7098;2.0;-50.5;8.21;0.27;Negativno;Ne
7099;0.9;-67.9;6.64;0.03;Negativno;Ne
7100;7.2;-53.0;6.63;0.23;Negativno;Ne
7101;7.6;-54.3;8.16;0.19;Negativno;Ne
7102;15.2;-50.5;3.99;0.36;Negativno;Ne
7103;0.1;-64.9;4.36;0.1;Negativno;Ne
7104;1.8;-67.6;8.63;0.24;Negativno;Ne
7105;2.6;-49.0;6.96;0.95;Negativno;Ne
7106;7.7;-69.8;3.6;0.28;Negativno;Ne
7107;16.7;-48.7;9.79;0.24;Negativno;Ne
7108;3.0;-58.7;4.82;0.06;Negativno;Ne
7109;0.7;-47.6;9.21;1.05;Negativno;Ne
7110;3.1;-51.9;8.78;0.09;Negativno;Ne
7111;4.6;-28.6;8.04;0.02;Negativno;Ne
7112;0.5;-61.9;7.02;0.1;Negativno;Ne
7113;7.5;-70.5;6.79;0.75;Negativno;Ne
7114;2.9;-47.1;3.8;0.43;Negativno;Ne
7115;13.8;-70.7;6.3;0.19;Negativno;Ne
7116;6.3;-59.2;8.81;0.61;Negativno;Ne
7117;11.6;-65.5;6.84;0.06;Negativno;Ne
7118;3.7;-75.2;7.16;0.01;Negativno;Ne
7119;5.4;-57.4;8.52;0.97;Negativno;Ne
7120;2.9;-84.3;6.07;1.03;Negativno;Ne
7121;11.3;-62.4;6.64;1.42;Negativno;Ne
7122;10.8;-44.6;8.26;0.76;Negativno;Ne
7123;6.3;-62.8;9.91;1.34;Negativno;Ne
7124;0.7;-58.7;6.54;0.42;Negativno;Ne
7125;8.9;-38.9;9.24;0.32;Negativno;Ne
7126;11.8;-71.9;9.91;1.15;Negativno;Ne
7127;13.1;-53.4;7.25;0.1;Negativno;Ne
7128;0.6;-61.5;6.97;0.05;Negativno;Ne
7129;0.8;-64.4;7.62;0.26;Negativno;Ne
7130;5.8;-56.2;6.94;0.62;Negativno;Ne
7131;4.0;-46.7;6.63;0.65;Negativno;Ne
7132;23.8;-50.1;6.85;0.15;Negativno;Ne
7133;15.1;-60.1;5.65;0.09;Negativno;Ne
7134;1.3;-39.7;6.04;0.17;Negativno;Ne
7135;6.9;-69.9;7.63;0.05;Negativno;Ne
7136;12.9;-62.4;5.67;0.73;Negativno;Ne
7137;2.8;-62.9;6.31;0.01;Negativno;Ne
7138;0.5;-65.4;10.45;0.23;Negativno;Ne
7139;4.2;-73.4;11.3;0.55;Negativno;Ne
7140;3.7;-61.8;6.02;0.25;Negativno;Ne
7141;1.4;-60.6;5.55;0.23;Negativno;Ne
7142;0.7;-55.2;5.75;0.68;Negativno;Ne
7143;7.4;-69.6;8.22;0.53;Negativno;Ne
7144;1.9;-50.7;7.52;1.23;Negativno;Ne
7145;6.1;-53.1;7.65;0.53;Negativno;Ne
7146;4.0;-45.9;5.76;0.04;Negativno;Ne
7147;10.4;-64.7;6.32;0.17;Negativno;Ne
7148;4.2;-47.2;4.82;0.39;Negativno;Ne
7149;8.2;-58.7;5.34;1.44;Negativno;Ne
7150;6.9;-47.7;6.21;1.28;Negativno;Ne
7151;1.9;-50.8;4.75;0.07;Negativno;Ne
7152;8.1;-60.9;6.82;0.41;Negativno;Ne
7153;1.1;-53.0;10.1;0.09;Negativno;Ne
7154;4.3;-59.9;6.57;0.12;Negativno;Ne
7155;6.7;-55.9;8.64;0.32;Pozitivno;Ne
7156;7.2;-69.7;6.46;0.42;Negativno;Ne
7157;2.6;-49.9;7.26;0.44;Negativno;Ne
7158;5.5;-55.3;7.03;0.77;Negativno;Ne
7159;3.6;-58.5;5.28;0.14;Negativno;Ne
7160;0.1;-45.5;4.33;1.56;Negativno;Ne
7161;12.0;-62.4;4.34;0.72;Negativno;Ne
7162;4.1;-65.0;7.15;1.14;Negativno;Ne
7163;1.8;-85.1;7.51;1.49;Negativno;Ne
7164;0.8;-65.1;4.58;0.97;Negativno;Ne
7165;5.2;-64.7;7.91;1.56;Negativno;Ne
7166;1.6;-57.8;6.36;0.07;Negativno;Ne
7167;1.4;-58.4;3.0;1.96;Negativno;Ne
7168;12.4;-70.2;5.83;0.1;Negativno;Ne
7169;2.5;-42.2;5.65;0.24;Negativno;Ne
7170;9.1;-66.8;3.42;0.26;Negativno;Ne
7171;0.5;-69.6;6.66;0.21;Negativno;Ne
7172;7.0;-65.5;8.82;0.4;Negativno;Ne
7173;0.0;-38.7;5.32;2.22;Negativno;Ne
7174;10.3;-51.9;3.54;0.83;Negativno;Ne
7175;15.2;-46.8;12.51;0.06;Negativno;Ne
7176;27.9;-51.5;4.98;1.81;Negativno;Ne
7177;2.5;-66.4;6.92;0.46;Negativno;Ne
7178;10.3;-69.7;4.31;0.58;Negativno;Ne
7179;5.1;-65.8;8.56;0.21;Negativno;Ne
7180;1.1;-68.2;4.59;0.5;Negativno;Ne
7181;2.5;-57.1;9.2;1.16;Negativno;Ne
7182;3.3;-53.2;6.97;0.13;Negativno;Ne
7183;3.9;-44.6;8.87;0.03;Negativno;Ne
7184;4.4;-63.6;8.03;0.06;Negativno;Ne
7185;9.2;-41.5;8.89;0.16;Negativno;Ne
7186;5.8;-75.6;7.72;0.67;Negativno;Ne
7187;9.3;-64.7;7.0;0.55;Negativno;Ne
7188;17.3;-56.6;6.65;0.02;Negativno;Ne
7189;1.8;-33.7;7.75;0.79;Negativno;Ne
7190;0.3;-58.9;8.04;1.5;Negativno;Ne
7191;4.0;-71.5;6.8;0.04;Negativno;Ne
7192;0.1;-54.5;8.69;1.29;Negativno;Ne
7193;5.0;-62.1;7.79;0.17;Negativno;Ne
7194;9.6;-53.0;8.1;0.34;Negativno;Ne
7195;1.4;-71.8;6.87;0.02;Negativno;Ne
7196;3.8;-54.2;7.18;0.52;Negativno;Ne
7197;6.9;-57.9;6.67;0.65;Negativno;Ne
7198;10.3;-57.9;5.95;0.03;Negativno;Ne
7199;4.2;-42.6;6.77;0.08;Negativno;Ne
7200;4.0;-59.2;4.85;0.79;Negativno;Ne
7201;5.6;-44.1;4.65;1.74;Negativno;Ne
7202;1.8;-52.8;6.04;0.01;Negativno;Ne
7203;4.3;-75.4;8.44;0.11;Negativno;Ne
7204;1.6;-45.1;9.53;0.08;Negativno;Ne
7205;4.4;-43.2;9.57;0.2;Negativno;Ne
7206;8.2;-62.1;5.59;0.15;Negativno;Ne
7207;21.7;-55.8;6.5;1.29;Negativno;Ne
7208;1.5;-55.1;7.62;1.25;Negativno;Ne
7209;1.2;-63.3;5.44;0.04;Negativno;Ne
7210;4.7;-63.3;4.86;0.46;Negativno;Ne
7211;5.8;-55.1;10.61;0.64;Negativno;Ne
7212;1.3;-71.7;5.21;0.35;Negativno;Ne
7213;1.1;-59.9;5.72;0.04;Negativno;Ne
7214;6.4;-44.7;7.74;0.99;Negativno;Ne
7215;0.9;-66.4;8.8;0.03;Negativno;Ne
7216;9.9;-56.0;6.38;1.03;Negativno;Ne
7217;11.7;-65.6;9.01;0.61;Negativno;Ne
7218;2.0;-72.2;8.05;0.58;Negativno;Ne
7219;1.2;-59.9;13.81;1.68;Negativno;Ne
7220;4.1;-52.7;7.9;1.5;Negativno;Ne
7221;0.2;-47.1;7.72;0.36;Negativno;Ne
7222;4.9;-53.1;7.63;0.38;Negativno;Ne
7223;5.7;-80.0;6.95;0.05;Negativno;Ne
7224;2.0;-72.7;6.65;0.09;Negativno;Ne
7225;5.6;-42.7;7.58;1.37;Negativno;Ne
7226;3.0;-42.0;4.15;1.63;Negativno;Ne
7227;4.1;-66.9;7.8;0.2;Negativno;Ne
7228;2.4;-58.2;6.61;0.11;Negativno;Ne
7229;24.0;-65.4;8.21;0.1;Negativno;Ne
7230;10.5;-50.7;10.97;0.05;Negativno;Ne
7231;0.0;-74.9;9.62;0.56;Negativno;Ne
7232;8.0;-71.7;8.57;0.17;Negativno;Ne
7233;5.7;-40.4;7.67;0.45;Negativno;Ne
7234;1.8;-53.1;6.94;0.63;Negativno;Ne
7235;10.2;-41.5;4.53;0.87;Negativno;Ne
7236;11.9;-72.1;6.44;0.27;Negativno;Ne
7237;4.1;-42.1;5.57;0.65;Negativno;Ne
7238;0.3;-69.3;6.78;0.22;Negativno;Ne
7239;0.6;-69.3;10.11;0.14;Negativno;Ne
7240;15.6;-57.1;5.16;0.34;Negativno;Ne
7241;6.6;-52.8;9.59;0.44;Negativno;Ne
7242;6.3;-47.5;7.61;0.58;Negativno;Ne
7243;5.8;-69.9;10.91;0.19;Negativno;Ne
7244;10.2;-55.6;8.84;0.32;Negativno;Ne
7245;4.4;-67.4;9.01;1.06;Negativno;Ne
7246;9.7;-55.2;3.59;3.39;Negativno;Ne
7247;12.8;-62.3;3.3;0.56;Negativno;Ne
7248;5.8;-67.5;8.3;0.18;Negativno;Ne
7249;9.3;-68.9;3.97;0.82;Negativno;Ne
7250;0.8;-62.2;4.59;0.32;Negativno;Ne
7251;2.6;-68.4;7.12;0.24;Negativno;Ne
7252;2.8;-49.0;6.32;0.12;Negativno;Ne
7253;2.8;-63.2;7.27;0.82;Negativno;Ne
7254;4.6;-67.1;8.06;0.13;Negativno;Ne
7255;2.1;-62.5;10.2;0.27;Negativno;Ne
7256;3.5;-64.0;8.47;0.12;Negativno;Ne
7257;2.5;-65.3;6.77;0.25;Negativno;Ne
7258;0.4;-73.0;6.58;0.2;Negativno;Ne
7259;0.4;-60.0;7.68;0.09;Negativno;Ne
7260;1.5;-53.1;6.64;0.16;Negativno;Ne
7261;4.9;-51.5;3.2;1.55;Negativno;Ne
7262;1.9;-58.9;8.02;0.86;Negativno;Ne
7263;9.3;-44.3;9.35;0.43;Negativno;Ne
7264;1.9;-68.0;5.95;1.59;Negativno;Ne
7265;3.8;-44.2;6.09;0.04;Negativno;Ne
7266;4.5;-40.5;8.87;0.13;Negativno;Ne
7267;3.2;-66.1;4.33;0.05;Negativno;Ne
7268;4.6;-56.3;7.85;0.23;Negativno;Ne
7269;3.3;-47.1;6.6;0.18;Negativno;Ne
7270;1.3;-46.5;5.54;0.49;Negativno;Ne
7271;0.5;-58.5;9.4;0.63;Negativno;Ne
7272;6.3;-62.0;4.6;0.71;Negativno;Ne
7273;3.0;-58.5;2.78;0.35;Negativno;Ne
7274;2.2;-43.2;7.82;0.23;Negativno;Ne
7275;16.4;-63.6;6.64;0.42;Negativno;Ne
7276;2.5;-62.9;4.02;0.21;Negativno;Ne
7277;4.5;-61.1;2.33;0.16;Negativno;Ne
7278;0.6;-69.8;8.81;0.09;Negativno;Ne
7279;5.9;-51.3;10.7;1.27;Negativno;Ne
7280;1.3;-72.9;8.36;0.0;Negativno;Ne
7281;0.8;-77.3;8.45;0.14;Negativno;Ne
7282;0.1;-65.0;7.53;0.12;Negativno;Ne
7283;0.8;-61.6;6.79;0.57;Negativno;Ne
7284;2.7;-43.2;2.42;0.05;Negativno;Ne
7285;1.0;-65.7;6.13;0.27;Negativno;Ne
7286;9.9;-63.4;7.01;2.87;Negativno;Ne
7287;3.4;-29.0;7.07;0.14;Negativno;Ne
7288;0.1;-58.7;6.95;0.79;Negativno;Ne
7289;2.8;-49.4;9.26;0.07;Negativno;Ne
7290;5.1;-65.6;6.49;0.71;Negativno;Ne
7291;5.4;-57.6;8.71;0.61;Negativno;Ne
7292;6.5;-65.4;6.65;0.27;Negativno;Ne
7293;0.5;-86.3;4.82;0.48;Negativno;Ne
7294;2.5;-81.2;4.23;0.38;Negativno;Ne
7295;22.4;-51.7;5.7;1.3;Negativno;Ne
7296;11.8;-46.5;7.79;1.24;Negativno;Ne
7297;2.2;-40.4;4.65;0.0;Negativno;Ne
7298;0.3;-61.2;3.79;0.21;Negativno;Ne
7299;0.4;-36.3;7.34;0.17;Negativno;Ne
7300;17.5;-60.6;5.75;1.45;Negativno;Ne
7301;14.6;-47.7;8.88;0.38;Negativno;Ne
7302;2.0;-66.7;6.61;0.07;Negativno;Ne
7303;1.0;-52.9;7.94;0.09;Negativno;Ne
7304;5.6;-64.1;6.63;0.53;Negativno;Ne
7305;6.4;-67.5;7.03;0.46;Negativno;Ne
7306;2.5;-58.6;4.48;0.67;Negativno;Ne
7307;4.6;-61.3;7.3;0.15;Negativno;Ne
7308;3.7;-68.6;3.06;0.82;Negativno;Ne
7309;1.0;-69.2;5.45;0.13;Negativno;Ne
7310;1.7;-43.7;4.17;0.11;Negativno;Ne
7311;1.1;-78.2;5.22;0.23;Negativno;Ne
7312;2.5;-35.2;5.45;0.15;Negativno;Ne
7313;2.1;-60.7;8.82;0.14;Negativno;Ne
7314;8.2;-48.7;8.12;0.29;Negativno;Ne
7315;4.5;-39.8;5.23;1.13;Negativno;Ne
7316;0.8;-59.0;5.5;0.01;Negativno;Ne
7317;5.6;-52.0;8.24;0.93;Negativno;Ne
7318;5.1;-59.5;6.66;1.91;Negativno;Ne
7319;2.1;-48.5;10.66;0.1;Negativno;Ne
7320;13.0;-67.3;7.83;0.78;Negativno;Ne
7321;0.8;-54.7;10.51;0.61;Negativno;Ne
7322;8.3;-53.7;5.43;0.02;Negativno;Ne
7323;1.2;-60.6;4.27;1.52;Negativno;Ne
7324;27.9;-67.3;7.77;1.32;Negativno;Ne
7325;5.9;-67.1;8.46;0.98;Negativno;Ne
7326;5.9;-63.4;8.31;0.91;Negativno;Ne
7327;2.3;-60.3;7.17;0.21;Negativno;Ne
7328;1.3;-76.5;6.27;0.55;Negativno;Ne
7329;1.2;-69.0;9.19;0.24;Negativno;Ne
7330;1.0;-56.8;8.48;0.43;Negativno;Ne
7331;1.2;-51.4;8.87;0.11;Negativno;Ne
7332;2.7;-56.9;4.74;0.13;Negativno;Ne
7333;6.1;-53.1;8.43;0.52;Negativno;Ne
7334;0.3;-63.3;6.42;0.61;Negativno;Ne
7335;7.2;-74.5;5.5;1.16;Negativno;Ne
7336;0.1;-50.4;5.1;0.87;Negativno;Ne
7337;6.9;-49.2;6.65;1.26;Negativno;Ne
7338;0.7;-65.8;5.47;0.46;Negativno;Ne
7339;5.5;-67.6;7.19;0.23;Negativno;Ne
7340;1.7;-45.9;3.72;0.05;Negativno;Ne
7341;3.4;-55.5;2.51;0.4;Negativno;Ne
7342;2.1;-70.4;7.13;0.18;Negativno;Ne
7343;21.0;-65.5;9.62;0.08;Negativno;Ne
7344;0.2;-73.4;10.28;0.0;Negativno;Ne
7345;2.8;-71.2;4.55;0.6;Negativno;Ne
7346;2.8;-56.3;5.2;1.06;Negativno;Ne
7347;2.0;-66.0;12.45;0.8;Negativno;Ne
7348;0.1;-63.2;6.93;0.02;Negativno;Ne
7349;1.4;-55.5;8.71;0.47;Negativno;Ne
7350;0.5;-43.5;7.53;1.05;Negativno;Ne
7351;9.1;-62.9;7.03;0.04;Negativno;Ne
7352;9.4;-43.9;6.32;0.64;Negativno;Ne
7353;2.2;-59.6;7.74;0.51;Negativno;Ne
7354;0.6;-67.0;6.81;0.36;Negativno;Ne
7355;2.3;-51.5;12.52;0.0;Negativno;Ne
7356;5.7;-64.2;5.32;0.24;Negativno;Ne
7357;2.4;-76.0;6.95;0.2;Negativno;Ne
7358;9.2;-53.6;3.29;0.31;Negativno;Ne
7359;7.6;-60.6;5.52;0.13;Negativno;Ne
7360;0.4;-65.4;9.45;0.63;Negativno;Ne
7361;0.9;-55.9;9.96;0.01;Negativno;Ne
7362;29.0;-68.6;9.18;0.61;Negativno;Ne
7363;0.9;-70.3;4.46;0.15;Negativno;Ne
7364;2.7;-36.0;7.17;0.04;Negativno;Ne
7365;9.4;-81.2;7.92;1.09;Negativno;Ne
7366;0.8;-60.3;3.77;0.19;Negativno;Ne
7367;8.9;-55.0;8.58;0.74;Negativno;Ne
7368;10.4;-52.8;7.33;1.83;Negativno;Ne
7369;4.7;-56.1;6.56;0.5;Negativno;Ne
7370;9.1;-66.7;7.16;0.27;Negativno;Ne
7371;1.0;-74.9;5.71;0.74;Negativno;Ne
7372;3.3;-40.1;8.49;0.46;Negativno;Ne
7373;0.3;-68.3;8.43;0.86;Negativno;Ne
7374;5.8;-65.0;7.21;0.28;Pozitivno;Ne
7375;0.7;-63.9;6.46;0.77;Negativno;Ne
7376;0.8;-44.1;2.65;0.64;Negativno;Ne
7377;6.9;-55.4;8.07;0.31;Negativno;Ne
7378;8.3;-69.3;8.0;0.83;Negativno;Ne
7379;3.7;-73.9;9.08;0.84;Negativno;Ne
7380;1.9;-41.3;8.84;0.14;Negativno;Ne
7381;7.2;-63.9;9.99;1.05;Negativno;Ne
7382;11.4;-67.7;7.37;0.07;Negativno;Ne
7383;7.5;-45.0;6.93;0.19;Negativno;Ne
7384;7.6;-57.7;7.53;1.78;Negativno;Ne
7385;8.4;-49.5;6.79;0.26;Negativno;Ne
7386;0.1;-51.5;6.62;0.67;Negativno;Ne
7387;4.1;-68.2;4.79;0.08;Negativno;Ne
7388;1.0;-61.9;4.58;0.41;Negativno;Ne
7389;2.3;-76.6;9.54;0.2;Negativno;Ne
7390;14.7;-60.6;6.71;0.77;Negativno;Ne
7391;2.4;-54.0;6.08;0.02;Negativno;Ne
7392;7.4;-79.9;5.29;0.08;Negativno;Ne
7393;1.2;-46.4;6.25;0.23;Negativno;Ne
7394;14.8;-61.9;5.98;0.0;Negativno;Ne
7395;1.8;-72.8;7.25;0.09;Negativno;Ne
7396;5.7;-58.4;5.07;1.02;Negativno;Ne
7397;0.8;-55.4;6.77;0.12;Negativno;Ne
7398;9.3;-60.4;7.03;0.0;Negativno;Ne
7399;5.8;-51.7;5.83;0.81;Negativno;Ne
7400;1.8;-64.8;4.3;0.17;Negativno;Ne
7401;2.0;-53.0;7.49;0.55;Negativno;Ne
7402;2.2;-67.5;8.83;0.01;Negativno;Ne
7403;15.1;-50.1;5.77;1.44;Negativno;Ne
7404;5.4;-48.8;5.34;0.08;Negativno;Ne
7405;0.9;-44.2;8.9;1.24;Negativno;Ne
7406;1.1;-48.6;8.88;0.26;Negativno;Ne
7407;4.2;-53.1;7.81;0.22;Negativno;Ne
7408;12.3;-63.2;6.91;0.01;Negativno;Ne
7409;6.4;-68.1;7.95;0.03;Negativno;Ne
7410;0.9;-69.3;7.74;0.59;Negativno;Ne
7411;18.8;-58.0;6.76;3.05;Negativno;Ne
7412;5.7;-64.5;6.29;0.4;Negativno;Ne
7413;7.9;-63.0;6.9;0.88;Negativno;Ne
7414;7.9;-48.5;4.01;0.19;Negativno;Ne
7415;1.8;-73.9;5.24;0.22;Negativno;Ne
7416;8.5;-79.1;8.06;0.47;Negativno;Ne
7417;5.1;-65.1;9.21;0.0;Negativno;Ne
7418;5.5;-55.2;4.64;0.18;Negativno;Ne
7419;1.5;-48.0;6.89;0.89;Negativno;Ne
7420;16.0;-68.2;2.46;0.45;Negativno;Ne
7421;1.9;-79.1;6.53;0.3;Negativno;Ne
7422;6.2;-63.0;6.56;1.16;Negativno;Ne
7423;0.7;-71.5;6.15;0.04;Negativno;Ne
7424;4.6;-64.4;6.94;0.44;Negativno;Ne
7425;4.6;-73.3;9.18;0.03;Negativno;Ne
7426;10.7;-60.9;5.9;0.51;Negativno;Ne
7427;2.1;-66.7;9.67;1.33;Negativno;Ne
7428;14.2;-52.9;8.02;0.79;Negativno;Ne
7429;4.1;-46.7;8.11;0.48;Negativno;Ne
7430;7.5;-50.1;3.89;0.15;Negativno;Ne
7431;5.7;-68.7;2.55;0.62;Negativno;Ne
7432;4.1;-62.0;10.61;1.38;Negativno;Ne
7433;1.5;-75.7;4.86;0.04;Negativno;Ne
7434;4.6;-77.3;8.08;0.57;Negativno;Ne
7435;4.1;-53.8;7.77;0.67;Negativno;Ne
7436;1.0;-47.6;5.47;0.14;Negativno;Ne
7437;13.0;-59.2;7.99;0.44;Negativno;Ne
7438;3.4;-58.7;4.14;0.22;Negativno;Ne
7439;2.6;-59.1;5.3;0.34;Negativno;Ne
7440;21.2;-51.5;7.54;0.36;Negativno;Ne
7441;4.2;-51.5;6.51;0.2;Negativno;Ne
7442;7.1;-67.7;8.06;0.05;Negativno;Ne
7443;15.5;-62.5;7.44;0.2;Negativno;Ne
7444;10.5;-69.3;5.72;0.11;Negativno;Ne
7445;14.7;-62.1;9.51;0.56;Negativno;Ne
7446;2.1;-80.5;8.18;1.37;Negativno;Ne
7447;8.6;-73.2;6.91;0.69;Negativno;Ne
7448;3.8;-63.1;6.64;0.25;Negativno;Ne
7449;7.7;-41.3;6.75;1.05;Negativno;Ne
7450;0.1;-46.0;3.35;0.72;Negativno;Ne
7451;3.4;-58.5;7.25;2.72;Negativno;Ne
7452;0.5;-59.5;6.73;1.21;Negativno;Ne
7453;21.9;-67.2;4.22;0.3;Negativno;Ne
7454;2.2;-67.8;3.77;0.53;Negativno;Ne
7455;0.8;-66.9;8.17;0.43;Negativno;Ne
7456;5.8;-22.3;5.16;0.03;Negativno;Ne
7457;2.1;-59.3;8.1;0.03;Negativno;Ne
7458;0.5;-68.1;7.77;0.38;Negativno;Ne
7459;0.3;-65.6;6.3;1.15;Negativno;Ne
7460;12.3;-66.7;9.2;0.69;Negativno;Ne
7461;1.7;-55.8;8.08;0.43;Negativno;Ne
7462;11.5;-57.5;10.32;0.13;Negativno;Ne
7463;31.1;-46.3;5.75;0.2;Negativno;Ne
7464;8.5;-72.5;5.44;0.22;Negativno;Ne
7465;7.2;-45.0;11.49;0.01;Negativno;Ne
7466;1.6;-62.2;4.58;0.98;Negativno;Ne
7467;1.4;-73.9;8.16;0.03;Negativno;Ne
7468;8.2;-72.8;9.09;0.39;Negativno;Ne
7469;7.9;-62.7;6.4;0.23;Negativno;Ne
7470;0.4;-61.7;6.5;0.46;Negativno;Ne
7471;15.0;-61.5;9.65;1.36;Negativno;Ne
7472;2.7;-57.3;7.44;1.22;Negativno;Ne
7473;2.3;-54.8;8.07;0.04;Negativno;Ne
7474;0.7;-50.5;8.87;0.31;Negativno;Ne
7475;13.3;-73.3;10.93;0.13;Negativno;Ne
7476;1.3;-38.7;4.7;0.11;Negativno;Ne
7477;10.1;-63.3;10.09;0.14;Negativno;Ne
7478;29.6;-71.2;5.94;0.16;Negativno;Ne
7479;3.3;-42.4;6.59;0.44;Negativno;Ne
7480;3.9;-77.7;7.47;0.21;Negativno;Ne
7481;1.4;-66.2;5.63;1.44;Negativno;Ne
7482;8.3;-58.5;3.76;0.18;Negativno;Ne
7483;9.1;-61.1;4.93;0.79;Negativno;Ne
7484;2.1;-42.6;8.13;0.86;Negativno;Ne
7485;1.9;-77.9;5.53;1.13;Negativno;Ne
7486;3.5;-83.8;8.8;0.21;Negativno;Ne
7487;0.5;-68.5;5.1;0.75;Negativno;Ne
7488;2.5;-75.6;8.94;0.28;Negativno;Ne
7489;3.4;-59.4;4.22;0.09;Negativno;Ne
7490;0.2;-67.4;5.97;0.09;Negativno;Ne
7491;0.2;-56.4;6.99;1.06;Negativno;Ne
7492;0.0;-59.2;8.15;0.73;Negativno;Ne
7493;8.3;-63.9;6.82;1.29;Negativno;Ne
7494;7.5;-61.0;6.36;0.04;Negativno;Ne
7495;2.7;-57.7;5.6;0.93;Negativno;Ne
7496;5.5;-63.1;10.65;0.3;Negativno;Ne
7497;2.2;-68.8;7.63;1.86;Negativno;Ne
7498;1.0;-68.1;6.15;0.48;Negativno;Ne
7499;3.6;-53.8;6.75;1.56;Negativno;Ne
7500;5.8;-65.0;6.16;0.53;Negativno;Ne
7501;0.0;-49.7;6.0;0.83;Negativno;Ne
7502;0.1;-57.7;7.94;0.47;Negativno;Ne
7503;0.8;-55.1;8.23;0.13;Negativno;Ne
7504;0.5;-45.2;5.82;1.42;Negativno;Ne
7505;3.5;-60.1;6.0;0.19;Negativno;Ne
7506;2.3;-60.2;5.19;0.21;Negativno;Ne
7507;5.1;-53.7;8.55;0.12;Negativno;Ne
7508;3.7;-65.5;8.87;0.71;Negativno;Ne
7509;0.7;-57.8;5.8;0.03;Negativno;Ne
7510;0.4;-78.7;8.57;0.02;Negativno;Ne
7511;10.6;-61.3;7.45;0.4;Negativno;Ne
7512;1.7;-57.7;7.13;0.3;Negativno;Ne
7513;0.6;-59.5;8.36;0.13;Negativno;Ne
7514;5.2;-66.5;8.47;0.56;Negativno;Ne
7515;0.8;-63.1;6.86;0.05;Negativno;Ne
7516;4.2;-43.0;7.14;0.5;Negativno;Ne
7517;17.9;-52.0;5.79;0.54;Negativno;Ne
7518;5.8;-46.2;5.21;0.46;Negativno;Ne
7519;0.9;-54.2;5.54;0.03;Negativno;Ne
7520;9.2;-59.5;7.23;0.62;Negativno;Ne
7521;11.0;-62.6;8.55;0.06;Negativno;Ne
7522;5.2;-66.0;6.4;0.1;Negativno;Ne
7523;1.8;-62.8;8.52;0.24;Negativno;Ne
7524;5.1;-58.2;6.86;0.21;Negativno;Ne
7525;4.8;-53.5;8.1;0.06;Negativno;Ne
7526;5.4;-66.5;8.82;2.77;Negativno;Ne
7527;9.8;-42.7;8.28;0.29;Negativno;Ne
7528;2.1;-70.9;9.12;0.38;Negativno;Ne
7529;10.9;-84.7;6.77;0.17;Negativno;Ne
7530;7.1;-78.7;5.51;0.2;Negativno;Ne
7531;0.3;-60.3;8.0;0.03;Negativno;Ne
7532;1.6;-61.1;5.96;0.35;Negativno;Ne
7533;2.5;-50.6;6.56;0.2;Negativno;Ne
7534;6.8;-66.6;6.52;0.34;Negativno;Ne
7535;8.8;-56.9;5.45;0.39;Negativno;Ne
7536;19.2;-53.1;8.31;0.31;Negativno;Ne
7537;1.1;-33.9;6.66;1.15;Negativno;Ne
7538;5.0;-66.9;9.0;0.18;Negativno;Ne
7539;1.5;-55.4;7.66;0.02;Negativno;Ne
7540;5.6;-58.7;8.55;1.57;Negativno;Ne
7541;7.5;-71.2;7.74;0.64;Negativno;Ne
7542;0.2;-65.2;8.33;0.51;Negativno;Ne
7543;0.3;-64.2;7.87;0.1;Negativno;Ne
7544;8.6;-65.2;7.32;0.49;Negativno;Ne
7545;8.4;-27.0;5.03;1.9;Negativno;Ne
7546;4.5;-69.1;5.87;0.53;Negativno;Ne
7547;8.0;-63.6;6.44;0.45;Negativno;Ne
7548;0.4;-67.2;7.1;0.3;Negativno;Ne
7549;0.1;-49.7;10.76;0.33;Negativno;Ne
7550;1.1;-42.7;6.01;1.69;Negativno;Ne
7551;8.1;-76.5;8.27;4.46;Negativno;Ne
7552;4.7;-67.6;8.55;0.87;Negativno;Ne
7553;10.5;-62.6;9.07;0.39;Negativno;Ne
7554;0.1;-52.5;8.6;0.01;Negativno;Ne
7555;0.6;-62.9;6.36;1.44;Negativno;Ne
7556;0.9;-48.6;8.55;0.66;Negativno;Ne
7557;8.4;-49.9;7.98;0.01;Negativno;Ne
7558;6.1;-46.7;5.84;0.23;Negativno;Ne
7559;7.3;-54.0;3.18;0.13;Negativno;Ne
7560;2.5;-52.6;6.31;0.09;Negativno;Ne
7561;4.0;-51.7;7.79;0.28;Negativno;Ne
7562;2.6;-56.8;3.59;0.63;Negativno;Ne
7563;7.1;-56.6;4.02;0.51;Negativno;Ne
7564;0.3;-38.5;7.75;0.65;Negativno;Ne
7565;4.9;-45.6;3.55;0.59;Negativno;Ne
7566;1.2;-67.7;9.56;0.08;Negativno;Ne
7567;0.4;-63.0;6.23;0.58;Negativno;Ne
7568;4.1;-43.4;3.52;0.06;Negativno;Ne
7569;13.8;-63.8;6.31;0.87;Negativno;Ne
7570;2.2;-55.8;4.37;0.53;Negativno;Ne
7571;2.1;-55.6;9.06;0.24;Negativno;Ne
7572;1.4;-68.2;8.71;0.16;Negativno;Ne
7573;14.8;-58.7;6.45;0.13;Negativno;Ne
7574;2.3;-59.7;8.08;0.24;Negativno;Ne
7575;13.3;-76.9;9.71;1.29;Negativno;Ne
7576;4.6;-84.5;1.81;0.55;Negativno;Ne
7577;0.5;-61.7;7.13;2.1;Negativno;Ne
7578;0.5;-48.3;9.23;0.29;Negativno;Ne
7579;2.0;-55.7;11.1;0.23;Negativno;Ne
7580;4.7;-55.1;4.83;0.7;Negativno;Ne
7581;4.9;-69.1;9.59;0.13;Negativno;Ne
7582;10.5;-64.0;5.61;0.13;Negativno;Ne
7583;10.0;-52.8;6.74;0.04;Negativno;Ne
7584;14.1;-69.2;8.19;0.57;Negativno;Ne
7585;7.6;-69.2;6.71;0.1;Negativno;Ne
7586;0.2;-51.7;10.37;0.11;Negativno;Ne
7587;1.3;-75.0;4.14;0.21;Negativno;Ne
7588;0.6;-82.7;7.85;0.04;Negativno;Ne
7589;7.7;-61.7;6.18;0.37;Negativno;Ne
7590;5.1;-62.8;9.43;0.24;Negativno;Ne
7591;2.9;-42.5;3.22;0.28;Negativno;Ne
7592;2.2;-47.7;6.89;0.06;Negativno;Ne
7593;2.7;-64.9;6.48;0.56;Negativno;Ne
7594;4.8;-42.3;6.07;0.02;Negativno;Ne
7595;1.2;-66.1;6.23;0.26;Negativno;Ne
7596;5.5;-55.4;5.46;0.83;Negativno;Ne
7597;6.0;-52.1;7.39;0.79;Negativno;Ne
7598;4.4;-61.7;10.11;0.22;Negativno;Ne
7599;1.5;-65.8;4.17;1.09;Pozitivno;Ne
7600;7.6;-66.8;2.58;0.79;Negativno;Ne
7601;12.1;-66.1;8.72;0.81;Negativno;Ne
7602;3.1;-50.4;8.62;1.88;Negativno;Ne
7603;4.6;-49.0;2.4;0.74;Negativno;Ne
7604;4.4;-62.5;6.68;0.09;Negativno;Ne
7605;4.8;-72.5;7.69;0.97;Negativno;Ne
7606;5.5;-47.1;4.99;0.34;Negativno;Ne
7607;0.8;-62.9;1.14;2.72;Negativno;Ne
7608;13.1;-78.8;5.68;2.47;Negativno;Ne
7609;4.2;-47.0;7.49;0.12;Negativno;Ne
7610;1.9;-55.7;4.31;0.43;Negativno;Ne
7611;1.5;-52.5;8.91;0.03;Negativno;Ne
7612;1.7;-62.1;3.14;0.02;Negativno;Ne
7613;3.6;-47.5;7.09;0.5;Negativno;Ne
7614;0.3;-49.8;5.96;0.22;Negativno;Ne
7615;1.5;-64.7;5.47;0.4;Negativno;Ne
7616;0.8;-65.6;8.7;0.01;Negativno;Ne
7617;1.1;-47.0;6.6;1.33;Negativno;Ne
7618;4.9;-40.8;7.88;0.13;Negativno;Ne
7619;17.2;-55.4;6.87;0.54;Negativno;Ne
7620;2.3;-66.1;8.28;0.28;Negativno;Ne
7621;1.5;-47.7;10.85;0.44;Negativno;Ne
7622;1.2;-86.3;8.8;0.17;Negativno;Ne
7623;3.2;-50.1;7.04;0.13;Negativno;Ne
7624;0.1;-63.2;8.9;0.04;Negativno;Ne
7625;3.2;-62.9;7.5;2.62;Negativno;Ne
7626;0.7;-59.5;7.81;0.22;Negativno;Ne
7627;0.9;-60.1;7.22;0.8;Negativno;Ne
7628;1.2;-72.4;6.97;2.02;Negativno;Ne
7629;14.5;-52.4;7.97;0.48;Negativno;Ne
7630;0.4;-65.2;9.6;0.37;Negativno;Ne
7631;2.4;-69.2;7.8;0.01;Negativno;Ne
7632;6.0;-61.5;5.01;0.32;Negativno;Ne
7633;0.5;-57.1;5.19;0.94;Negativno;Ne
7634;8.1;-58.6;6.56;0.53;Negativno;Ne
7635;2.1;-55.9;6.77;0.74;Negativno;Ne
7636;1.9;-71.5;6.36;0.09;Negativno;Ne
7637;7.9;-61.0;8.65;0.93;Negativno;Ne
7638;2.7;-71.0;8.2;0.97;Negativno;Ne
7639;2.3;-61.1;7.91;0.17;Negativno;Ne
7640;5.0;-57.0;9.87;0.26;Negativno;Ne
7641;2.7;-64.0;5.26;0.68;Negativno;Ne
7642;25.4;-63.1;8.41;0.21;Negativno;Ne
7643;0.5;-74.5;7.94;0.3;Negativno;Ne
7644;8.3;-48.9;3.35;0.11;Negativno;Ne
7645;5.9;-63.3;4.49;1.44;Negativno;Ne
7646;7.2;-58.6;6.66;0.34;Negativno;Ne
7647;0.1;-56.8;8.64;1.39;Negativno;Ne
7648;3.7;-53.9;9.72;0.01;Negativno;Ne
7649;4.5;-50.6;10.8;0.0;Negativno;Ne
7650;2.2;-66.1;6.68;0.54;Negativno;Ne
7651;17.5;-45.8;11.06;1.15;Negativno;Ne
7652;4.4;-44.1;6.75;0.35;Negativno;Ne
7653;11.4;-58.0;5.66;0.17;Negativno;Ne
7654;1.9;-71.0;2.22;0.17;Negativno;Ne
7655;9.7;-60.9;8.86;0.73;Negativno;Ne
7656;17.2;-61.1;6.86;0.62;Negativno;Ne
7657;1.5;-56.1;6.4;0.22;Negativno;Ne
7658;0.6;-59.2;3.15;1.49;Negativno;Ne
7659;0.3;-38.0;8.55;0.87;Negativno;Ne
7660;3.7;-56.1;8.05;0.22;Negativno;Ne
7661;17.3;-49.8;4.13;0.18;Negativno;Ne
7662;2.8;-69.7;3.87;1.26;Negativno;Ne
7663;7.3;-60.1;7.02;0.21;Negativno;Ne
7664;7.1;-51.5;5.71;0.06;Negativno;Ne
7665;14.8;-46.7;4.16;0.91;Negativno;Ne
7666;0.6;-60.7;4.59;0.34;Negativno;Ne
7667;3.9;-83.2;6.59;0.32;Negativno;Ne
7668;2.9;-62.4;6.6;0.3;Negativno;Ne
7669;9.4;-54.9;7.53;0.23;Negativno;Ne
7670;5.7;-63.6;3.21;0.72;Negativno;Ne
7671;4.0;-43.6;2.82;0.16;Negativno;Ne
7672;1.8;-60.8;6.99;0.46;Negativno;Ne
7673;5.3;-68.1;6.54;1.99;Negativno;Ne
7674;0.2;-48.4;6.67;1.08;Negativno;Ne
7675;0.0;-49.0;7.58;0.41;Negativno;Ne
7676;4.3;-61.0;10.88;0.4;Negativno;Ne
7677;6.8;-67.8;7.07;0.74;Negativno;Ne
7678;3.4;-57.2;7.51;0.14;Negativno;Ne
7679;4.5;-72.5;5.67;0.06;Negativno;Ne
7680;0.4;-66.0;7.01;2.49;Negativno;Ne
7681;4.1;-56.8;6.34;0.5;Negativno;Ne
7682;0.8;-53.9;8.51;0.07;Negativno;Ne
7683;1.2;-75.1;7.61;0.74;Negativno;Ne
7684;7.6;-63.7;7.58;0.97;Negativno;Ne
7685;9.3;-36.6;6.24;0.42;Negativno;Ne
7686;2.0;-66.6;7.98;0.57;Negativno;Ne
7687;2.5;-67.1;8.41;0.3;Negativno;Ne
7688;6.2;-56.2;5.59;0.06;Negativno;Ne
7689;0.5;-66.3;6.81;0.16;Negativno;Ne
7690;9.0;-82.6;6.92;0.62;Negativno;Ne
7691;0.4;-69.9;8.59;0.06;Negativno;Ne
7692;1.6;-54.8;7.83;1.1;Negativno;Ne
7693;6.8;-49.0;3.46;0.66;Negativno;Ne
7694;4.2;-47.0;6.18;0.85;Negativno;Ne
7695;3.6;-57.8;5.9;0.58;Negativno;Ne
7696;6.9;-44.8;5.1;0.28;Negativno;Ne
7697;5.0;-75.5;4.2;0.2;Negativno;Ne
7698;1.7;-59.3;8.55;0.95;Negativno;Ne
7699;0.4;-53.9;6.98;0.5;Negativno;Ne
7700;12.4;-74.4;5.37;0.12;Negativno;Ne
7701;3.8;-78.6;6.49;0.47;Negativno;Ne
7702;5.5;-49.2;6.0;0.43;Negativno;Ne
7703;5.8;-56.8;4.65;0.48;Negativno;Ne
7704;2.1;-55.6;9.73;0.07;Negativno;Ne
7705;2.5;-52.2;2.4;1.84;Negativno;Ne
7706;7.0;-57.0;8.69;0.21;Negativno;Ne
7707;0.2;-49.6;4.83;0.01;Negativno;Ne
7708;2.2;-58.4;9.08;0.01;Negativno;Ne
7709;4.4;-55.9;10.24;0.2;Negativno;Ne
7710;5.9;-71.2;9.24;1.54;Negativno;Ne
7711;0.3;-58.0;6.36;0.69;Negativno;Ne
7712;2.9;-48.1;5.43;1.03;Negativno;Ne
7713;1.0;-73.2;9.05;0.51;Negativno;Ne
7714;7.6;-60.8;3.37;1.33;Negativno;Ne
7715;0.3;-56.0;8.99;0.08;Negativno;Ne
7716;3.5;-64.5;6.27;0.23;Negativno;Ne
7717;5.8;-59.8;8.87;0.25;Negativno;Ne
7718;0.5;-77.1;5.88;2.0;Negativno;Ne
7719;0.8;-67.9;6.51;0.31;Negativno;Ne
7720;21.8;-58.7;7.11;0.22;Negativno;Ne
7721;4.7;-61.0;5.41;0.61;Negativno;Ne
7722;5.9;-50.6;7.06;0.07;Negativno;Ne
7723;5.8;-56.2;8.34;0.54;Negativno;Ne
7724;3.6;-52.2;8.84;0.27;Negativno;Ne
7725;0.5;-56.2;7.06;0.27;Negativno;Ne
7726;8.1;-83.7;7.24;0.68;Negativno;Ne
7727;1.2;-51.3;5.75;1.21;Negativno;Ne
7728;10.2;-60.4;6.46;0.75;Pozitivno;Ne
7729;6.6;-62.6;3.88;0.17;Negativno;Ne
7730;2.6;-69.1;8.02;0.62;Negativno;Ne
7731;2.7;-68.6;10.13;0.93;Negativno;Ne
7732;1.7;-50.5;6.6;0.06;Negativno;Ne
7733;1.7;-68.9;4.04;0.25;Negativno;Ne
7734;2.2;-80.6;7.38;0.32;Negativno;Ne
7735;4.1;-70.0;8.74;0.06;Negativno;Ne
7736;0.9;-55.2;10.31;0.15;Negativno;Ne
7737;3.0;-52.5;5.38;0.54;Negativno;Ne
7738;4.1;-49.4;8.74;0.43;Negativno;Ne
7739;14.6;-43.1;0.94;0.83;Negativno;Ne
7740;16.4;-69.8;5.24;0.13;Negativno;Ne
7741;0.3;-62.2;7.86;0.13;Negativno;Ne
7742;3.6;-53.2;7.3;0.58;Negativno;Ne
7743;1.0;-53.4;9.01;1.41;Negativno;Ne
7744;1.1;-67.3;9.01;0.14;Negativno;Ne
7745;1.1;-58.2;7.95;0.33;Negativno;Ne
7746;1.7;-28.9;9.11;0.01;Negativno;Ne
7747;9.5;-71.6;7.19;1.02;Negativno;Ne
7748;28.2;-72.1;8.29;0.82;Negativno;Ne
7749;7.7;-64.6;2.75;0.17;Negativno;Ne
7750;5.4;-51.9;9.24;0.0;Negativno;Ne
7751;1.4;-48.1;11.47;1.03;Negativno;Ne
7752;10.8;-58.4;7.35;0.13;Negativno;Ne
7753;5.4;-65.6;3.67;1.08;Negativno;Ne
7754;6.3;-58.0;7.75;0.58;Negativno;Ne
7755;8.2;-72.2;7.08;0.03;Negativno;Ne
7756;0.1;-69.5;6.57;1.38;Negativno;Ne
7757;5.0;-74.6;6.39;0.82;Negativno;Ne
7758;7.6;-57.8;5.65;0.75;Negativno;Ne
7759;8.6;-71.1;11.07;0.38;Negativno;Ne
7760;5.2;-57.7;7.01;0.11;Negativno;Ne
7761;1.1;-63.4;6.51;1.71;Negativno;Ne
7762;2.4;-66.5;9.32;0.72;Negativno;Ne
7763;1.0;-69.2;7.77;0.06;Negativno;Ne
7764;4.0;-75.9;4.18;0.32;Negativno;Ne
7765;4.6;-72.8;2.66;0.62;Negativno;Ne
7766;2.6;-58.5;7.29;0.11;Negativno;Ne
7767;0.1;-53.2;8.15;0.04;Negativno;Ne
7768;6.1;-65.8;7.72;0.2;Negativno;Ne
7769;8.5;-64.4;6.25;0.33;Negativno;Ne
7770;3.7;-60.3;2.71;0.14;Negativno;Ne
7771;16.2;-64.7;7.09;1.39;Negativno;Ne
7772;18.0;-32.5;7.2;2.24;Negativno;Ne
7773;1.5;-62.4;7.16;0.84;Negativno;Ne
7774;2.7;-51.4;9.35;0.16;Negativno;Ne
7775;1.5;-61.6;8.76;0.21;Negativno;Ne
7776;17.7;-62.5;8.59;0.36;Negativno;Ne
7777;2.1;-65.1;8.74;0.41;Negativno;Ne
7778;4.8;-48.6;11.72;0.35;Negativno;Ne
7779;4.7;-58.9;6.36;0.04;Negativno;Ne
7780;2.7;-70.7;9.66;0.93;Negativno;Ne
7781;6.9;-80.6;6.8;0.06;Negativno;Ne
7782;0.9;-60.7;3.56;0.2;Negativno;Ne
7783;17.7;-76.1;6.7;0.48;Negativno;Ne
7784;0.9;-74.6;8.08;0.25;Negativno;Ne
7785;0.0;-63.6;10.27;0.16;Negativno;Ne
7786;6.5;-60.7;5.05;0.7;Negativno;Ne
7787;9.8;-69.2;4.22;0.38;Negativno;Ne
7788;8.8;-51.5;7.14;0.47;Negativno;Ne
7789;5.0;-53.8;3.42;0.41;Negativno;Ne
7790;5.3;-50.9;10.08;0.21;Negativno;Ne
7791;1.8;-50.8;5.72;1.62;Negativno;Ne
7792;1.3;-44.2;7.29;2.03;Negativno;Ne
7793;1.1;-52.6;6.39;1.47;Negativno;Ne
7794;3.0;-63.3;4.31;0.48;Negativno;Ne
7795;11.0;-46.7;8.17;2.04;Negativno;Ne
7796;8.7;-78.8;6.03;0.13;Negativno;Ne
7797;2.1;-69.2;1.85;0.35;Negativno;Ne
7798;6.6;-52.1;10.04;0.82;Negativno;Ne
7799;1.1;-47.8;8.07;0.24;Negativno;Ne
7800;19.6;-52.9;6.44;0.8;Negativno;Ne
7801;0.6;-59.0;9.32;1.35;Negativno;Ne
7802;0.7;-72.2;4.46;0.09;Negativno;Ne
7803;3.9;-60.3;5.9;0.01;Negativno;Ne
7804;8.7;-56.9;5.94;0.83;Negativno;Ne
7805;6.4;-58.0;10.13;0.03;Negativno;Ne
7806;14.4;-59.5;5.45;0.35;Negativno;Ne
7807;1.5;-88.6;7.96;1.11;Negativno;Ne
7808;0.2;-65.6;7.44;0.37;Negativno;Ne
7809;0.3;-48.2;9.81;1.43;Negativno;Ne
7810;0.6;-55.7;4.27;0.46;Negativno;Ne
7811;0.9;-61.9;3.55;0.39;Negativno;Ne
7812;1.2;-59.7;7.56;0.21;Negativno;Ne
7813;8.2;-74.3;7.82;0.68;Negativno;Ne
7814;3.6;-65.3;5.66;0.88;Negativno;Ne
7815;4.0;-51.6;8.25;0.98;Negativno;Ne
7816;2.2;-64.1;5.51;2.93;Negativno;Ne
7817;2.9;-63.8;1.15;0.19;Negativno;Ne
7818;0.6;-52.0;9.04;0.68;Negativno;Ne
7819;23.8;-54.3;7.8;1.32;Negativno;Ne
7820;5.6;-52.0;4.98;0.23;Negativno;Ne
7821;2.6;-56.1;7.65;0.33;Negativno;Ne
7822;6.4;-43.2;2.58;1.62;Negativno;Ne
7823;6.1;-50.1;4.83;0.66;Negativno;Ne
7824;2.4;-53.8;10.41;1.17;Negativno;Ne
7825;1.7;-46.0;6.3;0.97;Negativno;Ne
7826;1.7;-62.3;5.66;0.53;Negativno;Ne
7827;12.4;-53.7;6.58;0.07;Negativno;Ne
7828;2.0;-72.9;7.83;0.17;Negativno;Ne
7829;12.8;-64.3;6.82;0.18;Negativno;Ne
7830;1.0;-46.6;8.04;1.15;Negativno;Ne
7831;0.6;-60.2;4.4;0.38;Negativno;Ne
7832;0.1;-62.2;7.96;0.04;Negativno;Ne
7833;0.4;-54.3;6.74;1.49;Negativno;Ne
7834;4.0;-46.0;9.13;0.01;Negativno;Ne
7835;0.8;-62.1;5.7;1.72;Negativno;Ne
7836;5.7;-41.4;6.24;0.55;Negativno;Ne
7837;7.2;-59.3;6.9;1.31;Negativno;Ne
7838;5.3;-65.7;4.82;2.03;Negativno;Ne
7839;5.1;-51.1;9.93;0.12;Negativno;Ne
7840;0.1;-74.7;9.24;0.89;Negativno;Ne
7841;8.9;-73.1;4.87;0.83;Negativno;Ne
7842;1.2;-75.6;3.87;0.19;Negativno;Ne
7843;5.9;-66.2;4.13;0.11;Negativno;Ne
7844;5.8;-58.2;8.51;0.42;Negativno;Ne
7845;1.9;-51.5;3.09;0.44;Negativno;Ne
7846;6.1;-71.5;4.77;0.04;Negativno;Ne
7847;1.6;-64.4;6.52;0.06;Negativno;Ne
7848;10.4;-55.8;7.11;0.18;Negativno;Ne
7849;9.8;-61.2;5.63;0.65;Negativno;Ne
7850;0.7;-48.8;6.51;1.17;Negativno;Ne
7851;2.5;-55.5;8.38;1.17;Negativno;Ne
7852;11.0;-64.4;8.17;0.09;Negativno;Ne
7853;9.5;-61.2;5.19;0.01;Negativno;Ne
7854;0.1;-53.4;9.31;0.38;Negativno;Ne
7855;5.5;-58.3;7.85;2.34;Negativno;Ne
7856;1.3;-50.2;10.32;0.13;Negativno;Ne
7857;2.6;-57.3;9.99;0.3;Negativno;Ne
7858;5.7;-64.0;6.33;0.04;Negativno;Ne
7859;0.1;-69.1;8.93;0.89;Negativno;Ne
7860;4.1;-48.6;6.36;0.62;Negativno;Ne
7861;0.0;-55.9;3.79;0.01;Negativno;Ne
7862;0.4;-59.7;7.93;0.88;Negativno;Ne
7863;2.0;-59.9;6.68;0.0;Negativno;Ne
7864;9.5;-56.4;6.74;0.05;Negativno;Ne
7865;1.9;-77.5;5.52;0.11;Negativno;Ne
7866;0.8;-60.7;9.46;1.82;Negativno;Ne
7867;4.9;-59.5;3.85;0.28;Negativno;Ne
7868;7.6;-71.8;6.32;0.19;Negativno;Ne
7869;0.2;-68.0;4.74;0.32;Negativno;Ne
7870;0.6;-68.2;9.15;1.23;Negativno;Ne
7871;5.2;-57.2;9.36;1.14;Negativno;Ne
7872;0.2;-73.0;7.4;0.33;Negativno;Ne
7873;1.0;-51.2;6.33;0.25;Negativno;Ne
7874;2.7;-75.0;9.17;1.66;Negativno;Ne
7875;3.2;-71.9;6.57;0.07;Negativno;Ne
7876;9.8;-49.9;5.18;0.09;Negativno;Ne
7877;4.5;-45.3;6.34;0.01;Negativno;Ne
7878;2.9;-47.5;8.95;0.95;Negativno;Ne
7879;6.1;-68.0;3.7;0.03;Negativno;Ne
7880;21.8;-69.0;8.72;0.46;Negativno;Ne
7881;0.9;-70.8;5.25;0.25;Negativno;Ne
7882;11.0;-62.0;7.27;0.19;Negativno;Ne
7883;1.1;-79.7;9.22;0.73;Negativno;Ne
7884;15.1;-51.4;7.64;0.13;Negativno;Ne
7885;22.4;-54.5;8.54;0.93;Negativno;Ne
7886;0.2;-60.0;10.01;0.15;Negativno;Ne
7887;2.6;-48.2;7.76;0.61;Negativno;Ne
7888;0.9;-65.5;5.3;0.13;Negativno;Ne
7889;6.6;-72.8;4.56;0.03;Negativno;Ne
7890;0.3;-74.7;8.53;0.89;Negativno;Ne
7891;3.4;-53.2;4.94;0.37;Negativno;Ne
7892;0.2;-75.4;4.5;1.14;Negativno;Ne
7893;3.2;-33.3;3.04;0.16;Negativno;Ne
7894;10.8;-75.9;4.63;0.1;Negativno;Ne
7895;0.1;-60.9;7.79;0.37;Negativno;Ne
7896;6.1;-59.2;7.68;0.88;Negativno;Ne
7897;2.3;-67.5;8.79;0.3;Negativno;Ne
7898;0.2;-60.8;6.7;0.15;Negativno;Ne
7899;8.8;-71.2;4.54;0.19;Negativno;Ne
7900;4.3;-70.8;8.12;0.49;Negativno;Ne
7901;5.7;-64.9;9.16;0.18;Negativno;Ne
7902;0.5;-50.8;4.0;0.07;Negativno;Ne
7903;1.6;-54.6;7.44;1.41;Negativno;Ne
7904;1.4;-67.0;11.49;0.58;Negativno;Ne
7905;2.1;-58.6;9.0;0.52;Negativno;Ne
7906;10.1;-60.8;8.45;0.43;Negativno;Ne
7907;3.2;-61.6;9.82;1.14;Negativno;Ne
7908;0.2;-56.2;7.07;0.45;Negativno;Ne
7909;24.9;-50.2;4.93;0.53;Negativno;Ne
7910;2.3;-78.6;5.74;1.22;Negativno;Ne
7911;7.3;-57.1;8.74;0.49;Negativno;Ne
7912;6.1;-59.5;6.27;0.49;Negativno;Ne
7913;10.2;-66.7;9.34;0.45;Negativno;Ne
7914;3.9;-56.6;6.46;0.02;Negativno;Ne
7915;9.8;-57.2;9.75;0.08;Negativno;Ne
7916;0.7;-43.5;9.37;0.54;Negativno;Ne
7917;4.4;-67.2;6.29;1.55;Negativno;Ne
7918;1.2;-53.6;7.62;0.34;Negativno;Ne
7919;13.7;-57.2;3.25;0.57;Negativno;Ne
7920;2.9;-38.6;5.86;0.66;Negativno;Ne
7921;2.2;-57.2;9.25;1.11;Negativno;Ne
7922;0.1;-50.4;10.57;0.49;Negativno;Ne
7923;5.8;-72.9;6.9;0.06;Negativno;Ne
7924;13.3;-32.6;8.75;0.82;Negativno;Ne
7925;3.8;-61.8;8.0;0.34;Negativno;Ne
7926;4.1;-42.6;6.2;0.78;Negativno;Ne
7927;8.0;-73.5;3.89;0.07;Negativno;Ne
7928;1.6;-67.4;4.74;0.19;Negativno;Ne
7929;10.9;-70.1;7.96;0.1;Negativno;Ne
7930;22.4;-58.2;8.02;0.38;Negativno;Ne
7931;1.8;-62.5;1.6;0.6;Negativno;Ne
7932;5.3;-39.8;7.9;0.2;Negativno;Ne
7933;22.2;-53.6;6.4;0.03;Negativno;Ne
7934;0.4;-46.8;8.48;0.24;Negativno;Ne
7935;3.8;-47.0;10.71;0.74;Negativno;Ne
7936;4.2;-57.9;5.4;0.21;Negativno;Ne
7937;2.0;-54.9;6.71;0.03;Negativno;Ne
7938;5.2;-76.8;6.01;0.27;Negativno;Ne
7939;0.2;-56.8;4.66;0.2;Negativno;Ne
7940;1.0;-70.2;5.87;0.48;Negativno;Ne
7941;2.4;-54.8;6.71;0.54;Negativno;Ne
7942;22.8;-55.7;7.14;0.33;Negativno;Ne
7943;0.4;-50.5;7.05;0.02;Negativno;Ne
7944;2.3;-53.0;7.96;0.13;Negativno;Ne
7945;6.7;-64.3;6.48;0.02;Negativno;Ne
7946;4.3;-66.2;6.38;0.15;Negativno;Ne
7947;13.2;-49.5;6.25;1.07;Negativno;Ne
7948;4.4;-62.4;8.28;0.09;Negativno;Ne
7949;0.4;-69.5;10.58;1.03;Negativno;Ne
7950;2.2;-56.3;4.5;0.24;Negativno;Ne
7951;0.2;-66.3;5.5;0.21;Negativno;Ne
7952;0.9;-57.3;4.5;0.41;Negativno;Ne
7953;4.5;-52.3;10.57;0.37;Negativno;Ne
7954;1.1;-66.7;8.96;0.1;Negativno;Ne
7955;1.5;-58.9;6.8;0.07;Negativno;Ne
7956;0.2;-31.7;12.0;0.61;Negativno;Ne
7957;5.9;-52.7;8.38;0.94;Negativno;Ne
7958;3.8;-62.3;5.62;0.15;Negativno;Ne
7959;0.3;-68.0;7.72;0.98;Negativno;Ne
7960;0.7;-76.4;5.15;0.77;Negativno;Ne
7961;0.7;-49.7;7.4;0.99;Negativno;Ne
7962;2.2;-67.4;6.9;0.25;Negativno;Ne
7963;1.4;-49.7;7.57;0.47;Negativno;Ne
7964;5.8;-74.3;5.05;0.03;Negativno;Ne
7965;3.2;-71.6;9.65;0.33;Negativno;Ne
7966;3.2;-51.7;7.06;0.86;Negativno;Ne
7967;1.9;-54.5;7.2;0.35;Negativno;Ne
7968;8.9;-66.9;7.74;0.38;Negativno;Ne
7969;0.0;-49.0;5.76;0.53;Negativno;Ne
7970;13.9;-48.9;6.28;0.82;Negativno;Ne
7971;1.0;-64.2;5.78;0.06;Negativno;Ne
7972;3.9;-56.3;8.46;0.27;Negativno;Ne
7973;1.0;-71.8;3.67;0.2;Negativno;Ne
7974;5.6;-58.5;3.89;0.03;Negativno;Ne
7975;0.2;-50.9;7.43;0.26;Negativno;Ne
7976;4.1;-58.7;7.02;0.16;Negativno;Ne
7977;8.8;-66.9;7.94;1.04;Pozitivno;Ne
7978;4.1;-67.8;10.59;0.09;Negativno;Ne
7979;2.2;-53.2;10.29;1.06;Negativno;Ne
7980;15.7;-53.8;5.25;0.39;Negativno;Ne
7981;4.7;-61.5;8.57;0.09;Negativno;Ne
7982;3.0;-49.0;8.5;0.05;Negativno;Ne
7983;1.1;-55.9;6.76;0.52;Negativno;Ne
7984;1.1;-73.1;8.41;0.13;Negativno;Ne
7985;3.8;-51.2;6.88;0.07;Negativno;Ne
7986;4.3;-57.2;6.94;0.02;Negativno;Ne
7987;6.9;-59.9;8.6;0.22;Negativno;Ne
7988;0.6;-55.0;8.08;0.14;Negativno;Ne
7989;2.4;-77.5;6.42;0.27;Negativno;Ne
7990;0.6;-60.9;7.22;0.01;Negativno;Ne
7991;6.2;-69.2;5.61;0.14;Negativno;Ne
7992;3.0;-65.2;6.68;0.19;Negativno;Ne
7993;16.4;-56.9;9.9;0.13;Negativno;Ne
7994;8.6;-52.8;7.06;0.61;Negativno;Ne
7995;1.0;-66.7;8.86;0.13;Negativno;Ne
7996;10.6;-32.9;7.49;0.32;Negativno;Ne
7997;7.0;-68.0;5.71;0.07;Negativno;Ne
7998;2.1;-54.1;8.7;0.43;Negativno;Ne
7999;4.6;-57.1;8.82;0.05;Negativno;Ne
8000;4.5;-46.3;8.94;0.92;Negativno;Ne
8001;8.9;-62.8;8.17;1.36;Negativno;Ne
8002;2.4;-67.5;10.35;0.11;Negativno;Ne
8003;6.0;-67.3;3.6;0.46;Negativno;Ne
8004;5.2;-42.1;7.51;0.57;Negativno;Ne
8005;0.4;-65.3;5.76;0.06;Negativno;Ne
8006;4.9;-60.6;8.74;0.35;Negativno;Ne
8007;6.8;-66.3;4.88;0.26;Negativno;Ne
8008;3.0;-60.2;4.39;0.06;Negativno;Ne
8009;1.1;-59.6;8.31;0.0;Negativno;Ne
8010;0.5;-51.6;7.61;0.1;Negativno;Ne
8011;1.1;-49.9;8.15;0.67;Negativno;Ne
8012;9.0;-43.6;7.83;1.1;Negativno;Ne
8013;1.1;-60.9;10.29;0.05;Negativno;Ne
8014;2.8;-56.3;2.01;0.02;Negativno;Ne
8015;2.5;-63.6;7.15;0.29;Negativno;Ne
8016;1.8;-52.5;9.57;0.23;Negativno;Ne
8017;3.7;-28.2;2.78;0.42;Negativno;Ne
8018;1.7;-57.2;11.94;0.05;Negativno;Ne
8019;6.8;-65.6;5.21;1.15;Negativno;Ne
8020;0.4;-60.1;7.74;0.19;Negativno;Ne
8021;3.2;-68.1;6.43;0.03;Negativno;Ne
8022;12.6;-47.5;5.2;0.04;Negativno;Ne
8023;9.9;-63.6;5.55;0.3;Negativno;Ne
8024;3.9;-63.4;6.29;1.34;Negativno;Ne
8025;2.6;-51.4;6.22;0.24;Pozitivno;Ne
8026;0.2;-66.2;8.71;0.81;Negativno;Ne
8027;18.5;-47.5;9.09;0.05;Negativno;Ne
8028;2.4;-77.7;5.7;0.2;Negativno;Ne
8029;2.4;-81.0;5.23;0.07;Negativno;Ne
8030;18.1;-62.2;5.49;0.8;Negativno;Ne
8031;2.8;-70.7;3.2;0.19;Negativno;Ne
8032;0.4;-66.7;6.32;0.87;Negativno;Ne
8033;4.8;-62.4;6.84;0.61;Negativno;Ne
8034;1.2;-53.9;10.82;0.53;Negativno;Ne
8035;6.4;-57.0;9.52;0.13;Negativno;Ne
8036;2.3;-77.4;8.65;0.04;Negativno;Ne
8037;4.4;-68.3;5.78;1.1;Negativno;Ne
8038;4.7;-75.4;9.62;0.28;Negativno;Ne
8039;1.3;-54.2;7.42;1.18;Negativno;Ne
8040;1.3;-61.6;11.3;0.53;Negativno;Ne
8041;3.0;-67.2;2.07;0.15;Negativno;Ne
8042;12.2;-56.4;8.39;0.24;Negativno;Ne
8043;7.7;-63.2;8.49;0.15;Negativno;Ne
8044;9.8;-49.4;7.02;0.86;Negativno;Ne
8045;0.6;-42.8;3.76;0.71;Negativno;Ne
8046;5.8;-55.7;10.96;0.45;Negativno;Ne
8047;6.0;-42.2;6.73;0.11;Negativno;Ne
8048;10.1;-68.3;7.0;0.44;Negativno;Ne
8049;4.1;-54.7;4.76;0.33;Negativno;Ne
8050;18.7;-61.8;6.85;0.42;Negativno;Ne
8051;6.9;-62.7;9.94;0.45;Negativno;Ne
8052;4.3;-59.6;5.59;1.23;Negativno;Ne
8053;1.8;-54.3;7.75;0.24;Negativno;Ne
8054;3.2;-60.9;7.53;1.63;Negativno;Ne
8055;2.0;-68.0;5.95;0.16;Negativno;Ne
8056;1.2;-62.7;0.85;0.1;Negativno;Ne
8057;2.1;-48.4;11.79;0.52;Negativno;Ne
8058;18.6;-36.3;5.65;0.48;Negativno;Ne
8059;2.0;-55.4;8.68;0.59;Negativno;Ne
8060;0.3;-43.5;8.2;0.2;Negativno;Ne
8061;1.9;-70.7;5.81;0.09;Negativno;Ne
8062;9.9;-74.8;3.66;1.03;Negativno;Ne
8063;1.1;-51.3;8.86;0.74;Negativno;Ne
8064;0.5;-61.3;6.56;0.41;Negativno;Ne
8065;4.2;-73.6;7.36;0.14;Negativno;Ne
8066;10.9;-54.1;8.9;0.38;Negativno;Ne
8067;1.1;-61.7;1.91;0.46;Negativno;Ne
8068;5.3;-54.2;10.61;0.66;Negativno;Ne
8069;2.7;-59.9;8.24;2.68;Negativno;Ne
8070;7.6;-73.2;3.51;0.17;Negativno;Ne
8071;17.5;-75.2;9.98;0.17;Negativno;Ne
8072;4.6;-60.9;5.56;0.37;Negativno;Ne
8073;2.4;-46.9;4.56;0.19;Negativno;Ne
8074;3.3;-50.4;6.87;2.14;Negativno;Ne
8075;0.4;-59.5;6.3;0.39;Negativno;Ne
8076;12.3;-69.4;7.58;0.38;Negativno;Ne
8077;4.0;-48.0;5.89;0.1;Negativno;Ne
8078;5.5;-70.6;5.6;0.69;Negativno;Ne
8079;0.4;-56.4;4.89;0.1;Negativno;Ne
8080;4.3;-51.9;7.79;1.28;Negativno;Ne
8081;0.6;-60.2;8.47;0.06;Negativno;Ne
8082;4.1;-53.8;4.97;0.0;Negativno;Ne
8083;1.2;-61.8;2.45;0.03;Negativno;Ne
8084;5.1;-55.0;4.26;0.23;Negativno;Ne
8085;1.0;-52.4;7.66;0.06;Negativno;Ne
8086;0.1;-67.9;6.98;0.56;Negativno;Ne
8087;6.0;-31.0;2.67;0.98;Negativno;Ne
8088;6.5;-39.6;4.95;0.25;Negativno;Ne
8089;5.9;-58.9;9.07;0.63;Negativno;Ne
8090;0.3;-67.9;5.88;0.5;Negativno;Ne
8091;14.5;-47.0;4.57;0.1;Negativno;Ne
8092;0.2;-67.8;10.61;0.09;Negativno;Ne
8093;8.9;-44.2;6.84;0.27;Negativno;Ne
8094;0.7;-65.6;5.75;1.78;Negativno;Ne
8095;1.1;-68.2;6.61;0.1;Negativno;Ne
8096;1.1;-50.9;6.42;1.2;Negativno;Ne
8097;0.7;-55.9;9.09;0.56;Negativno;Ne
8098;8.3;-49.8;7.24;0.12;Negativno;Ne
8099;2.6;-63.2;10.4;1.3;Negativno;Ne
8100;0.6;-59.8;7.85;0.39;Negativno;Ne
8101;10.4;-59.7;5.09;0.1;Negativno;Ne
8102;4.3;-64.0;8.11;0.0;Negativno;Ne
8103;2.2;-63.0;4.76;0.19;Negativno;Ne
8104;3.7;-48.9;10.19;1.18;Negativno;Ne
8105;1.2;-69.6;6.9;0.31;Negativno;Ne
8106;2.1;-57.3;6.29;1.09;Negativno;Ne
8107;5.8;-50.5;8.07;0.74;Negativno;Ne
8108;6.0;-52.2;6.79;0.03;Negativno;Ne
8109;0.8;-51.5;6.83;0.19;Negativno;Ne
8110;15.1;-56.4;7.01;0.35;Negativno;Ne
8111;8.2;-69.6;5.23;0.05;Negativno;Ne
8112;11.6;-54.7;4.47;0.24;Negativno;Ne
8113;2.0;-65.3;10.54;0.08;Negativno;Ne
8114;3.3;-58.2;2.61;1.33;Negativno;Ne
8115;7.1;-56.8;7.04;1.59;Negativno;Ne
8116;0.8;-59.2;5.48;0.31;Negativno;Ne
8117;2.0;-45.3;3.62;0.04;Negativno;Ne
8118;0.8;-51.5;6.73;0.27;Negativno;Ne
8119;2.4;-63.0;7.45;0.44;Negativno;Ne
8120;0.6;-55.8;7.85;0.3;Negativno;Ne
8121;2.1;-59.1;9.29;0.06;Negativno;Ne
8122;1.6;-77.6;7.7;0.12;Negativno;Ne
8123;1.7;-56.4;10.74;1.32;Negativno;Ne
8124;2.9;-52.7;5.49;0.15;Negativno;Ne
8125;1.0;-62.1;10.77;1.32;Negativno;Ne
8126;0.5;-63.1;11.24;0.08;Negativno;Ne
8127;0.3;-45.6;5.66;0.35;Negativno;Ne
8128;2.0;-41.9;7.86;0.02;Negativno;Ne
8129;0.6;-57.8;8.17;0.66;Negativno;Ne
8130;22.2;-61.3;8.31;0.12;Negativno;Ne
8131;10.0;-75.9;9.45;0.19;Negativno;Ne
8132;3.9;-71.8;5.17;0.5;Negativno;Ne
8133;3.0;-54.7;9.14;0.0;Negativno;Ne
8134;0.6;-54.1;9.49;1.48;Negativno;Ne
8135;16.5;-55.0;7.52;0.21;Negativno;Ne
8136;9.2;-40.7;4.33;0.27;Negativno;Ne
8137;3.3;-53.3;6.9;0.37;Negativno;Ne
8138;1.8;-38.1;8.71;1.12;Negativno;Ne
8139;8.3;-70.0;7.35;0.15;Negativno;Ne
8140;0.9;-34.8;9.12;0.26;Negativno;Ne
8141;0.7;-64.6;8.74;0.74;Negativno;Ne
8142;7.6;-68.1;5.96;2.01;Negativno;Ne
8143;1.0;-66.0;9.26;0.0;Negativno;Ne
8144;6.0;-57.8;6.96;0.29;Negativno;Ne
8145;14.9;-55.7;5.5;1.11;Negativno;Ne
8146;2.1;-70.3;6.88;0.33;Negativno;Ne
8147;3.4;-55.5;4.47;0.65;Negativno;Ne
8148;2.7;-48.5;5.05;0.48;Pozitivno;Ne
8149;2.6;-65.2;5.21;1.49;Negativno;Ne
8150;10.8;-71.6;7.87;0.7;Negativno;Ne
8151;5.1;-58.7;10.2;0.12;Negativno;Ne
8152;1.4;-50.1;2.83;0.34;Negativno;Ne
8153;1.0;-54.5;10.87;0.17;Negativno;Ne
8154;6.3;-59.6;5.69;0.02;Negativno;Ne
8155;1.2;-72.1;8.01;0.75;Negativno;Ne
8156;0.3;-50.6;6.21;0.16;Negativno;Ne
8157;3.6;-63.1;4.74;0.62;Negativno;Ne
8158;11.1;-75.8;7.83;0.35;Negativno;Ne
8159;4.7;-62.2;7.58;0.46;Negativno;Ne
8160;8.8;-77.6;5.4;0.39;Negativno;Ne
8161;3.2;-56.4;1.5;0.43;Negativno;Ne
8162;12.5;-65.5;7.05;0.35;Negativno;Ne
8163;8.4;-70.3;3.55;0.17;Negativno;Ne
8164;6.1;-48.3;7.71;3.86;Negativno;Ne
8165;1.1;-62.4;8.58;0.35;Negativno;Ne
8166;0.8;-76.6;4.6;0.57;Negativno;Ne
8167;0.4;-60.1;5.4;0.16;Negativno;Ne
8168;8.9;-75.1;8.91;0.1;Negativno;Ne
8169;0.0;-56.2;5.45;1.64;Negativno;Ne
8170;1.3;-60.5;6.73;0.34;Negativno;Ne
8171;3.5;-57.6;7.55;0.08;Negativno;Ne
8172;2.9;-58.3;8.12;0.34;Negativno;Ne
8173;4.0;-81.1;6.87;1.44;Negativno;Ne
8174;11.7;-78.2;2.46;0.25;Negativno;Ne
8175;11.4;-67.4;5.46;0.73;Negativno;Ne
8176;0.6;-67.2;5.55;0.61;Negativno;Ne
8177;19.2;-64.1;8.84;0.66;Negativno;Ne
8178;1.0;-53.8;2.35;0.05;Negativno;Ne
8179;8.5;-68.0;8.7;0.66;Negativno;Ne
8180;7.3;-69.8;4.44;1.19;Negativno;Ne
8181;13.3;-41.4;7.29;0.43;Negativno;Ne
8182;1.5;-72.0;6.02;0.67;Negativno;Ne
8183;6.6;-59.6;11.4;0.03;Negativno;Ne
8184;2.5;-57.8;9.21;0.24;Negativno;Ne
8185;1.8;-46.6;5.43;0.41;Negativno;Ne
8186;7.2;-46.2;3.89;0.01;Negativno;Ne
8187;7.1;-81.0;4.67;0.72;Negativno;Ne
8188;4.2;-51.9;10.03;0.43;Negativno;Ne
8189;6.1;-47.6;7.32;0.53;Negativno;Ne
8190;3.4;-62.4;8.7;0.03;Negativno;Ne
8191;2.9;-73.0;9.9;0.6;Negativno;Ne
8192;12.7;-54.9;8.82;0.67;Negativno;Ne
8193;1.5;-48.7;5.14;0.5;Negativno;Ne
8194;4.4;-51.4;5.7;0.68;Negativno;Ne
8195;6.3;-63.3;5.71;0.28;Negativno;Ne
8196;13.2;-60.0;8.89;0.02;Negativno;Ne
8197;3.7;-71.2;7.69;0.26;Negativno;Ne
8198;0.1;-53.4;3.71;0.08;Pozitivno;Ne
8199;3.9;-63.6;7.14;0.73;Negativno;Ne
8200;0.6;-67.2;3.81;0.23;Negativno;Ne
8201;0.4;-65.7;6.96;0.5;Negativno;Ne
8202;3.7;-56.0;4.47;0.35;Negativno;Ne
8203;0.5;-52.4;6.54;0.24;Negativno;Ne
8204;2.6;-61.5;6.67;1.42;Negativno;Ne
8205;5.5;-54.9;4.97;0.03;Negativno;Ne
8206;6.9;-44.3;3.53;0.02;Negativno;Ne
8207;10.1;-67.0;8.36;0.16;Negativno;Ne
8208;3.9;-57.4;6.27;0.06;Negativno;Ne
8209;2.3;-47.1;6.06;0.32;Negativno;Ne
8210;3.3;-61.7;7.87;0.52;Negativno;Ne
8211;6.7;-54.4;8.77;0.01;Negativno;Ne
8212;4.6;-45.5;6.99;0.66;Negativno;Ne
8213;0.1;-68.5;6.64;0.54;Negativno;Ne
8214;5.5;-85.4;7.07;0.41;Negativno;Ne
8215;0.6;-67.2;8.65;0.12;Negativno;Ne
8216;3.3;-55.1;6.59;0.52;Negativno;Ne
8217;0.3;-69.4;10.02;0.14;Negativno;Ne
8218;3.8;-62.9;7.26;0.32;Negativno;Ne
8219;1.5;-60.4;8.68;0.04;Negativno;Ne
8220;13.5;-51.7;9.52;1.42;Negativno;Ne
8221;1.4;-69.0;7.1;0.12;Negativno;Ne
8222;8.1;-76.3;7.08;0.14;Negativno;Ne
8223;4.7;-61.8;3.37;0.32;Negativno;Ne
8224;1.1;-62.0;4.19;0.7;Negativno;Ne
8225;9.3;-45.0;9.01;1.44;Negativno;Ne
8226;12.5;-65.9;10.23;0.02;Negativno;Ne
8227;5.7;-66.0;4.52;0.07;Negativno;Ne
8228;3.2;-60.2;7.21;0.06;Negativno;Ne
8229;23.6;-57.7;5.79;0.36;Negativno;Ne
8230;3.1;-51.5;8.13;0.07;Negativno;Ne
8231;1.4;-46.3;8.58;0.01;Negativno;Ne
8232;2.9;-64.7;7.99;0.18;Negativno;Ne
8233;1.4;-49.5;9.51;0.56;Negativno;Ne
8234;4.3;-55.8;6.12;0.55;Negativno;Ne
8235;1.4;-61.0;8.59;0.05;Negativno;Ne
8236;3.3;-56.5;8.33;0.58;Negativno;Ne
8237;0.5;-62.5;6.57;0.49;Negativno;Ne
8238;3.9;-74.8;7.96;0.98;Negativno;Ne
8239;23.5;-61.2;6.95;0.8;Negativno;Ne
8240;3.6;-66.7;3.82;1.68;Negativno;Ne
8241;10.3;-60.0;5.68;0.56;Negativno;Ne
8242;16.2;-58.2;6.33;0.12;Negativno;Ne
8243;2.0;-52.8;7.79;0.73;Negativno;Ne
8244;0.1;-66.3;8.07;0.11;Negativno;Ne
8245;4.9;-62.9;10.04;0.16;Negativno;Ne
8246;3.5;-48.7;4.4;0.11;Negativno;Ne
8247;4.3;-38.0;4.52;0.09;Negativno;Ne
8248;8.7;-50.8;6.65;0.14;Negativno;Ne
8249;0.3;-54.3;10.12;0.24;Negativno;Ne
8250;3.4;-50.2;4.71;0.13;Negativno;Ne
8251;9.8;-41.8;7.57;0.59;Negativno;Ne
8252;8.1;-64.9;8.32;0.12;Negativno;Ne
8253;10.0;-36.1;11.02;2.08;Negativno;Ne
8254;11.4;-44.2;5.88;0.07;Negativno;Ne
8255;26.7;-70.3;3.33;1.7;Negativno;Ne
8256;33.7;-69.0;10.29;0.08;Negativno;Ne
8257;2.5;-52.8;7.67;0.12;Negativno;Ne
8258;5.1;-63.1;6.53;0.09;Negativno;Ne
8259;16.8;-70.7;8.42;0.96;Negativno;Ne
8260;1.8;-65.3;9.13;1.05;Negativno;Ne
8261;18.6;-57.3;6.03;0.74;Negativno;Ne
8262;5.4;-78.0;2.2;1.72;Negativno;Ne
8263;5.2;-53.2;8.61;0.18;Negativno;Ne
8264;2.9;-45.3;7.37;0.29;Negativno;Ne
8265;3.9;-57.5;6.21;0.15;Negativno;Ne
8266;3.4;-57.5;9.36;0.16;Negativno;Ne
8267;5.8;-60.8;8.75;0.11;Negativno;Ne
8268;1.3;-76.2;10.07;0.38;Negativno;Ne
8269;5.0;-59.2;6.53;0.57;Negativno;Ne
8270;0.1;-61.0;6.57;0.13;Negativno;Ne
8271;0.8;-58.6;7.04;0.49;Negativno;Ne
8272;12.3;-74.4;8.97;0.56;Negativno;Ne
8273;6.2;-69.2;9.37;0.25;Negativno;Ne
8274;29.4;-57.6;7.13;0.01;Negativno;Ne
8275;9.7;-54.0;4.96;1.19;Negativno;Ne
8276;7.0;-60.7;9.13;0.4;Negativno;Ne
8277;11.2;-56.6;7.03;0.32;Negativno;Ne
8278;5.6;-59.3;6.52;0.32;Negativno;Ne
8279;1.0;-53.1;11.92;0.29;Negativno;Ne
8280;2.7;-64.8;6.76;0.41;Negativno;Ne
8281;9.3;-66.5;9.45;0.99;Negativno;Ne
8282;20.5;-48.6;5.09;0.02;Negativno;Ne
8283;13.1;-74.0;5.91;0.55;Negativno;Ne
8284;3.1;-69.3;6.84;0.22;Negativno;Ne
8285;13.9;-44.0;9.3;0.8;Negativno;Ne
8286;0.5;-66.0;7.29;0.23;Negativno;Ne
8287;1.2;-65.3;4.94;0.05;Negativno;Ne
8288;17.5;-59.9;6.53;1.19;Negativno;Ne
8289;2.8;-51.2;7.58;0.46;Negativno;Ne
8290;0.9;-52.6;9.76;0.14;Negativno;Ne
8291;1.8;-49.4;5.86;0.24;Negativno;Ne
8292;1.4;-59.2;12.45;0.58;Negativno;Ne
8293;10.2;-52.1;5.14;0.08;Negativno;Ne
8294;0.9;-66.8;8.97;0.21;Negativno;Ne
8295;6.6;-42.5;9.4;0.48;Negativno;Ne
8296;7.7;-73.5;5.06;0.89;Negativno;Ne
8297;0.4;-59.7;8.06;0.35;Negativno;Ne
8298;17.9;-63.2;8.0;0.26;Negativno;Ne
8299;2.1;-42.9;2.72;0.03;Negativno;Ne
8300;10.4;-37.5;7.05;0.87;Negativno;Ne
8301;3.1;-49.2;3.83;0.07;Negativno;Ne
8302;3.5;-56.1;2.85;0.22;Negativno;Ne
8303;0.4;-65.1;5.18;0.04;Negativno;Ne
8304;2.1;-55.6;9.47;0.74;Negativno;Ne
8305;1.9;-56.8;8.61;0.02;Negativno;Ne
8306;18.5;-59.0;7.85;1.42;Negativno;Ne
8307;1.6;-79.7;8.72;0.24;Negativno;Ne
8308;2.0;-41.9;8.11;0.04;Negativno;Ne
8309;0.5;-60.7;6.41;1.37;Negativno;Ne
8310;7.4;-54.8;10.75;0.32;Negativno;Ne
8311;14.3;-47.4;3.27;0.46;Negativno;Ne
8312;14.3;-69.4;6.63;1.05;Negativno;Ne
8313;3.2;-65.0;3.31;0.35;Negativno;Ne
8314;4.4;-74.9;9.3;0.69;Pozitivno;Ne
8315;2.5;-42.3;8.15;0.06;Negativno;Ne
8316;10.0;-65.1;5.69;0.07;Negativno;Ne
8317;1.4;-49.9;4.32;0.19;Negativno;Ne
8318;0.9;-55.6;8.53;0.05;Negativno;Ne
8319;0.9;-67.7;8.15;0.8;Negativno;Ne
8320;1.8;-63.5;8.06;1.01;Negativno;Ne
8321;11.6;-66.0;5.24;0.2;Negativno;Ne
8322;0.6;-64.1;5.56;0.84;Negativno;Ne
8323;2.2;-64.6;8.61;0.06;Negativno;Ne
8324;8.1;-77.5;6.74;0.51;Negativno;Ne
8325;1.2;-64.5;6.17;1.48;Negativno;Ne
8326;2.4;-52.5;5.97;0.77;Negativno;Ne
8327;3.9;-40.6;4.65;0.61;Negativno;Ne
8328;12.9;-49.3;9.24;0.03;Negativno;Ne
8329;9.9;-65.4;7.65;1.15;Negativno;Ne
8330;3.0;-53.1;3.59;0.59;Negativno;Ne
8331;0.7;-51.4;11.06;0.55;Negativno;Ne
8332;0.2;-59.2;3.27;0.45;Negativno;Ne
8333;2.8;-67.9;7.21;0.46;Negativno;Ne
8334;1.6;-82.5;7.21;1.15;Negativno;Ne
8335;1.1;-68.1;10.76;1.1;Negativno;Ne
8336;2.8;-72.8;6.57;0.15;Negativno;Ne
8337;2.9;-58.0;6.65;0.05;Negativno;Ne
8338;1.7;-57.1;4.99;0.15;Negativno;Ne
8339;1.9;-52.1;7.16;0.49;Negativno;Ne
8340;0.8;-59.0;7.06;0.16;Negativno;Ne
8341;1.1;-66.7;8.76;0.34;Negativno;Ne
8342;12.5;-71.3;5.21;0.36;Negativno;Ne
8343;7.2;-61.2;4.51;2.28;Negativno;Ne
8344;21.9;-58.9;6.45;0.54;Negativno;Ne
8345;0.5;-62.8;10.09;0.4;Negativno;Ne
8346;2.0;-71.8;3.0;0.22;Negativno;Ne
8347;16.5;-61.7;7.91;0.66;Negativno;Ne
8348;14.8;-78.3;5.77;0.19;Negativno;Ne
8349;1.1;-49.1;5.16;0.28;Negativno;Ne
8350;0.2;-61.7;4.34;0.23;Negativno;Ne
8351;0.5;-55.3;4.23;0.12;Negativno;Ne
8352;6.5;-47.5;9.36;0.41;Negativno;Ne
8353;0.2;-55.0;2.93;0.54;Negativno;Ne
8354;8.3;-47.2;7.17;0.03;Negativno;Ne
8355;1.1;-51.8;2.77;0.97;Negativno;Ne
8356;2.5;-38.5;6.17;0.15;Negativno;Ne
8357;9.7;-55.9;9.71;0.22;Negativno;Ne
8358;8.6;-60.4;8.07;0.07;Negativno;Ne
8359;0.6;-65.6;9.34;1.29;Negativno;Ne
8360;40.1;-64.2;3.1;0.11;Negativno;Ne
8361;17.4;-62.1;4.91;1.39;Negativno;Ne
8362;6.0;-50.6;6.32;0.59;Negativno;Ne
8363;3.4;-55.8;6.42;0.59;Negativno;Ne
8364;3.4;-72.5;6.95;0.17;Negativno;Ne
8365;5.6;-63.9;5.81;0.51;Negativno;Ne
8366;1.4;-72.7;6.9;1.27;Negativno;Ne
8367;19.5;-53.2;8.5;0.12;Negativno;Ne
8368;7.3;-70.0;6.91;0.01;Negativno;Ne
8369;6.1;-77.0;10.56;0.07;Negativno;Ne
8370;0.8;-63.5;9.14;1.04;Negativno;Ne
8371;11.9;-66.4;6.49;0.22;Negativno;Ne
8372;8.1;-80.2;4.74;0.36;Negativno;Ne
8373;0.6;-43.8;9.75;0.43;Negativno;Ne
8374;6.7;-46.2;4.93;0.56;Negativno;Ne
8375;4.1;-68.5;4.2;0.33;Negativno;Ne
8376;0.1;-79.8;8.85;0.05;Negativno;Ne
8377;2.8;-60.0;9.67;0.8;Negativno;Ne
8378;7.7;-48.8;7.34;0.43;Negativno;Ne
8379;1.2;-44.4;9.09;0.29;Negativno;Ne
8380;0.4;-45.3;9.0;0.35;Negativno;Ne
8381;2.5;-63.6;6.97;0.18;Negativno;Ne
8382;3.3;-53.9;6.33;0.38;Negativno;Ne
8383;5.1;-60.5;5.57;0.87;Negativno;Ne
8384;0.1;-48.5;6.78;0.04;Negativno;Ne
8385;3.0;-63.8;7.63;0.05;Negativno;Ne
8386;4.5;-63.5;4.05;0.89;Negativno;Ne
8387;10.6;-64.1;4.15;0.21;Negativno;Ne
8388;1.5;-67.5;6.39;0.06;Negativno;Ne
8389;1.5;-38.3;6.51;0.02;Negativno;Ne
8390;2.7;-56.5;5.0;0.43;Negativno;Ne
8391;1.0;-52.1;10.62;0.25;Negativno;Ne
8392;0.5;-62.6;7.02;0.19;Negativno;Ne
8393;4.1;-67.0;6.1;0.05;Negativno;Ne
8394;5.3;-56.4;6.3;2.24;Negativno;Ne
8395;3.8;-70.0;5.28;0.01;Negativno;Ne
8396;7.4;-79.6;6.74;0.02;Negativno;Ne
8397;5.1;-57.3;4.62;0.31;Negativno;Ne
8398;6.0;-73.3;5.55;0.28;Negativno;Ne
8399;5.5;-67.1;5.85;0.95;Negativno;Ne
8400;0.5;-57.1;7.56;0.08;Negativno;Ne
8401;2.1;-47.0;5.52;0.36;Negativno;Ne
8402;0.9;-66.5;6.78;0.13;Negativno;Ne
8403;0.5;-56.6;5.96;0.68;Negativno;Ne
8404;1.2;-63.9;5.95;0.08;Negativno;Ne
8405;3.1;-56.6;10.8;1.0;Negativno;Ne
8406;0.2;-60.9;7.44;0.12;Negativno;Ne
8407;5.4;-46.9;10.06;0.24;Negativno;Ne
8408;6.6;-51.5;7.56;0.31;Negativno;Ne
8409;0.7;-63.5;4.96;1.46;Negativno;Ne
8410;1.5;-79.8;6.02;0.5;Negativno;Ne
8411;8.8;-65.1;1.82;0.11;Negativno;Ne
8412;1.3;-52.3;6.78;0.17;Negativno;Ne
8413;7.9;-55.7;5.52;0.31;Negativno;Ne
8414;0.6;-59.0;6.68;0.48;Negativno;Ne
8415;7.2;-78.9;7.61;0.5;Negativno;Ne
8416;1.5;-71.4;7.83;1.1;Negativno;Ne
8417;4.2;-70.8;6.02;0.41;Negativno;Ne
8418;4.6;-59.5;11.55;0.16;Negativno;Ne
8419;0.2;-74.1;7.56;0.1;Negativno;Ne
8420;5.8;-61.1;9.66;0.24;Negativno;Ne
8421;1.1;-50.9;4.25;1.66;Negativno;Ne
8422;6.1;-35.6;9.97;0.38;Negativno;Ne
8423;11.8;-49.1;9.12;0.26;Negativno;Ne
8424;7.5;-53.4;4.23;0.18;Negativno;Ne
8425;2.8;-66.7;6.83;0.77;Negativno;Ne
8426;19.5;-55.7;8.71;0.33;Negativno;Ne
8427;1.8;-55.4;7.01;0.37;Negativno;Ne
8428;3.0;-43.2;3.9;0.45;Negativno;Ne
8429;8.5;-56.3;6.83;0.25;Negativno;Ne
8430;2.3;-67.2;9.89;0.49;Negativno;Ne
8431;1.5;-65.7;6.94;0.38;Negativno;Ne
8432;9.0;-52.3;8.32;2.0;Negativno;Ne
8433;0.6;-59.8;8.99;0.56;Negativno;Ne
8434;3.4;-74.2;7.48;0.71;Negativno;Ne
8435;9.6;-62.4;7.14;0.49;Negativno;Ne
8436;7.6;-45.3;7.68;0.37;Negativno;Ne
8437;5.0;-60.2;7.43;0.03;Negativno;Ne
8438;6.8;-63.8;5.36;1.35;Negativno;Ne
8439;11.0;-52.0;5.79;0.05;Negativno;Ne
8440;6.0;-57.9;6.0;0.94;Negativno;Ne
8441;2.4;-50.9;7.92;0.47;Negativno;Ne
8442;2.0;-61.5;6.74;0.71;Negativno;Ne
8443;37.9;-66.7;6.46;0.04;Negativno;Ne
8444;11.1;-59.2;4.27;0.05;Negativno;Ne
8445;4.2;-48.4;5.84;0.06;Negativno;Ne
8446;3.8;-52.2;7.0;0.91;Negativno;Ne
8447;4.8;-53.1;7.89;0.71;Negativno;Ne
8448;0.2;-57.8;5.9;0.16;Negativno;Ne
8449;6.1;-66.2;8.86;0.22;Negativno;Ne
8450;1.1;-57.4;9.8;0.18;Negativno;Ne
8451;0.0;-64.9;7.48;0.08;Negativno;Ne
8452;0.6;-58.1;4.67;0.78;Negativno;Ne
8453;2.3;-64.5;5.93;1.23;Negativno;Ne
8454;2.6;-51.8;11.5;0.86;Negativno;Ne
8455;4.8;-60.7;3.79;0.42;Negativno;Ne
8456;0.7;-56.3;5.98;0.4;Negativno;Ne
8457;6.0;-74.2;7.9;0.59;Negativno;Ne
8458;5.3;-66.7;6.52;0.63;Negativno;Ne
8459;1.6;-49.5;4.53;0.93;Negativno;Ne
8460;4.1;-68.5;10.19;0.19;Negativno;Ne
8461;2.3;-50.5;7.35;0.44;Negativno;Ne
8462;2.8;-53.9;4.3;1.55;Negativno;Ne
8463;2.4;-49.8;9.34;0.71;Negativno;Ne
8464;0.0;-58.3;6.32;0.53;Negativno;Ne
8465;0.3;-65.4;7.08;0.74;Negativno;Ne
8466;0.4;-55.4;6.25;0.31;Negativno;Ne
8467;1.0;-71.4;3.71;0.08;Negativno;Ne
8468;2.1;-59.5;3.27;0.12;Negativno;Ne
8469;12.0;-85.1;9.17;0.42;Negativno;Ne
8470;1.3;-52.5;7.51;1.07;Negativno;Ne
8471;5.5;-57.0;6.64;0.75;Negativno;Ne
8472;0.1;-55.1;4.66;0.54;Negativno;Ne
8473;0.6;-62.8;5.14;0.16;Negativno;Ne
8474;17.6;-56.8;5.45;0.16;Negativno;Ne
8475;8.5;-73.6;6.73;0.69;Negativno;Ne
8476;2.3;-78.2;6.73;0.6;Negativno;Ne
8477;0.1;-67.9;6.68;1.42;Negativno;Ne
8478;2.6;-56.8;2.61;1.16;Negativno;Ne
8479;1.3;-46.9;4.97;1.03;Negativno;Ne
8480;1.3;-76.5;9.1;0.01;Negativno;Ne
8481;6.4;-48.9;6.84;1.09;Negativno;Ne
8482;1.5;-51.6;10.56;0.09;Negativno;Ne
8483;2.8;-53.0;5.41;0.73;Negativno;Ne
8484;6.7;-51.3;8.66;1.0;Negativno;Ne
8485;11.6;-48.9;10.3;1.36;Negativno;Ne
8486;5.5;-59.9;6.85;0.64;Negativno;Ne
8487;1.4;-59.6;9.28;0.67;Negativno;Ne
8488;20.0;-62.5;6.4;0.52;Negativno;Ne
8489;25.8;-60.0;7.48;0.51;Negativno;Ne
8490;2.2;-67.3;5.41;0.16;Negativno;Ne
8491;8.0;-53.0;9.39;0.52;Negativno;Ne
8492;0.5;-50.2;4.73;0.37;Negativno;Ne
8493;11.7;-69.9;5.67;1.09;Negativno;Ne
8494;2.6;-62.0;7.45;0.32;Negativno;Ne
8495;2.6;-63.9;7.6;0.01;Negativno;Ne
8496;6.4;-65.5;7.89;0.53;Negativno;Ne
8497;9.8;-57.0;7.22;0.02;Negativno;Ne
8498;0.3;-54.4;8.57;1.22;Negativno;Ne
8499;0.0;-60.0;7.56;0.04;Negativno;Ne
8500;4.2;-45.4;5.89;1.13;Negativno;Ne
8501;2.0;-51.6;6.84;0.4;Negativno;Ne
8502;0.8;-71.3;4.63;0.02;Negativno;Ne
8503;1.0;-69.1;8.77;0.85;Negativno;Ne
8504;1.6;-64.9;8.87;0.11;Negativno;Ne
8505;16.5;-62.5;4.27;0.34;Negativno;Ne
8506;6.0;-55.3;7.08;0.25;Negativno;Ne
8507;11.2;-48.9;6.12;0.11;Negativno;Ne
8508;1.6;-65.4;5.57;0.65;Negativno;Ne
8509;2.3;-52.4;3.74;1.78;Negativno;Ne
8510;1.5;-51.6;4.49;0.29;Negativno;Ne
8511;6.0;-82.1;6.32;0.05;Negativno;Ne
8512;0.4;-62.4;10.94;0.18;Negativno;Ne
8513;2.2;-46.3;11.33;0.06;Negativno;Ne
8514;1.6;-81.6;7.32;0.96;Negativno;Ne
8515;7.5;-91.6;8.69;0.21;Negativno;Ne
8516;7.5;-58.4;3.2;1.77;Negativno;Ne
8517;7.5;-68.1;7.23;2.6;Negativno;Ne
8518;8.8;-50.4;5.21;0.29;Negativno;Ne
8519;6.2;-51.5;10.81;0.07;Negativno;Ne
8520;2.4;-62.3;9.93;0.74;Negativno;Ne
8521;8.5;-66.6;8.24;0.78;Negativno;Ne
8522;5.9;-49.5;7.38;0.21;Negativno;Ne
8523;7.5;-64.0;4.79;1.04;Negativno;Ne
8524;5.3;-66.9;7.43;0.49;Negativno;Ne
8525;4.6;-68.7;6.72;0.36;Negativno;Ne
8526;8.3;-46.2;7.74;0.79;Negativno;Ne
8527;1.7;-53.0;6.2;0.2;Negativno;Ne
8528;0.4;-65.2;7.07;0.4;Negativno;Ne
8529;0.7;-67.5;8.99;0.39;Negativno;Ne
8530;0.0;-49.4;6.87;0.29;Negativno;Ne
8531;0.2;-49.1;8.52;0.58;Negativno;Ne
8532;3.0;-40.3;9.06;0.04;Negativno;Ne
8533;5.3;-66.6;6.81;0.04;Negativno;Ne
8534;0.8;-51.6;4.86;0.13;Negativno;Ne
8535;3.7;-75.2;8.29;1.23;Negativno;Ne
8536;5.4;-71.9;5.92;1.63;Negativno;Ne
8537;2.3;-56.3;7.37;0.16;Negativno;Ne
8538;1.1;-51.2;8.4;0.9;Negativno;Ne
8539;3.9;-61.2;8.4;0.39;Negativno;Ne
8540;5.8;-71.2;3.3;0.68;Negativno;Ne
8541;3.7;-79.3;9.86;0.86;Negativno;Ne
8542;7.8;-71.6;7.81;0.15;Negativno;Ne
8543;3.0;-50.3;4.86;0.82;Negativno;Ne
8544;4.8;-59.9;7.52;0.16;Negativno;Ne
8545;1.3;-63.9;4.75;1.85;Negativno;Ne
8546;11.7;-73.2;7.55;0.08;Negativno;Ne
8547;4.5;-70.9;4.31;0.59;Negativno;Ne
8548;11.7;-72.8;5.69;0.29;Negativno;Ne
8549;0.6;-76.5;5.18;0.29;Negativno;Ne
8550;5.2;-49.2;8.31;0.9;Negativno;Ne
8551;2.7;-56.5;7.91;0.29;Negativno;Ne
8552;1.3;-59.6;8.21;1.0;Negativno;Ne
8553;2.8;-44.4;5.91;1.19;Negativno;Ne
8554;8.3;-50.2;7.46;0.12;Negativno;Ne
8555;6.5;-63.5;7.16;0.15;Negativno;Ne
8556;21.3;-63.6;4.6;0.38;Negativno;Ne
8557;9.8;-44.4;6.47;0.53;Negativno;Ne
8558;1.8;-66.7;10.46;0.05;Negativno;Ne
8559;3.9;-74.8;6.79;0.82;Negativno;Ne
8560;1.1;-55.4;7.97;0.23;Negativno;Ne
8561;9.3;-65.0;6.57;0.04;Negativno;Ne
8562;3.9;-74.5;6.9;0.16;Negativno;Ne
8563;1.2;-48.6;8.13;0.79;Negativno;Ne
8564;10.3;-61.4;5.82;0.5;Negativno;Ne
8565;4.2;-49.1;9.92;0.09;Negativno;Ne
8566;18.0;-55.1;6.03;0.41;Negativno;Ne
8567;1.6;-50.8;5.02;0.49;Negativno;Ne
8568;2.8;-67.1;9.57;0.05;Negativno;Ne
8569;21.2;-74.8;7.12;0.54;Negativno;Ne
8570;1.3;-76.8;7.33;0.7;Negativno;Ne
8571;28.5;-45.2;9.4;0.0;Negativno;Ne
8572;3.4;-60.1;5.41;0.35;Negativno;Ne
8573;9.8;-46.8;5.97;0.33;Negativno;Ne
8574;7.1;-61.8;5.27;0.19;Negativno;Ne
8575;3.5;-71.0;9.08;0.04;Negativno;Ne
8576;0.6;-92.1;5.8;1.52;Negativno;Ne
8577;3.2;-45.2;9.49;0.28;Negativno;Ne
8578;0.4;-69.9;8.51;0.6;Negativno;Ne
8579;2.3;-73.8;6.93;0.07;Negativno;Ne
8580;2.2;-58.5;7.12;0.37;Negativno;Ne
8581;1.8;-57.5;9.17;0.01;Negativno;Ne
8582;3.8;-74.2;6.55;1.08;Negativno;Ne
8583;5.5;-47.6;6.28;0.3;Negativno;Ne
8584;6.9;-55.2;3.72;0.25;Negativno;Ne
8585;20.8;-55.9;10.11;0.03;Negativno;Ne
8586;0.1;-49.5;9.45;0.22;Negativno;Ne
8587;16.1;-61.8;6.89;1.01;Negativno;Ne
8588;2.7;-53.0;6.62;0.13;Negativno;Ne
8589;3.3;-65.8;6.88;0.42;Negativno;Ne
8590;0.3;-64.9;9.44;0.8;Negativno;Ne
8591;0.0;-38.9;8.27;0.28;Negativno;Ne
8592;1.5;-69.3;4.94;1.92;Negativno;Ne
8593;0.5;-81.2;4.62;0.11;Negativno;Ne
8594;2.0;-64.8;2.93;0.51;Negativno;Ne
8595;7.5;-40.8;7.42;0.53;Negativno;Ne
8596;2.6;-59.0;6.19;0.27;Negativno;Ne
8597;8.5;-70.4;4.57;0.88;Negativno;Ne
8598;13.0;-57.7;4.79;0.27;Negativno;Ne
8599;2.9;-54.5;9.73;0.06;Negativno;Ne
8600;7.0;-60.8;9.83;1.76;Negativno;Ne
8601;1.8;-65.6;6.82;0.11;Negativno;Ne
8602;6.3;-72.0;6.46;0.63;Negativno;Ne
8603;1.8;-54.5;9.22;1.14;Negativno;Ne
8604;3.2;-49.0;5.94;0.5;Negativno;Ne
8605;0.2;-51.7;5.88;0.7;Negativno;Ne
8606;17.9;-58.1;6.4;0.25;Negativno;Ne
8607;7.9;-59.2;3.98;0.01;Negativno;Ne
8608;8.6;-55.1;6.6;0.66;Negativno;Ne
8609;3.4;-67.6;7.02;1.85;Negativno;Ne
8610;5.7;-55.0;6.41;0.54;Negativno;Ne
8611;3.5;-44.4;6.77;0.45;Negativno;Ne
8612;0.8;-63.9;6.34;0.23;Negativno;Ne
8613;7.5;-39.2;6.39;0.2;Pozitivno;Ne
8614;4.5;-58.1;7.8;0.55;Pozitivno;Ne
8615;3.0;-49.3;9.16;0.28;Negativno;Ne
8616;2.2;-54.9;4.91;0.33;Negativno;Ne
8617;0.0;-61.0;5.66;0.93;Negativno;Ne
8618;6.6;-62.8;7.57;0.49;Negativno;Ne
8619;8.5;-43.3;7.48;0.7;Negativno;Ne
8620;1.8;-44.3;6.77;0.78;Negativno;Ne
8621;4.0;-38.3;7.43;0.33;Negativno;Ne
8622;1.8;-65.7;6.74;0.89;Negativno;Ne
8623;0.3;-59.6;8.26;1.22;Negativno;Ne
8624;0.1;-65.6;6.13;0.03;Negativno;Ne
8625;8.7;-51.0;12.47;0.38;Negativno;Ne
8626;5.2;-60.8;6.04;1.6;Negativno;Ne
8627;1.0;-61.5;8.92;2.79;Negativno;Ne
8628;0.8;-60.3;9.0;0.33;Negativno;Ne
8629;0.8;-56.4;5.81;0.63;Negativno;Ne
8630;0.9;-67.1;4.51;1.35;Negativno;Ne
8631;7.8;-48.8;7.09;0.28;Negativno;Ne
8632;0.6;-52.7;9.11;0.17;Negativno;Ne
8633;2.0;-81.5;6.38;0.06;Negativno;Ne
8634;4.6;-49.6;6.09;0.03;Negativno;Ne
8635;19.8;-60.5;8.01;0.19;Negativno;Ne
8636;10.8;-57.9;6.78;0.37;Negativno;Ne
8637;16.3;-65.8;5.74;0.6;Negativno;Ne
8638;14.4;-52.0;5.58;0.14;Negativno;Ne
8639;5.4;-79.2;6.65;0.32;Negativno;Ne
8640;9.1;-59.4;5.89;0.03;Negativno;Ne
8641;1.2;-81.3;6.64;0.88;Negativno;Ne
8642;3.3;-55.0;2.5;0.97;Negativno;Ne
8643;5.3;-56.2;7.1;0.59;Negativno;Ne
8644;3.7;-53.4;5.24;0.06;Negativno;Ne
8645;2.9;-41.6;6.19;0.64;Negativno;Ne
8646;4.7;-66.8;7.27;0.63;Negativno;Ne
8647;3.3;-60.5;9.37;0.2;Negativno;Ne
8648;4.0;-62.2;6.8;0.5;Negativno;Ne
8649;0.1;-59.0;6.71;0.67;Negativno;Ne
8650;1.0;-54.2;4.8;0.05;Negativno;Ne
8651;3.7;-86.1;8.34;0.39;Negativno;Ne
8652;3.8;-46.5;4.62;0.03;Negativno;Ne
8653;3.0;-61.5;8.07;0.03;Negativno;Ne
8654;10.7;-53.7;7.52;1.32;Negativno;Ne
8655;11.1;-84.4;6.08;0.09;Negativno;Ne
8656;4.1;-69.9;7.65;0.02;Negativno;Ne
8657;15.3;-69.9;7.11;0.47;Negativno;Ne
8658;1.2;-58.3;6.18;0.11;Negativno;Ne
8659;2.0;-67.5;10.26;0.01;Negativno;Ne
8660;3.5;-63.9;9.22;0.32;Negativno;Ne
8661;7.6;-63.5;4.68;0.09;Negativno;Ne
8662;2.0;-43.1;7.17;0.2;Negativno;Ne
8663;4.1;-55.7;5.81;0.27;Negativno;Ne
8664;2.3;-73.0;11.34;0.73;Negativno;Ne
8665;6.9;-67.8;5.69;0.25;Negativno;Ne
8666;6.3;-62.0;4.58;1.27;Negativno;Ne
8667;1.6;-64.3;4.24;0.6;Negativno;Ne
8668;3.0;-69.7;6.99;0.14;Negativno;Ne
8669;9.9;-50.4;5.54;1.15;Negativno;Ne
8670;0.5;-51.9;6.78;0.55;Negativno;Ne
8671;1.4;-57.5;6.42;0.04;Negativno;Ne
8672;1.0;-51.4;8.22;0.34;Negativno;Ne
8673;1.9;-58.6;6.49;0.4;Negativno;Ne
8674;12.0;-61.5;12.07;0.39;Negativno;Ne
8675;8.3;-67.1;7.5;0.96;Negativno;Ne
8676;0.2;-57.6;5.08;0.83;Negativno;Ne
8677;2.9;-79.5;8.52;0.64;Negativno;Ne
8678;5.5;-43.9;9.33;0.46;Negativno;Ne
8679;18.4;-76.2;4.92;2.92;Negativno;Ne
8680;8.6;-55.2;8.18;0.4;Negativno;Ne
8681;0.6;-70.7;9.06;1.05;Negativno;Ne
8682;0.6;-58.4;5.11;0.08;Negativno;Ne
8683;3.4;-79.2;5.88;0.64;Negativno;Ne
8684;1.6;-54.3;2.7;0.0;Negativno;Ne
8685;0.6;-72.6;9.42;0.92;Negativno;Ne
8686;5.1;-67.4;4.88;0.3;Negativno;Ne
8687;0.8;-54.9;9.1;0.45;Negativno;Ne
8688;13.2;-59.5;6.01;0.48;Negativno;Ne
8689;8.1;-53.3;5.99;0.06;Negativno;Ne
8690;1.7;-74.0;7.07;0.05;Negativno;Ne
8691;18.6;-47.2;8.93;0.71;Negativno;Ne
8692;7.3;-45.8;7.57;0.76;Negativno;Ne
8693;6.2;-57.1;5.61;0.33;Negativno;Ne
8694;0.2;-64.5;7.96;0.04;Negativno;Ne
8695;0.7;-73.5;7.5;0.7;Negativno;Ne
8696;0.6;-76.6;6.49;0.27;Negativno;Ne
8697;3.1;-43.4;4.17;1.42;Negativno;Ne
8698;4.1;-68.7;7.45;0.42;Negativno;Ne
8699;5.5;-61.3;5.39;0.05;Negativno;Ne
8700;4.6;-61.4;9.25;0.54;Negativno;Ne
8701;2.9;-54.0;8.38;0.31;Negativno;Ne
8702;7.7;-42.1;4.84;0.3;Negativno;Ne
8703;2.1;-78.6;5.52;0.54;Negativno;Ne
8704;0.5;-73.8;6.31;0.33;Negativno;Ne
8705;12.2;-70.6;8.52;0.21;Negativno;Ne
8706;1.4;-59.9;11.2;0.43;Negativno;Ne
8707;3.2;-62.3;5.11;0.05;Negativno;Ne
8708;0.7;-57.8;3.32;0.21;Negativno;Ne
8709;11.8;-55.4;8.13;0.88;Negativno;Ne
8710;0.4;-62.1;3.19;0.7;Negativno;Ne
8711;0.5;-65.2;5.42;3.59;Negativno;Ne
8712;11.2;-61.3;6.02;0.51;Negativno;Ne
8713;6.8;-46.7;5.66;1.94;Negativno;Ne
8714;3.2;-60.2;5.9;0.02;Negativno;Ne
8715;4.3;-62.5;6.84;1.4;Negativno;Ne
8716;2.3;-42.2;4.51;0.32;Negativno;Ne
8717;2.5;-57.9;4.17;0.02;Negativno;Ne
8718;4.9;-55.8;3.06;0.61;Negativno;Ne
8719;1.8;-56.2;6.72;0.02;Negativno;Ne
8720;3.3;-62.4;6.07;0.09;Negativno;Ne
8721;0.6;-63.3;3.83;0.48;Negativno;Ne
8722;0.3;-62.2;7.74;0.07;Negativno;Ne
8723;12.9;-71.3;6.59;0.41;Negativno;Ne
8724;3.5;-61.0;3.69;0.24;Negativno;Ne
8725;0.1;-74.5;5.63;0.29;Negativno;Ne
8726;4.7;-57.2;4.6;0.88;Negativno;Ne
8727;0.3;-61.0;8.22;0.19;Negativno;Ne
8728;2.0;-89.9;5.97;0.64;Negativno;Ne
8729;2.5;-55.4;9.96;0.24;Negativno;Ne
8730;2.2;-75.4;8.38;0.16;Negativno;Ne
8731;1.4;-60.2;1.49;0.23;Negativno;Ne
8732;2.4;-66.8;9.15;1.11;Negativno;Ne
8733;6.9;-54.1;5.38;1.07;Negativno;Ne
8734;0.6;-58.9;9.11;0.03;Negativno;Ne
8735;4.3;-61.9;5.37;0.78;Negativno;Ne
8736;17.5;-46.4;10.9;0.22;Negativno;Ne
8737;3.7;-69.3;6.06;0.0;Negativno;Ne
8738;2.1;-66.3;6.63;0.35;Negativno;Ne
8739;0.1;-61.4;4.9;0.84;Negativno;Ne
8740;1.6;-66.0;5.97;0.56;Negativno;Ne
8741;0.8;-48.3;5.81;0.56;Negativno;Ne
8742;9.0;-61.4;4.71;1.15;Negativno;Ne
8743;3.3;-70.4;8.03;0.16;Negativno;Ne
8744;3.5;-77.0;5.76;0.04;Negativno;Ne
8745;0.9;-69.1;8.01;0.21;Negativno;Ne
8746;2.0;-71.2;9.9;0.01;Negativno;Ne
8747;3.7;-60.5;7.48;0.22;Negativno;Ne
8748;16.3;-61.2;5.53;0.3;Negativno;Ne
8749;6.3;-72.4;7.2;0.86;Negativno;Ne
8750;4.5;-54.9;2.27;0.02;Negativno;Ne
8751;2.1;-54.3;4.1;0.16;Negativno;Ne
8752;4.1;-62.0;12.16;1.31;Negativno;Ne
8753;1.0;-67.4;6.91;1.06;Negativno;Ne
8754;13.8;-67.6;7.15;0.5;Negativno;Ne
8755;4.7;-62.6;11.33;0.08;Negativno;Ne
8756;5.8;-57.6;5.67;0.73;Negativno;Ne
8757;1.3;-74.5;7.44;1.19;Negativno;Ne
8758;6.7;-66.3;7.62;0.25;Negativno;Ne
8759;1.0;-73.4;9.98;0.01;Negativno;Ne
8760;12.9;-72.4;9.1;2.3;Negativno;Ne
8761;7.2;-56.9;7.31;0.23;Negativno;Ne
8762;28.0;-40.2;8.93;1.49;Negativno;Ne
8763;5.4;-51.1;5.34;0.81;Negativno;Ne
8764;3.9;-38.0;6.46;0.07;Negativno;Ne
8765;0.3;-56.1;8.23;0.07;Negativno;Ne
8766;1.0;-57.2;6.71;0.35;Negativno;Ne
8767;1.5;-64.2;8.29;0.8;Negativno;Ne
8768;1.6;-65.2;9.6;0.25;Negativno;Ne
8769;1.6;-64.8;6.92;0.21;Negativno;Ne
8770;0.7;-64.0;6.0;0.36;Negativno;Ne
8771;10.1;-63.5;4.17;0.07;Negativno;Ne
8772;0.6;-46.5;9.68;0.7;Negativno;Ne
8773;9.9;-57.0;3.45;0.6;Negativno;Ne
8774;3.8;-59.6;10.82;1.35;Negativno;Ne
8775;3.1;-58.9;6.15;0.31;Negativno;Ne
8776;1.2;-71.1;6.48;0.33;Negativno;Ne
8777;0.5;-57.0;3.9;1.29;Negativno;Ne
8778;7.8;-54.1;5.79;0.13;Negativno;Ne
8779;5.2;-65.5;4.3;0.09;Negativno;Ne
8780;6.0;-63.4;8.55;0.05;Negativno;Ne
8781;4.6;-62.5;6.17;1.12;Negativno;Ne
8782;17.3;-49.6;10.11;0.64;Negativno;Ne
8783;1.6;-56.4;8.42;0.67;Negativno;Ne
8784;7.1;-57.7;5.44;0.17;Negativno;Ne
8785;0.6;-43.7;6.65;0.03;Negativno;Ne
8786;10.1;-55.2;7.31;0.24;Negativno;Ne
8787;6.8;-52.7;5.98;0.15;Negativno;Ne
8788;6.9;-64.8;7.83;0.05;Negativno;Ne
8789;4.7;-52.0;5.66;0.75;Negativno;Ne
8790;2.2;-86.1;5.94;0.25;Negativno;Ne
8791;12.2;-63.7;5.64;0.59;Negativno;Ne
8792;16.4;-73.8;5.45;0.3;Negativno;Ne
8793;0.5;-67.9;7.44;0.17;Negativno;Ne
8794;7.0;-59.0;5.97;0.15;Negativno;Ne
8795;1.7;-46.5;4.19;0.07;Negativno;Ne
8796;0.9;-60.0;7.12;0.28;Negativno;Ne
8797;10.1;-72.7;4.38;0.54;Negativno;Ne
8798;3.8;-43.2;3.85;0.65;Negativno;Ne
8799;0.2;-64.4;5.85;0.01;Negativno;Ne
8800;11.0;-53.6;4.68;0.15;Negativno;Ne
8801;15.1;-49.1;3.75;0.44;Negativno;Ne
8802;48.6;-59.9;7.43;0.1;Negativno;Ne
8803;1.0;-59.7;12.01;0.15;Negativno;Ne
8804;5.7;-47.5;9.93;0.44;Negativno;Ne
8805;4.7;-53.5;7.79;0.43;Negativno;Ne
8806;5.5;-58.5;3.99;0.74;Negativno;Ne
8807;20.0;-63.5;10.32;2.42;Negativno;Ne
8808;5.5;-61.7;8.49;0.3;Negativno;Ne
8809;6.1;-67.0;5.86;0.08;Negativno;Ne
8810;3.5;-53.0;8.42;1.05;Negativno;Ne
8811;22.8;-74.5;3.75;2.0;Negativno;Ne
8812;12.4;-63.4;6.1;0.0;Negativno;Ne
8813;2.1;-49.0;8.08;0.6;Negativno;Ne
8814;5.6;-47.1;3.86;0.75;Negativno;Ne
8815;0.9;-45.0;1.82;0.14;Negativno;Ne
8816;0.7;-59.7;7.18;0.48;Negativno;Ne
8817;1.3;-77.7;3.82;0.17;Negativno;Ne
8818;6.4;-79.1;3.84;0.46;Negativno;Ne
8819;13.0;-48.0;6.41;0.05;Negativno;Ne
8820;6.2;-83.3;8.86;0.09;Negativno;Ne
8821;9.6;-90.3;7.42;0.16;Negativno;Ne
8822;2.2;-66.5;8.79;0.28;Negativno;Ne
8823;10.4;-69.0;8.13;1.02;Negativno;Ne
8824;5.8;-73.1;8.4;0.48;Negativno;Ne
8825;1.6;-59.9;8.4;0.15;Negativno;Ne
8826;0.3;-58.8;6.13;0.38;Negativno;Ne
8827;3.2;-64.4;5.23;0.54;Negativno;Ne
8828;4.5;-56.0;8.5;0.92;Negativno;Ne
8829;9.4;-77.5;9.92;0.78;Negativno;Ne
8830;0.6;-60.2;9.71;0.22;Negativno;Ne
8831;5.6;-65.3;8.51;0.17;Negativno;Ne
8832;5.2;-53.9;6.58;1.32;Negativno;Ne
8833;0.4;-58.5;6.8;0.24;Negativno;Ne
8834;1.0;-71.1;8.37;0.74;Negativno;Ne
8835;2.9;-66.3;5.84;0.13;Negativno;Ne
8836;4.0;-55.2;7.65;0.46;Negativno;Ne
8837;7.3;-59.2;6.64;0.89;Negativno;Ne
8838;7.0;-51.6;4.86;0.61;Negativno;Ne
8839;0.5;-73.8;4.36;0.24;Negativno;Ne
8840;17.1;-57.0;3.47;0.16;Negativno;Ne
8841;6.7;-54.3;9.14;0.15;Negativno;Ne
8842;7.5;-56.9;10.78;0.07;Negativno;Ne
8843;0.1;-41.0;5.67;0.08;Negativno;Ne
8844;20.4;-69.2;6.34;0.43;Negativno;Ne
8845;2.1;-53.0;5.84;0.22;Negativno;Ne
8846;0.0;-72.7;7.66;0.45;Negativno;Ne
8847;1.7;-56.4;7.8;0.28;Negativno;Ne
8848;11.0;-62.2;6.25;0.23;Negativno;Ne
8849;2.9;-62.6;6.4;0.39;Negativno;Ne
8850;2.5;-63.7;4.55;0.8;Negativno;Ne
8851;13.8;-41.0;6.51;0.31;Negativno;Ne
8852;5.5;-62.0;7.39;0.06;Negativno;Ne
8853;4.5;-51.9;7.67;0.13;Negativno;Ne
8854;3.8;-62.4;5.45;0.18;Negativno;Ne
8855;6.0;-72.5;6.41;0.14;Negativno;Ne
8856;4.8;-59.6;7.4;0.49;Negativno;Ne
8857;3.0;-50.4;6.34;0.2;Negativno;Ne
8858;1.8;-42.2;10.08;0.26;Negativno;Ne
8859;2.0;-76.4;6.55;0.29;Negativno;Ne
8860;2.1;-59.1;5.09;0.58;Negativno;Ne
8861;0.1;-69.8;8.04;0.47;Negativno;Ne
8862;0.7;-68.3;8.73;0.08;Negativno;Ne
8863;0.7;-59.9;12.62;0.49;Negativno;Ne
8864;1.5;-75.7;7.8;0.05;Negativno;Ne
8865;7.7;-55.2;7.34;2.29;Negativno;Ne
8866;6.6;-58.6;3.76;1.05;Negativno;Ne
8867;7.1;-54.1;5.46;0.4;Negativno;Ne
8868;3.8;-52.5;6.61;0.91;Negativno;Ne
8869;2.0;-59.5;6.1;0.58;Negativno;Ne
8870;0.6;-56.5;6.28;1.61;Negativno;Ne
8871;2.8;-59.3;7.23;0.25;Negativno;Ne
8872;2.5;-63.3;4.4;0.24;Negativno;Ne
8873;2.4;-62.6;5.79;0.26;Negativno;Ne
8874;14.9;-72.1;8.63;0.08;Negativno;Ne
8875;6.6;-52.5;2.86;0.03;Negativno;Ne
8876;5.4;-58.6;5.55;0.5;Negativno;Ne
8877;0.6;-53.5;6.48;1.65;Negativno;Ne
8878;1.4;-63.1;7.18;0.1;Negativno;Ne
8879;0.4;-56.7;6.88;0.14;Negativno;Ne
8880;5.3;-65.7;8.59;0.59;Negativno;Ne
8881;2.9;-48.8;5.96;1.25;Pozitivno;Ne
8882;0.7;-64.9;9.27;0.16;Negativno;Ne
8883;6.6;-45.3;5.71;0.1;Negativno;Ne
8884;7.0;-59.0;10.05;0.24;Negativno;Ne
8885;4.3;-57.8;6.51;0.56;Negativno;Ne
8886;0.1;-60.3;6.47;0.33;Pozitivno;Ne
8887;8.9;-69.7;7.96;0.27;Negativno;Ne
8888;12.5;-46.8;9.03;0.49;Negativno;Ne
8889;10.6;-65.8;6.63;0.57;Negativno;Ne
8890;3.4;-68.1;10.16;0.07;Negativno;Ne
8891;8.7;-49.9;8.99;0.97;Negativno;Ne
8892;0.0;-56.3;7.96;0.72;Negativno;Ne
8893;2.3;-44.7;5.85;0.35;Negativno;Ne
8894;5.1;-58.0;3.02;0.37;Negativno;Ne
8895;31.5;-45.9;5.95;0.01;Negativno;Ne
8896;6.2;-55.1;4.24;0.35;Negativno;Ne
8897;7.1;-60.2;5.21;0.48;Negativno;Ne
8898;0.5;-67.1;3.84;0.91;Negativno;Ne
8899;2.7;-35.8;6.6;1.98;Negativno;Ne
8900;13.2;-65.1;6.47;0.47;Negativno;Ne
8901;0.6;-78.2;7.07;0.15;Negativno;Ne
8902;0.6;-60.5;7.65;0.21;Negativno;Ne
8903;18.8;-63.7;9.73;0.55;Negativno;Ne
8904;0.6;-54.5;6.95;0.12;Negativno;Ne
8905;6.1;-56.1;6.4;1.48;Negativno;Ne
8906;5.0;-69.7;6.09;0.3;Negativno;Ne
8907;7.8;-84.0;5.07;0.06;Negativno;Ne
8908;2.6;-62.3;6.26;0.79;Negativno;Ne
8909;11.4;-71.4;6.41;0.52;Negativno;Ne
8910;9.0;-73.7;4.52;0.07;Negativno;Ne
8911;0.2;-51.1;3.83;0.12;Negativno;Ne
8912;8.5;-53.2;5.34;0.61;Negativno;Ne
8913;6.6;-71.1;7.63;0.0;Negativno;Ne
8914;2.3;-74.7;6.55;0.07;Negativno;Ne
8915;0.2;-57.9;12.2;0.22;Negativno;Ne
8916;0.7;-46.0;4.75;1.09;Negativno;Ne
8917;16.4;-61.9;4.9;0.57;Negativno;Ne
8918;9.5;-65.6;5.41;0.17;Negativno;Ne
8919;1.7;-69.6;7.54;0.22;Negativno;Ne
8920;5.9;-51.8;8.04;0.13;Negativno;Ne
8921;0.6;-59.5;7.88;0.3;Negativno;Ne
8922;7.3;-33.7;5.55;1.91;Negativno;Ne
8923;7.1;-54.3;8.15;1.19;Negativno;Ne
8924;3.1;-65.0;4.14;0.66;Negativno;Ne
8925;10.4;-58.7;2.66;0.46;Negativno;Ne
8926;9.4;-68.1;6.85;0.36;Negativno;Ne
8927;1.7;-63.9;7.35;2.07;Negativno;Ne
8928;2.2;-55.4;8.52;0.47;Negativno;Ne
8929;0.5;-66.4;9.35;0.47;Negativno;Ne
8930;0.9;-55.8;5.42;0.03;Negativno;Ne
8931;10.9;-69.0;6.55;0.03;Negativno;Ne
8932;3.1;-43.7;3.23;0.46;Negativno;Ne
8933;1.4;-62.7;6.16;0.25;Negativno;Ne
8934;9.8;-43.4;8.11;0.01;Negativno;Ne
8935;3.3;-63.6;6.5;1.53;Negativno;Ne
8936;3.0;-54.3;6.21;0.16;Negativno;Ne
8937;5.7;-66.9;6.85;1.02;Negativno;Ne
8938;4.5;-48.0;6.11;0.22;Negativno;Ne
8939;7.6;-48.6;5.75;0.21;Negativno;Ne
8940;7.0;-46.7;5.63;0.94;Negativno;Ne
8941;8.7;-65.5;6.61;0.17;Negativno;Ne
8942;5.5;-50.7;10.47;0.11;Negativno;Ne
8943;1.0;-61.8;7.86;0.16;Negativno;Ne
8944;2.8;-55.2;5.97;0.89;Negativno;Ne
8945;2.4;-49.2;6.89;1.41;Negativno;Ne
8946;6.6;-63.9;9.18;0.89;Negativno;Ne
8947;2.5;-62.7;8.81;0.58;Negativno;Ne
8948;0.3;-79.1;9.91;0.59;Negativno;Ne
8949;9.3;-51.2;7.99;0.54;Negativno;Ne
8950;0.4;-58.0;6.74;0.33;Negativno;Ne
8951;5.5;-46.1;6.93;0.58;Negativno;Ne
8952;2.5;-53.0;5.04;0.06;Negativno;Ne
8953;5.1;-61.0;7.61;0.05;Negativno;Ne
8954;0.4;-47.2;7.16;0.85;Negativno;Ne
8955;0.6;-80.5;7.58;0.22;Negativno;Ne
8956;5.9;-77.3;8.07;0.29;Negativno;Ne
8957;1.4;-58.6;4.76;1.16;Negativno;Ne
8958;0.9;-64.5;7.49;0.8;Negativno;Ne
8959;0.1;-62.1;5.39;0.34;Negativno;Ne
8960;8.2;-78.8;7.6;0.81;Negativno;Ne
8961;11.3;-51.0;3.71;0.35;Negativno;Ne
8962;2.6;-64.4;11.66;2.8;Negativno;Ne
8963;1.0;-69.2;4.74;0.29;Negativno;Ne
8964;2.5;-74.1;4.09;0.69;Negativno;Ne
8965;0.2;-54.6;7.13;0.37;Negativno;Ne
8966;4.2;-67.1;7.04;0.09;Negativno;Ne
8967;2.0;-60.6;7.4;1.06;Negativno;Ne
8968;3.2;-52.6;8.54;0.66;Negativno;Ne
8969;0.2;-50.4;6.18;0.63;Negativno;Ne
8970;24.4;-33.1;5.66;0.35;Negativno;Ne
8971;5.0;-47.3;5.21;0.0;Negativno;Ne
8972;7.6;-58.1;3.94;0.34;Negativno;Ne
8973;0.1;-43.9;6.22;1.13;Negativno;Ne
8974;1.6;-50.9;5.33;0.79;Negativno;Ne
8975;7.2;-64.8;7.33;0.13;Negativno;Ne
8976;5.3;-42.1;6.74;0.41;Negativno;Ne
8977;7.5;-58.8;5.46;0.25;Negativno;Ne
8978;4.5;-51.4;5.88;0.21;Negativno;Ne
8979;6.7;-61.3;7.26;0.88;Negativno;Ne
8980;6.1;-66.6;6.31;0.88;Negativno;Ne
8981;1.7;-49.5;8.26;0.71;Negativno;Ne
8982;3.0;-57.1;6.57;0.44;Negativno;Ne
8983;10.3;-56.6;6.73;0.15;Negativno;Ne
8984;12.8;-63.5;9.53;0.03;Negativno;Ne
8985;0.3;-58.2;7.47;1.0;Negativno;Ne
8986;1.3;-54.9;4.44;0.76;Negativno;Ne
8987;12.3;-53.6;8.49;0.13;Negativno;Ne
8988;3.4;-58.9;8.0;1.76;Negativno;Ne
8989;5.4;-72.2;6.25;1.46;Negativno;Ne
8990;2.2;-46.3;8.69;0.02;Negativno;Ne
8991;8.5;-54.6;7.52;0.27;Negativno;Ne
8992;6.6;-75.4;4.0;0.34;Negativno;Ne
8993;10.6;-59.5;5.86;0.04;Negativno;Ne
8994;6.7;-68.9;7.69;0.83;Negativno;Ne
8995;1.3;-64.4;6.24;0.27;Negativno;Ne
8996;9.1;-66.8;4.48;0.23;Negativno;Ne
8997;5.6;-59.7;6.62;0.4;Negativno;Ne
8998;1.3;-67.7;3.4;0.02;Negativno;Ne
8999;3.2;-63.6;7.02;0.18;Negativno;Ne
9000;2.0;-42.3;5.45;0.17;Negativno;Ne
9001;6.1;-54.4;5.1;0.45;Negativno;Ne
9002;1.0;-47.3;8.33;0.19;Negativno;Ne
9003;5.9;-61.4;9.81;0.18;Negativno;Ne
9004;1.0;-57.9;6.32;0.12;Negativno;Ne
9005;2.2;-53.6;5.26;0.68;Negativno;Ne
9006;1.0;-50.1;5.8;0.31;Negativno;Ne
9007;4.8;-59.7;8.16;0.26;Negativno;Ne
9008;1.8;-52.2;8.01;0.3;Negativno;Ne
9009;18.0;-61.3;6.72;0.12;Negativno;Ne
9010;4.5;-68.1;7.58;0.63;Negativno;Ne
9011;4.7;-47.7;3.1;0.24;Negativno;Ne
9012;12.4;-61.6;7.92;0.15;Negativno;Ne
9013;6.7;-59.9;7.54;0.23;Negativno;Ne
9014;8.2;-52.1;6.38;0.1;Negativno;Ne
9015;0.4;-55.9;6.18;0.85;Negativno;Ne
9016;3.4;-48.2;5.1;0.92;Negativno;Ne
9017;3.3;-46.9;9.68;0.68;Negativno;Ne
9018;18.7;-56.7;2.24;0.51;Negativno;Ne
9019;7.6;-55.0;10.23;0.21;Negativno;Ne
9020;12.4;-82.2;11.14;0.44;Negativno;Ne
9021;3.0;-79.4;8.68;2.11;Negativno;Ne
9022;7.3;-77.6;6.97;0.75;Negativno;Ne
9023;11.8;-81.1;6.87;0.5;Negativno;Ne
9024;2.4;-58.3;1.94;0.29;Negativno;Ne
9025;6.5;-61.9;10.3;0.19;Negativno;Ne
9026;9.5;-64.4;5.17;0.09;Negativno;Ne
9027;2.6;-63.0;9.33;0.13;Negativno;Ne
9028;3.7;-58.1;10.1;0.7;Negativno;Ne
9029;0.8;-48.7;9.11;0.14;Negativno;Ne
9030;16.1;-48.8;7.14;0.54;Negativno;Ne
9031;4.9;-60.4;11.11;1.77;Negativno;Ne
9032;0.5;-59.4;8.22;0.2;Negativno;Ne
9033;9.0;-58.7;11.28;0.36;Negativno;Ne
9034;1.3;-73.2;5.94;0.93;Negativno;Ne
9035;9.8;-72.3;7.12;0.17;Negativno;Ne
9036;1.9;-70.9;10.19;0.21;Negativno;Ne
9037;0.8;-49.0;7.2;0.61;Negativno;Ne
9038;0.7;-63.2;7.57;0.11;Negativno;Ne
9039;11.1;-67.4;6.07;0.1;Negativno;Ne
9040;10.3;-67.2;7.55;0.35;Negativno;Ne
9041;1.2;-73.3;8.52;0.02;Negativno;Ne
9042;5.0;-81.1;6.62;0.48;Negativno;Ne
9043;12.6;-75.8;4.61;0.68;Negativno;Ne
9044;2.5;-62.9;5.14;0.15;Negativno;Ne
9045;1.5;-43.8;9.41;1.36;Negativno;Ne
9046;8.2;-55.3;8.2;0.1;Negativno;Ne
9047;8.4;-64.2;7.27;0.14;Negativno;Ne
9048;16.3;-76.8;8.95;0.23;Negativno;Ne
9049;2.9;-56.1;4.35;0.91;Negativno;Ne
9050;4.3;-53.9;11.44;0.14;Negativno;Ne
9051;0.5;-71.8;5.26;0.98;Negativno;Ne
9052;1.4;-47.4;5.73;1.38;Negativno;Ne
9053;1.8;-64.7;7.46;0.06;Negativno;Ne
9054;8.3;-53.5;9.19;0.39;Negativno;Ne
9055;0.2;-48.0;8.03;0.22;Negativno;Ne
9056;6.6;-61.0;7.54;0.42;Negativno;Ne
9057;3.2;-77.9;3.05;1.22;Negativno;Ne
9058;5.3;-55.5;5.75;0.2;Negativno;Ne
9059;0.7;-62.1;8.22;0.82;Negativno;Ne
9060;4.0;-66.7;5.67;0.23;Negativno;Ne
9061;6.9;-42.6;10.83;1.04;Negativno;Ne
9062;10.5;-76.0;4.82;0.29;Negativno;Ne
9063;8.7;-47.3;5.43;0.37;Negativno;Ne
9064;3.4;-57.9;6.53;0.04;Negativno;Ne
9065;8.8;-46.1;9.19;0.16;Negativno;Ne
9066;2.4;-46.6;4.38;3.01;Negativno;Ne
9067;1.9;-42.1;9.57;0.97;Negativno;Ne
9068;9.0;-68.2;6.42;0.41;Negativno;Ne
9069;0.8;-50.1;5.58;0.39;Negativno;Ne
9070;19.4;-61.9;6.49;0.5;Negativno;Ne
9071;0.8;-63.6;7.76;0.01;Negativno;Ne
9072;4.6;-48.6;6.74;0.36;Negativno;Ne
9073;10.6;-61.8;4.77;0.4;Negativno;Ne
9074;0.0;-50.6;8.78;0.79;Negativno;Ne
9075;8.1;-78.4;6.28;0.32;Negativno;Ne
9076;0.9;-75.2;5.35;0.42;Negativno;Ne
9077;7.0;-63.9;7.24;0.03;Negativno;Ne
9078;8.4;-73.2;6.93;0.43;Negativno;Ne
9079;4.2;-60.8;8.97;0.31;Negativno;Ne
9080;5.9;-55.3;4.27;0.22;Negativno;Ne
9081;4.0;-72.5;10.0;0.32;Negativno;Ne
9082;4.4;-52.0;6.9;0.17;Negativno;Ne
9083;5.2;-71.0;5.78;0.24;Negativno;Ne
9084;4.3;-40.5;5.5;0.1;Negativno;Ne
9085;5.7;-71.1;6.02;0.2;Negativno;Ne
9086;1.4;-68.2;6.29;0.52;Negativno;Ne
9087;5.4;-42.9;6.74;0.39;Negativno;Ne
9088;4.1;-59.4;7.69;0.0;Negativno;Ne
9089;17.7;-50.7;7.97;0.13;Negativno;Ne
9090;1.1;-60.5;7.0;0.49;Negativno;Ne
9091;4.4;-51.0;3.95;0.28;Negativno;Ne
9092;0.7;-53.8;10.39;1.5;Negativno;Ne
9093;6.4;-71.6;8.49;0.08;Negativno;Ne
9094;0.2;-74.6;7.32;0.8;Negativno;Ne
9095;1.4;-64.8;8.69;1.04;Negativno;Ne
9096;8.4;-67.9;3.65;0.6;Negativno;Ne
9097;3.4;-59.7;6.29;0.04;Negativno;Ne
9098;1.5;-54.0;7.88;0.03;Negativno;Ne
9099;5.3;-67.2;7.71;0.24;Negativno;Ne
9100;3.3;-64.8;6.31;1.71;Negativno;Ne
9101;1.2;-63.6;5.51;0.29;Negativno;Ne
9102;7.8;-49.5;8.32;1.21;Negativno;Ne
9103;8.1;-80.6;7.13;0.59;Negativno;Ne
9104;20.8;-65.8;10.59;0.06;Negativno;Ne
9105;8.7;-56.5;6.08;0.4;Negativno;Ne
9106;9.6;-66.1;8.8;0.11;Negativno;Ne
9107;8.3;-73.0;7.12;1.29;Negativno;Ne
9108;2.6;-61.2;5.88;2.09;Negativno;Ne
9109;3.3;-59.7;6.73;0.15;Negativno;Ne
9110;15.0;-58.5;7.18;1.82;Negativno;Ne
9111;2.1;-52.7;6.02;0.1;Negativno;Ne
9112;0.6;-58.6;5.46;1.46;Negativno;Ne
9113;1.3;-51.8;8.84;0.29;Negativno;Ne
9114;2.9;-56.7;6.94;2.63;Negativno;Ne
9115;1.5;-66.1;9.06;0.37;Negativno;Ne
9116;2.7;-63.7;4.81;0.17;Negativno;Ne
9117;0.2;-67.1;11.22;1.06;Negativno;Ne
9118;2.0;-51.3;6.62;0.98;Negativno;Ne
9119;1.7;-61.9;9.93;0.61;Negativno;Ne
9120;7.4;-50.6;5.99;0.33;Negativno;Ne
9121;2.4;-55.4;6.77;0.05;Negativno;Ne
9122;6.6;-64.6;5.54;0.28;Negativno;Ne
9123;11.9;-59.9;7.82;0.34;Negativno;Ne
9124;1.2;-43.5;6.46;0.02;Negativno;Ne
9125;0.6;-67.8;6.75;0.6;Negativno;Ne
9126;3.6;-67.3;7.82;0.24;Negativno;Ne
9127;1.6;-70.2;4.16;0.06;Negativno;Ne
9128;14.4;-70.4;5.9;0.25;Negativno;Ne
9129;3.8;-69.0;11.86;0.31;Negativno;Ne
9130;1.4;-60.8;10.08;0.07;Negativno;Ne
9131;4.1;-67.6;9.92;2.6;Negativno;Ne
9132;8.6;-69.1;7.02;0.64;Negativno;Ne
9133;7.0;-64.3;5.8;0.58;Negativno;Ne
9134;0.0;-52.8;7.5;0.09;Negativno;Ne
9135;0.4;-67.7;3.37;1.17;Negativno;Ne
9136;4.6;-70.0;9.81;0.57;Negativno;Ne
9137;8.8;-59.6;5.41;0.05;Negativno;Ne
9138;1.5;-53.8;9.36;0.09;Negativno;Ne
9139;0.6;-53.1;7.78;0.14;Negativno;Ne
9140;5.0;-59.3;5.5;1.73;Negativno;Ne
9141;6.4;-63.3;7.15;0.59;Negativno;Ne
9142;1.4;-51.8;6.44;0.37;Negativno;Ne
9143;0.2;-80.5;5.64;0.38;Negativno;Ne
9144;7.4;-46.2;10.24;0.79;Negativno;Ne
9145;3.0;-47.3;6.45;0.52;Negativno;Ne
9146;5.0;-66.4;7.76;0.78;Negativno;Ne
9147;14.7;-78.9;6.47;1.76;Negativno;Ne
9148;2.2;-58.3;6.84;0.41;Negativno;Ne
9149;1.3;-57.9;2.73;0.4;Negativno;Ne
9150;9.3;-64.1;8.85;0.84;Negativno;Ne
9151;2.8;-71.6;9.05;0.11;Negativno;Ne
9152;0.7;-68.7;8.14;0.23;Negativno;Ne
9153;0.9;-59.3;6.39;0.55;Negativno;Ne
9154;1.9;-49.0;9.13;0.11;Negativno;Ne
9155;1.8;-67.0;4.69;0.17;Negativno;Ne
9156;1.9;-59.7;4.75;0.78;Negativno;Ne
9157;3.3;-56.4;8.67;0.31;Negativno;Ne
9158;5.3;-45.7;5.3;0.0;Negativno;Ne
9159;6.6;-43.2;9.86;0.18;Negativno;Ne
9160;10.1;-67.1;9.32;0.02;Negativno;Ne
9161;4.1;-61.6;7.26;0.14;Negativno;Ne
9162;4.2;-38.2;7.18;0.21;Negativno;Ne
9163;7.6;-62.6;6.98;0.38;Negativno;Ne
9164;0.2;-63.5;10.27;0.29;Negativno;Ne
9165;0.0;-50.2;7.71;0.68;Negativno;Ne
9166;5.4;-56.2;5.61;0.87;Negativno;Ne
9167;1.1;-81.8;6.71;0.13;Negativno;Ne
9168;3.4;-40.1;7.43;0.11;Negativno;Ne
9169;4.2;-66.3;5.78;0.84;Negativno;Ne
9170;1.8;-63.7;4.05;0.48;Negativno;Ne
9171;11.5;-64.0;5.96;0.71;Negativno;Ne
9172;1.2;-56.6;4.81;0.17;Negativno;Ne
9173;7.2;-54.8;5.34;0.84;Negativno;Ne
9174;8.0;-80.0;7.46;0.3;Negativno;Ne
9175;7.6;-57.5;5.15;0.15;Negativno;Ne
9176;4.7;-59.1;8.07;1.44;Negativno;Ne
9177;9.6;-53.0;4.9;0.16;Negativno;Ne
9178;3.2;-54.3;10.27;0.78;Negativno;Ne
9179;6.2;-60.1;5.0;0.28;Negativno;Ne
9180;2.6;-57.8;9.73;0.2;Negativno;Ne
9181;7.9;-67.3;9.77;0.26;Negativno;Ne
9182;7.8;-85.9;6.7;0.2;Negativno;Ne
9183;7.0;-51.8;4.33;1.16;Negativno;Ne
9184;8.5;-34.8;6.73;0.94;Negativno;Ne
9185;1.2;-51.4;4.2;0.27;Negativno;Ne
9186;2.2;-62.3;6.33;0.35;Negativno;Ne
9187;2.7;-57.5;6.55;0.09;Negativno;Ne
9188;1.8;-64.8;5.85;1.09;Negativno;Ne
9189;16.1;-55.6;5.32;0.07;Negativno;Ne
9190;8.1;-65.1;6.57;0.2;Negativno;Ne
9191;0.9;-53.2;6.19;0.39;Negativno;Ne
9192;1.2;-69.0;7.92;0.35;Negativno;Ne
9193;0.2;-50.0;8.86;0.06;Negativno;Ne
9194;2.5;-56.9;3.7;0.19;Negativno;Ne
9195;4.7;-53.0;7.43;1.02;Negativno;Ne
9196;2.6;-55.8;5.19;0.31;Negativno;Ne
9197;14.4;-64.2;9.28;0.16;Negativno;Ne
9198;3.7;-52.7;7.7;0.68;Negativno;Ne
9199;1.5;-61.7;5.05;0.86;Negativno;Ne
9200;13.6;-63.2;3.84;0.28;Negativno;Ne
9201;5.1;-83.4;9.16;0.13;Negativno;Ne
9202;2.8;-64.1;7.41;0.51;Negativno;Ne
9203;3.8;-51.3;8.0;1.7;Negativno;Ne
9204;6.1;-61.4;7.12;0.14;Negativno;Ne
9205;0.5;-40.8;7.6;0.47;Negativno;Ne
9206;1.1;-63.6;7.05;0.61;Negativno;Ne
9207;7.3;-49.6;5.3;0.01;Negativno;Ne
9208;7.1;-60.1;12.7;0.63;Negativno;Ne
9209;1.9;-79.6;7.04;0.5;Negativno;Ne
9210;0.3;-44.4;4.67;0.27;Negativno;Ne
9211;0.5;-62.8;6.49;1.03;Negativno;Ne
9212;2.2;-73.6;6.19;1.1;Negativno;Ne
9213;0.7;-48.6;6.72;0.01;Negativno;Ne
9214;3.4;-39.8;5.23;0.4;Negativno;Ne
9215;11.2;-56.9;7.22;0.86;Negativno;Ne
9216;0.5;-61.7;3.9;0.09;Negativno;Ne
9217;1.6;-63.9;9.09;0.76;Negativno;Ne
9218;3.2;-49.8;7.21;3.39;Negativno;Ne
9219;26.6;-70.4;6.9;0.14;Negativno;Ne
9220;2.7;-71.5;6.77;0.2;Negativno;Ne
9221;3.5;-58.5;4.73;0.59;Negativno;Ne
9222;2.9;-60.5;5.56;0.49;Negativno;Ne
9223;0.3;-57.0;6.78;0.07;Negativno;Ne
9224;7.3;-64.4;6.68;0.23;Negativno;Ne
9225;8.2;-60.3;9.75;0.41;Negativno;Ne
9226;13.0;-70.7;7.05;0.29;Negativno;Ne
9227;8.0;-58.0;9.1;0.66;Negativno;Ne
9228;13.9;-49.9;6.18;0.02;Negativno;Ne
9229;3.3;-44.7;7.4;0.75;Negativno;Ne
9230;5.6;-43.5;5.65;0.16;Negativno;Ne
9231;4.0;-50.2;4.32;0.84;Negativno;Ne
9232;5.3;-39.0;7.71;1.72;Negativno;Ne
9233;1.5;-34.3;2.78;0.23;Negativno;Ne
9234;1.0;-61.4;8.92;0.01;Pozitivno;Ne
9235;6.2;-50.2;6.88;0.08;Negativno;Ne
9236;2.6;-71.4;6.61;0.22;Negativno;Ne
9237;0.1;-39.7;6.19;0.63;Negativno;Ne
9238;4.0;-53.4;4.64;0.23;Negativno;Ne
9239;3.3;-62.6;8.56;0.35;Negativno;Ne
9240;8.2;-66.2;6.65;3.25;Negativno;Ne
9241;6.4;-49.2;6.97;0.5;Negativno;Ne
9242;0.8;-52.1;7.87;0.32;Negativno;Ne
9243;24.1;-66.3;11.64;0.03;Negativno;Ne
9244;1.1;-46.7;3.55;1.27;Negativno;Ne
9245;4.3;-74.0;5.82;0.78;Negativno;Ne
9246;5.5;-49.8;6.02;0.4;Negativno;Ne
9247;9.7;-68.6;7.74;0.77;Negativno;Ne
9248;32.2;-61.1;7.9;0.82;Negativno;Ne
9249;0.8;-52.6;7.09;0.49;Negativno;Ne
9250;1.4;-59.8;7.05;1.35;Negativno;Ne
9251;14.7;-45.3;8.48;0.45;Negativno;Ne
9252;8.3;-60.5;9.91;0.62;Negativno;Ne
9253;6.5;-57.4;4.79;0.05;Negativno;Ne
9254;10.5;-57.6;10.05;0.38;Negativno;Ne
9255;4.0;-70.9;9.28;0.7;Negativno;Ne
9256;8.1;-54.8;5.37;0.59;Negativno;Ne
9257;0.3;-52.7;5.94;0.06;Negativno;Ne
9258;1.6;-49.2;9.28;0.03;Negativno;Ne
9259;1.4;-54.1;8.57;0.03;Negativno;Ne
9260;6.6;-48.0;6.59;0.27;Negativno;Ne
9261;10.7;-50.3;6.79;1.13;Negativno;Ne
9262;2.6;-77.2;3.15;0.46;Negativno;Ne
9263;3.1;-61.0;8.8;0.18;Negativno;Ne
9264;6.3;-49.2;7.68;0.31;Negativno;Ne
9265;1.4;-58.6;7.18;0.84;Negativno;Ne
9266;6.3;-65.1;4.57;0.35;Negativno;Ne
9267;9.6;-71.1;7.84;0.03;Negativno;Ne
9268;1.0;-59.9;6.32;0.91;Negativno;Ne
9269;18.8;-68.2;6.12;0.26;Negativno;Ne
9270;4.8;-64.0;6.37;0.23;Pozitivno;Ne
9271;5.6;-57.8;10.13;0.67;Negativno;Ne
9272;0.5;-68.3;6.78;0.26;Negativno;Ne
9273;6.4;-56.8;5.78;0.14;Negativno;Ne
9274;14.3;-46.7;5.19;0.35;Negativno;Ne
9275;1.0;-60.0;8.86;0.29;Negativno;Ne
9276;2.5;-65.1;8.37;0.1;Negativno;Ne
9277;3.9;-55.7;5.88;0.21;Negativno;Ne
9278;3.8;-56.8;12.79;0.35;Negativno;Ne
9279;1.7;-57.4;8.42;0.33;Negativno;Ne
9280;3.0;-74.3;6.36;0.2;Negativno;Ne
9281;0.3;-74.6;5.52;0.09;Negativno;Ne
9282;11.5;-60.4;10.92;1.77;Negativno;Ne
9283;0.8;-58.5;8.62;0.33;Negativno;Ne
9284;5.7;-70.9;7.3;0.25;Negativno;Ne
9285;18.6;-53.5;7.16;0.24;Negativno;Ne
9286;0.2;-69.4;10.35;0.47;Negativno;Ne
9287;7.7;-53.7;5.35;0.05;Negativno;Ne
9288;11.3;-61.6;5.53;0.48;Negativno;Ne
9289;5.0;-64.3;7.62;0.4;Negativno;Ne
9290;1.2;-56.2;3.04;0.6;Negativno;Ne
9291;3.4;-47.3;11.41;0.86;Negativno;Ne
9292;5.8;-67.1;8.14;0.67;Negativno;Ne
9293;0.1;-41.1;6.11;1.12;Negativno;Ne
9294;4.1;-64.8;4.64;0.14;Negativno;Ne
9295;2.5;-65.7;5.99;0.59;Negativno;Ne
9296;2.5;-60.7;9.36;0.11;Negativno;Ne
9297;4.4;-50.0;8.08;0.14;Negativno;Ne
9298;0.6;-43.5;4.41;0.52;Negativno;Ne
9299;5.5;-50.2;6.01;0.24;Negativno;Ne
9300;3.7;-39.5;7.28;0.06;Negativno;Ne
9301;3.2;-49.9;7.87;0.32;Pozitivno;Ne
9302;0.1;-42.9;11.46;0.26;Negativno;Ne
9303;0.0;-67.8;5.18;0.2;Negativno;Ne
9304;2.0;-60.7;6.92;1.56;Negativno;Ne
9305;2.9;-75.3;13.89;0.23;Negativno;Ne
9306;5.3;-67.2;5.61;0.46;Negativno;Ne
9307;3.5;-68.1;8.22;0.75;Negativno;Ne
9308;1.0;-50.2;5.4;0.91;Negativno;Ne
9309;0.6;-50.9;7.36;0.41;Negativno;Ne
9310;6.9;-82.0;4.97;0.54;Negativno;Ne
9311;0.3;-68.2;7.95;0.34;Negativno;Ne
9312;1.3;-57.1;5.79;0.67;Negativno;Ne
9313;0.5;-58.5;4.07;2.3;Negativno;Ne
9314;2.2;-72.7;6.0;1.25;Negativno;Ne
9315;3.4;-59.4;8.11;0.15;Negativno;Ne
9316;2.6;-74.8;5.2;0.01;Negativno;Ne
9317;7.4;-65.2;8.41;0.31;Negativno;Ne
9318;35.3;-39.9;7.28;0.53;Negativno;Ne
9319;3.0;-51.2;6.53;0.03;Negativno;Ne
9320;0.5;-35.6;4.32;0.43;Negativno;Ne
9321;0.0;-75.4;7.29;0.92;Negativno;Ne
9322;2.0;-65.0;5.85;0.02;Negativno;Ne
9323;2.3;-61.2;6.4;0.52;Negativno;Ne
9324;3.9;-52.3;5.3;0.28;Negativno;Ne
9325;0.8;-66.1;8.35;0.52;Negativno;Ne
9326;5.7;-49.4;7.76;0.11;Negativno;Ne
9327;5.8;-43.0;6.32;0.02;Negativno;Ne
9328;0.8;-56.3;5.4;0.28;Negativno;Ne
9329;4.3;-67.7;5.96;0.47;Negativno;Ne
9330;1.6;-62.0;7.61;0.0;Negativno;Ne
9331;20.3;-71.3;8.56;0.05;Negativno;Ne
9332;6.0;-61.5;6.54;0.01;Negativno;Ne
9333;1.5;-64.5;8.03;0.41;Negativno;Ne
9334;3.1;-45.1;7.65;0.15;Negativno;Ne
9335;3.8;-64.9;10.18;0.18;Negativno;Ne
9336;7.5;-51.5;7.29;0.74;Negativno;Ne
9337;0.9;-49.2;4.92;0.26;Negativno;Ne
9338;0.1;-51.4;10.34;0.03;Negativno;Ne
9339;0.2;-67.5;7.33;0.06;Negativno;Ne
9340;1.1;-56.0;3.56;0.08;Negativno;Ne
9341;5.9;-50.3;3.88;0.65;Negativno;Ne
9342;7.8;-58.8;4.17;0.97;Negativno;Ne
9343;2.7;-61.8;6.27;0.2;Negativno;Ne
9344;3.1;-63.4;4.69;1.3;Negativno;Ne
9345;0.8;-32.3;5.6;0.15;Negativno;Ne
9346;3.9;-62.0;5.1;0.75;Negativno;Ne
9347;5.2;-65.7;7.22;1.28;Negativno;Ne
9348;0.8;-76.3;1.7;0.02;Negativno;Ne
9349;2.8;-49.5;7.79;0.5;Negativno;Ne
9350;5.2;-50.6;10.03;0.43;Negativno;Ne
9351;6.5;-60.4;10.72;0.15;Negativno;Ne
9352;3.8;-51.3;9.3;0.53;Negativno;Ne
9353;3.0;-47.2;3.95;0.05;Negativno;Ne
9354;4.9;-66.7;5.16;0.0;Negativno;Ne
9355;0.7;-64.2;9.42;0.96;Negativno;Ne
9356;0.9;-62.2;7.55;0.56;Negativno;Ne
9357;0.3;-47.8;7.84;0.52;Negativno;Ne
9358;8.4;-55.1;7.36;0.28;Negativno;Ne
9359;5.7;-60.5;7.25;0.6;Negativno;Ne
9360;5.0;-61.2;6.21;0.12;Negativno;Ne
9361;4.9;-54.0;5.45;0.36;Negativno;Ne
9362;2.2;-54.8;6.32;0.62;Negativno;Ne
9363;6.4;-58.7;6.05;0.24;Negativno;Ne
9364;0.9;-43.9;6.46;0.71;Negativno;Ne
9365;1.8;-58.3;5.17;0.88;Negativno;Ne
9366;5.3;-55.2;6.65;0.93;Negativno;Ne
9367;6.8;-55.5;11.05;0.45;Negativno;Ne
9368;1.4;-62.3;2.85;0.65;Negativno;Ne
9369;7.8;-38.0;7.82;0.08;Negativno;Ne
9370;0.0;-57.5;7.76;0.73;Negativno;Ne
9371;2.6;-57.3;8.06;0.23;Negativno;Ne
9372;0.6;-52.7;5.64;0.08;Negativno;Ne
9373;6.3;-63.2;2.93;0.01;Negativno;Ne
9374;2.1;-64.8;4.69;0.04;Negativno;Ne
9375;3.2;-59.4;4.15;0.12;Negativno;Ne
9376;4.3;-60.0;8.01;0.52;Negativno;Ne
9377;10.4;-67.8;9.03;0.5;Negativno;Ne
9378;0.5;-62.8;5.53;0.59;Negativno;Ne
9379;5.0;-66.3;5.17;0.57;Negativno;Ne
9380;0.2;-53.8;7.67;1.56;Negativno;Ne
9381;3.3;-53.0;6.23;1.33;Negativno;Ne
9382;2.0;-63.8;9.37;0.04;Negativno;Ne
9383;8.1;-65.4;9.09;0.08;Negativno;Ne
9384;13.4;-59.3;2.19;0.11;Negativno;Ne
9385;6.4;-47.1;7.49;0.85;Negativno;Ne
9386;3.0;-36.8;5.04;0.01;Negativno;Ne
9387;1.9;-74.5;6.27;0.04;Negativno;Ne
9388;1.4;-50.7;8.88;0.93;Negativno;Ne
9389;12.2;-51.5;11.29;0.5;Negativno;Ne
9390;8.3;-64.8;7.38;1.18;Negativno;Ne
9391;31.3;-34.1;7.7;0.48;Negativno;Ne
9392;5.0;-59.1;8.3;0.48;Negativno;Ne
9393;19.9;-36.3;9.06;0.98;Negativno;Ne
9394;1.7;-72.0;4.43;0.19;Negativno;Ne
9395;1.4;-54.9;7.29;0.26;Negativno;Ne
9396;3.6;-44.8;4.94;0.21;Negativno;Ne
9397;9.2;-60.9;8.49;0.64;Negativno;Ne
9398;0.3;-44.1;7.82;0.31;Negativno;Ne
9399;4.7;-68.2;7.67;2.15;Negativno;Ne
9400;2.7;-85.3;5.76;1.89;Negativno;Ne
9401;5.4;-65.8;5.42;0.58;Negativno;Ne
9402;0.5;-65.5;7.64;0.58;Negativno;Ne
9403;12.0;-70.4;5.97;0.58;Negativno;Ne
9404;0.2;-59.4;9.62;0.04;Negativno;Ne
9405;9.2;-53.2;9.89;0.35;Negativno;Ne
9406;6.3;-52.6;5.56;0.13;Negativno;Ne
9407;1.0;-55.3;5.55;1.95;Negativno;Ne
9408;1.9;-76.3;4.54;0.31;Negativno;Ne
9409;1.3;-67.5;9.17;0.64;Negativno;Ne
9410;0.5;-75.8;8.45;0.79;Negativno;Ne
9411;6.9;-60.3;8.27;2.17;Negativno;Ne
9412;4.8;-46.0;6.68;0.02;Negativno;Ne
9413;2.8;-52.6;7.51;0.92;Negativno;Ne
9414;5.2;-50.7;8.24;0.82;Negativno;Ne
9415;3.7;-39.0;5.5;1.58;Negativno;Ne
9416;20.0;-47.6;5.56;0.11;Negativno;Ne
9417;0.1;-64.5;7.63;1.88;Negativno;Ne
9418;0.1;-73.0;5.92;0.05;Negativno;Ne
9419;6.3;-51.4;4.07;0.62;Negativno;Ne
9420;0.8;-38.7;8.83;0.07;Negativno;Ne
9421;13.7;-60.6;7.87;0.17;Negativno;Ne
9422;7.3;-64.8;9.13;0.04;Negativno;Ne
9423;5.3;-59.2;4.96;0.8;Negativno;Ne
9424;4.6;-58.2;5.71;0.02;Negativno;Ne
9425;3.9;-79.1;7.81;1.02;Negativno;Ne
9426;3.9;-76.4;7.55;0.37;Negativno;Ne
9427;8.9;-52.6;7.02;0.45;Negativno;Ne
9428;2.2;-75.4;7.82;0.18;Negativno;Ne
9429;4.4;-65.7;8.15;0.14;Negativno;Ne
9430;0.1;-56.8;6.65;0.38;Negativno;Ne
9431;4.3;-51.7;6.9;0.14;Negativno;Ne
9432;6.8;-45.4;6.58;0.29;Negativno;Ne
9433;9.2;-69.2;9.75;0.12;Negativno;Ne
9434;21.5;-45.3;4.5;0.91;Negativno;Ne
9435;1.3;-74.6;3.26;0.53;Negativno;Ne
9436;6.1;-64.9;7.83;0.65;Negativno;Ne
9437;1.0;-51.8;10.3;0.11;Negativno;Ne
9438;6.8;-53.0;7.07;0.26;Negativno;Ne
9439;4.1;-59.8;8.35;0.68;Negativno;Ne
9440;5.0;-64.7;7.98;0.55;Negativno;Ne
9441;4.3;-60.6;6.49;0.45;Negativno;Ne
9442;0.0;-46.1;6.96;0.09;Negativno;Ne
9443;4.5;-75.6;5.4;0.66;Negativno;Ne
9444;3.1;-54.5;5.23;0.61;Negativno;Ne
9445;9.7;-79.8;6.48;0.63;Negativno;Ne
9446;2.9;-54.8;6.88;1.09;Negativno;Ne
9447;1.3;-55.2;3.59;0.19;Negativno;Ne
9448;12.9;-53.6;7.69;1.27;Negativno;Ne
9449;7.8;-48.6;3.17;0.83;Negativno;Ne
9450;4.2;-72.0;7.3;2.03;Negativno;Ne
9451;4.0;-66.2;7.41;0.2;Negativno;Ne
9452;19.9;-61.6;9.05;0.44;Negativno;Ne
9453;1.6;-61.1;5.3;0.37;Negativno;Ne
9454;24.4;-60.2;3.03;0.09;Negativno;Ne
9455;9.5;-45.3;5.49;1.22;Negativno;Ne
9456;7.2;-51.5;5.2;0.56;Negativno;Ne
9457;2.4;-52.6;7.95;0.25;Negativno;Ne
9458;10.2;-60.2;7.52;0.17;Negativno;Ne
9459;11.6;-53.7;8.39;2.05;Negativno;Ne
9460;1.3;-49.4;5.99;0.43;Negativno;Ne
9461;1.2;-64.5;9.78;0.2;Negativno;Ne
9462;0.8;-59.2;7.94;0.38;Negativno;Ne
9463;0.2;-68.8;7.44;0.06;Negativno;Ne
9464;6.1;-58.7;11.25;0.07;Negativno;Ne
9465;3.7;-61.8;8.21;3.94;Negativno;Ne
9466;6.4;-67.6;7.16;0.76;Negativno;Ne
9467;2.1;-46.4;6.12;0.07;Negativno;Ne
9468;6.5;-62.0;4.95;0.51;Negativno;Ne
9469;8.5;-43.9;2.6;1.77;Negativno;Ne
9470;1.7;-68.0;7.79;0.66;Negativno;Ne
9471;0.4;-52.0;5.86;0.26;Negativno;Ne
9472;12.4;-67.1;7.8;1.0;Negativno;Ne
9473;11.5;-51.2;6.04;0.46;Negativno;Ne
9474;5.0;-75.7;6.83;0.21;Negativno;Ne
9475;11.2;-76.1;5.02;0.16;Negativno;Ne
9476;9.2;-68.9;6.98;0.23;Negativno;Ne
9477;0.4;-81.8;6.15;0.22;Negativno;Ne
9478;8.9;-48.5;7.33;0.77;Negativno;Ne
9479;2.9;-65.0;7.87;0.46;Negativno;Ne
9480;5.3;-58.8;5.93;0.78;Negativno;Ne
9481;15.4;-69.6;7.85;0.36;Negativno;Ne
9482;1.2;-61.5;7.93;1.31;Negativno;Ne
9483;7.2;-79.4;5.23;0.88;Negativno;Ne
9484;1.9;-60.2;6.41;0.19;Negativno;Ne
9485;5.1;-56.4;6.91;0.52;Negativno;Ne
9486;7.7;-60.7;2.92;0.26;Negativno;Ne
9487;7.8;-53.0;5.99;1.25;Negativno;Ne
9488;11.5;-67.8;6.07;0.13;Negativno;Ne
9489;8.1;-63.2;8.1;0.43;Negativno;Ne
9490;18.8;-54.8;6.59;0.38;Negativno;Ne
9491;16.0;-49.1;7.21;0.16;Negativno;Ne
9492;1.0;-66.9;5.65;0.48;Negativno;Ne
9493;20.1;-63.2;3.15;0.7;Negativno;Ne
9494;5.8;-62.2;4.62;0.47;Negativno;Ne
9495;10.6;-62.6;6.71;0.18;Negativno;Ne
9496;3.7;-69.4;4.51;0.12;Negativno;Ne
9497;0.5;-55.7;7.07;0.23;Negativno;Ne
9498;3.1;-70.0;6.74;0.01;Negativno;Ne
9499;14.1;-66.7;2.76;0.32;Negativno;Ne
9500;0.0;-56.3;4.82;0.13;Negativno;Ne
9501;0.8;-46.2;4.6;0.86;Negativno;Ne
9502;0.4;-58.3;9.67;0.87;Negativno;Ne
9503;2.0;-60.3;5.71;1.23;Negativno;Ne
9504;2.8;-50.8;7.96;0.14;Negativno;Ne
9505;3.8;-64.3;10.32;0.24;Negativno;Ne
9506;3.3;-59.9;9.24;0.94;Negativno;Ne
9507;33.3;-37.2;8.05;0.63;Negativno;Ne
9508;5.6;-60.5;7.8;0.54;Negativno;Ne
9509;10.6;-74.2;8.63;0.03;Negativno;Ne
9510;3.9;-50.7;5.52;1.93;Negativno;Ne
9511;2.2;-67.9;8.3;0.34;Negativno;Ne
9512;22.0;-64.5;5.38;0.49;Negativno;Ne
9513;1.3;-66.6;6.19;0.25;Negativno;Ne
9514;0.3;-44.8;7.29;2.98;Negativno;Ne
9515;4.4;-60.4;4.69;0.39;Negativno;Ne
9516;0.8;-65.3;7.79;0.36;Negativno;Ne
9517;23.9;-55.5;5.98;2.18;Negativno;Ne
9518;4.0;-61.6;5.82;0.64;Negativno;Ne
9519;0.6;-59.5;5.53;0.75;Negativno;Ne
9520;0.6;-62.8;4.61;0.86;Negativno;Ne
9521;12.9;-67.6;5.06;0.15;Negativno;Ne
9522;8.1;-69.4;10.7;0.3;Negativno;Ne
9523;0.4;-56.1;8.46;0.27;Negativno;Ne
9524;8.0;-71.3;5.22;0.17;Negativno;Ne
9525;4.4;-62.3;7.85;0.33;Negativno;Ne
9526;0.3;-44.3;8.02;0.68;Negativno;Ne
9527;2.5;-67.3;3.97;0.35;Negativno;Ne
9528;0.4;-68.0;8.93;0.29;Negativno;Ne
9529;0.5;-68.3;6.76;0.72;Negativno;Ne
9530;12.0;-65.5;11.06;0.2;Negativno;Ne
9531;0.6;-59.1;9.48;1.0;Negativno;Ne
9532;7.1;-48.9;3.55;0.5;Negativno;Ne
9533;1.8;-81.7;3.43;0.83;Negativno;Ne
9534;9.8;-78.4;7.33;0.09;Negativno;Ne
9535;0.2;-67.8;5.43;0.26;Negativno;Ne
9536;4.4;-64.5;6.43;0.51;Negativno;Ne
9537;4.6;-49.8;2.0;0.05;Negativno;Ne
9538;2.9;-81.3;7.23;0.37;Negativno;Ne
9539;1.2;-76.3;7.54;0.55;Negativno;Ne
9540;0.1;-69.0;5.14;0.85;Negativno;Ne
9541;0.5;-67.6;10.7;1.37;Negativno;Ne
9542;14.3;-52.3;7.44;0.77;Negativno;Ne
9543;0.3;-53.0;6.57;0.88;Negativno;Ne
9544;1.0;-48.4;3.95;0.22;Negativno;Ne
9545;5.6;-51.6;7.77;0.03;Negativno;Ne
9546;1.0;-45.8;5.63;0.06;Negativno;Ne
9547;0.6;-57.6;8.79;0.16;Negativno;Ne
9548;1.8;-64.3;9.97;0.53;Negativno;Ne
9549;0.6;-55.1;7.29;0.06;Negativno;Ne
9550;3.4;-70.3;7.73;0.07;Negativno;Ne
9551;9.1;-55.5;7.28;1.08;Negativno;Ne
9552;4.1;-72.2;12.49;0.98;Negativno;Ne
9553;11.6;-44.9;9.15;1.69;Negativno;Ne
9554;0.4;-77.9;4.18;0.3;Negativno;Ne
9555;1.9;-59.0;6.59;0.2;Negativno;Ne
9556;2.1;-62.4;6.95;0.34;Negativno;Ne
9557;7.8;-63.8;4.09;1.54;Negativno;Ne
9558;1.3;-53.6;9.01;0.24;Negativno;Ne
9559;0.1;-60.8;10.56;0.76;Negativno;Ne
9560;1.1;-46.2;6.25;0.08;Negativno;Ne
9561;3.5;-56.0;6.6;0.37;Negativno;Ne
9562;0.6;-60.7;4.34;0.45;Negativno;Ne
9563;0.5;-68.8;6.0;0.17;Negativno;Ne
9564;0.2;-62.7;4.29;1.61;Negativno;Ne
9565;4.8;-50.3;4.87;0.09;Negativno;Ne
9566;0.6;-67.3;7.57;0.79;Negativno;Ne
9567;3.2;-62.6;7.48;0.23;Negativno;Ne
9568;1.2;-63.7;8.63;0.35;Negativno;Ne
9569;2.6;-77.0;4.86;0.02;Negativno;Ne
9570;7.7;-66.1;5.36;0.37;Negativno;Ne
9571;1.8;-65.8;6.58;0.09;Negativno;Ne
9572;0.3;-61.3;7.67;0.97;Negativno;Ne
9573;11.6;-61.7;5.27;0.29;Negativno;Ne
9574;5.4;-61.3;9.11;0.41;Negativno;Ne
9575;3.4;-59.5;6.77;0.13;Negativno;Ne
9576;9.8;-63.2;9.19;1.24;Negativno;Ne
9577;4.3;-69.0;5.61;1.76;Negativno;Ne
9578;1.2;-72.9;8.15;0.23;Negativno;Ne
9579;5.5;-60.8;5.1;0.65;Negativno;Ne
9580;7.5;-51.1;10.79;0.31;Negativno;Ne
9581;13.8;-60.9;5.7;0.57;Negativno;Ne
9582;4.7;-65.7;5.2;0.37;Negativno;Ne
9583;6.3;-48.9;6.63;0.83;Negativno;Ne
9584;1.3;-81.4;8.8;0.75;Negativno;Ne
9585;2.3;-56.5;3.84;0.13;Negativno;Ne
9586;0.7;-68.2;7.96;0.15;Negativno;Ne
9587;1.2;-76.0;4.36;1.01;Negativno;Ne
9588;7.4;-62.6;6.01;0.46;Negativno;Ne
9589;2.4;-60.7;6.56;0.65;Negativno;Ne
9590;9.0;-57.4;3.43;1.24;Negativno;Ne
9591;1.6;-51.2;5.51;0.18;Negativno;Ne
9592;4.9;-52.9;7.08;0.45;Negativno;Ne
9593;3.0;-70.6;9.44;0.44;Negativno;Ne
9594;0.7;-41.7;6.66;0.2;Negativno;Ne
9595;1.4;-51.9;11.01;0.42;Negativno;Ne
9596;0.5;-61.5;5.44;0.68;Negativno;Ne
9597;1.4;-54.0;5.56;0.19;Negativno;Ne
9598;0.6;-38.5;7.66;0.2;Negativno;Ne
9599;11.5;-74.5;5.91;0.54;Negativno;Ne
9600;0.4;-56.2;6.76;0.25;Negativno;Ne
9601;5.7;-71.9;10.09;0.15;Negativno;Ne
9602;0.5;-49.0;6.65;0.03;Pozitivno;Ne
9603;2.6;-57.5;10.04;0.66;Negativno;Ne
9604;2.9;-62.6;3.59;0.2;Negativno;Ne
9605;0.5;-53.2;8.26;1.17;Negativno;Ne
9606;3.8;-72.1;10.61;0.27;Negativno;Ne
9607;5.3;-68.1;7.02;0.71;Negativno;Ne
9608;1.2;-52.2;6.76;0.99;Negativno;Ne
9609;7.0;-59.5;6.91;0.62;Negativno;Ne
9610;19.0;-53.7;8.05;1.08;Negativno;Ne
9611;2.9;-64.5;9.28;1.11;Negativno;Ne
9612;0.3;-87.5;7.46;0.59;Negativno;Ne
9613;1.5;-51.1;5.3;0.74;Negativno;Ne
9614;0.1;-67.6;8.14;0.28;Negativno;Ne
9615;0.7;-63.0;8.39;0.48;Negativno;Ne
9616;1.9;-75.6;6.57;0.01;Negativno;Ne
9617;5.6;-80.2;6.3;0.62;Pozitivno;Ne
9618;4.5;-45.7;7.94;0.68;Negativno;Ne
9619;0.9;-47.7;10.15;0.24;Negativno;Ne
9620;8.9;-62.9;7.31;0.05;Negativno;Ne
9621;4.0;-54.9;8.43;0.18;Negativno;Ne
9622;3.8;-58.2;3.45;0.12;Negativno;Ne
9623;1.2;-58.5;8.52;0.38;Negativno;Ne
9624;1.2;-52.1;7.56;0.3;Negativno;Ne
9625;1.2;-72.8;3.54;0.39;Negativno;Ne
9626;8.4;-48.7;11.14;0.04;Negativno;Ne
9627;4.2;-58.2;7.77;0.45;Negativno;Ne
9628;2.1;-36.3;7.61;0.08;Negativno;Ne
9629;0.3;-55.0;6.33;0.51;Negativno;Ne
9630;2.3;-64.8;13.8;0.62;Negativno;Ne
9631;2.8;-72.9;5.57;0.03;Negativno;Ne
9632;0.4;-77.1;3.35;0.73;Negativno;Ne
9633;5.6;-63.4;5.51;0.6;Negativno;Ne
9634;0.5;-53.7;5.63;0.97;Negativno;Ne
9635;7.2;-58.2;5.54;0.49;Negativno;Ne
9636;14.4;-52.2;6.42;0.7;Negativno;Ne
9637;0.2;-71.2;6.75;0.5;Negativno;Ne
9638;5.0;-67.4;7.08;0.46;Negativno;Ne
9639;2.8;-64.0;4.85;0.13;Negativno;Ne
9640;15.4;-63.3;1.57;3.42;Negativno;Ne
9641;10.1;-72.9;8.03;0.87;Negativno;Ne
9642;8.2;-75.2;4.64;0.26;Negativno;Ne
9643;5.0;-46.8;7.12;0.61;Negativno;Ne
9644;1.0;-53.2;3.71;1.13;Negativno;Ne
9645;7.0;-63.7;6.25;0.1;Negativno;Ne
9646;0.4;-71.1;5.62;0.74;Negativno;Ne
9647;6.5;-54.2;9.45;1.03;Negativno;Ne
9648;2.1;-67.2;5.52;0.51;Negativno;Ne
9649;1.0;-70.3;7.11;0.57;Negativno;Ne
9650;0.8;-60.6;7.68;0.19;Negativno;Ne
9651;0.6;-57.7;6.26;0.53;Negativno;Ne
9652;2.2;-50.6;6.36;0.12;Negativno;Ne
9653;0.7;-60.6;8.08;0.79;Negativno;Ne
9654;4.5;-63.1;6.94;0.73;Negativno;Ne
9655;3.3;-74.5;9.41;0.23;Negativno;Ne
9656;1.4;-67.3;0.64;0.06;Negativno;Ne
9657;5.1;-56.7;11.02;1.09;Negativno;Ne
9658;0.0;-59.1;8.25;0.14;Negativno;Ne
9659;5.5;-53.3;3.09;0.47;Negativno;Ne
9660;2.7;-66.1;7.04;0.12;Negativno;Ne
9661;1.4;-47.0;6.05;0.25;Negativno;Ne
9662;6.2;-61.9;7.61;0.03;Negativno;Ne
9663;0.1;-78.8;6.44;0.17;Negativno;Ne
9664;0.7;-80.1;9.02;0.43;Negativno;Ne
9665;7.3;-59.5;3.2;0.1;Negativno;Ne
9666;2.3;-66.6;6.78;1.43;Negativno;Ne
9667;2.7;-56.5;6.41;0.96;Negativno;Ne
9668;8.6;-57.5;3.25;0.22;Pozitivno;Ne
9669;3.0;-58.4;9.77;0.47;Negativno;Ne
9670;12.1;-73.1;7.31;0.43;Negativno;Ne
9671;6.5;-61.2;7.71;0.25;Negativno;Ne
9672;3.6;-54.9;8.45;0.31;Negativno;Ne
9673;26.2;-63.7;8.46;0.04;Negativno;Ne
9674;3.0;-62.9;5.22;0.09;Negativno;Ne
9675;7.1;-53.5;8.09;0.62;Negativno;Ne
9676;10.7;-58.9;8.98;2.68;Negativno;Ne
9677;7.1;-59.3;7.36;0.79;Negativno;Ne
9678;3.3;-62.3;3.96;1.36;Negativno;Ne
9679;11.5;-74.1;6.16;0.42;Negativno;Ne
9680;2.6;-62.7;7.96;0.09;Negativno;Ne
9681;4.0;-58.0;5.5;0.49;Negativno;Ne
9682;2.8;-63.0;8.23;0.88;Negativno;Ne
9683;14.2;-63.2;4.01;1.26;Negativno;Ne
9684;3.5;-46.7;7.46;0.64;Negativno;Ne
9685;8.5;-77.0;7.94;0.33;Negativno;Ne
9686;11.2;-74.7;7.58;0.08;Negativno;Ne
9687;0.1;-83.6;4.68;0.01;Negativno;Ne
9688;8.3;-56.9;9.93;0.36;Negativno;Ne
9689;2.2;-37.7;8.34;0.6;Negativno;Ne
9690;5.6;-45.3;8.58;0.18;Negativno;Ne
9691;1.8;-47.0;4.52;0.18;Negativno;Ne
9692;1.8;-63.7;3.3;0.68;Negativno;Ne
9693;0.2;-62.3;6.48;0.49;Negativno;Ne
9694;5.8;-75.8;9.47;0.7;Negativno;Ne
9695;3.7;-69.0;7.25;1.57;Negativno;Ne
9696;6.6;-58.5;8.84;1.64;Negativno;Ne
9697;8.8;-58.2;6.7;1.52;Negativno;Ne
9698;2.3;-62.3;3.75;0.43;Negativno;Ne
9699;9.3;-46.1;9.16;0.36;Negativno;Ne
9700;5.7;-62.4;9.05;0.43;Negativno;Ne
9701;3.8;-61.3;7.96;1.52;Negativno;Ne
9702;0.9;-57.6;7.05;0.3;Negativno;Ne
9703;1.6;-70.8;6.97;0.4;Negativno;Ne
9704;3.6;-58.4;6.29;0.35;Negativno;Ne
9705;12.4;-62.5;4.64;0.08;Negativno;Ne
9706;3.9;-66.4;5.65;0.94;Negativno;Ne
9707;8.7;-65.1;6.92;0.52;Negativno;Ne
9708;5.7;-53.7;8.35;0.17;Negativno;Ne
9709;0.1;-64.6;8.7;0.32;Negativno;Ne
9710;10.9;-61.5;5.05;0.72;Negativno;Ne
9711;10.4;-71.9;10.32;0.12;Negativno;Ne
9712;0.6;-52.6;3.85;1.62;Negativno;Ne
9713;31.8;-40.0;6.26;0.09;Negativno;Ne
9714;0.7;-47.0;5.45;0.06;Negativno;Ne
9715;11.2;-63.2;5.25;0.86;Negativno;Ne
9716;1.6;-49.5;6.18;1.85;Negativno;Ne
9717;16.4;-53.9;5.28;0.25;Negativno;Ne
9718;5.5;-64.5;4.47;0.85;Negativno;Ne
9719;10.8;-63.8;5.72;0.08;Negativno;Ne
9720;2.6;-32.0;7.86;0.39;Negativno;Ne
9721;7.8;-73.0;3.32;0.11;Negativno;Ne
9722;1.4;-60.1;6.13;0.19;Negativno;Ne
9723;0.7;-54.4;9.05;0.61;Negativno;Ne
9724;11.8;-74.4;5.13;0.72;Negativno;Ne
9725;5.7;-68.1;9.26;0.75;Negativno;Ne
9726;5.7;-66.4;8.06;0.06;Negativno;Ne
9727;23.3;-57.8;7.86;1.09;Negativno;Ne
9728;17.1;-67.2;6.54;0.01;Negativno;Ne
9729;5.8;-59.7;5.88;0.35;Negativno;Ne
9730;0.2;-58.8;9.38;0.21;Negativno;Ne
9731;4.2;-60.7;8.1;0.3;Negativno;Ne
9732;6.4;-54.4;6.82;0.21;Negativno;Ne
9733;0.1;-54.0;6.57;0.36;Negativno;Ne
9734;2.5;-53.2;8.0;0.77;Negativno;Ne
9735;2.1;-65.0;9.37;0.08;Negativno;Ne
9736;2.6;-56.3;5.56;0.36;Negativno;Ne
9737;7.3;-51.4;7.66;0.14;Negativno;Ne
9738;8.8;-62.5;8.93;0.44;Negativno;Ne
9739;1.3;-64.3;6.37;0.17;Negativno;Ne
9740;0.8;-54.1;4.67;0.21;Negativno;Ne
9741;8.6;-48.8;8.76;0.07;Negativno;Ne
9742;4.1;-60.8;5.64;0.17;Negativno;Ne
9743;15.8;-50.9;7.92;2.17;Negativno;Ne
9744;0.1;-58.9;9.52;0.5;Negativno;Ne
9745;0.5;-69.7;3.11;0.18;Negativno;Ne
9746;1.4;-75.3;8.44;0.01;Negativno;Ne
9747;7.1;-54.4;7.76;0.71;Negativno;Ne
9748;7.9;-33.0;6.77;0.06;Negativno;Ne
9749;0.6;-59.8;7.95;1.14;Negativno;Ne
9750;3.3;-87.4;11.36;0.1;Negativno;Ne
9751;0.8;-66.6;9.13;0.18;Negativno;Ne
9752;4.3;-67.8;4.81;0.15;Negativno;Ne
9753;8.6;-64.5;8.12;0.29;Negativno;Ne
9754;1.8;-66.3;4.72;0.5;Negativno;Ne
9755;4.8;-44.1;7.28;0.47;Negativno;Ne
9756;7.3;-53.4;7.22;1.18;Negativno;Ne
9757;0.6;-71.7;11.91;0.02;Negativno;Ne
9758;3.0;-85.7;8.24;0.62;Negativno;Ne
9759;0.5;-64.9;5.88;1.15;Negativno;Ne
9760;1.0;-67.7;4.62;0.08;Negativno;Ne
9761;7.9;-53.6;7.47;1.05;Negativno;Ne
9762;6.0;-73.6;7.3;0.11;Negativno;Ne
9763;7.2;-61.4;8.93;0.26;Negativno;Ne
9764;3.0;-61.2;7.66;0.53;Negativno;Ne
9765;16.8;-55.0;6.91;0.24;Negativno;Ne
9766;0.8;-62.1;8.7;0.35;Negativno;Ne
9767;21.1;-67.1;7.82;0.29;Negativno;Ne
9768;8.2;-52.9;6.22;0.13;Negativno;Ne
9769;1.5;-64.5;4.84;1.9;Negativno;Ne
9770;0.1;-58.4;6.72;0.38;Negativno;Ne
9771;1.1;-62.5;3.08;0.79;Negativno;Ne
9772;11.7;-58.0;6.37;0.66;Negativno;Ne
9773;0.8;-58.0;4.95;0.38;Negativno;Ne
9774;0.8;-58.8;8.09;1.02;Negativno;Ne
9775;3.6;-65.1;10.8;0.0;Negativno;Ne
9776;11.6;-48.6;8.26;0.05;Negativno;Ne
9777;26.7;-50.7;4.34;0.65;Negativno;Ne
9778;12.9;-46.6;5.68;0.16;Negativno;Ne
9779;2.0;-52.0;3.7;0.33;Negativno;Ne
9780;1.7;-89.1;6.34;0.36;Negativno;Ne
9781;2.1;-72.2;7.0;0.51;Negativno;Ne
9782;1.9;-58.7;4.02;0.46;Negativno;Ne
9783;1.2;-56.9;7.36;1.92;Negativno;Ne
9784;1.4;-57.9;8.51;0.57;Negativno;Ne
9785;2.7;-48.6;4.26;0.43;Negativno;Ne
9786;3.0;-48.8;7.52;0.16;Negativno;Ne
9787;12.1;-59.6;4.26;0.16;Negativno;Ne
9788;13.3;-61.2;8.03;0.27;Negativno;Ne
9789;1.0;-57.8;6.72;0.83;Negativno;Ne
9790;2.5;-81.3;5.35;0.11;Negativno;Ne
9791;8.4;-54.5;8.17;0.08;Negativno;Ne
9792;7.5;-67.4;8.06;2.49;Negativno;Ne
9793;3.1;-58.3;8.52;0.17;Negativno;Ne
9794;1.9;-42.6;6.58;0.57;Negativno;Ne
9795;2.8;-62.2;3.65;0.71;Negativno;Ne
9796;0.8;-61.1;3.88;0.04;Pozitivno;Ne
9797;7.6;-63.9;5.83;1.57;Negativno;Ne
9798;0.4;-46.3;7.3;1.41;Negativno;Ne
9799;1.2;-53.6;5.3;0.75;Negativno;Ne
9800;2.6;-55.6;10.91;0.11;Negativno;Ne
9801;17.2;-58.5;6.42;0.59;Negativno;Ne
9802;1.1;-67.5;8.55;0.57;Negativno;Ne
9803;2.1;-73.3;5.45;0.06;Negativno;Ne
9804;1.9;-58.8;6.96;0.17;Negativno;Ne
9805;0.7;-61.3;6.44;0.39;Negativno;Ne
9806;1.0;-51.4;3.91;0.02;Negativno;Ne
9807;3.8;-47.6;4.74;0.19;Negativno;Ne
9808;3.5;-57.6;8.97;0.72;Negativno;Ne
9809;0.1;-81.7;10.2;0.45;Negativno;Ne
9810;6.9;-55.5;6.77;0.41;Negativno;Ne
9811;4.5;-65.9;3.95;0.25;Negativno;Ne
9812;0.2;-72.2;7.81;0.31;Negativno;Ne
9813;0.9;-56.3;7.32;0.17;Negativno;Ne
9814;5.3;-39.0;7.73;0.17;Negativno;Ne
9815;10.9;-51.6;8.19;0.6;Negativno;Ne
9816;6.9;-50.9;5.03;0.12;Negativno;Ne
9817;2.7;-64.4;4.63;0.87;Negativno;Ne
9818;5.5;-54.7;3.86;0.18;Negativno;Ne
9819;5.2;-53.9;6.23;0.81;Negativno;Ne
9820;3.0;-39.4;8.85;0.13;Negativno;Ne
9821;1.7;-63.0;5.61;0.07;Negativno;Ne
9822;3.3;-64.4;5.74;0.02;Negativno;Ne
9823;4.2;-62.7;8.07;0.72;Negativno;Ne
9824;4.3;-65.7;6.9;0.8;Negativno;Ne
9825;4.8;-58.5;9.08;1.18;Negativno;Ne
9826;3.7;-66.5;9.67;0.16;Negativno;Ne
9827;2.0;-46.2;6.18;0.14;Negativno;Ne
9828;3.6;-55.7;8.63;0.04;Negativno;Ne
9829;10.0;-49.6;6.79;0.24;Negativno;Ne
9830;9.7;-64.6;9.98;0.21;Negativno;Ne
9831;7.5;-57.2;8.03;0.39;Negativno;Ne
9832;2.4;-46.5;7.22;0.03;Negativno;Ne
9833;0.4;-62.1;8.42;0.28;Negativno;Ne
9834;4.7;-66.1;7.83;0.92;Negativno;Ne
9835;1.3;-40.1;6.27;0.36;Negativno;Ne
9836;1.3;-63.7;5.68;0.14;Negativno;Ne
9837;8.6;-66.7;8.14;0.02;Negativno;Ne
9838;5.8;-74.6;8.13;0.66;Negativno;Ne
9839;1.4;-68.5;5.04;0.62;Negativno;Ne
9840;3.1;-63.0;9.23;0.05;Negativno;Ne
9841;11.6;-44.9;7.0;0.45;Negativno;Ne
9842;3.0;-45.8;5.14;0.4;Negativno;Ne
9843;3.3;-63.3;8.67;1.18;Negativno;Ne
9844;0.6;-72.9;9.74;0.1;Negativno;Ne
9845;5.8;-65.1;9.62;0.05;Negativno;Ne
9846;2.5;-66.8;7.27;0.45;Negativno;Ne
9847;2.1;-46.1;7.81;0.01;Negativno;Ne
9848;0.2;-62.1;11.87;0.05;Negativno;Ne
9849;12.1;-88.2;5.73;0.12;Negativno;Ne
9850;0.9;-72.4;6.32;0.32;Negativno;Ne
9851;0.1;-54.2;8.74;0.24;Negativno;Ne
9852;3.2;-59.3;6.39;1.58;Negativno;Ne
9853;23.7;-46.5;8.26;1.35;Pozitivno;Ne
9854;3.6;-78.9;7.12;0.07;Negativno;Ne
9855;3.8;-69.9;8.79;0.49;Negativno;Ne
9856;9.7;-84.5;5.83;0.21;Negativno;Ne
9857;4.3;-71.7;8.75;0.09;Negativno;Ne
9858;4.4;-67.9;5.55;2.32;Negativno;Ne
9859;4.3;-66.6;8.91;0.27;Negativno;Ne
9860;3.1;-43.0;6.69;0.02;Negativno;Ne
9861;2.3;-56.2;8.13;0.36;Negativno;Ne
9862;0.3;-55.1;8.14;0.22;Negativno;Ne
9863;1.8;-70.6;5.61;0.07;Negativno;Ne
9864;2.1;-81.9;6.17;0.54;Negativno;Ne
9865;9.5;-66.5;7.49;0.47;Negativno;Ne
9866;0.8;-74.2;8.86;0.21;Negativno;Ne
9867;0.2;-68.3;7.07;1.02;Negativno;Ne
9868;2.7;-69.3;5.86;0.03;Negativno;Ne
9869;0.9;-56.0;5.18;0.87;Negativno;Ne
9870;15.7;-63.0;5.33;1.52;Negativno;Ne
9871;12.3;-59.4;1.64;0.03;Negativno;Ne
9872;34.4;-70.7;6.47;0.88;Negativno;Ne
9873;9.5;-40.6;8.76;0.22;Negativno;Ne
9874;5.1;-65.0;9.57;0.37;Negativno;Ne
9875;5.9;-64.3;9.77;0.06;Negativno;Ne
9876;2.6;-70.9;8.55;0.1;Negativno;Ne
9877;1.6;-29.8;9.04;0.08;Negativno;Ne
9878;2.3;-69.5;8.61;0.44;Negativno;Ne
9879;0.7;-66.8;7.66;0.36;Negativno;Ne
9880;6.3;-59.6;6.98;0.54;Negativno;Ne
9881;1.0;-60.9;6.43;1.08;Negativno;Ne
9882;2.2;-54.1;1.67;0.36;Negativno;Ne
9883;1.4;-65.0;7.15;0.54;Negativno;Ne
9884;4.1;-61.2;7.04;0.76;Negativno;Ne
9885;7.0;-61.9;4.37;0.75;Negativno;Ne
9886;4.1;-75.1;9.33;0.31;Negativno;Ne
9887;6.1;-38.6;8.86;0.13;Negativno;Ne
9888;12.9;-62.4;8.02;0.0;Negativno;Ne
9889;0.4;-52.5;7.04;0.7;Negativno;Ne
9890;1.4;-62.8;8.8;0.29;Negativno;Ne
9891;2.1;-53.9;8.19;0.47;Negativno;Ne
9892;4.3;-55.3;6.41;0.22;Negativno;Ne
9893;3.3;-77.5;3.45;0.19;Negativno;Ne
9894;3.8;-66.9;2.98;1.56;Negativno;Ne
9895;3.1;-69.6;10.42;0.09;Negativno;Ne
9896;6.4;-63.7;7.4;0.47;Negativno;Ne
9897;0.0;-62.6;7.2;1.07;Negativno;Ne
9898;3.6;-56.8;5.08;0.93;Negativno;Ne
9899;1.4;-68.8;7.62;0.29;Negativno;Ne
9900;2.7;-67.3;6.46;0.67;Negativno;Ne
9901;1.5;-50.4;7.64;2.24;Negativno;Ne
9902;2.4;-69.8;12.43;1.72;Negativno;Ne
9903;28.0;-68.7;9.55;1.57;Negativno;Ne
9904;26.3;-59.7;6.41;1.08;Negativno;Ne
9905;3.1;-64.0;4.02;0.26;Negativno;Ne
9906;14.4;-56.4;6.52;1.63;Negativno;Ne
9907;13.8;-48.8;8.31;0.16;Negativno;Ne
9908;0.1;-41.2;5.72;0.1;Negativno;Ne
9909;9.2;-71.6;8.32;0.09;Negativno;Ne
9910;1.6;-56.6;5.75;0.39;Negativno;Ne
9911;0.2;-60.4;6.96;0.74;Negativno;Ne
9912;0.4;-64.4;9.86;0.09;Negativno;Ne
9913;7.8;-69.1;6.1;0.05;Negativno;Ne
9914;2.9;-65.9;8.59;0.13;Negativno;Ne
9915;0.4;-79.9;7.9;0.42;Negativno;Ne
9916;2.6;-35.8;6.27;0.26;Negativno;Ne
9917;4.1;-59.1;9.32;0.2;Negativno;Ne
9918;1.9;-61.3;8.4;0.19;Negativno;Ne
9919;0.2;-78.7;9.2;0.6;Negativno;Ne
9920;1.6;-64.3;7.8;0.22;Negativno;Ne
9921;2.5;-64.4;10.4;0.22;Negativno;Ne
9922;0.6;-68.0;7.99;0.06;Negativno;Ne
9923;5.3;-58.5;8.71;0.54;Negativno;Ne
9924;1.4;-54.4;7.18;0.44;Negativno;Ne
9925;9.0;-59.2;4.1;0.11;Negativno;Ne
9926;3.3;-61.7;12.99;0.29;Negativno;Ne
9927;1.9;-64.4;9.18;0.12;Negativno;Ne
9928;3.3;-43.3;10.88;0.05;Negativno;Ne
9929;6.6;-67.1;5.22;0.39;Negativno;Ne
9930;6.9;-59.4;6.97;0.18;Negativno;Ne
9931;4.3;-67.4;6.33;0.26;Negativno;Ne
9932;14.8;-49.3;7.91;0.1;Negativno;Ne
9933;2.0;-56.2;4.93;0.0;Negativno;Ne
9934;5.8;-61.0;8.23;0.31;Negativno;Ne
9935;13.6;-66.2;8.22;0.05;Negativno;Ne
9936;0.5;-63.2;5.28;0.08;Negativno;Ne
9937;3.5;-51.8;6.31;2.09;Negativno;Ne
9938;0.9;-58.3;7.4;0.25;Negativno;Ne
9939;3.0;-56.9;7.74;0.5;Negativno;Ne
9940;3.6;-68.8;8.21;0.26;Negativno;Ne
9941;0.5;-57.0;5.91;0.24;Negativno;Ne
9942;1.9;-45.9;6.53;0.41;Negativno;Ne
9943;3.9;-61.5;7.37;1.01;Negativno;Ne
9944;13.4;-61.5;7.33;0.13;Negativno;Ne
9945;1.9;-59.0;7.6;0.33;Negativno;Ne
9946;4.3;-65.7;3.27;0.39;Negativno;Ne
9947;7.7;-68.4;7.87;0.85;Negativno;Ne
9948;7.4;-75.1;8.04;0.54;Negativno;Ne
9949;5.8;-69.2;7.67;0.29;Negativno;Ne
9950;8.4;-84.9;8.1;0.3;Negativno;Ne
9951;1.4;-65.4;5.4;0.48;Negativno;Ne
9952;1.8;-60.7;9.32;1.29;Negativno;Ne
9953;9.0;-55.1;5.74;0.1;Negativno;Ne
9954;2.6;-30.8;7.32;1.08;Negativno;Ne
9955;0.6;-44.3;8.01;0.24;Negativno;Ne
9956;2.8;-44.0;3.28;0.07;Negativno;Ne
9957;0.4;-72.8;4.33;0.19;Negativno;Ne
9958;0.7;-68.7;5.47;0.1;Negativno;Ne
9959;9.6;-63.6;5.92;0.76;Negativno;Ne
9960;9.5;-61.3;5.43;0.04;Negativno;Ne
9961;10.7;-66.3;2.96;0.35;Negativno;Ne
9962;1.6;-63.3;9.26;0.27;Negativno;Ne
9963;0.1;-65.6;4.5;0.93;Negativno;Ne
9964;12.1;-66.8;7.06;1.32;Negativno;Ne
9965;10.2;-60.6;6.91;0.67;Negativno;Ne
9966;14.2;-68.7;7.23;0.19;Negativno;Ne
9967;1.9;-62.9;4.34;0.11;Negativno;Ne
9968;4.1;-52.9;5.17;0.6;Negativno;Ne
9969;8.3;-54.3;6.54;1.06;Negativno;Ne
9970;7.3;-49.4;6.26;0.58;Negativno;Ne
9971;7.9;-64.5;8.42;0.31;Negativno;Ne
9972;4.8;-64.1;7.24;0.43;Negativno;Ne
9973;1.9;-65.0;7.02;0.26;Negativno;Ne
9974;11.3;-65.1;7.09;0.6;Negativno;Ne
9975;1.6;-53.8;8.98;0.79;Negativno;Ne
9976;3.4;-57.3;6.5;0.21;Negativno;Ne
9977;12.6;-67.3;8.86;0.52;Negativno;Ne
9978;1.8;-31.8;7.2;0.04;Negativno;Ne
9979;5.1;-55.0;6.26;0.28;Negativno;Ne
9980;6.2;-58.7;5.1;0.02;Negativno;Ne
9981;1.7;-61.6;7.8;0.31;Negativno;Ne
9982;3.6;-70.9;8.15;0.11;Negativno;Ne
9983;0.5;-65.2;6.02;0.23;Negativno;Ne
9984;1.7;-44.3;8.64;0.1;Negativno;Ne
9985;4.5;-47.8;3.69;0.06;Negativno;Ne
9986;5.6;-63.0;6.43;0.05;Negativno;Ne
9987;0.7;-60.5;5.5;0.04;Negativno;Ne
9988;2.8;-64.4;5.15;0.11;Negativno;Ne
9989;7.8;-61.7;7.14;0.06;Negativno;Ne
9990;3.2;-51.5;5.16;0.07;Negativno;Ne
9991;7.8;-49.6;3.96;0.22;Negativno;Ne
9992;9.3;-67.8;10.06;0.26;Negativno;Ne
9993;7.6;-70.5;6.14;2.38;Negativno;Ne
9994;0.4;-51.9;4.94;1.59;Negativno;Ne
9995;8.7;-58.3;5.4;0.35;Negativno;Ne
9996;0.9;-60.2;7.77;0.27;Negativno;Ne
9997;10.3;-56.8;6.38;0.67;Negativno;Ne
9998;6.4;-39.3;7.5;0.19;Negativno;Ne
9999;6.6;-53.2;7.64;0.26;Negativno;Ne
10000;11.6;-66.0;2.15;0.52;Negativno;Ne
10001;3.2;-54.6;6.56;0.04;Negativno;Ne
10002;12.2;-61.1;8.3;0.5;Negativno;Ne
10003;33.2;-59.4;7.58;0.04;Negativno;Ne
10004;0.3;-48.4;10.7;4.34;Negativno;Ne
10005;2.1;-37.5;3.63;0.37;Negativno;Ne
10006;1.5;-40.5;7.37;0.24;Negativno;Ne
10007;3.5;-61.0;7.27;0.77;Negativno;Ne
10008;6.3;-43.7;9.55;0.22;Negativno;Ne
10009;16.3;-61.5;2.62;0.31;Negativno;Ne
10010;7.5;-78.3;11.03;0.28;Negativno;Ne
10011;3.7;-54.9;3.93;0.18;Negativno;Ne
10012;0.3;-50.9;7.4;0.23;Negativno;Ne
10013;0.7;-69.0;10.22;0.9;Negativno;Ne
10014;0.1;-77.8;5.25;0.83;Negativno;Ne
10015;0.5;-71.7;4.53;1.2;Negativno;Ne
10016;16.4;-62.0;5.3;0.17;Negativno;Ne
10017;12.3;-56.5;8.68;0.34;Negativno;Ne
10018;4.7;-56.6;6.55;0.34;Negativno;Ne
10019;5.8;-52.5;4.63;0.7;Negativno;Ne
10020;2.9;-63.2;6.71;0.43;Negativno;Ne
10021;1.1;-58.5;5.66;0.4;Negativno;Ne
10022;0.8;-73.9;10.87;0.32;Negativno;Ne
10023;3.2;-52.6;6.93;0.27;Negativno;Ne
10024;3.9;-63.2;4.85;0.19;Negativno;Ne
10025;3.7;-51.0;11.17;0.17;Negativno;Ne
10026;1.8;-68.2;4.74;0.12;Negativno;Ne
10027;1.1;-59.8;12.43;0.31;Negativno;Ne
10028;0.2;-58.0;7.55;0.54;Negativno;Ne
10029;1.6;-68.4;9.15;0.48;Negativno;Ne
10030;0.4;-62.9;6.0;0.7;Negativno;Ne
10031;1.3;-70.6;10.41;0.44;Negativno;Ne
10032;10.5;-51.0;5.04;0.16;Negativno;Ne
10033;14.5;-58.2;7.62;0.22;Negativno;Ne
10034;46.4;-66.8;6.89;0.93;Negativno;Ne
10035;15.7;-67.1;8.09;0.47;Negativno;Ne
10036;12.0;-49.8;6.29;1.01;Negativno;Ne
10037;1.0;-36.6;4.49;0.04;Negativno;Ne
10038;9.1;-76.0;4.26;0.23;Negativno;Ne
10039;9.4;-38.3;8.79;0.17;Negativno;Ne
10040;7.8;-52.1;5.9;1.29;Negativno;Ne
10041;3.6;-52.3;7.12;0.37;Negativno;Ne
10042;0.5;-58.2;8.56;1.03;Negativno;Ne
10043;5.5;-55.4;2.76;0.1;Negativno;Ne
10044;3.5;-63.5;10.67;0.0;Negativno;Ne
10045;1.1;-56.8;8.51;0.12;Negativno;Ne
10046;6.1;-51.5;8.22;0.27;Negativno;Ne
10047;2.4;-79.0;6.99;0.08;Negativno;Ne
10048;7.7;-55.1;6.27;0.22;Negativno;Ne
10049;6.3;-39.9;6.33;0.01;Negativno;Ne
10050;3.2;-40.2;2.84;0.31;Negativno;Ne
10051;1.2;-59.0;7.88;0.83;Negativno;Ne
10052;2.6;-61.3;7.14;0.23;Negativno;Ne
10053;0.4;-48.8;7.18;0.32;Negativno;Ne
10054;25.0;-64.3;5.42;0.56;Negativno;Ne
10055;4.3;-51.2;5.72;0.29;Negativno;Ne
10056;1.3;-53.2;6.11;0.99;Negativno;Ne
10057;11.7;-70.3;7.04;0.44;Negativno;Ne
10058;9.8;-59.9;7.57;0.1;Negativno;Ne
10059;4.2;-64.6;7.57;0.99;Negativno;Ne
10060;4.1;-77.3;5.03;0.36;Negativno;Ne
10061;4.3;-58.2;7.67;0.03;Negativno;Ne
10062;8.3;-44.2;6.33;0.23;Negativno;Ne
10063;4.9;-73.1;4.48;0.1;Negativno;Ne
10064;6.8;-60.9;7.59;1.91;Negativno;Ne
10065;0.5;-57.8;11.15;0.42;Negativno;Ne
10066;4.1;-47.5;9.5;0.3;Negativno;Ne
10067;2.3;-54.3;9.68;0.17;Negativno;Ne
10068;8.4;-53.2;6.53;0.19;Negativno;Ne
10069;1.1;-69.6;6.16;0.71;Negativno;Ne
10070;20.3;-64.5;6.21;0.74;Negativno;Ne
10071;5.9;-41.6;1.86;0.33;Negativno;Ne
10072;5.7;-61.8;7.17;0.12;Negativno;Ne
10073;5.2;-55.1;6.68;0.48;Pozitivno;Ne
10074;1.0;-61.5;7.52;0.09;Negativno;Ne
10075;0.4;-67.4;5.36;0.01;Negativno;Ne
10076;7.9;-57.4;5.59;0.53;Negativno;Ne
10077;13.0;-70.1;3.06;0.17;Negativno;Ne
10078;0.0;-57.7;7.06;0.76;Negativno;Ne
10079;3.6;-62.3;10.23;0.12;Negativno;Ne
10080;0.8;-58.4;7.44;0.99;Negativno;Ne
10081;3.7;-76.8;5.16;0.32;Negativno;Ne
10082;1.4;-64.2;6.46;0.58;Negativno;Ne
10083;0.3;-42.2;3.84;0.76;Negativno;Ne
10084;2.1;-57.7;8.57;0.16;Negativno;Ne
10085;12.3;-51.6;8.55;0.53;Negativno;Ne
10086;1.4;-73.9;8.61;0.26;Negativno;Ne
10087;6.1;-49.2;4.54;0.45;Pozitivno;Ne
10088;1.2;-67.5;7.22;0.27;Negativno;Ne
10089;8.8;-64.6;3.08;0.24;Negativno;Ne
10090;1.6;-57.5;7.11;0.24;Negativno;Ne
10091;1.3;-71.8;3.91;0.17;Negativno;Ne
10092;3.1;-61.9;2.37;0.0;Negativno;Ne
10093;4.1;-47.6;7.15;0.17;Negativno;Ne
10094;2.6;-56.7;7.18;0.8;Negativno;Ne
10095;0.7;-54.7;2.66;0.1;Negativno;Ne
10096;4.7;-68.6;1.8;1.01;Negativno;Ne
10097;6.5;-70.0;8.33;1.2;Negativno;Ne
10098;3.3;-61.8;7.78;0.46;Negativno;Ne
10099;0.4;-61.5;4.44;0.2;Negativno;Ne
10100;2.0;-72.5;6.5;0.29;Negativno;Ne
10101;0.6;-44.8;6.7;0.79;Negativno;Ne
10102;9.6;-59.1;6.54;0.11;Negativno;Ne
10103;0.3;-60.0;5.46;0.03;Negativno;Ne
10104;1.5;-41.6;6.97;0.4;Negativno;Ne
10105;0.1;-87.2;7.29;0.06;Negativno;Ne
10106;1.1;-51.1;12.31;0.11;Negativno;Ne
10107;3.1;-68.3;9.65;0.52;Negativno;Ne
10108;0.3;-62.0;8.34;0.29;Negativno;Ne
10109;0.4;-57.9;8.2;1.33;Negativno;Ne
10110;2.9;-64.2;1.69;0.32;Negativno;Ne
10111;0.2;-46.0;5.97;0.29;Negativno;Ne
10112;4.7;-67.5;7.0;0.85;Negativno;Ne
10113;18.8;-65.0;6.12;1.0;Negativno;Ne
10114;1.3;-57.6;7.93;0.24;Negativno;Ne
10115;14.2;-61.2;9.54;0.03;Negativno;Ne
10116;1.5;-76.5;5.51;2.27;Negativno;Ne
10117;6.4;-56.6;10.48;0.34;Negativno;Ne
10118;0.2;-79.4;6.97;0.01;Negativno;Ne
10119;8.5;-63.3;4.62;0.19;Negativno;Ne
10120;11.4;-74.0;8.39;0.11;Negativno;Ne
10121;16.4;-78.7;3.53;0.51;Negativno;Ne
10122;10.0;-55.2;6.96;0.37;Negativno;Ne
10123;2.8;-67.4;5.49;0.35;Negativno;Ne
10124;1.0;-39.6;5.36;0.01;Negativno;Ne
10125;4.2;-62.0;5.14;0.04;Negativno;Ne
10126;2.8;-54.9;6.15;0.09;Negativno;Ne
10127;22.6;-72.1;6.11;0.02;Negativno;Ne
10128;0.6;-53.3;7.71;0.07;Negativno;Ne
10129;1.2;-64.8;3.62;0.75;Negativno;Ne
10130;3.7;-43.5;7.44;0.27;Negativno;Ne
10131;6.0;-65.9;6.34;0.33;Negativno;Ne
10132;6.1;-70.0;6.91;0.52;Negativno;Ne
10133;1.3;-59.9;5.29;2.41;Negativno;Ne
10134;3.5;-75.5;5.79;0.24;Negativno;Ne
10135;1.4;-63.5;6.27;0.39;Negativno;Ne
10136;0.3;-71.7;6.78;0.36;Negativno;Ne
10137;5.2;-74.2;3.81;0.25;Negativno;Ne
10138;1.1;-56.0;6.46;0.15;Negativno;Ne
10139;7.8;-51.1;10.77;0.13;Negativno;Ne
10140;9.7;-75.7;6.03;0.64;Negativno;Ne
10141;16.3;-61.4;9.11;0.37;Negativno;Ne
10142;0.6;-70.1;7.51;0.29;Negativno;Ne
10143;3.8;-59.7;8.2;0.59;Negativno;Ne
10144;0.5;-49.8;6.64;0.23;Negativno;Ne
10145;8.0;-68.2;8.82;0.12;Pozitivno;Ne
10146;3.4;-69.8;7.46;0.4;Negativno;Ne
10147;1.9;-57.7;6.7;0.47;Negativno;Ne
10148;4.9;-61.1;7.36;1.13;Negativno;Ne
10149;2.7;-58.7;3.57;0.4;Negativno;Ne
10150;0.4;-71.5;5.85;0.32;Negativno;Ne
10151;3.9;-59.4;5.0;0.27;Negativno;Ne
10152;11.8;-65.4;9.24;0.93;Negativno;Ne
10153;1.7;-64.3;5.76;0.29;Negativno;Ne
10154;2.1;-68.6;10.64;0.8;Negativno;Ne
10155;7.7;-75.5;4.69;0.72;Negativno;Ne
10156;26.5;-68.5;8.12;0.31;Negativno;Ne
10157;0.4;-61.1;7.98;0.24;Negativno;Ne
10158;3.1;-58.9;5.94;0.24;Negativno;Ne
10159;17.3;-64.5;6.69;0.15;Negativno;Ne
10160;0.3;-55.0;4.14;0.21;Negativno;Ne
10161;0.1;-44.0;8.29;0.71;Negativno;Ne
10162;3.3;-58.4;4.66;0.34;Pozitivno;Ne
10163;1.9;-60.9;8.54;0.05;Negativno;Ne
10164;2.7;-63.0;5.18;1.03;Negativno;Ne
10165;4.1;-71.6;7.92;1.21;Negativno;Ne
10166;8.1;-69.7;4.12;0.2;Negativno;Ne
10167;0.9;-72.5;8.27;1.19;Negativno;Ne
10168;7.4;-56.9;8.06;0.14;Negativno;Ne
10169;0.3;-64.4;4.78;0.11;Negativno;Ne
10170;4.9;-68.1;5.84;1.66;Negativno;Ne
10171;2.0;-61.2;8.05;0.63;Negativno;Ne
10172;1.3;-63.7;6.55;0.5;Negativno;Ne
10173;9.3;-59.2;3.58;0.08;Negativno;Ne
10174;2.6;-55.5;3.97;0.32;Negativno;Ne
10175;11.5;-39.3;11.04;1.89;Negativno;Ne
10176;2.1;-59.3;6.25;1.42;Negativno;Ne
10177;5.8;-55.2;7.87;0.1;Negativno;Ne
10178;2.2;-62.8;8.22;1.13;Negativno;Ne
10179;16.0;-57.1;8.5;0.69;Negativno;Ne
10180;0.7;-57.4;5.54;0.12;Negativno;Ne
10181;8.2;-53.1;6.18;0.83;Negativno;Ne
10182;4.8;-48.5;6.43;1.11;Negativno;Ne
10183;7.0;-59.2;5.41;0.08;Negativno;Ne
10184;3.5;-64.0;9.02;1.45;Negativno;Ne
10185;2.7;-79.0;4.6;0.06;Negativno;Ne
10186;10.1;-84.6;6.15;0.49;Negativno;Ne
10187;5.3;-65.4;7.16;0.54;Negativno;Ne
10188;2.7;-54.4;5.96;0.53;Negativno;Ne
10189;7.5;-54.0;5.77;0.42;Negativno;Ne
10190;6.1;-53.7;5.66;0.58;Negativno;Ne
10191;15.5;-59.1;4.42;0.58;Negativno;Ne
10192;2.7;-45.4;6.97;1.48;Negativno;Ne
10193;2.8;-62.1;9.57;0.15;Negativno;Ne
10194;7.3;-59.6;6.28;0.14;Negativno;Ne
10195;0.8;-56.8;11.88;0.84;Negativno;Ne
10196;0.4;-65.3;5.7;0.51;Negativno;Ne
10197;9.7;-54.7;5.76;0.51;Negativno;Ne
10198;2.3;-56.5;6.5;0.47;Negativno;Ne
10199;4.4;-64.9;1.65;0.53;Negativno;Ne
10200;12.7;-69.5;6.98;0.34;Negativno;Ne
10201;3.7;-55.9;7.42;0.57;Negativno;Ne
10202;3.2;-66.3;6.1;0.42;Negativno;Ne
10203;1.2;-64.0;4.25;0.17;Negativno;Ne
10204;1.3;-61.7;5.67;0.25;Negativno;Ne
10205;5.2;-57.4;6.2;0.11;Negativno;Ne
10206;15.3;-49.9;5.9;0.99;Negativno;Ne
10207;3.5;-56.4;5.74;0.85;Negativno;Ne
10208;0.7;-73.4;10.17;0.92;Negativno;Ne
10209;2.3;-47.7;9.09;0.18;Negativno;Ne
10210;0.3;-83.0;9.2;0.19;Negativno;Ne
10211;3.6;-51.2;10.25;0.74;Negativno;Ne
10212;8.4;-54.7;5.54;0.6;Negativno;Ne
10213;0.6;-68.7;9.15;0.76;Negativno;Ne
10214;2.9;-46.3;4.52;0.53;Negativno;Ne
10215;5.0;-64.2;10.32;0.16;Negativno;Ne
10216;0.8;-68.2;5.7;0.37;Negativno;Ne
10217;9.0;-42.2;4.18;0.01;Negativno;Ne
10218;7.4;-43.9;7.57;0.11;Negativno;Ne
10219;2.0;-52.8;7.24;1.16;Negativno;Ne
10220;3.9;-78.1;9.75;0.33;Negativno;Ne
10221;2.7;-63.1;8.51;0.67;Negativno;Ne
10222;6.8;-59.9;8.68;0.0;Negativno;Ne
10223;4.4;-68.5;10.19;0.11;Negativno;Ne
10224;16.8;-59.6;6.99;0.24;Negativno;Ne
10225;2.3;-81.5;7.04;1.09;Negativno;Ne
10226;2.4;-39.1;7.16;0.52;Negativno;Ne
10227;16.6;-58.2;7.62;0.22;Negativno;Ne
10228;3.5;-70.6;5.43;0.27;Negativno;Ne
10229;2.3;-41.9;8.47;0.44;Negativno;Ne
10230;7.6;-37.2;7.11;0.27;Negativno;Ne
10231;17.8;-58.3;1.8;0.46;Negativno;Ne
10232;0.7;-56.1;8.48;0.51;Negativno;Ne
10233;1.4;-54.7;10.33;0.77;Negativno;Ne
10234;5.8;-52.7;4.84;0.68;Negativno;Ne
10235;14.2;-60.4;7.39;0.21;Negativno;Ne
10236;6.9;-71.9;6.6;1.06;Negativno;Ne
10237;2.4;-63.5;5.09;0.01;Pozitivno;Ne
10238;1.8;-58.8;6.09;0.15;Negativno;Ne
10239;9.5;-47.8;10.01;0.19;Negativno;Ne
10240;1.3;-48.1;4.85;0.39;Negativno;Ne
10241;2.3;-38.9;7.18;0.68;Negativno;Ne
10242;5.6;-49.2;8.04;0.47;Negativno;Ne
10243;0.2;-59.9;9.5;0.04;Negativno;Ne
10244;1.5;-48.3;8.05;0.66;Negativno;Ne
10245;6.6;-59.2;5.27;0.05;Negativno;Ne
10246;1.5;-43.5;3.53;0.73;Negativno;Ne
10247;2.1;-72.7;6.91;0.2;Negativno;Ne
10248;1.7;-50.7;8.4;0.31;Negativno;Ne
10249;1.1;-52.4;6.84;1.29;Negativno;Ne
10250;9.5;-59.2;7.62;0.64;Negativno;Ne
10251;1.3;-52.4;5.87;0.53;Negativno;Ne
10252;3.8;-39.7;6.68;0.34;Negativno;Ne
10253;2.3;-69.8;6.67;0.02;Negativno;Ne
10254;7.9;-71.2;6.17;0.21;Negativno;Ne
10255;2.4;-45.2;8.86;0.04;Negativno;Ne
10256;2.5;-61.3;8.46;0.66;Negativno;Ne
10257;1.2;-62.8;6.3;0.07;Negativno;Ne
10258;3.1;-65.3;6.4;1.07;Negativno;Ne
10259;19.1;-54.3;7.21;0.01;Negativno;Ne
10260;14.9;-54.8;8.87;0.85;Negativno;Ne
10261;0.3;-58.8;7.09;0.39;Negativno;Ne
10262;1.1;-66.7;10.36;0.68;Negativno;Ne
10263;2.5;-53.5;8.97;0.26;Negativno;Ne
10264;2.1;-63.2;5.88;0.37;Negativno;Ne
10265;0.4;-71.4;3.73;0.17;Negativno;Ne
10266;0.3;-52.5;6.88;0.54;Negativno;Ne
10267;10.8;-71.5;8.22;1.06;Negativno;Ne
10268;0.2;-65.3;9.25;0.11;Negativno;Ne
10269;0.0;-65.5;8.77;1.22;Negativno;Ne
10270;5.5;-67.8;11.36;0.54;Negativno;Ne
10271;8.1;-63.2;7.97;0.79;Negativno;Ne
10272;0.2;-50.6;3.44;0.09;Negativno;Ne
10273;1.6;-63.6;5.03;1.43;Negativno;Ne
10274;6.6;-66.4;6.77;0.25;Negativno;Ne
10275;6.5;-63.3;8.38;0.81;Negativno;Ne
10276;9.0;-58.7;7.14;0.32;Negativno;Ne
10277;4.2;-63.5;11.95;0.15;Negativno;Ne
10278;15.1;-60.8;6.0;0.23;Negativno;Ne
10279;8.4;-45.0;10.38;0.86;Negativno;Ne
10280;9.6;-53.7;9.84;0.09;Negativno;Ne
10281;6.4;-33.7;7.1;0.21;Negativno;Ne
10282;4.8;-58.9;6.43;1.03;Negativno;Ne
10283;0.4;-66.2;7.43;0.35;Negativno;Ne
10284;2.4;-55.4;7.96;0.16;Negativno;Ne
10285;17.8;-53.7;8.82;0.23;Negativno;Ne
10286;4.1;-53.1;7.09;0.75;Negativno;Ne
10287;5.7;-67.9;4.32;0.28;Negativno;Ne
10288;5.2;-59.9;8.75;0.13;Negativno;Ne
10289;4.4;-49.6;3.41;0.64;Pozitivno;Ne
10290;10.7;-61.9;6.4;0.06;Negativno;Ne
10291;0.9;-57.4;7.4;0.51;Negativno;Ne
10292;2.4;-52.5;8.86;0.16;Negativno;Ne
10293;1.1;-72.7;7.26;0.08;Negativno;Ne
10294;1.1;-55.0;6.62;1.01;Negativno;Ne
10295;1.4;-36.4;7.72;0.74;Negativno;Ne
10296;5.3;-75.5;8.08;0.1;Negativno;Ne
10297;0.4;-62.6;6.36;0.51;Negativno;Ne
10298;4.7;-64.9;7.81;0.2;Negativno;Ne
10299;3.3;-54.5;7.06;0.75;Negativno;Ne
10300;4.9;-57.8;5.14;0.05;Negativno;Ne
10301;2.1;-78.2;7.64;1.16;Negativno;Ne
10302;3.2;-76.7;4.66;0.02;Negativno;Ne
10303;10.2;-39.3;8.23;0.15;Pozitivno;Ne
10304;0.4;-61.9;5.24;1.12;Negativno;Ne
10305;1.9;-84.0;7.28;0.54;Negativno;Ne
10306;11.9;-74.8;0.65;0.46;Negativno;Ne
10307;5.8;-59.1;9.04;0.6;Negativno;Ne
10308;4.4;-46.2;3.61;0.22;Negativno;Ne
10309;0.1;-71.1;4.67;1.69;Negativno;Ne
10310;3.0;-43.1;8.96;0.35;Negativno;Ne
10311;3.1;-49.1;1.21;1.33;Negativno;Ne
10312;8.9;-41.2;7.75;0.47;Negativno;Ne
10313;7.5;-55.1;9.92;0.36;Negativno;Ne
10314;3.8;-65.7;5.62;0.09;Negativno;Ne
10315;1.3;-59.6;7.48;1.0;Negativno;Ne
10316;1.6;-58.0;6.72;0.25;Negativno;Ne
10317;2.3;-57.2;7.44;0.25;Negativno;Ne
10318;12.4;-68.2;5.59;0.48;Negativno;Ne
10319;2.9;-59.7;6.88;0.39;Negativno;Ne
10320;1.5;-64.0;4.13;0.35;Negativno;Ne
10321;0.3;-65.6;6.54;0.1;Negativno;Ne
10322;9.0;-63.8;5.08;0.17;Negativno;Ne
10323;4.2;-60.1;7.56;0.99;Negativno;Ne
10324;1.3;-63.2;5.51;0.46;Negativno;Ne
10325;5.9;-42.9;6.47;1.08;Negativno;Ne
10326;8.1;-48.5;5.88;0.13;Negativno;Ne
10327;4.8;-66.2;7.24;0.02;Negativno;Ne
10328;4.0;-52.8;5.66;0.08;Negativno;Ne
10329;2.2;-48.7;8.54;0.01;Negativno;Ne
10330;6.9;-67.0;6.97;0.32;Negativno;Ne
10331;4.2;-70.0;7.97;0.59;Negativno;Ne
10332;4.8;-63.9;5.63;0.22;Negativno;Ne
10333;7.5;-53.6;4.04;0.47;Negativno;Ne
10334;7.3;-85.7;6.12;1.75;Negativno;Ne
10335;5.3;-66.2;6.81;0.44;Negativno;Ne
10336;7.7;-71.2;6.3;0.59;Negativno;Ne
10337;0.0;-69.6;8.83;0.78;Negativno;Ne
10338;15.3;-64.4;5.01;0.17;Negativno;Ne
10339;0.5;-68.6;6.66;0.54;Negativno;Ne
10340;5.5;-59.0;6.09;0.32;Negativno;Ne
10341;3.4;-61.0;7.54;1.86;Negativno;Ne
10342;1.7;-63.3;7.06;0.31;Negativno;Ne
10343;1.1;-41.8;5.69;0.12;Negativno;Ne
10344;0.3;-74.4;9.5;0.18;Negativno;Ne
10345;0.0;-43.8;5.66;0.25;Negativno;Ne
10346;11.1;-45.7;1.51;0.1;Negativno;Ne
10347;9.5;-43.2;6.35;1.23;Negativno;Ne
10348;1.6;-77.1;7.32;0.63;Negativno;Ne
10349;0.5;-48.4;2.38;1.85;Negativno;Ne
10350;7.2;-44.8;6.89;0.09;Negativno;Ne
10351;1.9;-54.0;7.98;0.82;Negativno;Ne
10352;1.1;-55.5;3.21;0.2;Negativno;Ne
10353;3.1;-60.3;7.5;0.22;Negativno;Ne
10354;9.4;-63.3;5.98;0.17;Negativno;Ne
10355;22.8;-65.6;6.5;0.2;Negativno;Ne
10356;7.2;-82.5;8.64;0.26;Negativno;Ne
10357;4.3;-69.4;7.24;0.86;Negativno;Ne
10358;2.7;-53.5;6.18;0.24;Negativno;Ne
10359;0.3;-66.4;6.39;0.3;Negativno;Ne
10360;1.6;-48.1;11.25;0.0;Negativno;Ne
10361;4.7;-55.8;7.88;0.32;Negativno;Ne
10362;3.9;-68.0;9.28;1.46;Negativno;Ne
10363;0.7;-73.5;10.27;2.08;Negativno;Ne
10364;3.4;-48.3;4.64;0.3;Negativno;Ne
10365;9.2;-58.3;6.97;0.2;Negativno;Ne
10366;11.8;-76.4;7.61;0.02;Negativno;Ne
10367;0.2;-65.3;7.46;0.76;Negativno;Ne
10368;3.5;-67.7;7.21;0.14;Negativno;Ne
10369;2.3;-71.5;8.79;0.98;Negativno;Ne
10370;1.0;-47.1;5.33;0.14;Negativno;Ne
10371;1.2;-46.4;6.36;0.18;Negativno;Ne
10372;7.2;-62.8;5.67;0.17;Negativno;Ne
10373;2.6;-73.6;10.02;0.24;Negativno;Ne
10374;0.8;-61.9;7.53;0.22;Negativno;Ne
10375;3.3;-81.9;7.11;0.12;Negativno;Ne
10376;1.0;-61.2;9.69;0.28;Negativno;Ne
10377;3.5;-75.6;4.91;0.43;Negativno;Ne
10378;5.0;-40.3;6.68;0.25;Negativno;Ne
10379;7.9;-60.2;5.88;0.04;Negativno;Ne
10380;5.0;-76.8;8.03;0.93;Negativno;Ne
10381;6.3;-76.8;4.92;0.86;Negativno;Ne
10382;10.3;-76.5;9.41;0.52;Negativno;Ne
10383;16.9;-67.7;4.69;0.34;Negativno;Ne
10384;8.3;-57.6;7.02;0.58;Negativno;Ne
10385;0.6;-56.0;9.2;0.09;Negativno;Ne
10386;0.4;-81.3;7.93;0.52;Negativno;Ne
10387;2.2;-57.7;6.39;0.61;Negativno;Ne
10388;1.2;-62.1;6.65;0.76;Negativno;Ne
10389;5.6;-51.9;8.6;0.25;Negativno;Ne
10390;1.4;-67.0;7.09;1.29;Negativno;Ne
10391;1.9;-52.8;7.2;0.33;Negativno;Ne
10392;1.0;-36.6;8.61;1.05;Negativno;Ne
10393;0.4;-54.6;8.42;0.48;Negativno;Ne
10394;1.2;-67.4;5.8;0.1;Negativno;Ne
10395;0.0;-64.1;6.21;0.63;Negativno;Ne
10396;4.2;-73.4;5.58;1.02;Negativno;Ne
10397;1.8;-55.9;11.25;0.29;Negativno;Ne
10398;1.2;-58.5;8.2;0.1;Negativno;Ne
10399;4.5;-59.4;7.58;0.2;Pozitivno;Ne
10400;5.6;-67.3;5.4;0.68;Negativno;Ne
10401;11.3;-57.6;8.35;0.27;Negativno;Ne
10402;1.4;-68.0;4.31;0.59;Negativno;Ne
10403;1.9;-59.7;8.35;0.33;Negativno;Ne
10404;2.5;-65.1;6.55;0.9;Negativno;Ne
10405;2.4;-57.1;9.55;0.5;Negativno;Ne
10406;4.0;-68.2;9.33;1.41;Negativno;Ne
10407;6.7;-76.9;7.86;1.59;Negativno;Ne
10408;2.1;-67.8;5.25;0.25;Negativno;Ne
10409;2.1;-84.6;8.57;0.81;Negativno;Ne
10410;2.5;-52.6;8.07;0.32;Negativno;Ne
10411;1.8;-50.8;7.04;0.09;Negativno;Ne
10412;1.9;-56.0;7.61;0.17;Negativno;Ne
10413;14.7;-56.4;8.9;1.04;Negativno;Ne
10414;7.9;-71.6;7.17;1.65;Negativno;Ne
10415;16.9;-76.3;11.66;0.59;Negativno;Ne
10416;16.1;-57.5;7.42;0.07;Negativno;Ne
10417;6.7;-72.1;4.7;0.75;Negativno;Ne
10418;0.0;-75.6;6.92;1.48;Negativno;Ne
10419;6.8;-59.9;6.91;0.24;Negativno;Ne
10420;6.1;-53.0;5.91;0.19;Negativno;Ne
10421;0.6;-61.4;6.37;1.2;Pozitivno;Ne
10422;17.3;-64.7;7.65;0.31;Negativno;Ne
10423;7.3;-82.9;4.3;0.25;Negativno;Ne
10424;8.5;-67.6;4.31;0.41;Negativno;Ne
10425;0.4;-58.7;8.4;0.24;Negativno;Ne
10426;0.4;-49.6;6.24;0.61;Negativno;Ne
10427;5.8;-39.8;6.27;0.13;Negativno;Ne
10428;0.4;-69.2;3.73;0.04;Negativno;Ne
10429;20.4;-63.8;7.98;0.16;Negativno;Ne
10430;3.8;-54.2;5.84;0.27;Negativno;Ne
10431;5.7;-68.9;4.61;1.37;Negativno;Ne
10432;2.4;-68.1;8.78;0.2;Negativno;Ne
10433;11.1;-59.1;5.27;0.09;Negativno;Ne
10434;9.2;-56.2;8.78;0.12;Negativno;Ne
10435;10.7;-68.9;7.19;0.16;Negativno;Ne
10436;1.0;-57.7;5.28;0.58;Negativno;Ne
10437;1.3;-39.4;7.85;0.66;Negativno;Ne
10438;0.7;-58.8;8.68;0.11;Negativno;Ne
10439;1.2;-47.4;6.98;0.15;Negativno;Ne
10440;19.5;-68.0;6.92;0.22;Negativno;Ne
10441;25.1;-61.1;2.26;0.86;Negativno;Ne
10442;6.5;-61.7;7.69;1.27;Negativno;Ne
10443;9.7;-48.5;4.79;0.37;Negativno;Ne
10444;4.6;-52.5;5.79;0.08;Negativno;Ne
10445;6.8;-62.0;7.51;1.19;Negativno;Ne
10446;4.4;-59.2;3.98;0.23;Negativno;Ne
10447;1.5;-40.6;4.96;1.0;Negativno;Ne
10448;1.6;-55.4;8.1;0.09;Negativno;Ne
10449;3.8;-66.8;4.18;0.21;Negativno;Ne
10450;1.8;-50.6;7.04;0.91;Negativno;Ne
10451;2.3;-46.8;8.24;1.6;Negativno;Ne
10452;1.9;-79.3;7.14;1.82;Negativno;Ne
10453;10.8;-57.5;7.16;0.33;Negativno;Ne
10454;4.0;-78.6;8.43;0.3;Negativno;Ne
10455;10.3;-46.6;5.94;0.09;Negativno;Ne
10456;16.1;-63.6;8.91;0.48;Negativno;Ne
10457;12.8;-55.9;9.25;0.08;Negativno;Ne
10458;1.5;-61.5;4.89;0.62;Negativno;Ne
10459;12.3;-67.6;3.93;0.6;Negativno;Ne
10460;2.3;-59.2;5.38;0.95;Negativno;Ne
10461;3.1;-58.0;5.61;0.58;Negativno;Ne
10462;1.0;-59.9;5.63;0.11;Negativno;Ne
10463;1.6;-73.8;7.93;0.52;Negativno;Ne
10464;10.2;-74.0;8.75;0.24;Negativno;Ne
10465;4.1;-75.9;7.64;0.77;Negativno;Ne
10466;3.6;-56.2;7.26;0.16;Negativno;Ne
10467;7.7;-49.2;4.83;0.39;Negativno;Ne
10468;5.2;-68.8;7.32;0.4;Negativno;Ne
10469;7.2;-52.3;9.43;0.62;Negativno;Ne
10470;0.4;-59.4;6.23;0.11;Negativno;Ne
10471;0.2;-61.9;7.69;0.36;Negativno;Ne
10472;16.1;-51.3;5.62;0.5;Negativno;Ne
10473;1.4;-69.0;6.84;0.04;Negativno;Ne
10474;5.8;-57.5;7.98;0.06;Negativno;Ne
10475;4.1;-45.1;9.91;0.34;Negativno;Ne
10476;1.1;-54.5;8.16;0.61;Negativno;Ne
10477;0.2;-58.3;5.4;0.29;Negativno;Ne
10478;0.1;-54.2;8.33;0.49;Negativno;Ne
10479;10.3;-55.7;5.64;0.17;Negativno;Ne
10480;2.1;-75.7;5.78;1.35;Negativno;Ne
10481;1.6;-52.1;6.11;0.54;Negativno;Ne
10482;0.1;-53.7;3.19;0.08;Negativno;Ne
10483;1.9;-71.1;10.79;0.41;Negativno;Ne
10484;19.1;-60.2;6.51;0.34;Negativno;Ne
10485;22.4;-54.0;5.49;0.59;Negativno;Ne
10486;6.6;-59.1;4.72;0.14;Negativno;Ne
10487;29.8;-55.7;9.36;0.01;Negativno;Ne
10488;5.8;-49.0;3.73;0.57;Negativno;Ne
10489;0.2;-85.1;6.38;0.31;Negativno;Ne
10490;0.1;-38.3;7.39;1.09;Negativno;Ne
10491;17.1;-52.0;4.56;0.0;Negativno;Ne
10492;4.2;-63.4;7.67;1.08;Negativno;Ne
10493;4.0;-73.4;5.28;0.92;Negativno;Ne
10494;5.1;-77.2;8.11;0.1;Negativno;Ne
10495;5.2;-69.8;3.99;0.33;Negativno;Ne
10496;5.4;-71.4;7.44;0.57;Negativno;Ne
10497;2.5;-63.0;7.5;0.21;Negativno;Ne
10498;3.8;-52.4;4.68;1.22;Negativno;Ne
10499;12.3;-53.3;7.12;1.32;Negativno;Ne
10500;1.3;-66.0;9.38;0.16;Negativno;Ne
10501;4.2;-61.9;8.52;0.24;Negativno;Ne
10502;1.7;-59.5;6.08;0.56;Negativno;Ne
10503;8.3;-52.9;5.9;0.06;Negativno;Ne
10504;1.9;-50.8;4.43;0.21;Negativno;Ne
10505;15.1;-60.9;7.88;1.2;Negativno;Ne
10506;2.9;-51.3;7.29;0.29;Negativno;Ne
10507;5.5;-55.5;8.19;0.07;Negativno;Ne
10508;5.9;-65.9;8.15;0.18;Negativno;Ne
10509;1.9;-47.5;7.68;3.57;Negativno;Ne
10510;1.7;-61.1;7.95;0.67;Negativno;Ne
10511;0.7;-61.6;5.83;0.17;Negativno;Ne
10512;5.8;-66.0;6.64;0.63;Negativno;Ne
10513;4.0;-63.2;7.3;0.24;Negativno;Ne
10514;3.8;-67.9;8.74;0.94;Negativno;Ne
10515;0.3;-56.3;9.79;0.74;Negativno;Ne
10516;0.1;-70.3;7.4;1.97;Negativno;Ne
10517;3.3;-62.2;7.63;0.16;Negativno;Ne
10518;7.9;-50.9;8.48;0.03;Pozitivno;Ne
10519;7.8;-62.0;5.54;0.89;Negativno;Ne
10520;0.0;-55.3;5.97;0.07;Negativno;Ne
10521;3.9;-62.4;4.06;0.3;Negativno;Ne
10522;0.0;-51.8;7.49;0.06;Negativno;Ne
10523;7.4;-37.5;8.24;0.04;Negativno;Ne
10524;16.7;-57.2;9.39;0.4;Negativno;Ne
10525;2.8;-78.7;7.21;0.24;Negativno;Ne
10526;2.1;-62.8;10.02;0.16;Negativno;Ne
10527;4.3;-47.5;5.91;0.12;Negativno;Ne
10528;4.9;-70.3;3.76;0.32;Negativno;Ne
10529;3.6;-54.6;4.04;0.7;Negativno;Ne
10530;11.0;-57.1;7.63;0.2;Negativno;Ne
10531;11.3;-51.9;8.26;0.03;Negativno;Ne
10532;2.7;-76.2;5.86;1.11;Negativno;Ne
10533;3.9;-70.5;5.87;0.08;Negativno;Ne
10534;5.0;-63.9;3.67;0.75;Negativno;Ne
10535;10.2;-54.7;9.92;0.59;Negativno;Ne
10536;4.1;-56.3;6.59;1.39;Negativno;Ne
10537;2.6;-52.6;8.41;0.41;Negativno;Ne
10538;1.2;-73.0;7.19;1.92;Negativno;Ne
10539;1.0;-66.1;8.8;0.13;Negativno;Ne
10540;5.7;-63.8;7.15;0.19;Negativno;Ne
10541;2.7;-50.5;8.11;1.92;Negativno;Ne
10542;3.3;-61.8;9.33;0.99;Negativno;Ne
10543;2.7;-66.5;5.01;0.39;Negativno;Ne
10544;2.2;-58.6;9.63;0.3;Negativno;Ne
10545;4.7;-72.9;7.11;0.68;Negativno;Ne
10546;7.5;-60.0;5.95;1.29;Negativno;Ne
10547;1.6;-48.6;8.33;0.55;Negativno;Ne
10548;2.2;-55.0;9.39;0.01;Negativno;Ne
10549;1.6;-76.0;5.59;0.47;Negativno;Ne
10550;5.5;-59.0;11.11;0.8;Negativno;Ne
10551;1.4;-67.3;7.22;0.71;Negativno;Ne
10552;3.0;-60.4;8.17;0.09;Negativno;Ne
10553;6.3;-56.0;4.2;0.42;Negativno;Ne
10554;1.4;-68.8;3.88;0.92;Negativno;Ne
10555;1.6;-59.5;7.05;0.52;Negativno;Ne
10556;3.0;-58.4;6.7;0.2;Negativno;Ne
10557;3.6;-50.6;2.85;0.36;Negativno;Ne
10558;0.8;-57.1;6.07;1.5;Negativno;Ne
10559;6.9;-68.5;6.8;1.47;Negativno;Ne
10560;3.4;-44.8;8.66;0.42;Negativno;Ne
10561;10.9;-57.7;7.26;0.66;Negativno;Ne
10562;5.4;-46.8;7.71;0.15;Negativno;Ne
10563;0.2;-55.0;6.08;0.32;Negativno;Ne
10564;9.4;-49.8;6.21;0.08;Negativno;Ne
10565;4.1;-66.4;9.4;0.55;Negativno;Ne
10566;3.7;-80.7;4.95;0.22;Negativno;Ne
10567;1.6;-66.7;5.72;0.29;Negativno;Ne
10568;10.6;-73.2;8.3;1.87;Negativno;Ne
10569;3.8;-91.2;9.1;0.43;Negativno;Ne
10570;3.6;-51.9;8.36;0.76;Negativno;Ne
10571;17.8;-55.2;6.84;0.47;Negativno;Ne
10572;10.6;-75.6;8.66;0.22;Negativno;Ne
10573;6.0;-68.0;7.13;0.05;Negativno;Ne
10574;5.5;-64.8;9.56;0.01;Negativno;Ne
10575;7.2;-61.7;3.9;1.92;Negativno;Ne
10576;4.1;-46.1;10.6;0.55;Negativno;Ne
10577;0.8;-58.3;10.58;0.27;Negativno;Ne
10578;3.2;-46.5;5.58;0.6;Negativno;Ne
10579;0.6;-55.9;4.14;0.33;Negativno;Ne
10580;0.4;-43.0;5.26;0.93;Negativno;Ne
10581;1.9;-32.8;9.08;0.32;Negativno;Ne
10582;23.9;-62.9;5.76;0.15;Negativno;Ne
10583;4.1;-56.5;6.77;1.12;Negativno;Ne
10584;6.4;-74.5;9.2;0.07;Negativno;Ne
10585;2.2;-60.0;6.92;0.59;Negativno;Ne
10586;0.2;-56.4;7.51;0.19;Negativno;Ne
10587;9.7;-55.9;7.38;0.02;Negativno;Ne
10588;0.8;-83.1;4.85;1.58;Negativno;Ne
10589;6.8;-56.6;9.16;0.21;Negativno;Ne
10590;6.2;-74.8;7.26;1.29;Negativno;Ne
10591;4.1;-67.2;7.84;0.09;Negativno;Ne
10592;1.7;-67.9;9.69;0.42;Negativno;Ne
10593;15.0;-67.2;6.21;0.22;Negativno;Ne
10594;8.8;-84.3;6.82;0.01;Negativno;Ne
10595;5.5;-45.1;4.54;1.51;Negativno;Ne
10596;0.6;-52.9;7.91;0.03;Negativno;Ne
10597;5.0;-56.4;8.22;1.28;Negativno;Ne
10598;6.1;-71.2;6.76;0.41;Negativno;Ne
10599;1.9;-68.3;4.51;0.01;Negativno;Ne
10600;4.7;-43.8;3.0;0.22;Negativno;Ne
10601;0.5;-59.9;5.39;0.57;Negativno;Ne
10602;17.5;-55.5;6.28;0.3;Negativno;Ne
10603;0.9;-65.6;3.06;0.36;Negativno;Ne
10604;1.1;-53.4;5.14;0.86;Negativno;Ne
10605;2.1;-46.9;10.1;0.08;Negativno;Ne
10606;0.8;-60.3;10.24;2.16;Negativno;Ne
10607;0.8;-30.4;9.05;0.06;Negativno;Ne
10608;6.8;-72.0;3.9;1.15;Negativno;Ne
10609;2.7;-64.1;6.54;0.31;Negativno;Ne
10610;0.7;-52.7;7.17;1.08;Negativno;Ne
10611;4.6;-62.6;5.77;0.14;Negativno;Ne
10612;16.8;-52.0;9.8;0.22;Negativno;Ne
10613;1.9;-52.1;4.56;0.21;Negativno;Ne
10614;4.9;-60.8;5.38;0.17;Negativno;Ne
10615;1.8;-52.2;7.93;0.02;Negativno;Ne
10616;2.7;-55.0;4.7;0.83;Negativno;Ne
10617;5.0;-63.7;6.96;0.37;Negativno;Ne
10618;10.1;-60.5;6.74;0.14;Negativno;Ne
10619;1.6;-80.8;5.65;0.75;Negativno;Ne
10620;9.4;-72.4;7.44;0.23;Negativno;Ne
10621;5.8;-51.3;6.64;0.36;Negativno;Ne
10622;1.7;-62.5;9.19;0.04;Negativno;Ne
10623;11.7;-61.2;3.14;0.21;Negativno;Ne
10624;3.4;-62.4;4.39;0.37;Negativno;Ne
10625;10.1;-57.0;6.18;0.04;Negativno;Ne
10626;7.5;-35.7;6.75;1.14;Negativno;Ne
10627;4.0;-53.0;7.8;0.68;Negativno;Ne
10628;3.9;-56.7;8.72;0.23;Negativno;Ne
10629;8.3;-58.4;4.57;0.08;Negativno;Ne
10630;28.8;-58.9;8.81;0.26;Negativno;Ne
10631;0.4;-50.0;6.86;0.05;Negativno;Ne
10632;4.2;-47.4;10.0;0.08;Negativno;Ne
10633;23.6;-60.4;6.4;0.84;Negativno;Ne
10634;4.8;-55.3;7.02;1.57;Negativno;Ne
10635;3.9;-77.3;6.2;0.13;Negativno;Ne
10636;1.8;-63.5;4.9;0.18;Negativno;Ne
10637;1.1;-55.9;7.92;0.03;Negativno;Ne
10638;1.0;-73.8;4.42;0.96;Negativno;Ne
10639;0.2;-68.2;6.92;1.48;Negativno;Ne
10640;11.2;-63.8;11.94;0.89;Negativno;Ne
10641;8.4;-60.5;4.63;0.33;Negativno;Ne
10642;6.4;-56.6;9.62;0.49;Negativno;Ne
10643;7.7;-65.3;7.15;0.88;Negativno;Ne
10644;1.1;-47.4;11.36;0.28;Negativno;Ne
10645;0.1;-55.2;6.84;0.29;Negativno;Ne
10646;1.4;-47.4;7.68;0.37;Negativno;Ne
10647;1.9;-56.5;6.79;0.28;Negativno;Ne
10648;9.4;-63.8;2.57;0.76;Negativno;Ne
10649;0.5;-62.1;11.2;0.17;Negativno;Ne
10650;9.4;-49.0;9.69;0.14;Negativno;Ne
10651;8.2;-54.6;9.09;0.63;Negativno;Ne
10652;3.2;-74.2;9.04;0.45;Negativno;Ne
10653;1.8;-58.6;5.66;0.36;Negativno;Ne
10654;0.6;-65.6;5.99;0.53;Negativno;Ne
10655;0.8;-53.6;5.06;0.44;Negativno;Ne
10656;3.8;-54.1;7.66;1.38;Negativno;Ne
10657;2.0;-66.1;7.39;0.16;Negativno;Ne
10658;0.1;-54.0;5.26;0.53;Negativno;Ne
10659;4.6;-50.3;9.45;0.33;Negativno;Ne
10660;1.3;-50.4;6.38;0.15;Negativno;Ne
10661;1.2;-48.4;11.14;1.12;Negativno;Ne
10662;0.4;-55.8;9.71;1.32;Negativno;Ne
10663;1.8;-89.3;3.26;0.43;Negativno;Ne
10664;0.9;-56.7;9.16;0.96;Negativno;Ne
10665;2.2;-66.6;5.41;0.01;Negativno;Ne
10666;2.5;-69.3;6.22;0.46;Negativno;Ne
10667;1.7;-43.1;4.92;0.25;Negativno;Ne
10668;5.0;-61.6;9.36;0.05;Negativno;Ne
10669;4.0;-43.6;5.29;0.13;Negativno;Ne
10670;1.7;-63.6;4.23;0.45;Negativno;Ne
10671;4.8;-57.5;8.22;0.09;Negativno;Ne
10672;12.4;-63.3;5.91;0.4;Negativno;Ne
10673;3.9;-50.4;4.61;0.94;Negativno;Ne
10674;3.0;-69.2;5.85;0.58;Negativno;Ne
10675;8.3;-45.0;4.19;0.27;Negativno;Ne
10676;13.1;-55.5;7.4;0.16;Negativno;Ne
10677;11.8;-51.0;7.37;0.45;Negativno;Ne
10678;8.2;-50.7;8.79;0.45;Negativno;Ne
10679;2.6;-44.0;9.15;0.17;Negativno;Ne
10680;0.7;-52.6;6.4;0.52;Negativno;Ne
10681;5.0;-49.4;11.38;1.14;Negativno;Ne
10682;7.0;-59.9;4.65;2.39;Negativno;Ne
10683;4.5;-69.8;9.63;0.39;Negativno;Ne
10684;7.9;-52.2;7.44;0.36;Negativno;Ne
10685;1.6;-43.6;5.45;1.03;Negativno;Ne
10686;2.7;-63.9;8.75;0.28;Negativno;Ne
10687;1.3;-56.4;7.03;0.55;Negativno;Ne
10688;1.5;-53.7;7.64;0.31;Negativno;Ne
10689;3.4;-60.6;7.2;1.19;Negativno;Ne
10690;6.3;-59.8;7.23;0.07;Negativno;Ne
10691;8.8;-48.1;6.98;0.12;Negativno;Ne
10692;9.4;-65.6;5.34;0.97;Negativno;Ne
10693;1.1;-49.8;4.03;1.06;Negativno;Ne
10694;1.4;-60.5;8.14;0.59;Negativno;Ne
10695;4.0;-49.3;4.72;0.65;Negativno;Ne
10696;2.7;-75.5;6.51;0.53;Negativno;Ne
10697;3.5;-62.2;5.13;0.03;Negativno;Ne
10698;14.2;-49.1;7.33;0.83;Negativno;Ne
10699;4.0;-68.7;7.04;0.72;Negativno;Ne
10700;1.0;-54.0;5.21;0.44;Negativno;Ne
10701;2.0;-61.2;8.28;0.3;Negativno;Ne
10702;3.4;-57.4;4.57;0.47;Negativno;Ne
10703;10.7;-56.6;7.14;0.4;Negativno;Ne
10704;2.8;-60.4;4.34;0.45;Negativno;Ne
10705;0.1;-82.2;7.84;0.29;Negativno;Ne
10706;3.7;-73.3;8.97;0.65;Negativno;Ne
10707;2.8;-54.6;8.5;0.45;Negativno;Ne
10708;2.3;-67.7;6.86;1.19;Negativno;Ne
10709;1.2;-51.1;10.08;0.24;Negativno;Ne
10710;2.5;-59.2;5.25;0.07;Negativno;Ne
10711;12.4;-50.7;7.2;0.4;Negativno;Ne
10712;2.4;-45.6;7.44;0.09;Negativno;Ne
10713;0.1;-72.1;9.59;0.5;Negativno;Ne
10714;2.7;-57.2;8.33;0.61;Negativno;Ne
10715;4.6;-59.3;3.28;0.07;Negativno;Ne
10716;0.5;-44.1;4.85;0.0;Negativno;Ne
10717;1.2;-66.2;6.61;0.12;Negativno;Ne
10718;3.8;-66.9;6.85;0.22;Negativno;Ne
10719;1.8;-61.0;7.3;1.3;Negativno;Ne
10720;2.0;-63.4;6.73;0.1;Negativno;Ne
10721;24.7;-69.2;5.14;2.79;Negativno;Ne
10722;0.1;-52.5;4.32;0.3;Negativno;Ne
10723;4.7;-68.2;6.23;0.22;Negativno;Ne
10724;9.0;-40.6;5.69;0.55;Negativno;Ne
10725;0.5;-44.7;4.21;0.28;Negativno;Ne
10726;18.6;-53.9;5.86;0.01;Negativno;Ne
10727;5.3;-73.8;10.56;0.08;Negativno;Ne
10728;1.0;-45.9;6.52;0.17;Negativno;Ne
10729;2.8;-49.4;4.29;0.33;Negativno;Ne
10730;1.4;-41.3;4.49;0.03;Negativno;Ne
10731;2.8;-66.4;6.6;0.56;Negativno;Ne
10732;6.6;-55.9;7.71;0.05;Negativno;Ne
10733;4.0;-61.9;5.47;0.42;Negativno;Ne
10734;7.1;-56.4;7.27;1.0;Negativno;Ne
10735;1.7;-46.0;7.6;0.25;Negativno;Ne
10736;1.0;-56.3;5.53;0.37;Negativno;Ne
10737;8.0;-61.5;5.77;0.82;Negativno;Ne
10738;20.1;-52.2;4.69;0.9;Negativno;Ne
10739;3.2;-56.5;5.09;0.14;Negativno;Ne
10740;2.9;-50.0;10.04;0.22;Negativno;Ne
10741;2.1;-55.7;5.68;0.22;Negativno;Ne
10742;5.8;-77.7;1.61;0.34;Negativno;Ne
10743;7.4;-54.0;6.94;0.32;Negativno;Ne
10744;1.4;-51.9;7.12;0.42;Negativno;Ne
10745;0.6;-78.4;7.38;0.39;Negativno;Ne
10746;10.8;-54.3;6.58;1.68;Negativno;Ne
10747;0.1;-67.1;8.86;0.12;Negativno;Ne
10748;1.3;-54.6;7.43;1.28;Negativno;Ne
10749;2.6;-75.1;8.29;0.17;Negativno;Ne
10750;0.9;-40.1;5.97;0.29;Negativno;Ne
10751;11.3;-38.1;5.76;0.11;Negativno;Ne
10752;4.8;-55.5;7.71;0.17;Negativno;Ne
10753;4.4;-52.6;6.41;0.25;Negativno;Ne
10754;3.6;-59.9;6.0;0.05;Negativno;Ne
10755;1.4;-55.5;5.8;0.01;Negativno;Ne
10756;9.1;-68.6;6.96;0.09;Negativno;Ne
10757;2.5;-87.2;7.97;0.06;Negativno;Ne
10758;0.8;-69.2;2.36;0.64;Negativno;Ne
10759;9.9;-51.6;12.08;0.37;Negativno;Ne
10760;6.6;-57.6;7.96;0.57;Negativno;Ne
10761;0.3;-74.8;9.17;0.32;Negativno;Ne
10762;3.7;-76.1;10.16;0.53;Negativno;Ne
10763;6.2;-78.2;4.84;1.54;Negativno;Ne
10764;3.7;-61.8;8.72;1.81;Negativno;Ne
10765;2.1;-69.6;6.46;0.11;Negativno;Ne
10766;1.0;-67.2;10.14;0.03;Negativno;Ne
10767;11.0;-74.8;3.01;0.02;Negativno;Ne
10768;4.6;-61.2;7.51;0.28;Negativno;Ne
10769;1.1;-66.5;7.65;1.38;Negativno;Ne
10770;1.8;-58.4;6.22;0.02;Negativno;Ne
10771;10.9;-68.1;7.75;0.14;Negativno;Ne
10772;7.0;-64.3;4.57;0.19;Negativno;Ne
10773;12.5;-65.9;6.89;0.06;Negativno;Ne
10774;1.7;-40.2;8.05;0.51;Negativno;Ne
10775;7.0;-67.6;5.66;1.69;Negativno;Ne
10776;0.7;-55.4;5.69;0.51;Negativno;Ne
10777;3.4;-71.6;6.19;0.17;Negativno;Ne
10778;8.5;-50.4;4.78;0.3;Negativno;Ne
10779;1.3;-61.4;8.08;0.25;Negativno;Ne
10780;2.2;-74.4;7.86;0.13;Negativno;Ne
10781;3.7;-67.3;7.08;0.17;Negativno;Ne
10782;17.1;-58.4;8.42;0.27;Negativno;Ne
10783;5.6;-59.9;10.63;0.15;Negativno;Ne
10784;1.8;-37.5;6.98;0.52;Negativno;Ne
10785;3.3;-60.9;8.36;0.52;Negativno;Ne
10786;2.9;-77.2;9.08;0.36;Negativno;Ne
10787;13.5;-46.0;8.73;0.2;Negativno;Ne
10788;4.7;-65.1;11.16;1.02;Negativno;Ne
10789;0.3;-50.8;9.81;0.0;Negativno;Ne
10790;15.1;-66.4;2.17;0.26;Negativno;Ne
10791;3.5;-53.8;4.29;0.01;Negativno;Ne
10792;17.9;-54.6;3.71;0.1;Negativno;Ne
10793;10.4;-77.2;6.18;0.4;Negativno;Ne
10794;4.3;-55.8;10.04;0.15;Negativno;Ne
10795;0.8;-62.8;6.55;0.13;Negativno;Ne
10796;6.6;-54.8;3.39;0.04;Negativno;Ne
10797;5.1;-70.6;9.25;0.08;Negativno;Ne
10798;5.3;-40.1;6.97;0.02;Negativno;Ne
10799;8.6;-57.9;5.44;1.16;Negativno;Ne
10800;6.9;-46.6;2.9;0.36;Negativno;Ne
10801;2.7;-43.5;7.66;1.77;Negativno;Ne
10802;1.3;-59.7;8.94;0.1;Negativno;Ne
10803;14.0;-53.0;6.06;0.01;Negativno;Ne
10804;2.7;-66.1;7.94;0.33;Negativno;Ne
10805;3.0;-48.3;5.76;0.22;Negativno;Ne
10806;0.4;-62.5;5.08;0.76;Negativno;Ne
10807;5.7;-61.7;8.22;0.5;Negativno;Ne
10808;14.0;-63.9;6.54;0.08;Negativno;Ne
10809;0.9;-48.0;4.45;0.17;Negativno;Ne
10810;0.1;-80.9;6.38;0.02;Negativno;Ne
10811;0.4;-55.2;3.98;0.06;Negativno;Ne
10812;13.4;-68.1;8.33;0.11;Negativno;Ne
10813;1.3;-47.9;3.17;1.5;Negativno;Ne
10814;0.1;-53.4;6.28;0.41;Negativno;Ne
10815;11.4;-58.2;9.96;1.63;Negativno;Ne
10816;2.4;-72.2;10.07;0.01;Negativno;Ne
10817;8.3;-88.7;5.08;0.08;Negativno;Ne
10818;1.2;-70.0;5.2;0.02;Negativno;Ne
10819;4.5;-67.0;7.72;1.34;Negativno;Ne
10820;10.5;-63.6;6.56;1.49;Negativno;Ne
10821;37.7;-71.2;8.01;1.06;Negativno;Ne
10822;2.2;-65.5;7.41;0.11;Negativno;Ne
10823;4.3;-66.1;7.95;0.05;Negativno;Ne
10824;2.4;-63.0;6.26;0.64;Negativno;Ne
10825;2.3;-67.1;5.97;0.45;Negativno;Ne
10826;2.7;-68.5;9.08;0.66;Negativno;Ne
10827;16.8;-53.1;2.48;1.06;Negativno;Ne
10828;3.1;-58.0;9.17;0.32;Negativno;Ne
10829;0.2;-57.2;6.46;0.09;Negativno;Ne
10830;4.1;-65.0;9.42;0.28;Negativno;Ne
10831;4.8;-38.9;9.95;0.68;Negativno;Ne
10832;3.9;-72.6;6.74;0.27;Negativno;Ne
10833;0.9;-61.4;4.77;1.03;Negativno;Ne
10834;5.4;-50.5;4.82;0.07;Negativno;Ne
10835;4.0;-65.4;4.36;0.2;Negativno;Ne
10836;3.1;-63.0;8.59;0.11;Negativno;Ne
10837;0.9;-59.6;4.53;0.48;Negativno;Ne
10838;0.4;-68.4;9.23;0.09;Negativno;Ne
10839;2.3;-61.6;2.1;0.39;Negativno;Ne
10840;6.9;-54.2;8.17;0.12;Negativno;Ne
10841;17.2;-48.3;4.39;0.25;Negativno;Ne
10842;0.6;-59.9;3.71;0.85;Negativno;Ne
10843;5.8;-66.1;4.82;0.24;Negativno;Ne
10844;9.8;-54.0;10.06;0.44;Negativno;Ne
10845;27.6;-61.9;6.87;0.79;Negativno;Ne
10846;5.4;-62.4;4.34;0.15;Negativno;Ne
10847;10.7;-55.0;5.43;1.02;Negativno;Ne
10848;2.0;-65.3;8.08;2.32;Negativno;Ne
10849;1.4;-65.4;8.23;0.87;Negativno;Ne
10850;7.4;-60.2;6.84;0.24;Negativno;Ne
10851;7.2;-49.2;3.06;0.72;Negativno;Ne
10852;0.6;-56.9;3.99;0.4;Negativno;Ne
10853;1.5;-56.7;6.09;1.66;Negativno;Ne
10854;6.0;-54.6;4.88;0.05;Negativno;Ne
10855;0.4;-72.9;9.71;1.04;Negativno;Ne
10856;1.1;-76.0;7.05;0.04;Negativno;Ne
10857;4.5;-58.9;10.1;0.2;Negativno;Ne
10858;1.0;-65.6;6.14;0.2;Negativno;Ne
10859;15.5;-55.0;7.89;0.24;Negativno;Ne
10860;0.3;-52.2;8.11;0.11;Negativno;Ne
10861;8.5;-70.6;5.5;1.17;Negativno;Ne
10862;5.2;-65.3;5.45;0.01;Negativno;Ne
10863;2.9;-72.5;6.32;1.63;Negativno;Ne
10864;2.1;-56.6;5.85;1.05;Negativno;Ne
10865;2.8;-60.4;5.43;0.27;Negativno;Ne
10866;1.1;-65.9;5.46;0.71;Negativno;Ne
10867;0.7;-66.9;7.26;1.56;Negativno;Ne
10868;18.0;-72.6;1.63;0.44;Negativno;Ne
10869;2.3;-67.8;3.52;0.12;Negativno;Ne
10870;5.3;-60.2;8.05;1.03;Negativno;Ne
10871;5.7;-59.9;6.96;0.42;Negativno;Ne
10872;0.4;-49.4;7.56;0.51;Negativno;Ne
10873;11.2;-67.0;10.62;0.05;Negativno;Ne
10874;3.0;-66.6;5.94;0.33;Negativno;Ne
10875;3.6;-66.9;6.0;0.4;Negativno;Ne
10876;2.7;-57.7;8.25;1.25;Negativno;Ne
10877;6.7;-47.4;6.52;0.13;Negativno;Ne
10878;7.3;-49.8;6.26;0.47;Negativno;Ne
10879;10.6;-66.7;6.51;0.47;Negativno;Ne
10880;2.4;-70.4;8.23;0.81;Negativno;Ne
10881;9.4;-53.5;4.31;0.29;Negativno;Ne
10882;8.4;-55.7;8.74;0.33;Negativno;Ne
10883;2.2;-55.2;7.92;0.04;Negativno;Ne
10884;0.1;-51.6;5.1;0.23;Negativno;Ne
10885;7.9;-42.7;7.32;0.12;Negativno;Ne
10886;1.7;-48.9;3.43;0.06;Negativno;Ne
10887;6.4;-58.6;6.85;0.13;Negativno;Ne
10888;8.9;-58.4;8.34;0.13;Negativno;Ne
10889;2.0;-70.6;8.7;0.06;Negativno;Ne
10890;40.3;-62.3;5.36;0.31;Negativno;Ne
10891;0.2;-57.0;6.27;0.87;Negativno;Ne
10892;14.4;-47.9;8.4;0.08;Negativno;Ne
10893;5.1;-65.1;2.43;0.03;Negativno;Ne
10894;0.6;-49.2;4.98;1.0;Negativno;Ne
10895;0.3;-43.9;5.82;0.19;Negativno;Ne
10896;0.1;-69.0;7.86;0.27;Negativno;Ne
10897;7.2;-46.8;4.88;0.26;Negativno;Ne
10898;10.2;-73.6;7.66;0.24;Negativno;Ne
10899;14.2;-37.8;8.34;0.33;Negativno;Ne
10900;8.3;-56.4;8.68;0.05;Negativno;Ne
10901;1.7;-37.0;6.29;1.23;Negativno;Ne
10902;4.8;-60.6;7.29;0.39;Negativno;Ne
10903;9.3;-61.0;3.95;0.49;Negativno;Ne
10904;0.4;-45.7;7.06;0.28;Negativno;Ne
10905;5.4;-60.2;4.87;0.18;Negativno;Ne
10906;4.9;-41.7;3.96;0.23;Negativno;Ne
10907;1.5;-64.6;10.01;0.07;Negativno;Ne
10908;6.5;-57.1;7.1;0.56;Negativno;Ne
10909;0.6;-39.8;7.12;0.39;Negativno;Ne
10910;2.2;-51.5;5.64;0.74;Negativno;Ne
10911;3.0;-61.3;5.09;0.34;Negativno;Ne
10912;1.5;-58.0;5.8;0.21;Negativno;Ne
10913;4.0;-54.6;12.51;0.29;Negativno;Ne
10914;2.3;-69.5;6.12;0.33;Negativno;Ne
10915;3.1;-74.2;3.03;2.34;Negativno;Ne
10916;0.5;-57.7;7.35;0.09;Negativno;Ne
10917;5.1;-51.9;9.52;0.06;Negativno;Ne
10918;9.8;-52.6;10.79;0.14;Negativno;Ne
10919;1.6;-64.4;6.33;2.23;Negativno;Ne
10920;4.3;-65.9;9.98;0.44;Negativno;Ne
10921;1.0;-57.6;5.8;1.04;Negativno;Ne
10922;6.7;-44.4;6.35;0.17;Negativno;Ne
10923;9.1;-58.2;5.67;0.01;Negativno;Ne
10924;2.8;-77.5;9.12;0.12;Negativno;Ne
10925;1.8;-67.5;5.24;0.28;Negativno;Ne
10926;3.9;-50.3;8.66;0.07;Negativno;Ne
10927;3.8;-74.6;11.7;0.09;Negativno;Ne
10928;2.0;-60.6;6.6;0.81;Negativno;Ne
10929;4.3;-80.4;8.96;0.86;Negativno;Ne
10930;2.0;-65.3;3.88;1.95;Negativno;Ne
10931;0.6;-65.7;7.9;0.17;Negativno;Ne
10932;6.3;-52.5;9.94;1.0;Negativno;Ne
10933;4.8;-66.7;8.92;0.21;Negativno;Ne
10934;2.1;-68.7;7.5;0.04;Negativno;Ne
10935;1.5;-54.7;5.16;0.3;Pozitivno;Ne
10936;1.5;-66.9;10.14;0.83;Negativno;Ne
10937;1.1;-56.3;6.99;0.45;Negativno;Ne
10938;1.1;-48.6;5.89;0.69;Negativno;Ne
10939;6.4;-68.1;5.75;0.62;Negativno;Ne
10940;2.1;-64.4;8.71;0.04;Negativno;Ne
10941;3.9;-70.9;8.47;0.06;Negativno;Ne
10942;1.1;-55.5;10.03;0.39;Negativno;Ne
10943;4.1;-61.2;6.9;0.55;Negativno;Ne
10944;5.5;-53.6;3.3;0.28;Negativno;Ne
10945;10.5;-79.3;8.46;0.18;Negativno;Ne
10946;3.6;-69.6;4.26;0.05;Negativno;Ne
10947;3.5;-52.4;3.87;0.65;Negativno;Ne
10948;1.8;-52.0;6.81;0.25;Negativno;Ne
10949;11.0;-92.5;6.39;0.07;Negativno;Ne
10950;7.3;-46.8;6.79;0.37;Negativno;Ne
10951;1.9;-58.7;7.75;0.47;Negativno;Ne
10952;3.3;-74.3;4.52;0.62;Negativno;Ne
10953;3.1;-63.7;5.68;0.58;Negativno;Ne
10954;9.4;-62.6;3.57;1.63;Negativno;Ne
10955;1.6;-72.1;4.86;0.02;Negativno;Ne
10956;4.7;-55.9;6.45;0.59;Negativno;Ne
10957;1.1;-71.3;8.04;0.09;Negativno;Ne
10958;17.5;-44.9;8.92;0.46;Negativno;Ne
10959;0.2;-46.2;12.08;1.58;Negativno;Ne
10960;2.4;-52.9;8.22;0.13;Negativno;Ne
10961;9.0;-76.5;9.97;0.58;Negativno;Ne
10962;0.9;-70.4;3.73;1.6;Negativno;Ne
10963;6.7;-61.0;6.3;0.2;Negativno;Ne
10964;1.4;-47.3;7.3;0.24;Negativno;Ne
10965;0.1;-67.5;7.16;0.51;Negativno;Ne
10966;1.0;-51.7;5.94;0.73;Negativno;Ne
10967;3.9;-61.3;7.71;1.22;Negativno;Ne
10968;10.1;-79.5;7.06;1.13;Negativno;Ne
10969;3.9;-50.1;6.54;0.06;Negativno;Ne
10970;3.9;-66.9;4.62;0.1;Negativno;Ne
10971;4.0;-53.2;8.35;0.15;Negativno;Ne
10972;1.7;-47.1;8.04;0.2;Negativno;Ne
10973;8.4;-59.4;6.92;0.4;Negativno;Ne
10974;1.6;-62.7;7.82;0.19;Negativno;Ne
10975;0.7;-70.7;5.11;0.95;Negativno;Ne
10976;6.8;-52.3;6.8;1.28;Negativno;Ne
10977;5.3;-55.3;4.69;0.09;Negativno;Ne
10978;3.7;-56.3;6.63;0.28;Negativno;Ne
10979;0.1;-59.4;5.07;0.81;Negativno;Ne
10980;0.4;-46.7;4.74;0.03;Negativno;Ne
10981;0.4;-60.4;6.57;0.11;Negativno;Ne
10982;12.8;-68.6;6.26;0.18;Negativno;Ne
10983;8.5;-65.1;5.71;0.59;Negativno;Ne
10984;0.3;-65.0;4.56;0.7;Negativno;Ne
10985;5.2;-47.8;7.34;1.03;Negativno;Ne
10986;10.6;-69.5;5.82;0.89;Negativno;Ne
10987;1.9;-61.1;9.01;1.93;Negativno;Ne
10988;0.6;-49.5;9.37;0.12;Negativno;Ne
10989;1.8;-63.3;6.45;0.25;Negativno;Ne
10990;5.7;-53.9;5.04;0.78;Negativno;Ne
10991;9.8;-54.3;5.54;0.16;Negativno;Ne
10992;8.1;-45.5;7.6;0.39;Negativno;Ne
10993;12.3;-70.4;7.39;0.48;Negativno;Ne
10994;2.7;-45.1;7.08;0.02;Negativno;Ne
10995;4.8;-73.9;4.14;1.28;Negativno;Ne
10996;11.4;-57.1;5.19;0.49;Negativno;Ne
10997;1.8;-45.6;9.33;0.35;Negativno;Ne
10998;5.6;-71.4;9.91;1.63;Negativno;Ne
10999;1.7;-67.2;4.87;0.26;Negativno;Ne
11000;0.9;-56.2;11.22;1.14;Negativno;Ne
11001;2.0;-55.6;8.19;0.8;Negativno;Ne
11002;1.9;-56.6;7.17;0.19;Negativno;Ne
11003;1.2;-57.4;9.4;0.47;Negativno;Ne
11004;9.1;-67.5;3.63;0.0;Negativno;Ne
11005;20.2;-53.9;6.62;1.43;Negativno;Ne
11006;0.0;-59.5;5.99;0.07;Negativno;Ne
11007;13.2;-66.5;10.29;0.49;Negativno;Ne
11008;2.4;-53.5;8.06;0.78;Negativno;Ne
11009;3.2;-53.9;8.75;0.29;Negativno;Ne
11010;0.6;-81.3;6.64;0.39;Negativno;Ne
11011;22.9;-68.8;9.4;0.31;Negativno;Ne
11012;4.9;-69.1;7.23;0.12;Negativno;Ne
11013;3.7;-62.4;5.6;3.17;Negativno;Ne
11014;7.9;-40.4;5.59;0.38;Negativno;Ne
11015;0.9;-69.2;6.68;0.41;Negativno;Ne
11016;1.4;-51.5;10.88;0.79;Negativno;Ne
11017;10.8;-55.0;8.44;0.28;Negativno;Ne
11018;4.7;-48.8;8.19;0.25;Negativno;Ne
11019;7.6;-55.3;6.24;1.53;Negativno;Ne
11020;3.2;-71.0;4.98;0.09;Negativno;Ne
11021;4.3;-55.0;6.49;0.37;Negativno;Ne
11022;1.6;-62.8;5.51;1.0;Negativno;Ne
11023;2.3;-46.5;8.9;1.13;Negativno;Ne
11024;15.1;-69.5;6.66;0.72;Negativno;Ne
11025;3.8;-36.7;7.38;0.28;Negativno;Ne
11026;9.2;-65.2;4.73;0.95;Negativno;Ne
11027;15.9;-72.9;7.67;1.84;Negativno;Ne
11028;2.3;-78.6;7.32;1.37;Negativno;Ne
11029;13.5;-57.7;11.14;0.14;Negativno;Ne
11030;3.4;-52.1;8.06;0.31;Negativno;Ne
11031;0.9;-61.2;7.8;0.17;Negativno;Ne
11032;2.5;-65.7;7.07;0.15;Negativno;Ne
11033;0.2;-60.5;9.58;0.69;Negativno;Ne
11034;3.4;-52.9;7.97;0.61;Negativno;Ne
11035;0.6;-66.3;6.7;0.71;Negativno;Ne
11036;3.2;-72.8;6.01;1.04;Negativno;Ne
11037;13.2;-57.8;7.49;2.0;Negativno;Ne
11038;13.0;-50.7;9.27;0.74;Negativno;Ne
11039;1.0;-68.8;7.93;0.3;Negativno;Ne
11040;6.0;-46.1;5.71;0.18;Negativno;Ne
11041;6.4;-45.6;7.52;0.34;Negativno;Ne
11042;1.8;-60.7;2.9;0.34;Negativno;Ne
11043;7.2;-65.6;6.87;0.69;Negativno;Ne
11044;1.0;-76.2;6.46;0.43;Negativno;Ne
11045;5.2;-53.6;3.34;0.23;Negativno;Ne
11046;2.0;-51.3;8.38;0.14;Negativno;Ne
11047;2.4;-44.3;6.15;2.0;Negativno;Ne
11048;15.6;-60.3;8.21;0.2;Negativno;Ne
11049;1.4;-70.5;5.9;1.63;Negativno;Ne
11050;8.8;-60.0;8.71;1.63;Negativno;Ne
11051;10.6;-63.3;7.57;1.08;Negativno;Ne
11052;4.2;-66.6;8.15;1.2;Negativno;Ne
11053;5.9;-51.8;3.41;0.97;Negativno;Ne
11054;4.5;-59.6;4.35;0.47;Negativno;Ne
11055;4.7;-62.3;6.1;0.62;Negativno;Ne
11056;7.5;-37.5;7.79;0.98;Negativno;Ne
11057;0.6;-54.7;7.34;0.34;Negativno;Ne
11058;14.5;-71.1;10.12;1.02;Negativno;Ne
11059;14.6;-50.3;7.67;0.46;Negativno;Ne
11060;2.5;-66.4;5.91;0.4;Negativno;Ne
11061;7.9;-62.7;5.79;0.64;Negativno;Ne
11062;18.5;-62.8;8.42;0.13;Negativno;Ne
11063;0.7;-79.7;9.04;1.51;Negativno;Ne
11064;6.6;-59.5;5.45;0.04;Negativno;Ne
11065;1.5;-54.2;4.32;0.39;Negativno;Ne
11066;7.4;-75.2;8.52;0.5;Negativno;Ne
11067;0.8;-66.2;7.69;0.46;Negativno;Ne
11068;0.3;-60.0;7.22;0.09;Negativno;Ne
11069;0.1;-69.0;7.84;2.61;Negativno;Ne
11070;4.0;-69.2;6.78;0.11;Negativno;Ne
11071;3.1;-73.7;4.63;0.98;Negativno;Ne
11072;15.9;-74.5;5.57;0.24;Negativno;Ne
11073;10.2;-48.7;8.68;0.2;Negativno;Ne
11074;4.9;-53.6;6.89;0.27;Negativno;Ne
11075;1.9;-55.9;7.57;0.1;Negativno;Ne
11076;1.4;-71.3;8.67;0.27;Negativno;Ne
11077;5.3;-77.6;5.23;0.08;Negativno;Ne
11078;9.0;-66.6;9.53;1.48;Negativno;Ne
11079;7.9;-52.3;6.97;0.26;Negativno;Ne
11080;7.9;-56.7;2.26;0.19;Negativno;Ne
11081;1.1;-63.9;8.55;0.69;Negativno;Ne
11082;0.7;-64.6;8.25;0.19;Negativno;Ne
11083;0.4;-60.7;5.8;0.59;Negativno;Ne
11084;3.3;-47.0;7.35;0.1;Negativno;Ne
11085;1.4;-49.9;6.8;0.11;Negativno;Ne
11086;3.4;-59.4;6.7;1.34;Negativno;Ne
11087;7.9;-54.5;8.53;0.27;Negativno;Ne
11088;1.6;-55.0;4.16;0.52;Negativno;Ne
11089;0.2;-49.3;5.16;0.06;Negativno;Ne
11090;0.9;-68.3;10.64;1.45;Negativno;Ne
11091;1.1;-62.5;6.6;0.63;Negativno;Ne
11092;5.2;-71.4;4.64;0.66;Negativno;Ne
11093;13.3;-86.3;7.87;0.34;Negativno;Ne
11094;1.9;-61.8;9.53;0.03;Negativno;Ne
11095;4.8;-55.0;5.73;0.69;Negativno;Ne
11096;3.3;-45.5;8.83;0.19;Negativno;Ne
11097;1.2;-66.2;4.97;0.1;Negativno;Ne
11098;1.2;-56.5;9.09;0.34;Negativno;Ne
11099;5.0;-61.3;9.11;0.61;Negativno;Ne
11100;1.2;-55.6;7.5;1.0;Negativno;Ne
11101;0.9;-48.8;7.61;0.36;Negativno;Ne
11102;7.2;-70.7;9.02;0.63;Negativno;Ne
11103;8.6;-56.7;8.49;0.1;Negativno;Ne
11104;0.1;-61.5;10.57;0.35;Negativno;Ne
11105;7.1;-53.9;5.98;0.29;Negativno;Ne
11106;1.6;-64.1;11.31;0.0;Negativno;Ne
11107;13.2;-61.2;3.48;0.52;Negativno;Ne
11108;3.4;-55.4;4.18;0.22;Negativno;Ne
11109;3.3;-58.0;7.55;0.15;Negativno;Ne
11110;2.1;-47.3;7.46;0.17;Negativno;Ne
11111;5.1;-65.4;8.25;0.96;Negativno;Ne
11112;1.1;-51.3;4.64;0.96;Negativno;Ne
11113;3.6;-63.8;7.57;0.59;Negativno;Ne
11114;0.4;-74.7;2.65;0.51;Negativno;Ne
11115;2.6;-67.2;7.37;0.59;Negativno;Ne
11116;7.3;-76.7;5.31;1.21;Negativno;Ne
11117;3.4;-69.9;7.3;1.11;Negativno;Ne
11118;2.4;-58.9;4.95;0.18;Negativno;Ne
11119;4.0;-53.4;1.85;0.86;Negativno;Ne
11120;3.2;-59.2;7.64;0.32;Negativno;Ne
11121;5.1;-53.0;10.72;0.49;Negativno;Ne
11122;4.8;-64.4;6.92;0.02;Negativno;Ne
11123;2.2;-63.4;8.63;0.91;Negativno;Ne
11124;2.8;-74.2;6.23;0.9;Negativno;Ne
11125;0.8;-74.0;6.81;0.86;Negativno;Ne
11126;3.9;-71.3;10.04;0.04;Negativno;Ne
11127;2.6;-52.2;6.68;0.0;Negativno;Ne
11128;5.9;-67.4;8.16;0.37;Negativno;Ne
11129;13.0;-65.1;6.52;0.78;Negativno;Ne
11130;6.0;-64.1;4.65;0.04;Negativno;Ne
11131;4.1;-50.6;9.71;0.96;Negativno;Ne
11132;4.8;-33.4;8.45;1.0;Negativno;Ne
11133;0.4;-72.8;8.34;0.37;Negativno;Ne
11134;1.6;-57.5;8.78;0.28;Negativno;Ne
11135;29.9;-65.4;4.44;0.43;Negativno;Ne
11136;3.9;-69.4;7.88;0.2;Negativno;Ne
11137;2.5;-46.6;10.14;0.17;Negativno;Ne
11138;7.2;-71.6;7.49;0.2;Negativno;Ne
11139;0.5;-41.9;6.38;0.81;Negativno;Ne
11140;1.6;-62.9;11.25;1.67;Negativno;Ne
11141;1.0;-53.1;8.69;0.02;Negativno;Ne
11142;2.0;-37.8;3.71;0.49;Negativno;Ne
11143;1.1;-52.3;6.93;0.06;Negativno;Ne
11144;2.7;-38.8;9.59;0.58;Negativno;Ne
11145;16.1;-63.5;7.02;0.51;Negativno;Ne
11146;6.7;-62.7;6.08;0.14;Negativno;Ne
11147;3.7;-61.6;7.64;0.12;Negativno;Ne
11148;1.6;-57.8;6.88;0.28;Negativno;Ne
11149;0.6;-54.5;9.28;0.2;Negativno;Ne
11150;1.2;-69.9;8.96;0.32;Negativno;Ne
11151;2.6;-60.3;6.08;0.48;Negativno;Ne
11152;0.7;-67.9;9.42;0.31;Negativno;Ne
11153;4.4;-80.7;8.97;0.51;Negativno;Ne
11154;2.7;-54.6;6.78;0.31;Negativno;Ne
11155;2.6;-48.8;3.09;0.62;Negativno;Ne
11156;34.8;-39.0;5.85;0.94;Negativno;Ne
11157;0.6;-56.9;9.03;0.2;Negativno;Ne
11158;0.4;-53.5;7.54;0.13;Negativno;Ne
11159;0.1;-60.2;4.8;0.12;Negativno;Ne
11160;0.8;-80.0;5.25;1.13;Negativno;Ne
11161;7.0;-54.6;6.84;0.83;Negativno;Ne
11162;1.9;-51.6;7.63;0.38;Negativno;Ne
11163;1.9;-50.9;6.37;0.23;Negativno;Ne
11164;3.9;-53.7;6.68;0.81;Negativno;Ne
11165;7.0;-68.7;6.94;0.95;Negativno;Ne
11166;11.0;-56.8;6.92;0.27;Negativno;Ne
11167;4.2;-73.7;4.11;0.41;Negativno;Ne
11168;2.0;-75.5;5.47;0.73;Negativno;Ne
11169;3.1;-42.4;5.91;0.27;Negativno;Ne
11170;1.8;-37.4;4.99;0.28;Negativno;Ne
11171;8.7;-60.4;5.38;1.13;Negativno;Ne
11172;4.2;-52.2;11.13;0.5;Negativno;Ne
11173;0.6;-54.5;12.56;0.4;Negativno;Ne
11174;4.8;-58.5;9.72;1.57;Negativno;Ne
11175;1.2;-60.0;6.29;0.18;Negativno;Ne
11176;4.9;-57.4;3.82;0.52;Negativno;Ne
11177;2.1;-69.9;5.46;0.35;Negativno;Ne
11178;9.8;-49.9;4.29;0.06;Negativno;Ne
11179;0.6;-71.4;6.54;0.31;Negativno;Ne
11180;3.4;-61.6;7.66;0.21;Negativno;Ne
11181;10.1;-57.9;5.69;0.66;Negativno;Ne
11182;1.3;-59.3;7.4;0.42;Negativno;Ne
11183;1.1;-64.7;8.74;0.62;Negativno;Ne
11184;25.8;-63.5;10.05;0.81;Negativno;Ne
11185;0.9;-66.7;6.44;0.39;Negativno;Ne
11186;4.7;-55.0;7.57;0.49;Negativno;Ne
11187;1.2;-61.6;8.2;0.29;Negativno;Ne
11188;5.1;-75.6;2.58;0.46;Negativno;Ne
11189;0.8;-42.3;4.83;0.17;Negativno;Ne
11190;6.4;-40.8;3.7;0.91;Negativno;Ne
11191;4.0;-65.2;7.04;0.07;Negativno;Ne
11192;0.2;-64.2;6.58;0.03;Negativno;Ne
11193;5.9;-54.4;8.79;0.44;Negativno;Ne
11194;13.4;-70.3;9.81;0.44;Negativno;Ne
11195;1.1;-58.2;5.37;0.54;Negativno;Ne
11196;5.2;-68.3;7.25;0.47;Negativno;Ne
11197;8.0;-52.2;5.37;1.85;Negativno;Ne
11198;11.1;-53.7;4.98;0.4;Negativno;Ne
11199;7.1;-51.1;6.42;0.48;Negativno;Ne
11200;3.6;-56.5;5.9;1.42;Negativno;Ne
11201;0.2;-71.4;10.17;0.02;Negativno;Ne
11202;7.5;-66.9;9.54;0.52;Negativno;Ne
11203;10.1;-68.4;7.29;0.23;Pozitivno;Ne
11204;4.0;-40.1;4.06;0.1;Negativno;Ne
11205;2.7;-51.3;11.33;0.25;Negativno;Ne
11206;5.3;-73.7;5.75;0.16;Negativno;Ne
11207;0.6;-48.0;8.48;0.08;Negativno;Ne
11208;1.7;-48.9;4.41;0.99;Negativno;Ne
11209;18.7;-55.4;6.33;0.0;Negativno;Ne
11210;1.2;-57.9;9.15;1.13;Negativno;Ne
11211;4.5;-62.0;8.24;0.39;Negativno;Ne
11212;3.4;-48.4;8.48;0.0;Negativno;Ne
11213;1.1;-69.9;7.49;0.14;Negativno;Ne
11214;4.5;-51.4;6.64;0.07;Negativno;Ne
11215;0.0;-54.8;7.0;0.99;Negativno;Ne
11216;1.5;-58.6;8.32;0.27;Negativno;Ne
11217;2.1;-50.8;10.45;0.7;Negativno;Ne
11218;1.6;-69.7;8.74;0.9;Negativno;Ne
11219;3.4;-64.3;3.24;0.82;Negativno;Ne
11220;1.6;-67.0;8.62;0.27;Negativno;Ne
11221;0.8;-53.7;6.86;1.12;Negativno;Ne
11222;3.7;-60.1;6.45;0.1;Negativno;Ne
11223;4.8;-52.0;4.95;0.18;Negativno;Ne
11224;13.5;-58.1;8.01;1.27;Negativno;Ne
11225;1.3;-66.2;7.82;0.01;Negativno;Ne
11226;5.0;-67.7;5.82;0.37;Negativno;Ne
11227;6.1;-60.4;5.74;0.55;Negativno;Ne
11228;5.1;-63.5;7.73;0.15;Negativno;Ne
11229;5.0;-77.1;6.82;0.71;Negativno;Ne
11230;16.5;-71.4;4.58;1.72;Negativno;Ne
11231;18.7;-50.4;10.75;0.8;Negativno;Ne
11232;3.2;-59.3;8.31;0.13;Negativno;Ne
11233;1.2;-61.0;5.99;0.66;Negativno;Ne
11234;1.7;-65.7;7.72;1.22;Negativno;Ne
11235;2.5;-62.5;7.81;0.03;Negativno;Ne
11236;2.8;-47.8;3.0;0.64;Negativno;Ne
11237;9.3;-74.1;6.81;0.32;Negativno;Ne
11238;7.9;-44.7;6.23;1.01;Negativno;Ne
11239;0.2;-59.2;6.07;0.05;Negativno;Ne
11240;1.0;-51.7;6.97;0.49;Negativno;Ne
11241;14.5;-77.6;6.42;0.49;Negativno;Ne
11242;9.0;-57.0;7.15;0.04;Negativno;Ne
11243;0.8;-46.4;5.04;0.19;Negativno;Ne
11244;6.6;-61.9;6.34;0.74;Negativno;Ne
11245;4.7;-64.3;4.95;0.2;Negativno;Ne
11246;0.9;-66.4;7.96;0.19;Negativno;Ne
11247;7.1;-55.6;9.15;0.44;Negativno;Ne
11248;1.7;-67.0;3.19;0.45;Negativno;Ne
11249;19.0;-65.8;6.45;0.77;Negativno;Ne
11250;6.9;-58.0;5.04;0.05;Negativno;Ne
11251;10.3;-52.2;6.45;0.06;Negativno;Ne
11252;5.7;-59.3;8.93;0.19;Negativno;Ne
11253;0.4;-67.5;6.56;0.19;Negativno;Ne
11254;23.4;-61.4;6.12;0.16;Negativno;Ne
11255;25.3;-58.2;5.87;0.59;Negativno;Ne
11256;5.2;-72.2;11.13;0.85;Pozitivno;Ne
11257;1.8;-48.4;7.73;0.68;Negativno;Ne
11258;5.3;-65.4;5.4;0.64;Negativno;Ne
11259;0.2;-64.6;4.57;0.17;Negativno;Ne
11260;5.7;-69.0;8.01;0.49;Negativno;Ne
11261;10.5;-89.8;4.98;1.35;Negativno;Ne
11262;1.9;-46.6;3.41;0.01;Negativno;Ne
11263;27.0;-46.6;7.3;0.35;Negativno;Ne
11264;5.1;-55.8;3.46;0.49;Negativno;Ne
11265;5.4;-64.7;7.65;0.05;Negativno;Ne
11266;7.4;-64.6;8.24;1.87;Negativno;Ne
11267;13.1;-59.6;6.86;0.39;Negativno;Ne
11268;5.7;-68.6;10.19;0.52;Negativno;Ne
11269;3.1;-54.7;4.96;0.21;Negativno;Ne
11270;0.6;-67.9;4.89;0.8;Negativno;Ne
11271;0.4;-72.9;6.25;0.22;Negativno;Ne
11272;10.7;-50.4;3.28;0.46;Negativno;Ne
11273;5.5;-77.1;8.39;0.01;Negativno;Ne
11274;0.6;-63.1;6.4;0.4;Negativno;Ne
11275;1.9;-62.6;10.48;0.72;Negativno;Ne
11276;1.3;-47.1;5.58;0.36;Negativno;Ne
11277;3.0;-35.9;5.71;0.71;Negativno;Ne
11278;0.4;-60.8;8.49;0.96;Negativno;Ne
11279;23.5;-51.3;4.66;1.34;Negativno;Ne
11280;2.2;-58.5;12.25;0.45;Negativno;Ne
11281;1.2;-52.5;5.57;1.75;Negativno;Ne
11282;16.4;-53.6;4.33;0.0;Negativno;Ne
11283;5.1;-66.0;4.94;0.02;Negativno;Ne
11284;6.5;-69.6;9.34;0.12;Negativno;Ne
11285;5.5;-74.5;6.25;0.7;Negativno;Ne
11286;8.9;-34.1;9.17;1.52;Negativno;Ne
11287;14.8;-53.5;5.24;1.49;Negativno;Ne
11288;6.3;-65.4;6.3;0.34;Negativno;Ne
11289;2.3;-56.3;4.37;0.53;Negativno;Ne
11290;5.8;-74.9;5.94;0.13;Negativno;Ne
11291;1.3;-54.5;6.04;0.21;Negativno;Ne
11292;0.8;-60.8;7.39;0.21;Pozitivno;Ne
11293;3.3;-73.2;8.24;0.33;Negativno;Ne
11294;20.1;-60.5;9.12;0.9;Negativno;Ne
11295;0.2;-67.4;5.04;0.2;Negativno;Ne
11296;22.9;-73.6;7.27;0.32;Negativno;Ne
11297;3.5;-42.5;7.37;0.53;Negativno;Ne
11298;4.3;-67.4;7.47;0.33;Negativno;Ne
11299;6.0;-70.5;10.31;0.4;Negativno;Ne
11300;3.8;-55.1;8.71;1.33;Negativno;Ne
11301;6.3;-72.3;7.27;0.11;Negativno;Ne
11302;1.2;-52.0;3.81;0.62;Negativno;Ne
11303;5.4;-63.9;7.89;0.47;Negativno;Ne
11304;0.5;-41.1;6.5;1.13;Negativno;Ne
11305;2.3;-69.1;5.83;2.3;Negativno;Ne
11306;2.9;-52.6;8.56;0.3;Negativno;Ne
11307;3.1;-57.1;10.43;0.41;Negativno;Ne
11308;4.2;-72.2;5.68;0.01;Negativno;Ne
11309;26.5;-50.0;3.64;0.33;Negativno;Ne
11310;10.3;-79.7;8.65;0.47;Negativno;Ne
11311;1.5;-70.2;3.97;0.43;Negativno;Ne
11312;1.0;-80.2;9.08;0.17;Negativno;Ne
11313;15.6;-58.9;7.09;0.47;Negativno;Ne
11314;23.5;-57.5;6.84;0.44;Negativno;Ne
11315;2.6;-62.2;10.03;0.5;Negativno;Ne
11316;25.2;-61.7;8.55;0.04;Negativno;Ne
11317;7.3;-45.5;6.11;0.95;Negativno;Ne
11318;3.1;-54.3;8.7;0.04;Negativno;Ne
11319;2.0;-85.6;4.54;0.06;Negativno;Ne
11320;10.2;-67.0;9.5;0.07;Negativno;Ne
11321;0.7;-81.6;10.46;0.17;Negativno;Ne
11322;6.2;-72.9;8.04;0.12;Negativno;Ne
11323;17.5;-43.3;7.55;0.89;Negativno;Ne
11324;0.2;-82.6;7.63;1.49;Negativno;Ne
11325;7.5;-72.5;4.31;0.2;Negativno;Ne
11326;1.3;-64.0;9.91;2.02;Negativno;Ne
11327;3.2;-61.9;9.56;0.05;Negativno;Ne
11328;0.6;-56.2;6.92;0.15;Negativno;Ne
11329;8.2;-54.6;6.93;0.28;Negativno;Ne
11330;0.0;-76.6;2.11;1.5;Negativno;Ne
11331;0.5;-68.5;5.02;0.47;Negativno;Ne
11332;3.1;-55.0;9.03;0.12;Negativno;Ne
11333;3.2;-56.4;5.14;0.71;Negativno;Ne
11334;2.6;-77.8;6.17;0.48;Negativno;Ne
11335;1.0;-64.6;8.23;0.51;Negativno;Ne
11336;1.4;-61.4;9.23;1.15;Negativno;Ne
11337;7.6;-69.4;10.5;0.52;Negativno;Ne
11338;6.0;-64.5;6.35;0.44;Negativno;Ne
11339;5.5;-60.0;4.69;0.29;Negativno;Ne
11340;5.0;-67.4;4.18;0.24;Negativno;Ne
11341;6.7;-67.0;9.16;0.74;Negativno;Ne
11342;2.2;-55.8;10.22;0.22;Negativno;Ne
11343;3.4;-48.2;9.83;0.82;Negativno;Ne
11344;17.7;-57.7;7.45;0.09;Negativno;Ne
11345;0.6;-78.3;6.46;0.21;Negativno;Ne
11346;5.0;-77.6;7.54;0.1;Negativno;Ne
11347;1.5;-55.5;7.12;0.34;Negativno;Ne
11348;4.9;-34.0;6.65;0.4;Negativno;Ne
11349;0.1;-77.5;8.35;0.7;Negativno;Ne
11350;1.8;-59.4;7.8;0.1;Negativno;Ne
11351;12.6;-56.3;6.65;0.25;Negativno;Ne
11352;0.1;-59.6;9.17;0.14;Negativno;Ne
11353;5.6;-61.0;4.45;0.58;Negativno;Ne
11354;12.4;-64.2;4.26;0.07;Negativno;Ne
11355;3.0;-60.4;8.31;0.6;Negativno;Ne
11356;5.2;-77.8;6.92;0.48;Negativno;Ne
11357;0.8;-60.7;8.88;0.14;Negativno;Ne
11358;4.8;-63.9;7.38;1.06;Negativno;Ne
11359;11.4;-74.0;5.75;0.22;Negativno;Ne
11360;5.0;-45.2;5.44;0.1;Negativno;Ne
11361;0.2;-65.3;8.05;0.11;Negativno;Ne
11362;4.3;-49.5;8.59;0.0;Negativno;Ne
11363;7.4;-53.3;10.59;0.21;Negativno;Ne
11364;0.4;-45.2;8.87;1.08;Negativno;Ne
11365;6.7;-32.9;9.74;0.35;Negativno;Ne
11366;0.6;-71.6;7.84;0.53;Negativno;Ne
11367;2.3;-57.5;7.04;1.77;Negativno;Ne
11368;0.7;-57.7;9.57;0.27;Negativno;Ne
11369;0.7;-42.5;9.2;0.75;Negativno;Ne
11370;4.6;-60.1;5.98;1.08;Negativno;Ne
11371;4.3;-55.4;7.87;0.0;Negativno;Ne
11372;12.9;-58.7;6.71;0.32;Negativno;Ne
11373;0.0;-61.7;5.1;0.43;Negativno;Ne
11374;0.6;-76.0;7.88;0.53;Negativno;Ne
11375;0.9;-61.6;3.53;0.08;Negativno;Ne
11376;0.8;-51.5;8.79;0.28;Negativno;Ne
11377;0.7;-58.6;7.68;1.35;Negativno;Ne
11378;4.5;-48.4;8.66;0.86;Negativno;Ne
11379;1.1;-56.8;4.52;0.48;Negativno;Ne
11380;2.3;-50.7;6.6;0.25;Negativno;Ne
11381;3.1;-68.4;5.07;0.16;Negativno;Ne
11382;3.1;-63.2;8.3;0.62;Negativno;Ne
11383;8.0;-49.6;5.35;1.08;Negativno;Ne
11384;0.5;-69.2;6.29;0.55;Negativno;Ne
11385;2.6;-79.5;5.96;0.17;Negativno;Ne
11386;7.4;-60.4;3.92;0.27;Negativno;Ne
11387;7.8;-66.5;7.74;1.92;Negativno;Ne
11388;5.7;-60.1;7.84;0.2;Negativno;Ne
11389;1.1;-68.7;8.14;0.02;Negativno;Ne
11390;2.9;-80.0;9.34;0.52;Negativno;Ne
11391;6.9;-71.8;7.2;0.59;Negativno;Ne
11392;9.9;-52.8;7.27;0.61;Negativno;Ne
11393;8.2;-47.1;12.49;0.42;Negativno;Ne
11394;15.1;-61.0;7.44;0.65;Negativno;Ne
11395;2.0;-59.6;7.08;0.04;Negativno;Ne
11396;0.8;-57.6;7.9;0.04;Negativno;Ne
11397;1.6;-51.8;7.03;0.66;Negativno;Ne
11398;2.8;-72.2;3.46;0.72;Negativno;Ne
11399;4.6;-43.6;3.34;0.08;Negativno;Ne
11400;2.0;-68.5;5.64;0.16;Negativno;Ne
11401;2.2;-53.8;5.78;0.24;Negativno;Ne
11402;1.5;-55.2;9.04;0.03;Negativno;Ne
11403;1.3;-62.1;8.0;0.38;Negativno;Ne
11404;7.8;-66.8;5.6;0.14;Negativno;Ne
11405;7.5;-75.0;9.16;0.08;Negativno;Ne
11406;2.1;-59.5;8.43;0.06;Negativno;Ne
11407;11.8;-51.6;4.39;0.38;Negativno;Ne
11408;1.5;-45.6;6.46;0.04;Negativno;Ne
11409;2.9;-44.8;8.6;0.38;Negativno;Ne
11410;0.1;-57.6;8.61;0.94;Negativno;Ne
11411;6.0;-61.4;6.0;0.05;Negativno;Ne
11412;0.5;-60.8;8.75;0.41;Negativno;Ne
11413;4.8;-36.3;7.27;0.69;Negativno;Ne
11414;6.3;-55.2;6.55;0.41;Negativno;Ne
11415;1.9;-57.1;6.56;0.03;Negativno;Ne
11416;7.3;-59.5;8.8;0.07;Negativno;Ne
11417;4.4;-54.1;7.38;0.11;Negativno;Ne
11418;12.6;-67.2;8.05;0.16;Negativno;Ne
11419;1.6;-68.5;3.51;0.09;Negativno;Ne
11420;8.7;-74.9;8.23;0.05;Negativno;Ne
11421;11.7;-64.7;6.01;0.81;Negativno;Ne
11422;0.5;-65.1;4.45;0.24;Negativno;Ne
11423;7.1;-75.7;6.04;0.07;Negativno;Ne
11424;7.7;-68.7;10.89;0.15;Negativno;Ne
11425;1.9;-65.0;6.8;0.52;Negativno;Ne
11426;18.2;-49.4;7.47;0.17;Negativno;Ne
11427;17.3;-63.0;7.57;0.67;Negativno;Ne
11428;4.2;-54.9;4.2;0.96;Negativno;Ne
11429;0.1;-59.7;6.95;0.16;Negativno;Ne
11430;8.1;-51.7;5.66;0.04;Negativno;Ne
11431;11.6;-47.2;8.17;0.1;Negativno;Ne
11432;1.9;-77.5;7.51;0.15;Negativno;Ne
11433;3.3;-67.9;10.64;0.15;Negativno;Ne
11434;2.1;-64.6;7.77;0.72;Negativno;Ne
11435;7.5;-54.8;3.17;0.09;Negativno;Ne
11436;1.6;-65.7;10.14;0.61;Negativno;Ne
11437;11.9;-60.3;7.68;1.49;Negativno;Ne
11438;5.6;-61.1;9.7;0.21;Negativno;Ne
11439;8.2;-60.3;8.34;0.47;Negativno;Ne
11440;6.7;-43.7;4.48;0.93;Negativno;Ne
11441;1.2;-71.2;3.84;0.08;Negativno;Ne
11442;0.4;-64.9;8.72;0.05;Negativno;Ne
11443;0.4;-59.5;4.33;0.15;Negativno;Ne
11444;0.3;-56.5;5.77;0.3;Negativno;Ne
11445;13.2;-53.4;7.91;0.16;Negativno;Ne
11446;4.9;-47.6;9.55;0.35;Negativno;Ne
11447;1.4;-60.5;8.57;0.05;Negativno;Ne
11448;9.9;-70.2;6.77;2.02;Negativno;Ne
11449;2.8;-54.4;4.79;0.5;Negativno;Ne
11450;17.5;-63.4;8.45;1.54;Negativno;Ne
11451;0.1;-56.0;7.14;0.17;Negativno;Ne
11452;5.1;-62.7;9.1;0.5;Negativno;Ne
11453;4.4;-59.2;9.49;0.82;Negativno;Ne
11454;0.2;-60.2;6.13;0.02;Negativno;Ne
11455;5.8;-66.8;6.03;0.14;Negativno;Ne
11456;5.1;-75.3;3.81;0.6;Negativno;Ne
11457;12.6;-66.8;6.33;0.06;Negativno;Ne
11458;10.3;-36.2;2.96;2.76;Negativno;Ne
11459;0.1;-63.3;3.51;0.06;Negativno;Ne
11460;0.7;-76.4;7.42;0.06;Negativno;Ne
11461;5.6;-55.7;5.54;0.87;Negativno;Ne
11462;2.9;-81.0;5.94;0.0;Negativno;Ne
11463;8.0;-40.5;8.74;0.12;Negativno;Ne
11464;4.2;-65.6;8.08;0.93;Negativno;Ne
11465;11.6;-42.2;6.89;0.15;Negativno;Ne
11466;0.5;-64.0;2.87;0.22;Negativno;Ne
11467;4.8;-63.5;8.19;0.66;Negativno;Ne
11468;4.4;-55.7;5.85;1.28;Negativno;Ne
11469;0.5;-50.1;6.2;0.28;Negativno;Ne
11470;6.6;-69.1;7.98;0.65;Negativno;Ne
11471;0.6;-69.5;5.85;1.67;Negativno;Ne
11472;2.1;-59.1;6.24;0.22;Negativno;Ne
11473;3.9;-60.0;8.04;1.2;Negativno;Ne
11474;2.6;-66.3;8.8;0.15;Negativno;Ne
11475;8.2;-46.0;3.45;0.07;Negativno;Ne
11476;0.1;-54.5;7.68;0.06;Negativno;Ne
11477;0.7;-59.6;7.18;0.0;Negativno;Ne
11478;0.3;-51.2;4.47;0.03;Negativno;Ne
11479;8.9;-76.5;6.27;0.15;Negativno;Ne
11480;1.6;-51.4;6.77;0.14;Negativno;Ne
11481;3.3;-48.7;8.97;0.33;Negativno;Ne
11482;2.9;-58.1;6.89;0.49;Negativno;Ne
11483;1.0;-57.5;6.39;0.55;Negativno;Ne
11484;0.3;-47.2;4.26;0.59;Pozitivno;Ne
11485;1.8;-68.3;6.07;0.22;Negativno;Ne
11486;11.5;-70.9;9.59;0.37;Negativno;Ne
11487;0.0;-61.7;6.24;0.1;Negativno;Ne
11488;1.2;-51.3;5.89;0.66;Negativno;Ne
11489;0.3;-50.4;8.18;0.49;Negativno;Ne
11490;6.9;-67.5;10.7;0.37;Negativno;Ne
11491;8.4;-66.7;7.29;0.25;Negativno;Ne
11492;0.9;-57.8;6.59;0.53;Negativno;Ne
11493;8.1;-49.8;5.99;0.34;Negativno;Ne
11494;0.5;-45.6;6.16;1.14;Negativno;Ne
11495;3.4;-34.8;7.83;1.47;Negativno;Ne
11496;0.4;-55.1;3.61;0.33;Negativno;Ne
11497;2.9;-61.4;7.65;0.37;Negativno;Ne
11498;6.0;-68.2;7.78;0.09;Negativno;Ne
11499;11.2;-54.8;5.69;0.17;Negativno;Ne
11500;7.0;-67.0;9.21;0.09;Negativno;Ne
11501;13.3;-71.5;8.48;0.42;Negativno;Ne
11502;12.9;-54.1;5.44;0.09;Negativno;Ne
11503;0.3;-68.6;9.74;0.47;Negativno;Ne
11504;9.3;-68.2;6.09;0.01;Negativno;Ne
11505;2.3;-66.0;4.22;0.25;Negativno;Ne
11506;4.3;-61.6;8.64;0.44;Negativno;Ne
11507;8.3;-67.9;7.71;1.95;Negativno;Ne
11508;1.0;-58.0;10.77;0.57;Negativno;Ne
11509;3.8;-73.5;8.63;0.38;Negativno;Ne
11510;1.7;-50.1;6.88;0.24;Negativno;Ne
11511;3.1;-46.5;4.59;0.91;Negativno;Ne
11512;1.1;-65.6;6.28;0.21;Negativno;Ne
11513;3.4;-56.0;6.79;0.31;Negativno;Ne
11514;1.3;-44.2;9.66;0.02;Negativno;Ne
11515;0.3;-53.2;5.8;3.3;Negativno;Ne
11516;0.6;-55.8;7.71;0.41;Negativno;Ne
11517;4.0;-56.1;6.86;0.16;Negativno;Ne
11518;1.3;-61.1;8.8;0.91;Negativno;Ne
11519;0.0;-82.3;7.1;0.24;Negativno;Ne
11520;1.1;-58.5;5.83;1.43;Negativno;Ne
11521;3.2;-54.2;7.54;0.38;Negativno;Ne
11522;8.0;-62.0;8.01;0.29;Negativno;Ne
11523;1.8;-54.1;10.83;0.74;Pozitivno;Ne
11524;2.8;-54.7;5.43;1.35;Negativno;Ne
11525;2.7;-52.4;7.65;1.42;Negativno;Ne
11526;4.0;-34.9;4.67;0.21;Negativno;Ne
11527;2.2;-62.9;7.16;0.58;Negativno;Ne
11528;0.5;-48.6;5.91;0.92;Negativno;Ne
11529;5.7;-56.7;11.38;0.42;Negativno;Ne
11530;4.6;-50.4;6.81;0.67;Negativno;Ne
11531;2.5;-65.8;5.75;0.07;Negativno;Ne
11532;6.4;-61.2;7.75;0.08;Negativno;Ne
11533;3.7;-41.2;5.79;0.23;Negativno;Ne
11534;0.2;-69.4;10.58;0.95;Negativno;Ne
11535;2.6;-55.3;5.37;0.64;Negativno;Ne
11536;5.3;-69.0;8.7;0.09;Negativno;Ne
11537;2.7;-55.6;5.24;0.42;Negativno;Ne
11538;11.8;-50.2;4.86;0.41;Negativno;Ne
11539;0.4;-74.0;3.83;0.23;Negativno;Ne
11540;2.7;-55.3;5.19;1.25;Negativno;Ne
11541;5.9;-27.8;4.68;0.13;Negativno;Ne
11542;5.3;-54.0;5.3;0.2;Negativno;Ne
11543;3.3;-73.7;6.51;0.18;Negativno;Ne
11544;6.5;-66.6;5.6;0.74;Negativno;Ne
11545;3.3;-53.3;3.21;0.41;Negativno;Ne
11546;5.9;-57.7;5.98;0.12;Negativno;Ne
11547;10.5;-71.5;6.35;0.11;Negativno;Ne
11548;1.6;-54.5;7.79;0.47;Negativno;Ne
11549;4.0;-40.3;7.27;0.02;Negativno;Ne
11550;0.5;-70.3;3.97;0.19;Negativno;Ne
11551;0.5;-69.7;7.82;0.24;Negativno;Ne
11552;1.4;-53.1;4.04;0.21;Negativno;Ne
11553;4.9;-77.6;8.6;0.23;Negativno;Ne
11554;8.5;-55.4;6.57;0.6;Negativno;Ne
11555;7.1;-56.2;8.37;0.32;Negativno;Ne
11556;4.9;-80.7;4.58;0.76;Negativno;Ne
11557;4.8;-52.0;6.19;0.31;Negativno;Ne
11558;7.9;-65.6;6.18;1.6;Negativno;Ne
11559;0.7;-74.6;7.17;0.19;Negativno;Ne
11560;1.9;-46.4;9.15;0.11;Negativno;Ne
11561;0.4;-62.5;4.3;0.32;Negativno;Ne
11562;2.9;-75.0;8.23;0.65;Negativno;Ne
11563;2.8;-58.3;8.31;0.21;Negativno;Ne
11564;11.3;-46.1;3.54;0.01;Negativno;Ne
11565;1.1;-73.6;6.53;0.05;Negativno;Ne
11566;13.4;-71.7;5.71;0.05;Negativno;Ne
11567;7.3;-64.0;6.97;0.25;Negativno;Ne
11568;0.2;-43.8;3.38;0.49;Negativno;Ne
11569;2.2;-44.6;9.54;0.12;Negativno;Ne
11570;2.1;-60.7;3.29;0.47;Negativno;Ne
11571;10.7;-65.4;5.88;0.18;Negativno;Ne
11572;1.9;-37.4;9.02;1.01;Negativno;Ne
11573;7.4;-56.2;10.67;0.86;Negativno;Ne
11574;5.7;-61.5;9.89;0.63;Negativno;Ne
11575;13.1;-71.2;7.29;0.85;Negativno;Ne
11576;0.7;-57.6;9.9;0.21;Negativno;Ne
11577;1.8;-54.1;8.04;0.13;Negativno;Ne
11578;1.1;-42.2;10.41;1.36;Negativno;Ne
11579;3.0;-55.0;9.54;0.05;Negativno;Ne
11580;8.6;-53.0;7.03;1.76;Negativno;Ne
11581;9.1;-72.3;8.08;0.95;Negativno;Ne
11582;13.2;-59.2;4.04;0.62;Negativno;Ne
11583;7.0;-65.2;6.64;1.24;Negativno;Ne
11584;2.7;-71.3;7.81;0.45;Negativno;Ne
11585;4.5;-69.2;6.83;0.83;Negativno;Ne
11586;6.6;-55.5;8.75;0.06;Negativno;Ne
11587;2.1;-62.8;7.11;0.16;Negativno;Ne
11588;9.8;-59.9;5.25;0.91;Negativno;Ne
11589;0.0;-55.0;8.97;0.43;Negativno;Ne
11590;3.5;-65.9;4.15;0.21;Negativno;Ne
11591;0.3;-63.1;4.79;0.14;Negativno;Ne
11592;8.4;-67.6;7.08;0.02;Negativno;Ne
11593;6.1;-51.5;5.32;0.78;Negativno;Ne
11594;2.0;-67.2;0.0;1.46;Negativno;Ne
11595;7.8;-50.8;5.05;0.65;Negativno;Ne
11596;2.8;-41.6;6.83;0.02;Negativno;Ne
11597;12.1;-63.6;7.66;0.2;Negativno;Ne
11598;0.2;-46.3;8.08;0.14;Negativno;Ne
11599;11.4;-64.0;6.02;0.6;Negativno;Ne
11600;3.1;-74.6;7.73;0.41;Negativno;Ne
11601;9.7;-51.3;7.93;0.44;Negativno;Ne
11602;5.3;-58.9;7.71;0.05;Negativno;Ne
11603;3.3;-55.6;10.18;0.65;Negativno;Ne
11604;7.0;-60.5;5.21;0.09;Negativno;Ne
11605;4.7;-47.5;8.0;1.1;Negativno;Ne
11606;4.8;-55.6;10.42;0.01;Negativno;Ne
11607;0.9;-65.5;13.15;0.09;Negativno;Ne
11608;6.6;-65.9;8.48;0.41;Negativno;Ne
11609;1.3;-42.9;8.94;0.25;Negativno;Ne
11610;0.5;-59.0;6.02;0.17;Negativno;Ne
11611;4.9;-52.4;9.2;0.69;Negativno;Ne
11612;6.1;-56.5;6.92;1.22;Negativno;Ne
11613;4.0;-52.7;2.23;0.54;Negativno;Ne
11614;14.2;-60.7;7.38;0.19;Negativno;Ne
11615;10.5;-65.6;3.58;1.17;Negativno;Ne
11616;0.1;-45.9;5.74;0.66;Negativno;Ne
11617;0.9;-52.0;6.91;0.05;Negativno;Ne
11618;8.7;-63.5;7.96;0.37;Negativno;Ne
11619;14.8;-49.7;9.96;0.41;Negativno;Ne
11620;3.9;-48.3;9.19;0.32;Negativno;Ne
11621;2.4;-60.6;7.32;0.6;Negativno;Ne
11622;5.8;-59.7;8.26;0.52;Pozitivno;Ne
11623;0.0;-71.3;3.1;0.18;Negativno;Ne
11624;8.0;-65.0;5.27;0.54;Negativno;Ne
11625;1.0;-62.8;5.83;0.19;Negativno;Ne
11626;6.5;-70.4;8.46;0.65;Negativno;Ne
11627;9.1;-68.0;4.83;1.26;Negativno;Ne
11628;2.6;-70.1;7.15;0.09;Negativno;Ne
11629;3.0;-59.3;2.72;0.16;Negativno;Ne
11630;2.9;-57.5;9.96;0.28;Negativno;Ne
11631;10.4;-56.5;11.64;0.19;Negativno;Ne
11632;1.0;-66.8;9.1;0.62;Negativno;Ne
11633;8.3;-49.9;6.77;0.1;Negativno;Ne
11634;1.4;-79.4;8.21;1.0;Negativno;Ne
11635;1.5;-58.4;5.11;0.13;Negativno;Ne
11636;3.5;-52.1;5.82;0.6;Negativno;Ne
11637;2.3;-52.7;7.99;0.05;Negativno;Ne
11638;4.4;-61.7;1.78;0.02;Negativno;Ne
11639;2.7;-66.8;8.63;1.12;Negativno;Ne
11640;3.2;-66.7;9.0;2.39;Negativno;Ne
11641;10.2;-68.1;3.82;0.7;Negativno;Ne
11642;4.8;-49.4;6.6;0.69;Negativno;Ne
11643;15.8;-54.2;5.6;0.01;Negativno;Ne
11644;0.1;-59.4;5.54;0.66;Negativno;Ne
11645;5.5;-57.2;8.73;0.68;Negativno;Ne
11646;5.7;-54.1;8.8;0.68;Negativno;Ne
11647;5.0;-81.5;5.82;0.06;Negativno;Ne
11648;3.6;-58.5;4.16;0.55;Negativno;Ne
11649;5.0;-57.1;8.0;0.09;Negativno;Ne
11650;0.5;-59.3;9.82;0.21;Negativno;Ne
11651;7.2;-69.5;6.46;0.3;Negativno;Ne
11652;5.9;-77.6;10.29;0.07;Negativno;Ne
11653;0.3;-66.0;7.14;0.19;Negativno;Ne
11654;10.5;-56.4;8.09;0.1;Negativno;Ne
11655;3.6;-61.4;4.33;0.04;Negativno;Ne
11656;5.2;-69.7;11.07;0.37;Negativno;Ne
11657;0.1;-67.6;5.91;0.39;Negativno;Ne
11658;4.9;-45.9;8.64;0.13;Negativno;Ne
11659;5.9;-46.7;10.99;0.29;Negativno;Ne
11660;1.1;-74.8;9.89;0.13;Negativno;Ne
11661;3.5;-58.0;4.51;0.67;Negativno;Ne
11662;18.7;-59.5;5.83;0.32;Negativno;Ne
11663;1.9;-58.6;3.35;0.14;Negativno;Ne
11664;2.3;-55.9;5.06;1.32;Negativno;Ne
11665;0.9;-55.9;8.27;0.04;Negativno;Ne
11666;2.2;-31.2;9.61;1.93;Negativno;Ne
11667;17.4;-60.3;6.36;0.06;Negativno;Ne
11668;1.3;-64.4;8.8;0.07;Negativno;Ne
11669;5.6;-58.9;7.71;1.31;Negativno;Ne
11670;6.6;-57.0;4.13;0.14;Negativno;Ne
11671;6.5;-59.6;9.4;0.39;Negativno;Ne
11672;1.0;-56.8;8.7;0.07;Negativno;Ne
11673;0.8;-49.5;5.72;0.24;Negativno;Ne
11674;3.1;-60.9;7.21;0.29;Negativno;Ne
11675;3.0;-47.3;8.78;0.17;Negativno;Ne
11676;1.8;-62.4;10.05;0.42;Negativno;Ne
11677;8.5;-50.3;6.5;0.34;Negativno;Ne
11678;1.1;-61.7;6.6;0.28;Negativno;Ne
11679;1.4;-46.1;6.2;0.4;Negativno;Ne
11680;5.8;-51.5;6.26;0.38;Negativno;Ne
11681;3.1;-47.5;2.93;0.34;Negativno;Ne
11682;5.2;-66.3;7.04;0.03;Negativno;Ne
11683;1.9;-79.4;7.8;0.67;Negativno;Ne
11684;13.7;-77.0;5.66;1.63;Negativno;Ne
11685;3.1;-61.0;8.23;0.38;Negativno;Ne
11686;0.7;-45.0;6.22;0.06;Negativno;Ne
11687;0.8;-69.1;5.51;0.31;Negativno;Ne
11688;0.0;-65.7;6.28;0.31;Negativno;Ne
11689;0.1;-66.2;6.77;0.4;Negativno;Ne
11690;0.3;-66.0;6.71;1.27;Negativno;Ne
11691;4.7;-53.7;5.92;0.17;Negativno;Ne
11692;0.9;-57.2;6.65;1.35;Negativno;Ne
11693;5.4;-70.8;6.21;1.15;Negativno;Ne
11694;0.0;-50.0;6.98;0.06;Negativno;Ne
11695;4.2;-62.8;8.91;0.17;Negativno;Ne
11696;2.8;-71.0;5.8;0.28;Negativno;Ne
11697;9.8;-56.6;8.39;0.13;Negativno;Ne
11698;2.9;-79.2;10.11;0.27;Negativno;Ne
11699;5.4;-67.8;5.92;0.03;Negativno;Ne
11700;0.9;-80.5;6.23;0.09;Negativno;Ne
11701;11.1;-65.3;7.3;0.1;Negativno;Ne
11702;5.9;-52.1;6.86;1.01;Negativno;Ne
11703;2.7;-55.9;8.58;0.18;Negativno;Ne
11704;0.0;-54.4;11.44;0.27;Negativno;Ne
11705;0.8;-83.0;5.25;0.26;Negativno;Ne
11706;4.8;-49.7;7.61;2.59;Negativno;Ne
11707;4.5;-66.1;3.6;1.13;Negativno;Ne
11708;5.5;-49.7;9.67;1.32;Negativno;Ne
11709;5.4;-53.6;9.24;0.12;Negativno;Ne
11710;2.1;-48.8;6.05;0.14;Negativno;Ne
11711;3.6;-52.1;6.66;0.18;Negativno;Ne
11712;5.0;-55.8;5.75;0.25;Negativno;Ne
11713;4.9;-81.4;4.19;0.66;Negativno;Ne
11714;6.8;-74.8;5.66;0.2;Negativno;Ne
11715;0.5;-63.3;6.03;0.28;Negativno;Ne
11716;13.2;-60.1;7.77;0.26;Negativno;Ne
11717;0.9;-60.3;4.58;0.83;Negativno;Ne
11718;2.2;-70.0;7.75;0.49;Negativno;Ne
11719;7.6;-66.8;5.33;0.58;Negativno;Ne
11720;1.3;-56.7;6.7;0.52;Negativno;Ne
11721;2.4;-43.9;9.35;0.21;Negativno;Ne
11722;1.1;-59.9;6.18;1.09;Negativno;Ne
11723;2.8;-62.4;4.75;0.01;Negativno;Ne
11724;0.6;-54.1;9.85;0.09;Negativno;Ne
11725;4.6;-64.4;7.07;0.17;Negativno;Ne
11726;0.4;-41.4;7.02;0.41;Negativno;Ne
11727;3.1;-81.0;7.31;0.24;Negativno;Ne
11728;0.3;-44.3;5.44;2.81;Negativno;Ne
11729;2.1;-60.6;7.2;0.46;Negativno;Ne
11730;7.8;-71.9;8.81;1.43;Negativno;Ne
11731;9.5;-53.2;7.46;0.09;Negativno;Ne
11732;0.2;-75.9;4.76;0.42;Negativno;Ne
11733;9.3;-55.5;4.06;0.42;Negativno;Ne
11734;0.0;-45.4;7.41;0.67;Negativno;Ne
11735;15.6;-63.3;8.67;0.64;Negativno;Ne
11736;1.9;-65.2;5.42;0.0;Negativno;Ne
11737;17.0;-48.1;9.96;0.92;Negativno;Ne
11738;0.2;-56.8;4.08;0.56;Negativno;Ne
11739;11.7;-65.7;3.38;0.39;Negativno;Ne
11740;7.6;-63.4;9.18;0.15;Negativno;Ne
11741;0.2;-63.2;7.97;0.85;Negativno;Ne
11742;1.9;-70.7;4.29;3.31;Negativno;Ne
11743;2.7;-61.4;8.68;1.17;Negativno;Ne
11744;1.1;-74.0;5.27;0.06;Negativno;Ne
11745;1.0;-76.9;4.98;0.48;Negativno;Ne
11746;2.5;-63.1;4.69;0.48;Negativno;Ne
11747;6.7;-54.3;6.8;0.67;Negativno;Ne
11748;5.1;-60.5;5.48;0.52;Negativno;Ne
11749;7.1;-63.2;6.46;0.21;Negativno;Ne
11750;17.7;-65.6;8.9;0.01;Negativno;Ne
11751;7.0;-71.1;7.61;0.12;Negativno;Ne
11752;0.5;-57.3;9.18;0.09;Negativno;Ne
11753;15.4;-67.5;5.9;0.17;Negativno;Ne
11754;3.0;-45.9;7.37;1.23;Negativno;Ne
11755;0.5;-47.8;5.65;0.16;Negativno;Ne
11756;0.0;-63.8;7.35;0.05;Negativno;Ne
11757;2.1;-58.1;3.02;0.09;Negativno;Ne
11758;2.1;-43.9;6.87;0.73;Negativno;Ne
11759;1.6;-50.6;5.6;0.19;Negativno;Ne
11760;0.8;-62.3;7.16;0.3;Negativno;Ne
11761;6.8;-48.3;7.29;0.17;Negativno;Ne
11762;3.1;-63.4;3.68;1.51;Negativno;Ne
11763;6.7;-60.7;12.84;1.64;Negativno;Ne
11764;0.5;-46.2;6.62;0.69;Negativno;Ne
11765;12.4;-66.0;6.87;0.01;Negativno;Ne
11766;16.7;-58.8;4.69;0.91;Negativno;Ne
11767;7.0;-63.8;5.66;0.36;Negativno;Ne
11768;12.8;-58.2;7.66;2.11;Negativno;Ne
11769;36.6;-66.3;4.1;0.25;Negativno;Ne
11770;10.0;-44.7;7.01;0.4;Negativno;Ne
11771;6.4;-53.7;7.5;0.35;Negativno;Ne
11772;0.4;-51.5;4.68;0.01;Negativno;Ne
11773;2.2;-49.8;4.37;0.01;Negativno;Ne
11774;0.1;-59.2;7.49;0.4;Negativno;Ne
11775;5.3;-49.2;7.02;0.59;Negativno;Ne
11776;0.4;-57.6;7.99;0.09;Negativno;Ne
11777;5.8;-67.7;8.03;0.57;Negativno;Ne
11778;4.7;-51.0;7.5;1.05;Negativno;Ne
11779;6.2;-81.0;2.71;0.04;Negativno;Ne
11780;13.2;-55.2;8.2;0.2;Negativno;Ne
11781;0.9;-50.8;7.64;0.86;Negativno;Ne
11782;8.6;-56.5;8.44;0.13;Negativno;Ne
11783;0.1;-45.7;7.68;3.11;Negativno;Ne
11784;3.8;-64.4;6.02;0.33;Negativno;Ne
11785;1.7;-54.6;7.59;0.78;Negativno;Ne
11786;12.4;-77.9;8.86;0.19;Negativno;Ne
11787;14.3;-62.1;5.45;0.61;Negativno;Ne
11788;8.1;-48.7;8.49;0.04;Negativno;Ne
11789;0.8;-59.1;7.88;2.47;Negativno;Ne
11790;3.6;-53.1;9.69;0.1;Negativno;Ne
11791;4.3;-53.1;3.51;0.23;Negativno;Ne
11792;1.5;-60.3;6.49;0.04;Negativno;Ne
11793;1.9;-64.5;6.81;0.31;Negativno;Ne
11794;4.2;-51.3;6.83;0.0;Negativno;Ne
11795;6.4;-61.9;7.26;0.01;Negativno;Ne
11796;2.7;-77.4;9.29;0.05;Negativno;Ne
11797;10.3;-65.2;8.6;0.02;Negativno;Ne
11798;6.6;-78.6;9.2;0.68;Negativno;Ne
11799;12.3;-66.2;3.13;0.17;Negativno;Ne
11800;11.0;-49.3;7.51;1.25;Negativno;Ne
11801;6.1;-61.7;10.25;0.09;Negativno;Ne
11802;2.7;-66.5;3.4;0.36;Negativno;Ne
11803;1.6;-63.0;5.06;1.1;Negativno;Ne
11804;2.3;-51.7;7.09;0.02;Negativno;Ne
11805;3.7;-54.9;4.85;0.27;Negativno;Ne
11806;5.4;-55.0;6.25;0.02;Negativno;Ne
11807;0.5;-66.9;6.16;0.89;Negativno;Ne
11808;3.7;-73.6;4.72;0.02;Negativno;Ne
11809;15.5;-63.7;5.75;0.73;Negativno;Ne
11810;4.9;-54.9;4.58;0.08;Negativno;Ne
11811;1.7;-59.9;5.61;0.23;Negativno;Ne
11812;3.6;-74.1;7.17;0.55;Negativno;Ne
11813;0.4;-59.9;6.02;0.34;Negativno;Ne
11814;2.6;-71.8;4.35;0.84;Negativno;Ne
11815;0.1;-71.8;5.45;0.19;Negativno;Ne
11816;6.9;-60.9;5.79;0.1;Negativno;Ne
11817;2.5;-56.7;7.41;1.8;Negativno;Ne
11818;2.6;-72.3;8.85;0.14;Negativno;Ne
11819;4.7;-59.2;5.72;0.23;Negativno;Ne
11820;2.0;-64.6;8.87;0.25;Pozitivno;Ne
11821;5.9;-65.5;7.68;0.3;Negativno;Ne
11822;1.2;-53.4;8.08;0.56;Negativno;Ne
11823;10.5;-68.2;8.5;0.41;Negativno;Ne
11824;3.7;-62.1;7.61;0.06;Negativno;Ne
11825;3.5;-46.8;6.77;0.33;Negativno;Ne
11826;2.3;-54.0;7.15;0.55;Negativno;Ne
11827;2.1;-64.8;7.78;0.08;Pozitivno;Ne
11828;3.9;-76.6;5.35;0.1;Negativno;Ne
11829;5.0;-59.0;5.17;0.57;Negativno;Ne
11830;4.0;-83.9;5.13;1.06;Negativno;Ne
11831;20.7;-68.0;9.36;0.09;Negativno;Ne
11832;7.8;-58.8;5.78;0.07;Negativno;Ne
11833;0.0;-56.2;7.7;0.14;Negativno;Ne
11834;0.4;-68.0;7.63;1.1;Negativno;Ne
11835;1.3;-60.2;8.09;0.02;Negativno;Ne
11836;3.6;-71.6;6.19;0.24;Negativno;Ne
11837;4.2;-71.8;7.5;0.55;Negativno;Ne
11838;0.5;-76.5;6.69;0.24;Negativno;Ne
11839;1.0;-64.7;8.54;0.06;Negativno;Ne
11840;2.0;-60.6;10.93;0.54;Negativno;Ne
11841;11.7;-75.6;8.74;0.23;Negativno;Ne
11842;13.4;-51.8;5.8;0.84;Negativno;Ne
11843;0.7;-66.2;3.46;1.44;Negativno;Ne
11844;4.5;-80.3;2.41;0.3;Negativno;Ne
11845;5.7;-53.5;7.6;1.89;Negativno;Ne
11846;12.2;-48.9;8.82;0.1;Negativno;Ne
11847;8.7;-69.4;4.93;0.12;Negativno;Ne
11848;1.1;-59.1;8.33;0.05;Negativno;Ne
11849;0.5;-71.9;7.96;0.61;Negativno;Ne
11850;0.3;-59.1;7.54;0.56;Negativno;Ne
11851;9.6;-56.7;6.76;0.54;Negativno;Ne
11852;7.3;-63.6;11.17;0.5;Negativno;Ne
11853;4.7;-59.4;4.76;0.16;Negativno;Ne
11854;1.2;-80.5;8.13;0.58;Negativno;Ne
11855;1.2;-59.2;5.54;0.0;Negativno;Ne
11856;2.3;-40.5;6.82;0.82;Negativno;Ne
11857;4.4;-67.7;9.78;0.09;Negativno;Ne
11858;5.0;-71.2;7.9;0.55;Negativno;Ne
11859;0.0;-59.7;6.63;0.8;Negativno;Ne
11860;5.1;-65.6;6.8;0.31;Negativno;Ne
11861;2.8;-55.3;4.74;0.29;Negativno;Ne
11862;4.2;-62.7;6.38;1.18;Negativno;Ne
11863;11.2;-61.0;3.36;0.15;Negativno;Ne
11864;13.4;-48.6;5.67;0.13;Negativno;Ne
11865;1.0;-61.9;5.68;0.13;Negativno;Ne
11866;6.9;-54.8;6.91;0.78;Negativno;Ne
11867;4.4;-57.3;7.68;0.03;Negativno;Ne
11868;3.4;-59.4;6.57;1.47;Negativno;Ne
11869;3.3;-46.8;8.86;0.22;Negativno;Ne
11870;14.6;-67.5;9.47;0.46;Negativno;Ne
11871;2.9;-70.4;6.78;0.73;Negativno;Ne
11872;5.4;-83.4;9.32;0.16;Negativno;Ne
11873;3.8;-60.6;9.27;2.86;Negativno;Ne
11874;3.3;-33.6;6.96;0.39;Negativno;Ne
11875;2.5;-58.9;11.04;0.85;Negativno;Ne
11876;0.4;-73.8;8.4;0.34;Negativno;Ne
11877;1.6;-47.9;11.43;0.23;Negativno;Ne
11878;2.8;-70.3;5.11;0.48;Negativno;Ne
11879;0.5;-47.2;8.24;0.46;Negativno;Ne
11880;3.7;-70.9;6.32;0.04;Negativno;Ne
11881;21.0;-61.0;5.59;0.35;Negativno;Ne
11882;9.4;-45.1;4.0;0.22;Negativno;Ne
11883;6.2;-59.5;9.01;0.56;Negativno;Ne
11884;4.7;-68.6;4.92;0.16;Negativno;Ne
11885;1.1;-73.5;8.61;0.69;Negativno;Ne
11886;11.8;-59.9;7.07;0.5;Negativno;Ne
11887;6.0;-82.2;2.24;0.14;Negativno;Ne
11888;2.2;-54.5;4.87;1.35;Negativno;Ne
11889;2.1;-39.3;10.01;0.49;Negativno;Ne
11890;6.4;-70.3;6.47;0.01;Negativno;Ne
11891;2.6;-40.1;7.03;0.49;Negativno;Ne
11892;5.4;-51.0;4.03;0.05;Negativno;Ne
11893;0.1;-57.3;4.39;0.12;Negativno;Ne
11894;6.1;-50.4;6.73;0.61;Negativno;Ne
11895;0.1;-52.1;8.44;0.7;Negativno;Ne
11896;0.3;-74.8;4.9;0.37;Negativno;Ne
11897;7.0;-68.0;4.65;0.19;Negativno;Ne
11898;1.6;-77.2;5.94;0.5;Negativno;Ne
11899;0.1;-60.1;10.99;0.13;Negativno;Ne
11900;16.3;-66.7;9.12;0.72;Negativno;Ne
11901;5.7;-59.2;4.96;0.44;Negativno;Ne
11902;2.0;-62.6;8.99;3.08;Negativno;Ne
11903;3.3;-55.5;8.07;0.9;Negativno;Ne
11904;5.4;-51.6;13.11;0.12;Negativno;Ne
11905;0.8;-59.9;11.53;0.12;Negativno;Ne
11906;2.3;-54.2;8.24;0.22;Negativno;Ne
11907;1.1;-53.9;7.62;0.85;Negativno;Ne
11908;9.7;-55.5;8.04;0.25;Negativno;Ne
11909;1.6;-63.2;2.57;0.07;Negativno;Ne
11910;3.1;-52.9;3.26;0.14;Pozitivno;Ne
11911;0.6;-42.4;8.05;0.88;Negativno;Ne
11912;8.5;-78.1;6.37;1.0;Negativno;Ne
11913;5.4;-48.6;6.0;0.13;Negativno;Ne
11914;5.2;-60.3;4.5;0.32;Negativno;Ne
11915;6.7;-42.8;8.32;0.64;Negativno;Ne
11916;14.4;-78.8;5.18;0.68;Negativno;Ne
11917;1.4;-61.9;4.39;0.48;Negativno;Ne
11918;0.2;-43.2;4.77;0.88;Negativno;Ne
11919;2.2;-60.5;5.11;0.08;Negativno;Ne
11920;8.5;-57.7;8.85;1.06;Negativno;Ne
11921;1.1;-72.6;6.88;1.5;Negativno;Ne
11922;3.7;-63.6;9.34;0.44;Negativno;Ne
11923;0.5;-65.4;8.36;0.02;Negativno;Ne
11924;4.4;-46.5;2.39;0.38;Negativno;Ne
11925;13.3;-61.0;5.45;0.43;Negativno;Ne
11926;0.6;-72.2;9.32;0.52;Negativno;Ne
11927;4.1;-56.4;8.88;0.28;Negativno;Ne
11928;3.2;-66.0;4.39;0.85;Negativno;Ne
11929;1.2;-55.8;6.22;0.0;Negativno;Ne
11930;1.4;-65.3;4.14;0.81;Negativno;Ne
11931;3.5;-47.9;6.13;0.41;Negativno;Ne
11932;8.4;-81.0;5.66;1.67;Pozitivno;Ne
11933;0.8;-50.8;5.67;0.82;Negativno;Ne
11934;11.9;-44.3;5.31;0.28;Negativno;Ne
11935;7.9;-79.2;7.26;0.33;Negativno;Ne
11936;2.2;-82.7;6.44;0.01;Negativno;Ne
11937;11.6;-64.3;10.07;0.39;Negativno;Ne
11938;0.9;-52.7;9.69;0.88;Negativno;Ne
11939;0.7;-59.3;4.66;0.26;Negativno;Ne
11940;2.0;-64.1;7.99;0.67;Negativno;Ne
11941;3.7;-61.1;5.24;0.17;Negativno;Ne
11942;2.6;-78.1;8.67;0.45;Negativno;Ne
11943;9.9;-74.8;6.17;0.42;Negativno;Ne
11944;0.7;-56.4;8.14;0.13;Negativno;Ne
11945;2.3;-76.4;6.14;0.94;Negativno;Ne
11946;3.1;-58.6;9.98;0.57;Negativno;Ne
11947;2.3;-65.8;8.99;0.12;Negativno;Ne
11948;9.3;-64.9;8.07;0.3;Negativno;Ne
11949;4.3;-53.6;10.93;0.6;Negativno;Ne
11950;0.1;-44.9;5.44;0.66;Negativno;Ne
11951;2.2;-72.0;4.2;0.24;Negativno;Ne
11952;18.6;-70.6;7.29;0.23;Negativno;Ne
11953;3.4;-80.6;12.19;0.61;Negativno;Ne
11954;0.4;-44.5;4.73;0.46;Negativno;Ne
11955;1.7;-58.6;8.73;0.21;Negativno;Ne
11956;6.6;-54.6;9.59;0.07;Negativno;Ne
11957;7.0;-51.0;2.92;0.12;Negativno;Ne
11958;4.7;-59.8;8.23;0.75;Negativno;Ne
11959;3.1;-53.0;3.51;1.47;Negativno;Ne
11960;0.4;-72.1;9.96;0.09;Negativno;Ne
11961;5.6;-59.3;7.85;0.02;Negativno;Ne
11962;5.0;-51.4;3.99;0.73;Negativno;Ne
11963;2.0;-57.9;6.89;0.07;Negativno;Ne
11964;2.1;-66.0;7.68;0.86;Negativno;Ne
11965;3.3;-39.5;8.1;0.66;Negativno;Ne
11966;0.4;-73.9;6.8;0.43;Negativno;Ne
11967;1.2;-41.2;5.24;1.27;Negativno;Ne
11968;3.6;-52.8;5.51;0.46;Negativno;Ne
11969;0.3;-50.6;5.97;1.56;Negativno;Ne
11970;10.1;-64.7;11.03;0.39;Negativno;Ne
11971;0.4;-67.8;10.69;0.93;Negativno;Ne
11972;0.4;-52.3;7.75;0.7;Negativno;Ne
11973;2.9;-67.6;5.71;0.06;Negativno;Ne
11974;2.9;-53.1;9.19;1.28;Negativno;Ne
11975;2.6;-55.7;6.77;0.1;Negativno;Ne
11976;2.8;-60.4;5.37;0.27;Negativno;Ne
11977;1.3;-47.6;5.17;0.36;Negativno;Ne
11978;8.0;-48.6;6.46;0.16;Negativno;Ne
11979;5.2;-63.1;8.63;0.2;Negativno;Ne
11980;1.3;-68.7;4.98;0.05;Negativno;Ne
11981;6.2;-63.7;7.72;0.1;Negativno;Ne
11982;3.6;-56.2;8.76;1.6;Negativno;Ne
11983;1.8;-70.5;5.28;0.55;Negativno;Ne
11984;1.7;-60.5;10.65;0.22;Negativno;Ne
11985;5.2;-66.4;10.39;0.01;Negativno;Ne
11986;0.6;-58.5;5.83;0.41;Negativno;Ne
11987;5.3;-58.1;7.71;2.4;Negativno;Ne
11988;13.4;-59.1;5.46;0.38;Negativno;Ne
11989;0.2;-51.4;6.33;0.68;Negativno;Ne
11990;0.8;-46.4;2.06;1.14;Negativno;Ne
11991;9.7;-55.6;5.29;0.54;Negativno;Ne
11992;20.1;-55.6;7.3;0.78;Negativno;Ne
11993;1.3;-63.1;7.05;0.21;Negativno;Ne
11994;4.7;-49.3;7.18;0.61;Negativno;Ne
11995;9.3;-60.0;5.1;1.39;Negativno;Ne
11996;2.5;-55.9;6.42;0.07;Negativno;Ne
11997;0.9;-60.1;6.98;0.13;Negativno;Ne
11998;6.9;-59.3;5.62;0.33;Negativno;Ne
11999;1.0;-74.0;10.18;0.15;Negativno;Ne
12000;1.7;-61.8;9.44;0.14;Negativno;Ne
12001;2.3;-67.5;8.33;0.48;Negativno;Ne
12002;3.1;-49.9;5.04;0.3;Negativno;Ne
12003;2.3;-62.0;7.97;1.66;Negativno;Ne
12004;3.2;-66.8;4.39;0.01;Negativno;Ne
12005;5.0;-63.2;3.56;0.04;Negativno;Ne
12006;1.4;-49.3;5.74;0.15;Negativno;Ne
12007;0.9;-38.8;9.84;0.59;Negativno;Ne
12008;9.4;-56.7;6.19;0.82;Negativno;Ne
12009;1.9;-60.8;2.65;0.13;Negativno;Ne
12010;9.7;-64.4;3.27;0.56;Negativno;Ne
12011;10.8;-54.4;8.43;0.33;Negativno;Ne
12012;4.6;-69.7;11.27;0.63;Negativno;Ne
12013;2.7;-47.5;6.6;1.11;Negativno;Ne
12014;4.4;-62.3;5.6;0.55;Negativno;Ne
12015;4.4;-55.3;8.46;0.4;Negativno;Ne
12016;11.5;-56.3;8.97;0.23;Negativno;Ne
12017;11.2;-56.5;10.13;0.3;Negativno;Ne
12018;0.1;-79.7;5.25;0.68;Negativno;Ne
12019;1.9;-53.7;7.0;0.04;Negativno;Ne
12020;7.9;-56.2;8.32;0.92;Negativno;Ne
12021;3.4;-71.2;6.2;0.77;Negativno;Ne
12022;1.5;-65.9;7.76;0.34;Negativno;Ne
12023;5.9;-48.2;7.1;0.07;Negativno;Ne
12024;0.4;-71.3;3.98;0.2;Negativno;Ne
12025;4.9;-55.0;10.66;0.33;Negativno;Ne
12026;2.2;-44.5;6.97;0.24;Negativno;Ne
12027;3.8;-48.0;6.75;0.67;Negativno;Ne
12028;3.5;-49.8;6.45;0.68;Negativno;Ne
12029;3.9;-65.3;4.61;1.5;Negativno;Ne
12030;3.9;-53.8;6.3;0.02;Negativno;Ne
12031;1.6;-81.0;6.82;1.23;Negativno;Ne
12032;6.9;-62.9;9.2;0.24;Negativno;Ne
12033;4.6;-46.6;12.95;0.87;Negativno;Ne
12034;1.0;-62.9;10.08;0.26;Negativno;Ne
12035;0.8;-47.3;5.47;0.45;Negativno;Ne
12036;5.4;-62.1;5.86;0.17;Negativno;Ne
12037;7.7;-41.6;11.76;0.58;Negativno;Ne
12038;0.8;-73.7;3.76;1.45;Negativno;Ne
12039;1.0;-58.9;8.01;0.38;Negativno;Ne
12040;4.1;-53.4;7.9;0.66;Negativno;Ne
12041;2.2;-48.0;3.82;0.02;Negativno;Ne
12042;6.1;-58.4;7.83;0.26;Negativno;Ne
12043;4.3;-49.3;7.53;0.13;Negativno;Ne
12044;1.9;-52.4;7.83;0.33;Negativno;Ne
12045;0.8;-44.4;8.37;0.01;Negativno;Ne
12046;8.3;-57.6;6.19;0.43;Negativno;Ne
12047;4.8;-49.2;8.92;0.55;Negativno;Ne
12048;1.9;-64.4;6.73;0.05;Negativno;Ne
12049;2.3;-65.5;6.78;0.16;Negativno;Ne
12050;0.3;-59.8;10.78;0.35;Negativno;Ne
12051;1.6;-53.8;6.78;0.4;Negativno;Ne
12052;12.2;-56.5;10.14;1.69;Negativno;Ne
12053;4.5;-55.9;4.94;0.54;Negativno;Ne
12054;5.8;-51.8;8.01;0.51;Negativno;Ne
12055;4.0;-75.3;8.65;1.05;Negativno;Ne
12056;0.6;-41.2;7.3;0.18;Negativno;Ne
12057;5.5;-66.0;5.4;0.02;Negativno;Ne
12058;2.0;-76.6;4.89;0.48;Negativno;Ne
12059;3.1;-57.7;7.4;0.07;Negativno;Ne
12060;0.9;-56.7;8.17;0.56;Negativno;Ne
12061;5.7;-62.4;6.79;0.06;Negativno;Ne
12062;0.2;-67.4;5.09;0.03;Negativno;Ne
12063;17.5;-79.9;10.34;0.13;Negativno;Ne
12064;7.8;-44.9;12.83;0.01;Negativno;Ne
12065;1.7;-56.6;5.42;0.28;Negativno;Ne
12066;8.8;-71.0;4.81;0.7;Negativno;Ne
12067;25.4;-73.7;8.79;0.01;Negativno;Ne
12068;8.1;-61.6;8.3;0.06;Negativno;Ne
12069;0.3;-60.1;7.71;0.13;Negativno;Ne
12070;4.0;-55.9;6.14;2.14;Negativno;Ne
12071;3.1;-55.9;8.25;0.77;Negativno;Ne
12072;7.4;-54.8;12.15;0.39;Negativno;Ne
12073;6.6;-67.3;3.94;0.45;Negativno;Ne
12074;2.4;-48.0;6.04;0.24;Negativno;Ne
12075;1.3;-47.1;8.12;0.53;Negativno;Ne
12076;4.4;-61.6;7.89;0.3;Negativno;Ne
12077;4.1;-54.7;8.07;0.09;Negativno;Ne
12078;6.3;-46.8;7.32;0.83;Negativno;Ne
12079;6.0;-60.4;7.0;0.2;Negativno;Ne
12080;1.6;-64.7;7.57;0.87;Negativno;Ne
12081;6.8;-49.6;10.35;0.52;Negativno;Ne
12082;2.3;-56.0;6.1;0.59;Negativno;Ne
12083;4.9;-37.2;6.09;0.13;Negativno;Ne
12084;9.7;-54.6;5.37;2.05;Negativno;Ne
12085;3.3;-56.9;10.16;1.19;Negativno;Ne
12086;19.2;-69.6;7.46;0.49;Negativno;Ne
12087;2.5;-66.0;2.89;0.01;Negativno;Ne
12088;0.0;-68.6;4.4;0.1;Negativno;Ne
12089;0.9;-58.7;8.15;0.84;Negativno;Ne
12090;0.1;-62.7;8.6;1.14;Negativno;Ne
12091;4.1;-70.1;3.65;0.02;Negativno;Ne
12092;10.0;-54.7;8.11;2.25;Negativno;Ne
12093;3.2;-73.4;8.95;0.92;Negativno;Ne
12094;4.7;-48.8;5.87;0.09;Negativno;Ne
12095;5.6;-67.2;7.04;1.08;Negativno;Ne
12096;7.4;-66.6;10.72;2.98;Negativno;Ne
12097;8.5;-65.7;7.65;1.28;Negativno;Ne
12098;2.3;-68.0;6.85;0.0;Negativno;Ne
12099;14.9;-64.5;7.75;1.0;Negativno;Ne
12100;2.8;-74.2;8.41;0.08;Negativno;Ne
12101;5.9;-58.2;9.87;0.11;Negativno;Ne
12102;3.1;-76.2;10.15;0.05;Negativno;Ne
12103;7.1;-53.9;7.72;0.04;Negativno;Ne
12104;4.7;-38.2;7.37;0.01;Negativno;Ne
12105;1.4;-66.7;4.67;0.67;Negativno;Ne
12106;4.0;-76.2;11.07;1.03;Negativno;Ne
12107;1.7;-75.6;7.81;0.31;Negativno;Ne
12108;1.2;-40.0;4.96;0.25;Negativno;Ne
12109;4.1;-73.7;5.18;0.13;Negativno;Ne
12110;8.5;-62.9;7.99;0.24;Negativno;Ne
12111;14.6;-63.6;3.06;0.31;Negativno;Ne
12112;13.3;-60.6;2.71;1.21;Negativno;Ne
12113;4.6;-58.1;9.87;0.18;Negativno;Ne
12114;9.2;-69.2;6.42;1.12;Negativno;Ne
12115;0.8;-55.7;7.63;1.11;Negativno;Ne
12116;0.8;-71.6;11.09;1.11;Negativno;Ne
12117;0.7;-68.4;4.64;0.16;Negativno;Ne
12118;6.4;-58.2;7.09;0.02;Negativno;Ne
12119;1.8;-61.6;7.53;0.57;Negativno;Ne
12120;1.2;-65.9;3.9;0.36;Negativno;Ne
12121;0.5;-90.9;6.77;0.82;Negativno;Ne
12122;0.6;-58.8;9.33;0.5;Negativno;Ne
12123;5.5;-53.1;9.04;0.92;Negativno;Ne
12124;4.9;-79.2;7.13;0.08;Negativno;Ne
12125;12.7;-50.6;3.68;0.12;Negativno;Ne
12126;6.8;-67.1;6.63;0.89;Negativno;Ne
12127;1.8;-50.4;8.06;0.02;Pozitivno;Ne
12128;6.2;-57.4;4.82;0.62;Negativno;Ne
12129;1.5;-46.4;5.76;1.59;Negativno;Ne
12130;5.8;-47.2;4.25;0.07;Negativno;Ne
12131;3.5;-74.9;7.87;0.11;Negativno;Ne
12132;5.7;-45.8;7.94;0.17;Negativno;Ne
12133;7.2;-64.9;7.21;0.77;Negativno;Ne
12134;1.0;-81.0;6.71;0.81;Negativno;Ne
12135;8.8;-55.2;7.76;0.17;Negativno;Ne
12136;0.4;-66.7;10.05;0.2;Negativno;Ne
12137;2.5;-73.9;8.93;1.61;Negativno;Ne
12138;3.4;-50.0;5.4;0.95;Negativno;Ne
12139;3.2;-54.3;7.97;0.19;Negativno;Ne
12140;6.1;-84.8;5.3;0.02;Negativno;Ne
12141;3.8;-50.3;5.18;0.15;Negativno;Ne
12142;5.0;-64.3;5.72;0.21;Negativno;Ne
12143;1.4;-45.6;6.02;0.75;Negativno;Ne
12144;11.3;-70.9;4.15;0.26;Negativno;Ne
12145;0.2;-67.0;4.9;0.3;Negativno;Ne
12146;2.6;-56.5;9.55;0.33;Negativno;Ne
12147;0.3;-45.2;6.52;0.65;Negativno;Ne
12148;1.8;-44.4;7.23;0.3;Negativno;Ne
12149;0.2;-37.0;9.12;0.51;Negativno;Ne
12150;1.9;-44.6;7.89;0.3;Negativno;Ne
12151;0.1;-42.9;8.67;0.13;Negativno;Ne
12152;13.7;-72.7;4.48;0.13;Negativno;Ne
12153;0.1;-63.3;7.91;0.21;Negativno;Ne
12154;2.1;-70.8;5.75;0.92;Negativno;Ne
12155;4.0;-51.7;6.17;0.21;Negativno;Ne
12156;0.1;-68.7;7.11;0.01;Negativno;Ne
12157;13.9;-63.3;5.75;0.38;Negativno;Ne
12158;5.5;-62.8;3.58;0.15;Negativno;Ne
12159;3.3;-65.8;9.25;1.57;Negativno;Ne
12160;0.9;-75.5;6.66;0.33;Negativno;Ne
12161;5.5;-63.6;5.64;0.9;Negativno;Ne
12162;0.7;-62.8;2.52;0.48;Negativno;Ne
12163;14.0;-39.6;9.72;0.13;Negativno;Ne
12164;0.2;-60.7;5.49;0.27;Negativno;Ne
12165;7.4;-53.8;8.05;1.49;Negativno;Ne
12166;1.2;-58.5;10.05;0.06;Negativno;Ne
12167;1.1;-58.5;6.92;0.01;Negativno;Ne
12168;0.6;-58.4;7.48;1.13;Negativno;Ne
12169;1.7;-58.1;6.22;1.54;Negativno;Ne
12170;0.6;-52.4;3.63;0.23;Negativno;Ne
12171;1.0;-63.6;5.47;0.18;Negativno;Ne
12172;1.2;-62.8;7.92;0.04;Negativno;Ne
12173;2.5;-68.4;9.79;0.31;Negativno;Ne
12174;3.4;-40.5;5.46;0.81;Negativno;Ne
12175;1.9;-44.9;9.86;0.32;Negativno;Ne
12176;5.2;-58.3;8.51;0.06;Negativno;Ne
12177;1.2;-46.1;6.55;0.79;Negativno;Ne
12178;14.2;-50.3;6.33;0.43;Negativno;Ne
12179;5.8;-56.1;7.29;0.14;Negativno;Ne
12180;0.1;-65.2;7.86;0.12;Negativno;Ne
12181;29.1;-51.7;8.42;0.04;Negativno;Ne
12182;0.2;-53.3;9.92;0.2;Negativno;Ne
12183;0.7;-58.0;7.59;0.42;Negativno;Ne
12184;10.2;-68.0;5.53;0.14;Negativno;Ne
12185;0.6;-30.2;10.68;0.62;Negativno;Ne
12186;0.4;-59.2;7.23;0.76;Negativno;Ne
12187;2.1;-59.4;6.9;0.17;Negativno;Ne
12188;1.1;-56.5;3.71;0.25;Negativno;Ne
12189;1.4;-58.6;9.18;0.14;Negativno;Ne
12190;10.4;-59.8;7.05;0.01;Negativno;Ne
12191;0.8;-64.5;6.8;0.03;Negativno;Ne
12192;5.4;-66.0;6.53;0.3;Negativno;Ne
12193;0.0;-54.1;8.68;0.05;Negativno;Ne
12194;2.9;-70.1;6.18;0.77;Negativno;Ne
12195;1.3;-53.6;7.46;0.09;Negativno;Ne
12196;5.6;-65.8;9.13;0.49;Negativno;Ne
12197;1.9;-58.0;7.29;0.2;Negativno;Ne
12198;0.4;-65.8;6.49;0.22;Negativno;Ne
12199;9.2;-60.0;6.01;0.12;Negativno;Ne
12200;4.5;-81.6;5.22;0.19;Negativno;Ne
12201;1.1;-46.6;6.38;0.14;Negativno;Ne
12202;7.8;-77.0;3.51;0.63;Negativno;Ne
12203;11.5;-57.9;7.57;0.27;Negativno;Ne
12204;1.6;-60.2;3.87;0.36;Negativno;Ne
12205;3.1;-66.8;5.36;0.54;Negativno;Ne
12206;2.0;-49.9;4.9;1.36;Negativno;Ne
12207;2.8;-67.8;7.6;0.07;Negativno;Ne
12208;4.9;-68.3;3.21;0.24;Negativno;Ne
12209;7.8;-86.9;4.64;0.08;Negativno;Ne
12210;8.8;-62.6;8.08;0.84;Negativno;Ne
12211;6.3;-50.5;2.84;2.05;Negativno;Ne
12212;1.7;-51.4;3.9;1.46;Negativno;Ne
12213;9.4;-69.9;8.05;0.08;Negativno;Ne
12214;1.3;-49.1;6.91;0.05;Negativno;Ne
12215;17.5;-51.8;4.27;0.38;Negativno;Ne
12216;0.1;-36.7;6.75;0.94;Negativno;Ne
12217;0.8;-49.9;10.19;1.02;Negativno;Ne
12218;1.0;-48.2;5.47;1.2;Negativno;Ne
12219;3.2;-72.5;8.63;0.06;Negativno;Ne
12220;2.3;-61.3;9.51;0.08;Negativno;Ne
12221;23.7;-51.9;7.17;0.48;Negativno;Ne
12222;11.5;-66.3;8.79;0.38;Negativno;Ne
12223;0.0;-66.0;4.51;0.49;Negativno;Ne
12224;0.6;-45.4;7.56;0.27;Negativno;Ne
12225;2.8;-82.3;7.2;0.61;Negativno;Ne
12226;3.1;-59.0;10.55;0.83;Negativno;Ne
12227;1.6;-68.3;5.2;0.79;Negativno;Ne
12228;4.0;-57.8;1.82;0.06;Negativno;Ne
12229;3.6;-68.9;2.15;1.11;Negativno;Ne
12230;2.7;-60.9;4.89;0.03;Negativno;Ne
12231;0.8;-55.3;9.22;0.99;Negativno;Ne
12232;11.5;-68.6;8.6;0.11;Negativno;Ne
12233;3.2;-45.2;6.85;0.04;Negativno;Ne
12234;2.5;-54.9;3.65;0.03;Negativno;Ne
12235;0.3;-60.4;4.72;1.07;Pozitivno;Ne
12236;0.3;-73.1;7.36;0.21;Negativno;Ne
12237;3.3;-52.8;5.99;1.2;Negativno;Ne
12238;5.8;-65.8;9.85;0.11;Negativno;Ne
12239;2.9;-61.9;8.41;0.45;Negativno;Ne
12240;14.9;-69.6;8.47;0.06;Negativno;Ne
12241;13.3;-54.5;5.88;0.09;Negativno;Ne
12242;5.7;-54.6;2.22;0.66;Negativno;Ne
12243;2.8;-55.8;7.47;0.07;Negativno;Ne
12244;4.9;-53.4;7.35;0.16;Negativno;Ne
12245;2.1;-64.1;5.74;0.2;Negativno;Ne
12246;1.0;-66.9;7.11;0.6;Negativno;Ne
12247;2.3;-57.4;5.59;0.04;Negativno;Ne
12248;3.4;-59.6;7.03;0.8;Negativno;Ne
12249;0.4;-56.5;11.01;0.84;Negativno;Ne
12250;1.4;-54.5;5.45;0.82;Negativno;Ne
12251;13.0;-80.4;11.11;0.05;Negativno;Ne
12252;5.3;-58.1;7.37;0.05;Pozitivno;Ne
12253;3.9;-63.0;6.75;0.97;Negativno;Ne
12254;0.2;-55.7;10.43;0.13;Negativno;Ne
12255;0.0;-56.6;10.38;0.06;Negativno;Ne
12256;8.2;-50.8;4.81;0.03;Negativno;Ne
12257;3.5;-79.7;7.32;0.37;Negativno;Ne
12258;2.4;-50.8;3.55;1.27;Negativno;Ne
12259;0.7;-70.5;7.56;2.65;Negativno;Ne
12260;1.6;-65.9;6.07;4.46;Negativno;Ne
12261;7.3;-76.9;5.71;0.64;Negativno;Ne
12262;2.4;-60.9;8.73;0.03;Negativno;Ne
12263;0.8;-56.2;5.5;0.61;Negativno;Ne
12264;2.5;-59.4;8.07;1.19;Negativno;Ne
12265;0.6;-62.0;1.11;0.17;Negativno;Ne
12266;2.1;-73.8;6.88;0.02;Negativno;Ne
12267;2.5;-44.6;7.45;0.49;Negativno;Ne
12268;0.6;-67.7;9.89;0.93;Negativno;Ne
12269;2.5;-57.1;2.95;0.24;Negativno;Ne
12270;0.2;-61.2;7.71;0.54;Negativno;Ne
12271;6.2;-61.3;6.03;0.85;Negativno;Ne
12272;1.0;-85.1;6.15;0.13;Negativno;Ne
12273;0.1;-61.6;8.5;0.28;Negativno;Ne
12274;0.8;-52.6;6.56;0.13;Negativno;Ne
12275;27.5;-66.1;11.39;0.58;Negativno;Ne
12276;1.4;-66.6;9.38;0.29;Negativno;Ne
12277;1.3;-64.0;5.77;0.88;Negativno;Ne
12278;12.9;-55.4;8.45;0.07;Negativno;Ne
12279;5.1;-63.2;9.35;0.12;Negativno;Ne
12280;2.2;-65.7;8.22;0.12;Negativno;Ne
12281;1.6;-45.9;6.09;0.28;Negativno;Ne
12282;5.7;-43.0;4.97;0.73;Negativno;Ne
12283;12.1;-52.1;8.88;0.11;Negativno;Ne
12284;0.8;-65.0;7.67;0.3;Negativno;Ne
12285;2.6;-55.8;7.88;0.6;Negativno;Ne
12286;9.2;-53.9;7.08;1.01;Negativno;Ne
12287;5.3;-50.2;6.29;0.35;Negativno;Ne
12288;2.5;-45.7;6.86;0.46;Negativno;Ne
12289;0.7;-49.1;7.99;0.26;Negativno;Ne
12290;29.3;-59.0;6.34;0.34;Negativno;Ne
12291;0.6;-81.4;6.75;0.51;Negativno;Ne
12292;2.0;-66.5;5.55;0.03;Negativno;Ne
12293;2.4;-56.1;5.34;1.09;Negativno;Ne
12294;0.7;-61.4;8.28;1.77;Negativno;Ne
12295;1.2;-73.1;9.73;0.44;Negativno;Ne
12296;0.4;-55.3;4.52;0.34;Negativno;Ne
12297;3.9;-68.8;6.66;0.87;Negativno;Ne
12298;5.0;-56.0;7.0;0.27;Negativno;Ne
12299;4.2;-56.3;5.84;2.17;Negativno;Ne
12300;2.1;-56.0;9.54;1.33;Negativno;Ne
12301;5.2;-65.2;6.32;0.57;Negativno;Ne
12302;5.5;-57.3;6.57;0.45;Negativno;Ne
12303;6.3;-51.6;6.68;0.07;Negativno;Ne
12304;4.9;-60.4;6.58;0.6;Negativno;Ne
12305;8.4;-61.1;5.82;0.23;Negativno;Ne
12306;7.7;-65.7;6.03;0.66;Negativno;Ne
12307;0.2;-58.3;6.37;0.18;Negativno;Ne
12308;3.0;-49.1;8.26;0.23;Negativno;Ne
12309;3.4;-60.4;8.88;0.32;Negativno;Ne
12310;2.1;-57.7;4.3;0.54;Negativno;Ne
12311;11.5;-68.6;7.47;0.03;Negativno;Ne
12312;5.4;-68.6;7.38;1.04;Negativno;Ne
12313;4.0;-60.0;10.28;0.73;Negativno;Ne
12314;1.4;-55.9;8.01;0.58;Negativno;Ne
12315;1.0;-60.3;4.23;0.04;Negativno;Ne
12316;1.9;-67.6;9.33;0.18;Negativno;Ne
12317;0.3;-59.8;8.68;2.05;Negativno;Ne
12318;0.2;-78.1;5.46;0.85;Negativno;Ne
12319;0.6;-69.4;2.66;0.65;Negativno;Ne
12320;6.3;-70.9;10.27;1.55;Negativno;Ne
12321;3.3;-54.1;5.83;0.49;Negativno;Ne
12322;0.6;-59.7;4.91;0.2;Negativno;Ne
12323;7.8;-46.8;7.18;0.1;Negativno;Ne
12324;3.2;-59.9;6.93;0.59;Negativno;Ne
12325;4.5;-61.7;6.54;0.6;Negativno;Ne
12326;1.9;-56.0;5.57;0.41;Negativno;Ne
12327;3.6;-71.8;8.21;0.16;Negativno;Ne
12328;0.0;-51.9;5.81;0.12;Negativno;Ne
12329;0.6;-58.1;7.39;0.05;Negativno;Ne
12330;2.8;-63.9;7.18;0.16;Negativno;Ne
12331;8.7;-61.7;4.51;0.53;Negativno;Ne
12332;3.6;-62.9;7.06;0.37;Negativno;Ne
12333;2.4;-71.5;5.49;0.18;Negativno;Ne
12334;1.2;-68.8;4.5;0.57;Negativno;Ne
12335;11.6;-58.7;4.34;0.58;Negativno;Ne
12336;4.2;-56.8;4.32;0.05;Negativno;Ne
12337;4.5;-72.4;8.15;1.12;Negativno;Ne
12338;1.3;-45.4;3.71;1.32;Negativno;Ne
12339;7.0;-57.1;5.4;0.04;Negativno;Ne
12340;0.5;-33.6;7.02;0.62;Negativno;Ne
12341;16.1;-45.9;6.7;1.03;Negativno;Ne
12342;12.4;-59.3;6.79;1.14;Negativno;Ne
12343;2.3;-59.7;8.79;0.31;Negativno;Ne
12344;0.2;-58.3;4.84;0.34;Negativno;Ne
12345;2.5;-60.8;5.89;0.13;Negativno;Ne
12346;3.3;-69.6;7.47;1.53;Negativno;Ne
12347;0.1;-58.4;6.35;0.38;Negativno;Ne
12348;3.6;-44.7;9.37;0.47;Negativno;Ne
12349;1.1;-64.2;6.48;0.45;Negativno;Ne
12350;3.3;-56.9;9.88;0.16;Negativno;Ne
12351;1.4;-54.9;7.52;0.04;Negativno;Ne
12352;12.0;-68.5;8.26;0.73;Negativno;Ne
12353;0.1;-59.9;9.71;0.1;Negativno;Ne
12354;10.2;-61.0;8.42;0.71;Negativno;Ne
12355;4.4;-54.3;3.3;1.35;Negativno;Ne
12356;3.4;-67.9;11.67;0.16;Negativno;Ne
12357;12.2;-42.7;4.49;0.62;Negativno;Ne
12358;3.2;-62.7;10.67;0.36;Negativno;Ne
12359;4.1;-60.9;6.91;1.81;Negativno;Ne
12360;11.8;-52.5;5.4;0.22;Negativno;Ne
12361;22.5;-65.1;9.4;0.01;Negativno;Ne
12362;6.4;-70.7;7.05;0.42;Negativno;Ne
12363;0.4;-71.4;12.47;0.04;Negativno;Ne
12364;6.3;-69.6;9.02;0.43;Negativno;Ne
12365;4.9;-69.6;6.7;0.43;Negativno;Ne
12366;12.2;-57.6;7.07;0.46;Negativno;Ne
12367;18.9;-50.3;8.97;0.01;Negativno;Ne
12368;1.8;-64.6;6.07;0.08;Negativno;Ne
12369;3.6;-34.9;3.54;0.25;Pozitivno;Ne
12370;1.7;-45.1;6.58;0.29;Negativno;Ne
12371;1.6;-66.0;5.44;0.28;Negativno;Ne
12372;6.2;-46.0;8.06;0.12;Negativno;Ne
12373;5.4;-50.9;8.19;1.13;Negativno;Ne
12374;2.5;-57.3;5.15;1.23;Negativno;Ne
12375;4.5;-75.8;10.31;0.15;Negativno;Ne
12376;3.4;-52.2;5.79;0.12;Negativno;Ne
12377;4.7;-50.3;4.76;0.43;Negativno;Ne
12378;0.8;-70.3;7.34;0.01;Negativno;Ne
12379;3.3;-56.2;6.88;0.22;Negativno;Ne
12380;6.5;-61.8;4.17;0.28;Negativno;Ne
12381;1.8;-51.5;7.78;2.0;Negativno;Ne
12382;8.8;-79.5;9.84;0.53;Negativno;Ne
12383;6.8;-58.4;7.06;0.31;Negativno;Ne
12384;7.8;-44.5;14.0;1.03;Negativno;Ne
12385;4.7;-63.2;6.61;0.06;Negativno;Ne
12386;8.9;-68.2;7.5;0.39;Negativno;Ne
12387;2.4;-78.5;4.16;0.87;Negativno;Ne
12388;0.9;-75.4;6.76;0.04;Negativno;Ne
12389;2.5;-62.8;7.08;0.13;Negativno;Ne
12390;15.4;-49.2;5.78;0.24;Negativno;Ne
12391;4.4;-56.4;7.63;1.0;Negativno;Ne
12392;1.3;-52.5;6.62;0.04;Negativno;Ne
12393;1.2;-45.5;6.94;2.94;Negativno;Ne
12394;1.1;-43.6;5.55;1.11;Negativno;Ne
12395;2.7;-69.5;4.57;0.27;Negativno;Ne
12396;2.9;-64.2;12.1;0.37;Negativno;Ne
12397;0.0;-56.3;6.94;1.89;Negativno;Ne
12398;4.7;-64.6;9.91;0.37;Negativno;Ne
12399;0.9;-71.6;5.54;0.37;Negativno;Ne
12400;1.9;-53.2;8.41;1.43;Negativno;Ne
12401;1.7;-51.6;7.02;0.66;Negativno;Ne
12402;1.3;-60.6;6.85;0.21;Negativno;Ne
12403;21.4;-65.0;9.21;0.11;Negativno;Ne
12404;8.1;-55.0;8.02;0.17;Negativno;Ne
12405;3.6;-60.5;8.19;0.1;Negativno;Ne
12406;8.9;-48.7;5.78;0.05;Negativno;Ne
12407;3.0;-69.8;5.15;0.12;Negativno;Ne
12408;0.7;-47.6;8.68;0.23;Negativno;Ne
12409;4.7;-48.9;7.19;0.15;Negativno;Ne
12410;4.3;-67.4;8.59;0.21;Negativno;Ne
12411;7.0;-63.7;7.48;0.43;Negativno;Ne
12412;0.4;-55.7;7.94;0.01;Negativno;Ne
12413;0.6;-53.6;7.19;0.52;Negativno;Ne
12414;7.3;-49.8;5.87;0.45;Negativno;Ne
12415;1.4;-54.8;6.85;0.03;Negativno;Ne
12416;4.0;-67.4;11.56;1.34;Negativno;Ne
12417;6.2;-54.4;6.09;0.24;Negativno;Ne
12418;6.5;-53.6;6.11;0.0;Negativno;Ne
12419;10.0;-66.9;5.53;0.32;Negativno;Ne
12420;8.8;-71.5;9.58;0.02;Negativno;Ne
12421;6.5;-61.5;9.0;0.36;Negativno;Ne
12422;0.9;-48.6;6.26;0.39;Negativno;Ne
12423;0.4;-69.3;9.08;0.03;Negativno;Ne
12424;10.3;-57.1;5.48;0.38;Negativno;Ne
12425;0.2;-47.6;8.34;0.67;Negativno;Ne
12426;2.9;-71.9;5.41;1.12;Negativno;Ne
12427;0.3;-61.4;9.41;0.32;Negativno;Ne
12428;11.2;-71.6;10.96;0.75;Negativno;Ne
12429;1.0;-61.3;8.97;0.49;Negativno;Ne
12430;3.3;-66.7;9.19;0.32;Negativno;Ne
12431;4.8;-60.0;5.65;0.09;Negativno;Ne
12432;0.1;-70.5;7.04;0.74;Negativno;Ne
12433;4.9;-64.2;5.91;0.77;Negativno;Ne
12434;0.0;-66.9;4.01;0.08;Negativno;Ne
12435;2.3;-60.2;4.05;0.06;Negativno;Ne
12436;2.7;-53.0;10.18;0.25;Negativno;Ne
12437;5.3;-64.2;8.3;1.02;Negativno;Ne
12438;1.9;-50.2;7.34;0.17;Negativno;Ne
12439;5.6;-70.3;8.0;2.8;Negativno;Ne
12440;3.7;-44.6;11.32;0.01;Negativno;Ne
12441;3.0;-81.8;8.06;1.27;Negativno;Ne
12442;4.2;-68.0;6.44;0.05;Negativno;Ne
12443;5.4;-58.3;4.87;0.4;Negativno;Ne
12444;0.6;-60.9;7.93;0.44;Negativno;Ne
12445;2.7;-46.8;3.96;0.01;Negativno;Ne
12446;22.2;-72.4;6.68;0.37;Negativno;Ne
12447;3.4;-62.6;2.84;0.75;Negativno;Ne
12448;8.7;-57.9;7.67;0.37;Negativno;Ne
12449;1.4;-70.0;8.81;0.45;Negativno;Ne
12450;4.9;-59.4;5.93;0.19;Negativno;Ne
12451;4.9;-63.6;6.59;0.29;Negativno;Ne
12452;1.9;-56.1;12.54;0.33;Negativno;Ne
12453;10.8;-65.6;6.9;0.94;Negativno;Ne
12454;14.8;-70.2;10.14;0.76;Negativno;Ne
12455;10.0;-69.1;4.42;1.0;Negativno;Ne
12456;1.4;-58.1;10.58;0.11;Negativno;Ne
12457;3.5;-79.9;4.79;1.1;Negativno;Ne
12458;7.0;-67.9;8.85;0.1;Negativno;Ne
12459;0.2;-51.1;12.04;0.11;Negativno;Ne
12460;1.3;-67.2;6.41;0.26;Negativno;Ne
12461;1.1;-66.9;8.43;0.07;Negativno;Ne
12462;1.2;-52.8;9.13;2.22;Negativno;Ne
12463;0.1;-75.2;6.85;0.14;Negativno;Ne
12464;1.9;-71.4;9.89;0.04;Negativno;Ne
12465;0.8;-70.6;7.94;0.1;Negativno;Ne
12466;5.1;-68.0;4.03;0.53;Negativno;Ne
12467;0.5;-53.2;6.14;2.53;Negativno;Ne
12468;8.0;-39.9;6.11;0.12;Negativno;Ne
12469;0.2;-49.0;6.23;0.8;Negativno;Ne
12470;7.8;-72.5;4.0;0.14;Negativno;Ne
12471;1.3;-58.5;5.16;0.25;Negativno;Ne
12472;6.1;-46.8;7.4;0.94;Negativno;Ne
12473;0.6;-81.2;7.47;0.05;Negativno;Ne
12474;1.6;-46.2;4.88;0.58;Negativno;Ne
12475;1.8;-56.9;12.31;0.12;Negativno;Ne
12476;3.7;-71.6;7.69;1.03;Negativno;Ne
12477;5.2;-66.8;6.65;0.46;Negativno;Ne
12478;3.2;-48.4;6.82;0.06;Negativno;Ne
12479;1.4;-43.9;5.54;0.86;Negativno;Ne
12480;1.3;-56.6;5.78;3.11;Negativno;Ne
12481;4.7;-58.2;7.78;0.41;Negativno;Ne
12482;1.3;-23.8;8.04;0.37;Negativno;Ne
12483;2.0;-53.5;8.77;0.48;Negativno;Ne
12484;3.2;-49.5;6.8;0.2;Negativno;Ne
12485;5.4;-78.1;3.61;0.29;Negativno;Ne
12486;2.1;-46.4;7.05;0.12;Negativno;Ne
12487;14.9;-57.3;7.98;0.03;Negativno;Ne
12488;0.3;-59.5;5.87;0.04;Negativno;Ne
12489;0.3;-53.0;6.5;0.44;Negativno;Ne
12490;2.2;-54.9;10.95;0.28;Negativno;Ne
12491;0.1;-61.8;9.56;0.78;Negativno;Ne
12492;6.0;-73.1;10.37;0.43;Negativno;Ne
12493;0.5;-79.5;7.38;0.1;Negativno;Ne
12494;20.1;-60.6;3.03;0.09;Negativno;Ne
12495;9.7;-56.1;11.39;0.23;Negativno;Ne
12496;2.7;-70.4;7.15;0.53;Negativno;Ne
12497;5.5;-58.7;6.75;0.22;Negativno;Ne
12498;4.3;-58.7;4.29;0.25;Negativno;Ne
12499;9.8;-56.4;4.25;0.54;Negativno;Ne
12500;1.5;-67.4;12.21;0.96;Negativno;Ne
12501;7.1;-60.3;6.39;0.13;Negativno;Ne
12502;6.7;-43.7;9.31;0.53;Negativno;Ne
12503;3.6;-69.1;6.59;0.74;Negativno;Ne
12504;1.3;-76.6;6.41;0.67;Negativno;Ne
12505;5.4;-55.2;9.18;0.71;Negativno;Ne
12506;5.2;-54.2;6.58;0.33;Negativno;Ne
12507;0.3;-53.8;5.24;0.72;Negativno;Ne
12508;3.5;-93.2;9.13;0.34;Negativno;Ne
12509;9.7;-59.2;8.45;1.35;Negativno;Ne
12510;5.0;-51.7;8.18;0.62;Negativno;Ne
12511;2.1;-68.7;7.67;0.09;Negativno;Ne
12512;2.1;-57.8;9.59;0.36;Negativno;Ne
12513;1.4;-57.2;8.35;0.08;Negativno;Ne
12514;2.1;-66.7;9.05;1.09;Negativno;Ne
12515;13.8;-67.1;9.57;0.37;Negativno;Ne
12516;5.2;-47.3;8.39;0.51;Negativno;Ne
12517;7.5;-64.8;9.54;0.29;Negativno;Ne
12518;2.1;-61.7;5.49;0.06;Negativno;Ne
12519;13.8;-62.2;3.95;0.22;Negativno;Ne
12520;2.4;-67.8;7.58;0.54;Negativno;Ne
12521;2.6;-62.9;6.64;0.81;Negativno;Ne
12522;5.0;-92.8;3.7;0.66;Negativno;Ne
12523;4.1;-58.4;6.08;1.49;Negativno;Ne
12524;0.0;-53.0;10.87;0.1;Negativno;Ne
12525;0.7;-51.5;6.06;1.29;Negativno;Ne
12526;4.8;-50.0;8.0;1.01;Negativno;Ne
12527;9.1;-66.8;6.78;0.08;Negativno;Ne
12528;0.3;-77.4;5.99;0.24;Negativno;Ne
12529;3.2;-66.2;7.08;0.27;Negativno;Ne
12530;0.1;-58.5;7.2;0.41;Negativno;Ne
12531;3.6;-63.2;11.99;0.15;Negativno;Ne
12532;20.1;-65.8;6.03;0.41;Negativno;Ne
12533;0.7;-41.4;3.75;0.09;Negativno;Ne
12534;7.0;-53.9;7.33;0.02;Negativno;Ne
12535;4.1;-63.2;7.91;0.03;Negativno;Ne
12536;0.5;-44.4;9.33;0.64;Negativno;Ne
12537;4.5;-42.9;4.24;2.16;Negativno;Ne
12538;4.1;-56.7;9.87;0.47;Negativno;Ne
12539;0.4;-83.9;1.55;0.26;Negativno;Ne
12540;2.6;-72.3;4.68;0.69;Negativno;Ne
12541;3.4;-70.0;8.09;1.46;Negativno;Ne
12542;3.2;-61.8;5.31;0.2;Negativno;Ne
12543;7.6;-71.0;8.68;0.47;Negativno;Ne
12544;4.9;-47.3;9.01;0.43;Negativno;Ne
12545;12.8;-68.8;6.77;0.39;Negativno;Ne
12546;0.3;-48.3;6.63;1.56;Negativno;Ne
12547;3.0;-58.0;7.8;0.53;Negativno;Ne
12548;7.4;-54.7;5.52;1.45;Negativno;Ne
12549;7.0;-61.7;4.92;0.67;Negativno;Ne
12550;6.7;-51.0;7.94;0.45;Negativno;Ne
12551;5.1;-40.7;8.38;0.39;Negativno;Ne
12552;6.3;-60.5;8.23;0.13;Negativno;Ne
12553;1.5;-46.0;9.89;0.41;Negativno;Ne
12554;4.1;-50.9;7.97;0.54;Negativno;Ne
12555;2.0;-53.1;4.64;0.49;Negativno;Ne
12556;20.0;-67.8;6.81;2.1;Negativno;Ne
12557;4.5;-50.7;6.84;0.17;Negativno;Ne
12558;7.0;-50.7;6.75;0.58;Negativno;Ne
12559;16.2;-47.7;7.71;1.46;Negativno;Ne
12560;2.1;-70.7;11.24;0.06;Negativno;Ne
12561;1.0;-42.3;5.87;0.27;Negativno;Ne
12562;1.3;-56.3;9.76;0.35;Negativno;Ne
12563;0.4;-54.1;5.58;0.2;Negativno;Ne
12564;4.9;-58.5;4.72;0.61;Negativno;Ne
12565;1.2;-55.2;5.08;0.31;Negativno;Ne
12566;4.4;-54.2;6.31;1.65;Negativno;Ne
12567;3.5;-55.3;3.91;0.09;Negativno;Ne
12568;6.7;-69.6;4.09;0.01;Negativno;Ne
12569;1.2;-74.0;5.79;0.07;Negativno;Ne
12570;14.2;-42.9;7.87;0.16;Negativno;Ne
12571;0.7;-47.7;7.29;0.53;Negativno;Ne
12572;0.2;-55.2;7.35;0.01;Negativno;Ne
12573;1.3;-60.9;9.88;0.17;Negativno;Ne
12574;1.4;-50.7;5.3;0.07;Negativno;Ne
12575;2.9;-73.9;10.08;0.29;Negativno;Ne
12576;0.2;-47.6;8.86;0.99;Negativno;Ne
12577;0.5;-65.8;7.51;1.61;Negativno;Ne
12578;0.1;-49.1;5.27;1.12;Negativno;Ne
12579;5.3;-67.9;6.79;0.73;Negativno;Ne
12580;0.5;-63.3;6.95;0.5;Negativno;Ne
12581;4.1;-58.5;5.77;0.09;Negativno;Ne
12582;1.6;-56.6;7.05;0.01;Negativno;Ne
12583;4.3;-64.6;9.79;0.51;Negativno;Ne
12584;6.8;-67.7;5.0;0.05;Negativno;Ne
12585;11.3;-63.9;6.6;0.96;Negativno;Ne
12586;13.6;-57.1;8.1;0.84;Negativno;Ne
12587;5.0;-66.8;9.2;0.47;Negativno;Ne
12588;4.6;-54.6;8.16;0.02;Negativno;Ne
12589;1.5;-64.4;7.52;0.31;Negativno;Ne
12590;1.0;-60.5;8.96;0.17;Negativno;Ne
12591;4.6;-64.0;8.51;1.45;Negativno;Ne
12592;2.7;-63.1;8.38;0.01;Negativno;Ne
12593;3.2;-41.3;5.5;0.18;Negativno;Ne
12594;24.5;-59.4;3.78;0.14;Negativno;Ne
12595;4.6;-27.9;6.48;0.71;Negativno;Ne
12596;6.3;-61.9;7.04;0.08;Negativno;Ne
12597;17.9;-62.7;7.96;0.52;Negativno;Ne
12598;0.4;-62.9;7.51;0.74;Negativno;Ne
12599;0.2;-67.9;6.24;0.52;Negativno;Ne
12600;2.4;-67.7;8.18;0.17;Negativno;Ne
12601;0.6;-69.3;4.08;0.21;Negativno;Ne
12602;2.5;-68.1;7.15;2.11;Negativno;Ne
12603;22.5;-52.4;9.46;3.79;Negativno;Ne
12604;12.1;-55.4;5.03;0.01;Negativno;Ne
12605;6.6;-67.8;7.14;0.36;Negativno;Ne
12606;3.5;-47.1;10.11;0.97;Negativno;Ne
12607;3.1;-58.7;7.98;0.41;Negativno;Ne
12608;0.4;-36.3;8.35;0.36;Negativno;Ne
12609;8.9;-66.8;10.35;1.31;Negativno;Ne
12610;0.3;-56.5;7.96;0.05;Negativno;Ne
12611;7.6;-59.3;3.46;0.87;Negativno;Ne
12612;6.9;-69.8;6.48;0.06;Negativno;Ne
12613;10.1;-59.1;8.11;0.76;Negativno;Ne
12614;9.8;-46.4;7.94;0.23;Negativno;Ne
12615;2.2;-69.4;9.43;0.68;Negativno;Ne
12616;5.4;-50.8;10.38;0.36;Negativno;Ne
12617;8.5;-66.6;4.63;0.23;Negativno;Ne
12618;0.5;-63.2;8.69;0.6;Negativno;Ne
12619;6.0;-77.5;5.73;0.07;Negativno;Ne
12620;2.8;-48.6;4.67;0.89;Negativno;Ne
12621;3.1;-60.6;6.34;0.37;Negativno;Ne
12622;2.0;-56.3;7.8;0.19;Negativno;Ne
12623;24.6;-65.4;7.07;0.01;Negativno;Ne
12624;10.5;-53.4;4.78;1.94;Negativno;Ne
12625;5.3;-70.1;3.81;0.26;Negativno;Ne
12626;3.1;-70.3;7.04;0.34;Negativno;Ne
12627;1.8;-44.8;8.91;0.67;Negativno;Ne
12628;2.5;-56.2;4.83;0.21;Negativno;Ne
12629;1.8;-69.7;6.14;0.08;Negativno;Ne
12630;5.3;-58.4;9.29;2.81;Negativno;Ne
12631;1.2;-66.8;8.83;0.35;Negativno;Ne
12632;5.2;-70.6;7.75;0.36;Negativno;Ne
12633;2.7;-55.6;8.6;0.02;Negativno;Ne
12634;5.7;-62.9;8.22;0.62;Negativno;Ne
12635;4.0;-40.5;6.67;0.61;Negativno;Ne
12636;2.2;-43.5;7.29;0.15;Negativno;Ne
12637;0.2;-57.1;6.85;0.04;Negativno;Ne
12638;7.9;-32.5;6.73;0.13;Negativno;Ne
12639;14.0;-61.8;3.24;0.17;Negativno;Ne
12640;9.9;-57.3;8.29;0.18;Negativno;Ne
12641;0.1;-50.6;6.74;0.3;Negativno;Ne
12642;4.2;-38.1;3.62;0.33;Negativno;Ne
12643;0.5;-36.3;8.03;0.02;Negativno;Ne
12644;2.2;-62.9;5.28;0.21;Negativno;Ne
12645;2.2;-63.2;6.12;2.31;Negativno;Ne
12646;0.6;-67.3;7.79;0.07;Negativno;Ne
12647;0.1;-67.1;3.98;0.09;Negativno;Ne
12648;4.3;-55.2;7.83;0.22;Negativno;Ne
12649;0.6;-46.3;9.03;0.09;Negativno;Ne
12650;1.1;-68.2;6.93;0.06;Negativno;Ne
12651;11.1;-59.0;7.81;0.64;Negativno;Ne
12652;1.1;-41.4;5.38;0.61;Negativno;Ne
12653;5.3;-62.8;5.49;0.34;Negativno;Ne
12654;20.3;-68.9;7.18;0.55;Negativno;Ne
12655;21.3;-51.6;6.23;0.67;Negativno;Ne
12656;5.2;-53.6;7.07;0.26;Negativno;Ne
12657;2.1;-64.4;7.68;0.74;Negativno;Ne
12658;3.6;-60.5;4.38;0.4;Negativno;Ne
12659;3.5;-64.7;5.4;0.25;Negativno;Ne
12660;5.5;-65.7;7.31;0.0;Negativno;Ne
12661;15.7;-53.6;8.78;0.85;Negativno;Ne
12662;1.1;-69.5;10.81;0.68;Negativno;Ne
12663;9.5;-61.0;0.0;0.13;Negativno;Ne
12664;5.2;-55.4;7.07;1.4;Negativno;Ne
12665;2.5;-63.8;10.65;0.44;Negativno;Ne
12666;4.8;-64.2;6.33;0.91;Negativno;Ne
12667;7.1;-67.2;8.89;1.25;Negativno;Ne
12668;5.0;-76.0;4.07;0.03;Negativno;Ne
12669;23.3;-58.4;6.45;1.14;Negativno;Ne
12670;4.2;-56.1;6.52;1.06;Negativno;Ne
12671;7.9;-59.3;5.84;0.2;Negativno;Ne
12672;9.5;-57.1;4.28;2.84;Negativno;Ne
12673;1.9;-77.8;6.58;0.33;Negativno;Ne
12674;4.9;-53.9;3.76;0.35;Negativno;Ne
12675;0.1;-61.2;4.17;0.33;Negativno;Ne
12676;2.4;-60.4;8.3;1.31;Negativno;Ne
12677;4.9;-69.7;6.17;1.49;Negativno;Ne
12678;3.0;-60.7;8.41;0.35;Negativno;Ne
12679;1.2;-77.5;2.92;0.59;Negativno;Ne
12680;6.3;-45.0;7.23;0.06;Negativno;Ne
12681;3.6;-72.4;7.78;0.6;Negativno;Ne
12682;13.9;-56.8;8.13;0.41;Negativno;Ne
12683;1.2;-74.9;6.7;1.45;Negativno;Ne
12684;6.2;-67.0;5.08;0.76;Negativno;Ne
12685;21.3;-68.7;5.38;1.51;Negativno;Ne
12686;0.1;-51.3;10.54;0.11;Negativno;Ne
12687;8.4;-53.8;8.01;0.01;Negativno;Ne
12688;13.8;-65.5;7.78;1.06;Negativno;Ne
12689;2.7;-74.2;4.96;1.33;Negativno;Ne
12690;2.7;-56.3;6.84;0.04;Negativno;Ne
12691;14.4;-52.9;8.33;0.86;Negativno;Ne
12692;6.8;-86.3;5.03;0.03;Negativno;Ne
12693;3.2;-68.3;7.26;0.51;Negativno;Ne
12694;4.2;-73.9;5.73;0.35;Negativno;Ne
12695;2.8;-45.9;4.23;0.33;Negativno;Ne
12696;6.1;-60.9;9.2;0.09;Negativno;Ne
12697;11.1;-54.3;7.74;0.05;Negativno;Ne
12698;5.0;-56.2;3.53;0.21;Negativno;Ne
12699;0.4;-54.3;6.36;1.12;Negativno;Ne
12700;7.2;-64.2;5.14;1.03;Negativno;Ne
12701;4.9;-71.1;10.43;0.53;Negativno;Ne
12702;18.2;-59.1;8.1;0.49;Negativno;Ne
12703;17.7;-56.5;8.6;0.17;Negativno;Ne
12704;1.8;-43.9;1.59;0.67;Negativno;Ne
12705;4.6;-60.8;7.64;0.53;Negativno;Ne
12706;1.8;-41.3;5.64;1.24;Negativno;Ne
12707;1.7;-44.9;5.93;0.39;Negativno;Ne
12708;0.3;-52.6;7.31;0.05;Negativno;Ne
12709;5.3;-53.2;8.36;0.13;Negativno;Ne
12710;0.6;-74.3;6.53;0.93;Negativno;Ne
12711;1.4;-59.8;8.19;0.37;Negativno;Ne
12712;0.6;-60.5;9.83;0.09;Negativno;Ne
12713;21.0;-86.7;7.29;0.72;Negativno;Ne
12714;1.4;-55.8;10.08;0.02;Negativno;Ne
12715;3.1;-67.7;9.12;0.15;Negativno;Ne
12716;2.2;-43.9;5.95;0.91;Negativno;Ne
12717;9.8;-58.8;8.54;0.65;Negativno;Ne
12718;8.2;-43.8;2.66;0.44;Negativno;Ne
12719;0.9;-52.5;8.14;0.21;Negativno;Ne
12720;1.7;-48.6;5.85;0.08;Negativno;Ne
12721;4.2;-66.1;5.56;1.0;Negativno;Ne
12722;8.3;-77.2;9.66;2.02;Negativno;Ne
12723;1.8;-55.5;5.78;0.05;Negativno;Ne
12724;0.9;-70.1;8.45;0.79;Negativno;Ne
12725;6.5;-58.3;6.31;0.07;Negativno;Ne
12726;0.6;-69.1;8.29;0.56;Negativno;Ne
12727;8.1;-50.6;6.6;0.35;Negativno;Ne
12728;5.3;-55.0;4.96;0.18;Negativno;Ne
12729;2.3;-45.1;7.37;0.29;Negativno;Ne
12730;15.4;-56.1;5.19;1.16;Negativno;Ne
12731;8.0;-51.9;5.51;1.06;Negativno;Ne
12732;8.9;-70.4;6.07;0.33;Negativno;Ne
12733;6.1;-60.9;4.88;2.42;Negativno;Ne
12734;16.2;-58.7;7.27;0.8;Negativno;Ne
12735;0.6;-56.1;6.66;0.52;Negativno;Ne
12736;6.2;-39.5;5.66;0.22;Negativno;Ne
12737;15.3;-57.4;2.94;0.04;Negativno;Ne
12738;2.2;-59.5;6.18;0.44;Negativno;Ne
12739;6.9;-60.0;5.01;0.56;Negativno;Ne
12740;1.7;-73.7;6.32;0.83;Negativno;Ne
12741;15.9;-60.1;9.65;0.19;Negativno;Ne
12742;14.6;-61.8;4.15;0.83;Negativno;Ne
12743;7.7;-63.6;7.46;0.93;Negativno;Ne
12744;0.0;-45.5;7.35;1.11;Negativno;Ne
12745;8.6;-52.0;10.83;0.27;Negativno;Ne
12746;1.0;-58.7;9.12;0.02;Negativno;Ne
12747;1.1;-70.4;10.82;0.48;Negativno;Ne
12748;19.5;-58.5;8.22;0.19;Negativno;Ne
12749;16.9;-54.5;4.79;0.21;Negativno;Ne
12750;0.5;-52.9;6.27;1.08;Negativno;Ne
12751;0.6;-53.7;4.16;0.69;Negativno;Ne
12752;1.5;-49.7;5.58;0.95;Negativno;Ne
12753;8.3;-59.3;8.99;0.46;Negativno;Ne
12754;3.0;-68.0;6.93;0.21;Negativno;Ne
12755;0.0;-69.1;7.41;0.07;Negativno;Ne
12756;2.7;-74.7;6.48;0.65;Negativno;Ne
12757;6.1;-77.4;10.02;0.49;Negativno;Ne
12758;4.0;-75.4;6.36;0.11;Negativno;Ne
12759;2.9;-61.3;6.04;0.96;Negativno;Ne
12760;7.0;-58.0;8.92;0.42;Negativno;Ne
12761;6.9;-76.0;3.62;1.0;Negativno;Ne
12762;2.9;-62.2;7.42;1.66;Negativno;Ne
12763;1.2;-58.1;5.63;0.1;Negativno;Ne
12764;2.3;-65.9;8.49;0.73;Negativno;Ne
12765;1.2;-72.1;8.34;0.58;Negativno;Ne
12766;3.7;-54.1;8.37;0.71;Negativno;Ne
12767;1.5;-76.7;5.27;0.2;Negativno;Ne
12768;0.6;-70.7;8.02;0.15;Negativno;Ne
12769;0.9;-33.6;7.78;0.06;Negativno;Ne
12770;2.3;-45.9;3.61;0.04;Negativno;Ne
12771;2.6;-48.8;7.95;0.4;Negativno;Ne
12772;1.6;-42.8;7.55;0.01;Negativno;Ne
12773;5.5;-41.3;8.52;0.45;Negativno;Ne
12774;0.7;-46.9;4.91;0.04;Negativno;Ne
12775;2.8;-60.6;5.38;0.17;Negativno;Ne
12776;4.8;-53.8;7.28;1.54;Negativno;Ne
12777;1.9;-56.6;8.01;0.12;Negativno;Ne
12778;6.1;-59.0;3.63;0.22;Negativno;Ne
12779;5.1;-66.1;7.14;0.37;Negativno;Ne
12780;1.6;-61.4;7.88;0.84;Negativno;Ne
12781;2.4;-64.4;9.09;0.45;Negativno;Ne
12782;0.1;-59.3;4.6;1.64;Negativno;Ne
12783;0.4;-54.8;5.32;0.63;Negativno;Ne
12784;0.3;-72.3;6.73;1.12;Negativno;Ne
12785;25.0;-68.2;8.17;0.94;Negativno;Ne
12786;2.6;-51.4;6.62;0.27;Negativno;Ne
12787;5.2;-50.3;11.22;0.08;Negativno;Ne
12788;0.6;-68.2;9.52;0.55;Negativno;Ne
12789;2.4;-62.6;8.78;0.14;Negativno;Ne
12790;9.9;-70.3;8.79;0.34;Negativno;Ne
12791;7.6;-57.5;5.68;0.09;Negativno;Ne
12792;11.3;-62.0;7.55;0.77;Negativno;Ne
12793;1.8;-59.4;9.44;0.18;Negativno;Ne
12794;9.0;-65.9;4.78;0.51;Negativno;Ne
12795;0.3;-49.1;8.32;0.23;Pozitivno;Ne
12796;1.6;-31.2;6.41;1.59;Negativno;Ne
12797;2.7;-56.6;5.04;1.36;Negativno;Ne
12798;5.9;-59.1;6.92;0.37;Negativno;Ne
12799;0.1;-54.2;5.92;0.47;Negativno;Ne
12800;20.0;-62.1;6.57;1.17;Negativno;Ne
12801;0.5;-48.6;7.33;0.63;Negativno;Ne
12802;15.7;-49.3;7.46;0.11;Negativno;Ne
12803;2.5;-71.2;2.82;0.31;Negativno;Ne
12804;1.3;-52.9;3.35;0.1;Negativno;Ne
12805;0.6;-62.6;5.63;2.81;Negativno;Ne
12806;5.4;-64.2;7.01;0.25;Negativno;Ne
12807;0.9;-53.7;3.51;0.1;Negativno;Ne
12808;22.2;-68.4;5.52;0.66;Negativno;Ne
12809;1.5;-65.2;8.53;1.2;Negativno;Ne
12810;3.2;-61.4;6.73;2.1;Negativno;Ne
12811;5.8;-59.9;6.58;0.36;Negativno;Ne
12812;14.0;-54.1;11.71;0.13;Negativno;Ne
12813;2.3;-59.7;10.12;0.3;Negativno;Ne
12814;1.5;-76.1;7.95;0.83;Negativno;Ne
12815;14.0;-67.8;6.66;0.16;Pozitivno;Ne
12816;0.1;-49.0;5.07;1.23;Negativno;Ne
12817;17.9;-60.8;7.55;0.13;Negativno;Ne
12818;8.4;-67.4;6.57;0.7;Negativno;Ne
12819;4.2;-68.5;7.9;0.45;Negativno;Ne
12820;9.3;-61.9;6.39;0.09;Negativno;Ne
12821;2.1;-61.6;6.63;0.96;Negativno;Ne
12822;1.5;-46.2;9.54;0.83;Negativno;Ne
12823;10.2;-56.4;5.59;0.23;Negativno;Ne
12824;2.8;-70.6;4.2;0.85;Negativno;Ne
12825;4.8;-54.3;4.74;1.21;Negativno;Ne
12826;3.5;-49.3;3.7;0.7;Negativno;Ne
12827;1.1;-59.2;4.64;1.16;Negativno;Ne
12828;0.4;-46.3;6.73;0.17;Negativno;Ne
12829;6.7;-62.9;7.05;0.0;Negativno;Ne
12830;2.8;-59.4;7.86;0.92;Negativno;Ne
12831;1.7;-67.7;5.85;0.19;Negativno;Ne
12832;1.4;-74.1;6.63;0.0;Negativno;Ne
12833;1.8;-56.7;5.17;0.4;Negativno;Ne
12834;5.1;-60.4;7.21;1.12;Negativno;Ne
12835;5.3;-72.4;6.34;1.17;Negativno;Ne
12836;7.3;-49.4;8.58;0.85;Negativno;Ne
12837;2.8;-67.9;7.01;0.09;Negativno;Ne
12838;3.5;-77.7;7.59;1.44;Negativno;Ne
12839;6.9;-58.1;5.91;0.6;Negativno;Ne
12840;1.9;-52.2;6.69;0.33;Negativno;Ne
12841;0.6;-58.3;9.49;1.92;Negativno;Ne
12842;3.8;-66.0;2.98;0.69;Negativno;Ne
12843;0.3;-52.3;8.98;0.6;Negativno;Ne
12844;3.1;-32.6;6.13;0.39;Negativno;Ne
12845;25.0;-53.4;7.14;0.63;Negativno;Ne
12846;0.0;-64.4;5.7;0.27;Negativno;Ne
12847;4.7;-56.1;7.21;0.29;Negativno;Ne
12848;1.5;-72.8;7.91;0.83;Negativno;Ne
12849;4.5;-67.8;9.23;0.09;Negativno;Ne
12850;3.5;-58.9;8.52;0.37;Negativno;Ne
12851;6.3;-59.4;4.54;0.93;Negativno;Ne
12852;7.5;-41.0;6.24;0.3;Negativno;Ne
12853;1.6;-48.0;6.79;0.62;Negativno;Ne
12854;10.4;-36.3;6.01;0.69;Negativno;Ne
12855;13.4;-50.5;6.62;1.54;Negativno;Ne
12856;4.1;-67.0;5.12;0.23;Negativno;Ne
12857;3.7;-39.8;7.56;0.25;Negativno;Ne
12858;1.9;-55.7;6.01;0.3;Negativno;Ne
12859;1.3;-66.5;8.1;0.52;Negativno;Ne
12860;2.3;-53.6;5.11;0.32;Negativno;Ne
12861;3.5;-54.5;3.56;0.81;Negativno;Ne
12862;3.9;-64.5;7.7;0.1;Negativno;Ne
12863;5.2;-72.9;8.93;0.23;Negativno;Ne
12864;1.2;-70.9;7.1;0.22;Negativno;Ne
12865;17.6;-57.6;7.46;1.32;Negativno;Ne
12866;2.2;-62.9;7.44;0.23;Negativno;Ne
12867;11.6;-61.2;7.93;0.15;Negativno;Ne
12868;0.2;-58.4;4.17;0.37;Negativno;Ne
12869;1.3;-42.3;5.39;0.58;Negativno;Ne
12870;1.0;-64.1;3.89;1.21;Negativno;Ne
12871;1.7;-49.5;6.65;0.15;Negativno;Ne
12872;0.0;-58.2;9.03;0.74;Negativno;Ne
12873;0.0;-59.5;5.31;0.09;Negativno;Ne
12874;14.3;-67.6;6.05;0.28;Negativno;Ne
12875;3.2;-54.3;5.67;0.33;Negativno;Ne
12876;0.2;-74.4;5.89;0.12;Negativno;Ne
12877;0.5;-63.6;4.35;2.35;Negativno;Ne
12878;4.9;-58.1;8.03;0.93;Negativno;Ne
12879;1.0;-55.8;4.06;0.49;Negativno;Ne
12880;9.2;-54.7;7.69;0.13;Negativno;Ne
12881;2.0;-63.4;10.32;0.63;Negativno;Ne
12882;3.4;-62.7;4.66;0.06;Negativno;Ne
12883;2.1;-68.4;6.69;1.52;Negativno;Ne
12884;18.0;-62.0;4.92;0.29;Negativno;Ne
12885;1.4;-57.8;6.33;0.63;Negativno;Ne
12886;7.9;-55.4;5.57;0.11;Negativno;Ne
12887;5.7;-49.2;5.05;0.02;Negativno;Ne
12888;2.9;-74.9;5.67;0.27;Negativno;Ne
12889;3.7;-47.6;5.33;1.09;Negativno;Ne
12890;16.7;-61.0;6.89;3.22;Negativno;Ne
12891;0.0;-51.2;5.64;1.43;Negativno;Ne
12892;7.9;-62.7;5.27;1.17;Negativno;Ne
12893;3.1;-61.9;6.3;0.23;Negativno;Ne
12894;0.5;-70.9;6.07;0.54;Negativno;Ne
12895;2.4;-68.6;11.22;0.1;Negativno;Ne
12896;4.1;-57.3;9.03;0.42;Negativno;Ne
12897;15.3;-60.7;6.63;0.27;Negativno;Ne
12898;4.7;-24.8;7.4;0.91;Negativno;Ne
12899;2.3;-45.3;8.5;0.72;Negativno;Ne
12900;6.9;-46.6;7.88;0.07;Negativno;Ne
12901;3.1;-68.8;6.15;0.36;Negativno;Ne
12902;2.7;-60.1;6.16;0.33;Negativno;Ne
12903;3.2;-58.2;5.58;0.28;Negativno;Ne
12904;1.0;-56.3;6.6;0.15;Negativno;Ne
12905;1.9;-59.9;6.0;0.12;Negativno;Ne
12906;7.1;-47.0;7.72;0.57;Negativno;Ne
12907;3.1;-69.6;8.24;0.32;Negativno;Ne
12908;1.3;-61.1;3.32;0.24;Negativno;Ne
12909;3.5;-53.6;8.47;2.09;Negativno;Ne
12910;1.2;-51.3;8.5;0.1;Negativno;Ne
12911;23.8;-59.4;5.82;0.27;Negativno;Ne
12912;3.0;-48.2;8.93;0.82;Negativno;Ne
12913;0.3;-74.5;7.39;0.65;Negativno;Ne
12914;2.5;-67.6;5.42;0.05;Negativno;Ne
12915;3.6;-73.4;9.33;0.86;Negativno;Ne
12916;0.7;-42.1;8.48;0.37;Negativno;Ne
12917;9.7;-46.1;8.86;0.01;Negativno;Ne
12918;2.2;-72.3;8.45;0.17;Negativno;Ne
12919;1.0;-58.1;6.02;0.08;Negativno;Ne
12920;1.1;-69.0;8.74;0.33;Negativno;Ne
12921;0.6;-67.0;5.88;0.12;Negativno;Ne
12922;0.0;-60.3;9.64;0.0;Negativno;Ne
12923;21.3;-61.5;7.69;0.26;Negativno;Ne
12924;0.3;-61.4;7.86;0.77;Negativno;Ne
12925;12.2;-63.5;6.2;0.46;Negativno;Ne
12926;2.2;-50.3;12.24;0.52;Negativno;Ne
12927;7.0;-72.6;6.89;1.0;Negativno;Ne
12928;0.4;-57.3;10.47;0.15;Negativno;Ne
12929;0.2;-54.6;5.61;0.25;Negativno;Ne
12930;4.2;-58.8;8.56;0.33;Negativno;Ne
12931;9.9;-43.3;7.51;0.21;Negativno;Ne
12932;4.1;-54.3;8.48;0.07;Negativno;Ne
12933;22.0;-57.9;7.42;0.67;Negativno;Ne
12934;0.4;-48.4;6.21;0.12;Negativno;Ne
12935;1.5;-87.3;7.6;0.95;Negativno;Ne
12936;8.9;-64.3;3.74;0.29;Negativno;Ne
12937;7.1;-59.5;5.52;0.32;Negativno;Ne
12938;1.9;-70.8;8.47;1.09;Negativno;Ne
12939;7.4;-66.0;8.57;0.07;Negativno;Ne
12940;7.2;-45.7;5.92;0.17;Negativno;Ne
12941;16.3;-57.0;8.42;0.05;Negativno;Ne
12942;2.0;-50.5;6.34;0.28;Negativno;Ne
12943;11.2;-57.9;7.51;0.03;Negativno;Ne
12944;2.8;-56.9;4.91;2.52;Negativno;Ne
12945;1.9;-58.1;8.88;0.68;Negativno;Ne
12946;0.1;-67.2;7.38;0.47;Negativno;Ne
12947;8.9;-48.9;8.64;1.2;Negativno;Ne
12948;11.2;-71.0;4.27;0.86;Negativno;Ne
12949;7.5;-49.3;5.06;0.65;Negativno;Ne
12950;0.5;-63.6;8.71;0.63;Negativno;Ne
12951;0.4;-58.3;7.19;0.01;Negativno;Ne
12952;1.7;-44.3;3.33;1.33;Negativno;Ne
12953;0.5;-55.1;9.23;0.12;Negativno;Ne
12954;0.7;-55.4;5.9;0.13;Negativno;Ne
12955;2.8;-68.6;6.57;0.26;Negativno;Ne
12956;9.7;-81.3;6.87;0.14;Negativno;Ne
12957;8.9;-53.6;4.4;0.46;Negativno;Ne
12958;1.5;-54.4;5.11;0.3;Negativno;Ne
12959;13.3;-77.3;10.15;0.03;Negativno;Ne
12960;14.9;-60.6;7.85;0.21;Negativno;Ne
12961;8.3;-49.1;8.17;0.83;Negativno;Ne
12962;9.6;-61.3;5.22;0.15;Negativno;Ne
12963;1.6;-56.9;6.93;0.27;Negativno;Ne
12964;2.9;-88.8;6.84;1.29;Negativno;Ne
12965;12.5;-62.2;1.58;0.21;Negativno;Ne
12966;10.5;-57.5;7.43;0.07;Negativno;Ne
12967;5.9;-62.0;2.66;0.33;Negativno;Ne
12968;2.8;-51.8;7.44;0.06;Negativno;Ne
12969;7.5;-55.1;6.2;0.11;Negativno;Ne
12970;2.8;-75.9;6.26;0.33;Negativno;Ne
12971;2.7;-64.2;4.73;0.5;Negativno;Ne
12972;0.5;-67.6;7.84;0.42;Negativno;Ne
12973;0.1;-82.1;10.45;0.09;Negativno;Ne
12974;4.4;-49.1;5.58;1.31;Negativno;Ne
12975;1.0;-43.0;7.69;0.9;Negativno;Ne
12976;0.7;-57.8;6.4;0.07;Negativno;Ne
12977;2.7;-55.2;3.45;0.23;Negativno;Ne
12978;2.2;-42.8;8.34;0.55;Negativno;Ne
12979;0.2;-69.9;6.84;1.16;Negativno;Ne
12980;0.8;-66.5;8.24;1.56;Negativno;Ne
12981;12.6;-67.8;4.09;1.64;Negativno;Ne
12982;11.7;-56.8;10.84;0.09;Negativno;Ne
12983;6.5;-55.3;7.72;0.11;Negativno;Ne
12984;15.4;-71.3;6.7;0.33;Negativno;Ne
12985;21.2;-52.4;7.94;0.35;Negativno;Ne
12986;2.9;-57.9;5.83;1.65;Negativno;Ne
12987;0.5;-73.4;7.03;0.36;Negativno;Ne
12988;3.5;-61.7;7.55;0.57;Negativno;Ne
12989;1.4;-59.7;6.81;0.09;Negativno;Ne
12990;2.8;-51.4;8.91;0.02;Negativno;Ne
12991;3.5;-57.0;6.03;1.01;Negativno;Ne
12992;1.6;-67.2;9.55;0.64;Negativno;Ne
12993;2.7;-46.0;3.74;0.23;Negativno;Ne
12994;6.4;-55.3;8.17;0.61;Negativno;Ne
12995;1.7;-56.7;5.48;0.02;Negativno;Ne
12996;13.2;-52.7;9.15;0.61;Negativno;Ne
12997;0.7;-63.8;8.32;0.06;Negativno;Ne
12998;2.2;-50.0;7.06;0.18;Negativno;Ne
12999;5.1;-64.7;9.77;0.58;Negativno;Ne
13000;0.4;-47.5;7.38;1.1;Negativno;Ne
13001;1.4;-61.2;7.75;0.55;Negativno;Ne
13002;2.0;-62.4;4.28;1.12;Negativno;Ne
13003;0.4;-67.1;10.67;0.49;Negativno;Ne
13004;8.5;-49.9;4.93;0.15;Negativno;Ne
13005;2.8;-43.4;7.3;0.05;Pozitivno;Ne
13006;2.4;-72.6;7.89;0.01;Negativno;Ne
13007;9.4;-57.3;7.67;0.03;Negativno;Ne
13008;2.2;-52.7;6.9;0.01;Negativno;Ne
13009;5.6;-68.9;4.84;0.29;Negativno;Ne
13010;10.5;-64.4;11.13;0.46;Negativno;Ne
13011;2.9;-51.1;5.36;0.04;Negativno;Ne
13012;3.8;-56.4;8.97;0.6;Negativno;Ne
13013;0.4;-67.9;5.78;0.06;Negativno;Ne
13014;3.9;-57.0;7.2;1.0;Negativno;Ne
13015;2.3;-48.1;7.54;0.13;Negativno;Ne
13016;4.3;-46.5;8.2;0.4;Negativno;Ne
13017;2.6;-56.9;6.25;0.16;Negativno;Ne
13018;15.2;-64.9;5.64;0.53;Pozitivno;Ne
13019;1.1;-77.6;8.35;0.43;Negativno;Ne
13020;0.1;-59.1;8.39;0.4;Negativno;Ne
13021;2.6;-55.3;5.03;0.59;Negativno;Ne
13022;3.6;-63.0;5.3;0.02;Negativno;Ne
13023;1.6;-46.3;4.51;0.61;Negativno;Ne
13024;3.1;-45.6;12.65;0.4;Negativno;Ne
13025;5.4;-57.7;6.85;0.65;Negativno;Ne
13026;2.7;-69.3;8.83;1.19;Negativno;Ne
13027;3.2;-49.7;6.88;0.24;Negativno;Ne
13028;1.3;-64.0;5.42;0.9;Negativno;Ne
13029;1.1;-80.6;4.63;0.96;Negativno;Ne
13030;9.9;-77.9;7.66;1.7;Negativno;Ne
13031;4.0;-56.3;7.26;1.69;Negativno;Ne
13032;2.7;-60.2;7.5;1.03;Negativno;Ne
13033;3.7;-55.7;6.71;0.24;Negativno;Ne
13034;10.4;-54.0;8.37;0.24;Negativno;Ne
13035;3.9;-61.7;4.92;0.71;Negativno;Ne
13036;9.6;-53.6;2.56;0.01;Negativno;Ne
13037;1.5;-59.3;7.43;0.22;Negativno;Ne
13038;2.0;-73.3;6.53;0.19;Negativno;Ne
13039;4.8;-58.2;8.45;0.93;Negativno;Ne
13040;4.3;-54.3;10.79;0.25;Negativno;Ne
13041;2.9;-47.0;9.31;0.13;Negativno;Ne
13042;0.9;-64.1;10.71;0.13;Negativno;Ne
13043;8.3;-53.0;6.34;0.87;Negativno;Ne
13044;9.4;-54.1;5.43;1.12;Negativno;Ne
13045;22.9;-66.2;7.67;0.07;Negativno;Ne
13046;1.2;-68.9;6.79;0.21;Negativno;Ne
13047;23.2;-70.1;5.62;0.1;Negativno;Ne
13048;2.0;-71.1;9.17;0.64;Negativno;Ne
13049;1.7;-60.1;8.52;0.14;Negativno;Ne
13050;1.1;-63.0;9.78;0.21;Negativno;Ne
13051;3.0;-44.8;4.37;0.76;Negativno;Ne
13052;1.3;-55.3;8.32;1.06;Negativno;Ne
13053;2.2;-57.9;6.66;0.24;Negativno;Ne
13054;4.0;-60.6;6.0;0.01;Negativno;Ne
13055;6.3;-43.7;5.21;0.13;Negativno;Ne
13056;3.7;-62.5;8.04;0.31;Negativno;Ne
13057;5.8;-58.7;6.62;0.26;Negativno;Ne
13058;6.4;-49.4;9.12;0.18;Negativno;Ne
13059;3.7;-61.0;6.59;0.68;Negativno;Ne
13060;7.8;-60.3;2.51;1.71;Negativno;Ne
13061;3.1;-50.8;8.67;0.37;Negativno;Ne
13062;1.5;-65.9;12.39;0.03;Negativno;Ne
13063;0.4;-61.4;6.47;0.51;Negativno;Ne
13064;12.4;-57.3;8.67;0.56;Negativno;Ne
13065;2.6;-61.1;8.32;0.18;Negativno;Ne
13066;17.8;-65.9;8.57;0.0;Negativno;Ne
13067;19.8;-72.4;8.8;1.22;Negativno;Ne
13068;3.4;-49.2;5.76;0.61;Negativno;Ne
13069;1.5;-52.8;5.8;0.31;Negativno;Ne
13070;0.6;-38.3;11.14;2.67;Negativno;Ne
13071;13.4;-69.8;4.14;0.63;Negativno;Ne
13072;5.1;-64.7;10.03;0.39;Negativno;Ne
13073;16.6;-57.6;8.84;0.37;Negativno;Ne
13074;1.4;-73.1;8.09;0.02;Negativno;Ne
13075;9.1;-62.6;3.89;0.29;Negativno;Ne
13076;4.1;-77.1;6.0;0.24;Negativno;Ne
13077;1.0;-51.8;7.12;0.27;Negativno;Ne
13078;1.9;-56.6;7.76;0.2;Negativno;Ne
13079;7.9;-55.5;4.9;0.33;Negativno;Ne
13080;2.5;-66.1;5.73;0.1;Negativno;Ne
13081;0.9;-57.9;9.0;0.55;Negativno;Ne
13082;3.4;-68.7;7.04;0.09;Negativno;Ne
13083;7.6;-48.9;8.43;0.13;Pozitivno;Ne
13084;1.3;-74.9;7.18;0.1;Negativno;Ne
13085;3.6;-66.3;7.2;0.1;Negativno;Ne
13086;4.8;-58.1;8.68;0.39;Negativno;Ne
13087;25.1;-55.9;0.52;0.17;Negativno;Ne
13088;4.7;-82.9;4.49;0.57;Negativno;Ne
13089;6.5;-44.6;6.87;0.06;Negativno;Ne
13090;3.7;-70.8;3.17;0.87;Negativno;Ne
13091;2.2;-48.5;7.16;0.94;Negativno;Ne
13092;0.7;-91.3;7.02;0.13;Negativno;Ne
13093;6.0;-47.5;3.95;0.31;Negativno;Ne
13094;12.3;-47.1;8.4;0.19;Negativno;Ne
13095;2.9;-63.2;4.62;0.16;Negativno;Ne
13096;16.3;-60.5;4.9;0.28;Negativno;Ne
13097;1.3;-59.0;9.54;0.29;Negativno;Ne
13098;1.8;-66.6;7.02;0.78;Negativno;Ne
13099;0.6;-57.3;6.23;0.06;Negativno;Ne
13100;1.2;-82.3;7.94;0.75;Negativno;Ne
13101;17.8;-66.8;8.43;0.02;Negativno;Ne
13102;1.5;-70.3;9.6;0.05;Negativno;Ne
13103;2.5;-66.5;4.39;0.79;Negativno;Ne
13104;6.2;-59.7;6.17;0.61;Negativno;Ne
13105;10.8;-58.5;8.6;0.33;Negativno;Ne
13106;8.0;-45.2;10.44;0.23;Negativno;Ne
13107;2.0;-83.9;5.67;0.56;Negativno;Ne
13108;4.0;-70.3;11.72;0.13;Negativno;Ne
13109;11.0;-70.7;6.99;0.45;Negativno;Ne
13110;1.1;-63.1;5.47;0.01;Negativno;Ne
13111;0.8;-52.5;8.51;0.39;Negativno;Ne
13112;3.2;-54.9;10.07;0.76;Pozitivno;Ne
13113;2.5;-46.4;6.16;1.12;Negativno;Ne
13114;6.2;-48.2;8.45;0.92;Negativno;Ne
13115;4.6;-44.0;6.77;0.0;Negativno;Ne
13116;0.3;-71.6;7.0;0.18;Negativno;Ne
13117;1.9;-49.4;5.65;0.21;Negativno;Ne
13118;5.2;-68.0;5.02;0.31;Negativno;Ne
13119;0.9;-65.4;5.69;0.12;Negativno;Ne
13120;2.2;-84.5;8.03;1.99;Negativno;Ne
13121;3.3;-40.5;6.36;0.59;Negativno;Ne
13122;5.9;-66.7;10.01;0.58;Negativno;Ne
13123;12.3;-61.8;3.59;0.37;Negativno;Ne
13124;4.8;-53.1;6.82;1.08;Negativno;Ne
13125;1.2;-51.0;6.95;0.34;Negativno;Ne
13126;0.2;-56.4;7.22;0.7;Negativno;Ne
13127;2.1;-73.5;8.84;3.01;Negativno;Ne
13128;3.0;-51.7;6.98;0.46;Negativno;Ne
13129;0.7;-59.0;5.36;1.03;Negativno;Ne
13130;0.9;-65.1;6.13;0.09;Negativno;Ne
13131;10.4;-56.5;4.7;0.16;Negativno;Ne
13132;1.7;-51.8;3.64;0.21;Negativno;Ne
13133;5.8;-55.1;6.04;0.73;Negativno;Ne
13134;3.1;-54.1;11.65;0.13;Negativno;Ne
13135;1.1;-57.2;5.64;0.47;Negativno;Ne
13136;6.9;-58.4;7.91;0.15;Negativno;Ne
13137;7.0;-87.1;7.75;0.03;Negativno;Ne
13138;4.1;-64.5;6.68;0.17;Negativno;Ne
13139;4.0;-55.3;5.14;0.33;Negativno;Ne
13140;1.8;-61.3;7.36;0.01;Negativno;Ne
13141;6.7;-56.4;7.7;0.97;Negativno;Ne
13142;0.3;-65.6;7.07;0.4;Negativno;Ne
13143;4.3;-58.5;6.4;0.57;Negativno;Ne
13144;1.9;-44.6;8.28;0.02;Negativno;Ne
13145;1.2;-42.4;5.16;0.47;Negativno;Ne
13146;2.2;-46.9;7.21;0.49;Negativno;Ne
13147;15.9;-70.9;5.99;0.32;Negativno;Ne
13148;0.1;-43.5;4.91;0.72;Negativno;Ne
13149;3.5;-66.6;9.74;0.0;Negativno;Ne
13150;3.2;-62.5;6.43;1.23;Negativno;Ne
13151;3.7;-59.9;6.35;0.96;Negativno;Ne
13152;12.5;-59.3;7.14;0.22;Negativno;Ne
13153;1.3;-70.1;8.78;0.64;Negativno;Ne
13154;0.3;-67.3;6.41;0.39;Negativno;Ne
13155;2.0;-65.2;5.52;0.47;Negativno;Ne
13156;1.8;-50.9;8.83;0.95;Negativno;Ne
13157;0.7;-64.7;6.55;0.24;Negativno;Ne
13158;2.1;-56.8;4.99;0.45;Negativno;Ne
13159;2.5;-63.5;8.38;0.06;Negativno;Ne
13160;3.5;-65.1;9.21;1.02;Negativno;Ne
13161;1.5;-53.9;7.31;0.46;Negativno;Ne
13162;0.6;-67.5;9.41;0.13;Negativno;Ne
13163;2.1;-56.7;7.63;0.29;Negativno;Ne
13164;14.8;-64.3;4.52;0.06;Negativno;Ne
13165;3.0;-51.8;6.1;0.32;Negativno;Ne
13166;1.8;-70.7;5.67;0.66;Negativno;Ne
13167;2.9;-58.5;6.73;2.24;Negativno;Ne
13168;5.7;-52.6;5.63;0.53;Negativno;Ne
13169;8.6;-63.6;4.49;0.05;Negativno;Ne
13170;2.6;-59.4;7.29;0.05;Negativno;Ne
13171;1.6;-57.5;5.01;0.42;Negativno;Ne
13172;2.7;-51.9;6.1;0.16;Negativno;Ne
13173;0.6;-48.1;8.85;0.03;Negativno;Ne
13174;1.4;-64.6;8.84;0.04;Negativno;Ne
13175;4.2;-66.1;7.77;0.33;Negativno;Ne
13176;2.7;-57.7;6.38;0.38;Negativno;Ne
13177;0.5;-48.8;5.27;1.05;Negativno;Ne
13178;6.3;-45.2;9.39;0.13;Negativno;Ne
13179;5.8;-65.3;7.46;1.11;Negativno;Ne
13180;10.9;-64.4;6.58;1.49;Negativno;Ne
13181;2.3;-32.5;7.33;0.27;Negativno;Ne
13182;1.0;-54.0;10.41;0.74;Negativno;Ne
13183;10.4;-69.8;6.66;0.54;Negativno;Ne
13184;2.1;-70.6;7.57;0.85;Negativno;Ne
13185;2.7;-47.6;6.39;0.17;Negativno;Ne
13186;1.0;-71.8;5.22;0.02;Negativno;Ne
13187;1.0;-62.6;6.1;0.51;Negativno;Ne
13188;2.9;-55.6;5.78;0.33;Negativno;Ne
13189;3.1;-55.6;9.64;0.77;Negativno;Ne
13190;0.5;-37.1;8.41;0.29;Negativno;Ne
13191;3.7;-50.5;4.98;0.48;Negativno;Ne
13192;0.2;-58.0;3.61;0.27;Negativno;Ne
13193;0.7;-46.6;10.31;0.21;Negativno;Ne
13194;3.9;-56.8;3.96;0.23;Negativno;Ne
13195;2.6;-58.5;9.32;0.61;Negativno;Ne
13196;1.8;-61.1;5.35;0.64;Negativno;Ne
13197;1.0;-59.6;8.35;0.85;Negativno;Ne
13198;12.3;-34.1;2.93;0.66;Negativno;Ne
13199;5.8;-64.2;9.37;0.98;Negativno;Ne
13200;4.1;-77.5;7.12;0.22;Negativno;Ne
13201;5.2;-65.4;3.88;0.62;Negativno;Ne
13202;2.9;-43.6;6.97;0.27;Negativno;Ne
13203;4.3;-73.5;8.0;0.03;Negativno;Ne
13204;2.2;-61.1;11.02;0.09;Negativno;Ne
13205;0.6;-70.7;7.29;0.52;Negativno;Ne
13206;8.9;-49.6;7.13;0.51;Negativno;Ne
13207;4.5;-60.5;6.06;0.29;Negativno;Ne
13208;3.1;-59.7;9.07;0.15;Negativno;Ne
13209;4.0;-51.4;6.77;0.07;Negativno;Ne
13210;12.2;-64.8;6.14;0.14;Negativno;Ne
13211;6.2;-88.2;10.17;0.96;Negativno;Ne
13212;0.7;-62.6;10.11;0.16;Negativno;Ne
13213;5.1;-58.7;6.07;1.17;Negativno;Ne
13214;17.9;-50.4;6.76;0.26;Negativno;Ne
13215;2.8;-52.5;8.99;1.07;Negativno;Ne
13216;8.0;-43.2;3.68;0.24;Negativno;Ne
13217;7.4;-48.6;7.61;0.81;Negativno;Ne
13218;11.1;-59.5;5.64;0.94;Negativno;Ne
13219;3.7;-79.7;6.24;0.08;Negativno;Ne
13220;4.6;-51.8;8.74;0.87;Negativno;Ne
13221;5.2;-58.3;4.46;0.38;Negativno;Ne
13222;10.3;-55.5;6.16;0.46;Negativno;Ne
13223;3.0;-64.5;10.32;0.02;Negativno;Ne
13224;5.6;-61.9;6.09;0.17;Pozitivno;Ne
13225;15.0;-57.8;6.51;0.52;Negativno;Ne
13226;4.6;-41.4;11.05;0.42;Negativno;Ne
13227;1.0;-46.7;8.69;0.6;Negativno;Ne
13228;0.6;-62.1;10.42;0.29;Negativno;Ne
13229;6.8;-66.6;5.75;0.13;Negativno;Ne
13230;7.6;-75.5;2.61;2.27;Negativno;Ne
13231;1.0;-65.7;9.54;1.22;Negativno;Ne
13232;16.5;-61.7;10.08;0.91;Negativno;Ne
13233;6.8;-70.6;6.5;0.05;Negativno;Ne
13234;9.8;-62.2;8.44;0.04;Negativno;Ne
13235;0.4;-68.2;5.46;0.1;Negativno;Ne
13236;4.6;-60.7;6.69;0.0;Negativno;Ne
13237;2.0;-35.9;3.78;0.21;Negativno;Ne
13238;4.3;-45.9;10.01;0.07;Negativno;Ne
13239;2.2;-50.3;8.43;0.61;Negativno;Ne
13240;1.9;-68.4;7.35;0.49;Negativno;Ne
13241;2.6;-57.2;8.83;0.29;Negativno;Ne
13242;8.8;-60.9;8.09;0.21;Negativno;Ne
13243;4.1;-67.5;3.63;0.44;Negativno;Ne
13244;0.8;-65.1;9.03;0.62;Negativno;Ne
13245;2.3;-75.4;6.04;0.02;Negativno;Ne
13246;2.9;-74.4;7.71;0.44;Negativno;Ne
13247;43.2;-51.6;5.06;0.17;Negativno;Ne
13248;1.5;-78.2;7.3;0.05;Negativno;Ne
13249;5.7;-56.0;8.29;0.5;Negativno;Ne
13250;2.4;-50.0;6.57;0.05;Negativno;Ne
13251;3.0;-52.0;6.54;0.19;Negativno;Ne
13252;7.3;-56.4;9.75;0.37;Negativno;Ne
13253;0.4;-59.0;4.22;5.05;Negativno;Ne
13254;5.4;-59.5;7.74;0.1;Negativno;Ne
13255;4.7;-72.4;5.95;1.77;Negativno;Ne
13256;1.8;-51.5;7.62;0.17;Negativno;Ne
13257;4.3;-65.2;8.45;0.98;Negativno;Ne
13258;3.2;-51.4;9.56;1.64;Negativno;Ne
13259;9.7;-67.3;4.94;0.02;Negativno;Ne
13260;6.4;-64.2;11.48;0.77;Negativno;Ne
13261;4.1;-52.5;5.53;0.03;Negativno;Ne
13262;4.7;-57.5;6.48;0.51;Negativno;Ne
13263;3.0;-67.7;7.32;0.62;Negativno;Ne
13264;0.5;-62.5;8.31;0.53;Negativno;Ne
13265;3.6;-45.3;7.45;0.57;Negativno;Ne
13266;9.2;-64.8;6.3;0.16;Negativno;Ne
13267;0.6;-45.7;5.87;0.14;Negativno;Ne
13268;0.4;-76.5;7.73;0.11;Negativno;Ne
13269;1.9;-67.4;6.12;0.12;Negativno;Ne
13270;6.1;-55.8;6.26;1.38;Negativno;Ne
13271;3.7;-61.8;8.35;0.04;Negativno;Ne
13272;1.6;-75.0;2.86;0.19;Negativno;Ne
13273;5.4;-53.3;3.99;0.16;Negativno;Ne
13274;5.7;-53.1;4.85;0.1;Negativno;Ne
13275;2.7;-68.9;3.29;0.18;Negativno;Ne
13276;1.6;-55.0;8.69;0.9;Negativno;Ne
13277;4.2;-35.6;7.66;0.34;Negativno;Ne
13278;4.2;-44.2;7.05;0.14;Negativno;Ne
13279;12.1;-52.4;6.73;0.54;Negativno;Ne
13280;1.6;-71.4;5.31;0.29;Negativno;Ne
13281;3.0;-65.1;8.02;1.63;Negativno;Ne
13282;3.8;-58.4;5.39;0.24;Negativno;Ne
13283;3.2;-66.3;7.13;0.22;Negativno;Ne
13284;4.6;-32.3;9.23;0.98;Negativno;Ne
13285;17.4;-49.0;0.0;1.1;Negativno;Ne
13286;10.2;-45.1;2.19;0.29;Negativno;Ne
13287;1.3;-74.5;8.31;0.25;Negativno;Ne
13288;4.6;-45.1;6.0;0.47;Negativno;Ne
13289;0.1;-69.3;5.44;0.42;Negativno;Ne
13290;4.2;-51.3;8.63;0.31;Negativno;Ne
13291;1.9;-58.7;6.02;0.18;Negativno;Ne
13292;7.0;-43.6;6.01;0.56;Negativno;Ne
13293;3.6;-62.8;5.23;0.31;Negativno;Ne
13294;3.3;-58.8;6.41;0.8;Negativno;Ne
13295;0.1;-75.2;6.86;0.6;Negativno;Ne
13296;3.8;-51.7;4.24;0.52;Negativno;Ne
13297;2.0;-44.4;5.58;0.57;Negativno;Ne
13298;2.4;-52.1;8.42;0.1;Negativno;Ne
13299;0.5;-34.7;7.74;1.84;Negativno;Ne
13300;4.1;-65.3;6.91;0.14;Negativno;Ne
13301;5.1;-54.5;6.9;0.05;Negativno;Ne
13302;5.2;-54.4;7.18;0.24;Pozitivno;Ne
13303;1.5;-59.2;5.41;0.26;Negativno;Ne
13304;1.3;-63.0;5.97;1.68;Negativno;Ne
13305;0.8;-44.6;4.33;0.19;Negativno;Ne
13306;2.6;-81.5;6.0;0.62;Negativno;Ne
13307;2.3;-38.6;5.1;0.03;Negativno;Ne
13308;1.9;-52.4;6.88;0.31;Negativno;Ne
13309;1.6;-65.2;9.22;0.4;Negativno;Ne
13310;9.1;-58.0;4.45;1.01;Negativno;Ne
13311;27.0;-57.1;8.57;0.18;Negativno;Ne
13312;12.3;-54.3;4.83;0.01;Negativno;Ne
13313;14.7;-70.5;10.42;0.42;Negativno;Ne
13314;2.2;-59.2;4.89;0.38;Negativno;Ne
13315;6.8;-55.6;7.19;0.3;Negativno;Ne
13316;4.4;-76.3;4.59;0.25;Negativno;Ne
13317;0.9;-70.0;5.16;0.19;Negativno;Ne
13318;7.6;-56.8;6.77;0.02;Negativno;Ne
13319;3.7;-35.5;8.42;0.07;Negativno;Ne
13320;3.0;-55.7;3.8;0.51;Negativno;Ne
13321;1.3;-65.4;5.73;0.11;Negativno;Ne
13322;5.9;-71.7;9.41;0.04;Negativno;Ne
13323;5.0;-61.7;9.55;0.32;Negativno;Ne
13324;0.5;-67.5;6.36;0.8;Negativno;Ne
13325;9.9;-56.8;9.06;0.74;Negativno;Ne
13326;5.4;-58.2;7.54;0.47;Negativno;Ne
13327;8.2;-81.1;9.53;0.07;Negativno;Ne
13328;1.4;-53.1;7.37;0.83;Negativno;Ne
13329;0.2;-66.8;5.79;0.78;Negativno;Ne
13330;1.6;-61.0;9.19;0.18;Negativno;Ne
13331;0.2;-58.6;9.27;1.35;Negativno;Ne
13332;3.1;-54.9;2.65;0.62;Negativno;Ne
13333;10.7;-46.3;7.01;0.38;Negativno;Ne
13334;4.1;-76.4;6.16;0.13;Negativno;Ne
13335;18.7;-67.8;8.01;0.81;Negativno;Ne
13336;9.4;-57.7;8.61;0.18;Negativno;Ne
13337;14.7;-64.1;7.17;0.02;Negativno;Ne
13338;6.6;-74.5;6.58;0.43;Negativno;Ne
13339;0.7;-51.9;7.62;0.73;Negativno;Ne
13340;5.0;-62.2;4.47;0.05;Negativno;Ne
13341;1.1;-62.4;9.95;1.29;Negativno;Ne
13342;0.3;-44.3;3.86;0.5;Negativno;Ne
13343;0.8;-60.4;10.3;0.55;Negativno;Ne
13344;1.5;-76.0;9.66;1.14;Negativno;Ne
13345;1.3;-65.0;6.53;1.17;Negativno;Ne
13346;1.2;-58.4;8.12;0.16;Negativno;Ne
13347;2.0;-56.0;5.04;1.1;Negativno;Ne
13348;5.2;-52.4;5.5;0.26;Negativno;Ne
13349;3.6;-53.6;6.64;0.11;Negativno;Ne
13350;0.4;-51.1;4.27;0.11;Negativno;Ne
13351;9.8;-72.9;4.12;0.3;Negativno;Ne
13352;5.4;-54.2;5.31;0.03;Negativno;Ne
13353;5.0;-54.5;5.49;0.97;Negativno;Ne
13354;9.3;-67.1;8.95;0.34;Negativno;Ne
13355;12.2;-65.5;5.88;1.51;Negativno;Ne
13356;2.6;-63.0;0.58;1.24;Negativno;Ne
13357;9.7;-69.6;10.46;1.65;Negativno;Ne
13358;5.6;-55.8;6.66;0.54;Negativno;Ne
13359;14.5;-61.0;7.58;0.98;Negativno;Ne
13360;5.1;-54.4;6.6;0.48;Negativno;Ne
13361;3.6;-45.4;4.41;0.67;Negativno;Ne
13362;2.5;-44.8;6.5;0.18;Negativno;Ne
13363;2.8;-63.2;10.56;0.74;Negativno;Ne
13364;7.6;-44.6;3.86;0.08;Negativno;Ne
13365;1.1;-56.2;10.21;0.01;Negativno;Ne
13366;2.3;-59.5;6.77;1.67;Negativno;Ne
13367;5.1;-61.0;7.83;0.07;Negativno;Ne
13368;1.1;-44.6;6.77;0.53;Negativno;Ne
13369;2.2;-55.1;6.91;0.1;Negativno;Ne
13370;6.3;-69.3;6.28;0.26;Negativno;Ne
13371;0.3;-58.3;6.53;2.39;Negativno;Ne
13372;6.8;-56.4;4.46;0.32;Negativno;Ne
13373;3.1;-66.7;9.08;0.45;Negativno;Ne
13374;1.4;-56.6;7.3;0.1;Negativno;Ne
13375;6.1;-43.7;8.82;0.18;Negativno;Ne
13376;1.7;-49.6;4.37;0.15;Negativno;Ne
13377;13.9;-70.1;5.52;0.2;Negativno;Ne
13378;2.2;-72.0;9.52;0.1;Negativno;Ne
13379;5.2;-59.6;8.34;0.16;Negativno;Ne
13380;2.0;-59.5;5.36;1.12;Negativno;Ne
13381;7.2;-47.5;4.44;0.19;Negativno;Ne
13382;2.6;-53.5;5.47;0.04;Negativno;Ne
13383;14.6;-47.0;7.74;0.46;Negativno;Ne
13384;6.8;-36.8;4.48;0.27;Negativno;Ne
13385;1.0;-61.5;8.73;0.24;Negativno;Ne
13386;5.1;-45.9;6.6;0.07;Negativno;Ne
13387;0.2;-57.8;10.14;0.83;Negativno;Ne
13388;0.1;-40.1;7.96;0.26;Negativno;Ne
13389;1.5;-61.6;7.27;0.4;Negativno;Ne
13390;6.1;-74.3;8.29;0.18;Negativno;Ne
13391;2.3;-54.5;5.52;0.64;Negativno;Ne
13392;2.0;-59.2;9.32;0.32;Negativno;Ne
13393;30.4;-65.5;11.2;0.01;Negativno;Ne
13394;0.8;-61.2;11.47;0.08;Negativno;Ne
13395;0.7;-54.0;9.72;1.29;Negativno;Ne
13396;0.5;-60.0;6.25;0.71;Negativno;Ne
13397;1.5;-64.6;6.66;0.2;Negativno;Ne
13398;5.0;-60.9;10.49;0.37;Negativno;Ne
13399;5.0;-81.9;4.67;0.08;Negativno;Ne
13400;11.9;-43.9;6.76;0.15;Negativno;Ne
13401;9.9;-58.6;4.28;0.19;Negativno;Ne
13402;2.9;-67.5;7.29;0.46;Negativno;Ne
13403;10.8;-46.7;6.45;1.73;Negativno;Ne
13404;0.6;-58.2;9.52;0.04;Negativno;Ne
13405;12.8;-45.0;7.78;0.2;Negativno;Ne
13406;1.7;-47.5;9.44;0.28;Negativno;Ne
13407;5.3;-52.5;4.3;1.0;Negativno;Ne
13408;4.2;-64.0;5.26;0.66;Negativno;Ne
13409;1.8;-54.1;5.41;0.47;Negativno;Ne
13410;9.1;-78.6;5.6;0.81;Negativno;Ne
13411;0.0;-58.4;8.9;0.08;Negativno;Ne
13412;0.0;-55.0;5.74;1.22;Negativno;Ne
13413;0.1;-67.0;5.43;0.31;Negativno;Ne
13414;0.1;-54.8;7.39;1.61;Negativno;Ne
13415;8.7;-73.0;10.0;0.8;Negativno;Ne
13416;0.1;-67.4;5.83;0.07;Negativno;Ne
13417;4.5;-54.7;7.89;0.1;Negativno;Ne
13418;17.0;-45.1;7.48;0.38;Negativno;Ne
13419;2.7;-58.4;6.09;0.2;Negativno;Ne
13420;2.4;-58.0;5.78;0.77;Negativno;Ne
13421;7.4;-61.9;6.78;0.07;Negativno;Ne
13422;9.6;-53.5;10.42;0.07;Negativno;Ne
13423;0.7;-75.9;5.49;0.01;Negativno;Ne
13424;5.6;-57.2;5.51;1.03;Negativno;Ne
13425;8.4;-72.1;6.52;0.23;Negativno;Ne
13426;0.1;-61.5;8.31;0.5;Negativno;Ne
13427;0.2;-73.2;5.7;0.36;Negativno;Ne
13428;0.0;-66.9;5.7;0.23;Negativno;Ne
13429;1.3;-55.2;7.95;0.09;Negativno;Ne
13430;2.3;-58.0;4.45;0.35;Negativno;Ne
13431;13.2;-39.5;8.49;0.34;Negativno;Ne
13432;1.3;-37.1;3.05;0.16;Negativno;Ne
13433;18.5;-57.8;7.89;0.75;Negativno;Ne
13434;5.3;-49.2;8.03;0.04;Negativno;Ne
13435;0.2;-56.7;6.3;0.47;Negativno;Ne
13436;0.4;-60.0;5.27;0.17;Negativno;Ne
13437;1.5;-27.6;8.24;0.44;Negativno;Ne
13438;2.3;-56.3;4.87;1.13;Negativno;Ne
13439;3.0;-56.9;4.87;0.12;Negativno;Ne
13440;2.8;-65.5;3.46;0.15;Negativno;Ne
13441;3.3;-52.0;2.1;0.53;Negativno;Ne
13442;2.5;-61.2;7.69;0.11;Negativno;Ne
13443;1.2;-60.0;7.84;1.11;Negativno;Ne
13444;15.6;-64.3;7.71;0.52;Negativno;Ne
13445;1.4;-64.8;3.86;1.38;Negativno;Ne
13446;8.2;-66.9;7.29;0.43;Negativno;Ne
13447;1.1;-53.5;8.27;0.55;Negativno;Ne
13448;5.6;-62.6;8.88;0.24;Negativno;Ne
13449;5.8;-42.4;7.17;0.09;Negativno;Ne
13450;1.0;-59.4;11.54;1.66;Negativno;Ne
13451;3.8;-59.9;7.86;0.23;Negativno;Ne
13452;0.7;-47.8;6.71;0.23;Negativno;Ne
13453;9.4;-54.8;8.71;0.22;Negativno;Ne
13454;3.6;-60.2;6.86;0.32;Negativno;Ne
13455;7.3;-48.1;9.69;0.56;Negativno;Ne
13456;5.9;-44.9;6.14;0.02;Negativno;Ne
13457;1.7;-65.1;7.05;0.23;Negativno;Ne
13458;0.1;-68.9;4.39;0.4;Negativno;Ne
13459;3.4;-61.1;6.01;0.12;Negativno;Ne
13460;4.0;-64.2;5.34;0.11;Negativno;Ne
13461;5.0;-51.5;7.18;0.72;Pozitivno;Ne
13462;2.0;-48.3;4.35;0.05;Negativno;Ne
13463;2.7;-69.6;3.94;0.81;Negativno;Ne
13464;9.1;-69.4;9.39;0.04;Negativno;Ne
13465;1.4;-68.8;4.96;1.03;Negativno;Ne
13466;5.3;-62.8;8.13;0.4;Negativno;Ne
13467;8.3;-61.0;12.18;0.09;Negativno;Ne
13468;0.2;-39.1;5.5;0.44;Negativno;Ne
13469;11.1;-61.2;11.47;0.3;Negativno;Ne
13470;8.1;-54.4;4.51;0.47;Negativno;Ne
13471;1.7;-66.0;7.17;0.0;Negativno;Ne
13472;24.8;-75.5;6.5;0.79;Negativno;Ne
13473;2.2;-58.0;5.47;0.25;Negativno;Ne
13474;2.4;-75.1;9.23;0.02;Negativno;Ne
13475;5.6;-70.4;8.72;0.35;Negativno;Ne
13476;4.9;-61.4;11.9;1.68;Negativno;Ne
13477;1.1;-60.7;7.18;0.74;Negativno;Ne
13478;13.1;-55.5;9.39;0.01;Negativno;Ne
13479;2.6;-51.2;4.53;0.34;Negativno;Ne
13480;4.4;-59.3;11.62;0.18;Negativno;Ne
13481;1.7;-84.1;6.09;0.23;Negativno;Ne
13482;2.0;-71.1;4.86;0.61;Negativno;Ne
13483;5.6;-58.9;8.89;0.71;Negativno;Ne
13484;0.3;-57.5;6.61;0.09;Negativno;Ne
13485;1.1;-55.6;8.83;0.01;Negativno;Ne
13486;8.1;-53.9;6.42;0.21;Negativno;Ne
13487;0.2;-83.7;8.47;0.32;Negativno;Ne
13488;0.0;-50.2;8.08;0.05;Negativno;Ne
13489;18.4;-54.1;7.76;0.58;Negativno;Ne
13490;3.6;-50.0;7.96;0.56;Negativno;Ne
13491;5.2;-64.3;5.23;0.39;Negativno;Ne
13492;2.4;-44.3;4.24;0.21;Negativno;Ne
13493;2.0;-58.0;6.85;0.06;Negativno;Ne
13494;0.8;-48.4;5.95;0.6;Negativno;Ne
13495;11.4;-63.6;6.73;0.86;Negativno;Ne
13496;7.9;-69.1;8.79;0.59;Negativno;Ne
13497;1.8;-45.9;5.65;1.77;Negativno;Ne
13498;23.3;-56.6;8.07;0.44;Negativno;Ne
13499;3.8;-41.4;6.84;0.19;Negativno;Ne
13500;3.6;-48.6;8.8;0.17;Negativno;Ne
13501;9.0;-58.8;6.77;0.71;Negativno;Ne
13502;8.9;-58.2;3.48;0.22;Negativno;Ne
13503;0.9;-65.7;9.47;1.36;Negativno;Ne
13504;3.9;-85.0;9.07;0.16;Negativno;Ne
13505;0.6;-55.8;6.81;1.5;Negativno;Ne
13506;8.8;-65.6;4.17;0.58;Negativno;Ne
13507;0.3;-50.4;9.91;0.13;Negativno;Ne
13508;1.0;-44.1;8.3;0.11;Negativno;Ne
13509;4.3;-51.9;6.72;0.14;Negativno;Ne
13510;10.1;-51.1;6.94;0.47;Negativno;Ne
13511;9.4;-59.3;5.36;0.04;Negativno;Ne
13512;0.2;-60.9;5.66;0.7;Negativno;Ne
13513;2.6;-61.4;9.34;0.18;Negativno;Ne
13514;0.6;-62.6;7.86;0.61;Negativno;Ne
13515;0.3;-63.6;3.86;2.34;Negativno;Ne
13516;2.6;-65.3;7.19;0.46;Negativno;Ne
13517;1.3;-49.8;3.82;0.47;Negativno;Ne
13518;0.7;-62.9;12.45;0.03;Negativno;Ne
13519;1.0;-57.8;6.04;0.47;Negativno;Ne
13520;0.8;-58.2;8.6;0.25;Negativno;Ne
13521;6.6;-62.3;7.71;0.82;Negativno;Ne
13522;6.0;-62.9;6.14;0.53;Negativno;Ne
13523;0.3;-36.0;6.19;1.46;Negativno;Ne
13524;6.9;-49.8;10.71;0.68;Negativno;Ne
13525;17.1;-62.4;6.77;0.13;Negativno;Ne
13526;5.0;-43.1;6.2;0.2;Negativno;Ne
13527;4.2;-56.3;6.38;0.28;Negativno;Ne
13528;1.0;-61.1;7.94;0.45;Negativno;Ne
13529;0.5;-51.2;4.79;0.56;Negativno;Ne
13530;1.2;-55.6;7.91;0.71;Negativno;Ne
13531;0.7;-56.6;6.35;0.31;Negativno;Ne
13532;2.1;-61.0;8.22;0.15;Negativno;Ne
13533;0.4;-60.3;6.39;0.39;Negativno;Ne
13534;4.4;-62.4;5.93;0.22;Negativno;Ne
13535;6.7;-65.7;5.82;1.91;Negativno;Ne
13536;4.8;-63.2;6.63;0.56;Negativno;Ne
13537;12.7;-58.5;8.34;0.12;Negativno;Ne
13538;2.9;-66.6;6.58;0.42;Negativno;Ne
13539;1.4;-55.6;4.72;0.55;Negativno;Ne
13540;0.7;-59.0;6.0;1.43;Negativno;Ne
13541;1.7;-50.1;8.93;0.39;Negativno;Ne
13542;21.2;-58.6;9.15;0.01;Negativno;Ne
13543;3.7;-51.6;9.26;1.03;Negativno;Ne
13544;2.7;-59.6;6.9;0.03;Negativno;Ne
13545;4.2;-52.0;5.21;1.9;Negativno;Ne
13546;7.3;-73.0;6.36;0.54;Negativno;Ne
13547;1.4;-59.3;6.35;0.46;Negativno;Ne
13548;3.0;-56.0;6.18;0.04;Negativno;Ne
13549;4.8;-52.1;8.54;1.1;Negativno;Ne
13550;12.2;-52.0;9.0;0.34;Negativno;Ne
13551;10.1;-55.0;3.81;0.04;Negativno;Ne
13552;4.7;-54.5;6.08;0.23;Negativno;Ne
13553;5.6;-53.2;8.07;0.42;Negativno;Ne
13554;1.4;-69.1;9.06;0.64;Negativno;Ne
13555;38.5;-57.8;5.6;0.18;Negativno;Ne
13556;0.9;-76.1;4.46;0.07;Negativno;Ne
13557;7.1;-51.6;8.39;0.1;Negativno;Ne
13558;2.2;-51.6;8.05;0.09;Negativno;Ne
13559;0.4;-70.1;6.29;0.01;Negativno;Ne
13560;11.0;-66.9;8.52;0.35;Negativno;Ne
13561;4.0;-72.9;4.93;0.24;Negativno;Ne
13562;1.9;-72.8;4.73;2.05;Negativno;Ne
13563;2.7;-60.8;9.93;0.0;Negativno;Ne
13564;4.5;-77.9;3.92;0.75;Negativno;Ne
13565;14.4;-76.1;6.99;1.0;Negativno;Ne
13566;0.6;-55.2;9.96;0.33;Negativno;Ne
13567;2.8;-57.1;6.3;0.34;Negativno;Ne
13568;14.9;-64.1;8.01;0.34;Negativno;Ne
13569;0.4;-53.6;5.75;2.04;Negativno;Ne
13570;2.5;-58.0;5.73;0.02;Negativno;Ne
13571;2.6;-58.2;6.74;0.29;Negativno;Ne
13572;2.0;-76.7;7.73;0.67;Negativno;Ne
13573;0.3;-69.4;3.61;0.53;Negativno;Ne
13574;3.4;-48.2;6.97;0.87;Negativno;Ne
13575;0.9;-53.2;6.71;0.04;Negativno;Ne
13576;2.5;-66.7;7.44;0.12;Negativno;Ne
13577;1.9;-69.6;9.16;0.3;Negativno;Ne
13578;6.0;-64.1;3.6;0.65;Negativno;Ne
13579;1.1;-59.9;8.87;0.06;Pozitivno;Ne
13580;0.2;-60.4;5.19;0.23;Negativno;Ne
13581;2.0;-54.3;7.35;0.7;Negativno;Ne
13582;0.4;-57.2;7.4;0.38;Negativno;Ne
13583;4.8;-56.5;7.33;0.26;Negativno;Ne
13584;14.3;-66.9;9.11;1.46;Negativno;Ne
13585;2.5;-52.4;11.99;0.26;Negativno;Ne
13586;0.2;-55.2;5.29;0.53;Negativno;Ne
13587;10.1;-45.9;10.2;0.17;Negativno;Ne
13588;5.3;-35.8;4.33;0.48;Negativno;Ne
13589;10.3;-67.1;4.77;0.21;Negativno;Ne
13590;0.2;-54.2;6.1;1.61;Negativno;Ne
13591;2.7;-35.9;9.56;0.72;Negativno;Ne
13592;2.2;-50.9;8.96;0.08;Negativno;Ne
13593;3.7;-62.7;4.92;0.16;Negativno;Ne
13594;0.6;-52.7;6.63;0.1;Negativno;Ne
13595;8.5;-53.0;8.61;0.73;Negativno;Ne
13596;6.9;-76.5;7.61;0.46;Negativno;Ne
13597;3.0;-58.7;4.07;0.07;Negativno;Ne
13598;11.5;-57.4;9.33;0.33;Negativno;Ne
13599;14.1;-63.0;5.62;1.26;Negativno;Ne
13600;1.6;-53.8;6.16;0.17;Negativno;Ne
13601;1.6;-60.1;6.63;0.4;Negativno;Ne
13602;1.3;-52.7;8.65;0.36;Negativno;Ne
13603;1.2;-64.5;12.05;0.57;Negativno;Ne
13604;13.5;-78.1;10.06;0.01;Negativno;Ne
13605;1.4;-47.0;2.64;1.38;Negativno;Ne
13606;0.6;-78.4;9.88;0.77;Negativno;Ne
13607;0.0;-64.4;4.8;0.18;Negativno;Ne
13608;1.5;-75.2;3.52;0.57;Negativno;Ne
13609;2.4;-69.9;3.87;0.08;Negativno;Ne
13610;5.3;-35.4;6.71;0.24;Negativno;Ne
13611;0.3;-72.9;7.89;0.19;Negativno;Ne
13612;0.3;-78.4;6.8;0.27;Pozitivno;Ne
13613;0.9;-52.8;9.3;0.44;Negativno;Ne
13614;4.7;-55.4;11.07;0.12;Negativno;Ne
13615;5.4;-76.8;7.97;1.11;Negativno;Ne
13616;0.7;-46.4;8.56;0.14;Negativno;Ne
13617;4.5;-61.5;8.35;0.06;Negativno;Ne
13618;1.6;-70.1;5.31;0.64;Negativno;Ne
13619;5.9;-51.8;5.59;0.41;Negativno;Ne
13620;1.8;-72.9;9.68;0.34;Negativno;Ne
13621;4.3;-63.5;7.96;0.18;Negativno;Ne
13622;6.2;-52.7;8.45;0.45;Negativno;Ne
13623;16.6;-47.3;7.37;0.22;Negativno;Ne
13624;4.6;-61.4;9.72;0.27;Negativno;Ne
13625;7.1;-69.1;3.42;0.99;Negativno;Ne
13626;1.8;-66.3;5.96;0.17;Negativno;Ne
13627;3.7;-80.4;7.21;0.87;Negativno;Ne
13628;9.2;-55.7;6.49;0.32;Negativno;Ne
13629;11.6;-65.1;7.52;0.92;Negativno;Ne
13630;4.3;-70.6;8.09;0.12;Negativno;Ne
13631;1.4;-61.9;9.2;0.42;Negativno;Ne
13632;9.6;-62.2;10.15;0.84;Negativno;Ne
13633;0.9;-54.8;9.3;0.41;Negativno;Ne
13634;10.9;-64.3;6.63;0.27;Negativno;Ne
13635;2.9;-58.3;4.88;0.25;Negativno;Ne
13636;2.1;-41.1;3.5;1.26;Negativno;Ne
13637;7.2;-59.1;5.63;0.08;Negativno;Ne
13638;7.7;-54.6;5.89;0.1;Negativno;Ne
13639;1.8;-57.6;10.32;0.31;Negativno;Ne
13640;2.8;-73.4;7.84;0.55;Negativno;Ne
13641;5.5;-68.6;9.19;0.13;Negativno;Ne
13642;0.2;-55.8;6.38;0.75;Negativno;Ne
13643;6.1;-49.6;9.27;0.43;Negativno;Ne
13644;4.9;-51.0;5.76;0.61;Negativno;Ne
13645;1.1;-68.9;8.51;0.56;Negativno;Ne
13646;6.5;-67.6;9.06;0.7;Negativno;Ne
13647;4.0;-56.0;4.95;0.16;Negativno;Ne
13648;1.6;-61.1;8.37;0.22;Negativno;Ne
13649;0.5;-55.7;7.87;0.35;Negativno;Ne
13650;3.2;-50.3;8.62;0.55;Negativno;Ne
13651;8.9;-54.4;9.3;0.24;Negativno;Ne
13652;0.7;-56.7;9.03;0.2;Negativno;Ne
13653;11.9;-43.8;7.6;0.04;Negativno;Ne
13654;2.2;-67.9;8.41;0.02;Negativno;Ne
13655;5.1;-65.1;6.53;0.05;Negativno;Ne
13656;0.6;-71.4;11.57;0.45;Negativno;Ne
13657;0.2;-63.7;7.66;0.0;Negativno;Ne
13658;3.8;-59.0;8.05;1.05;Negativno;Ne
13659;2.8;-55.0;5.95;0.27;Negativno;Ne
13660;4.1;-52.8;7.71;1.21;Negativno;Ne
13661;1.2;-53.5;8.08;0.07;Negativno;Ne
13662;1.1;-53.7;9.84;1.1;Negativno;Ne
13663;4.4;-52.9;4.81;1.53;Negativno;Ne
13664;8.4;-67.3;5.38;0.09;Negativno;Ne
13665;3.8;-63.2;11.06;0.53;Negativno;Ne
13666;2.2;-58.7;3.25;0.07;Negativno;Ne
13667;0.7;-70.1;7.72;1.06;Negativno;Ne
13668;4.1;-47.6;4.88;0.57;Negativno;Ne
13669;0.1;-57.0;5.92;0.38;Negativno;Ne
13670;4.7;-66.9;4.5;0.29;Negativno;Ne
13671;3.1;-55.9;6.71;0.89;Negativno;Ne
13672;5.6;-57.5;5.18;0.12;Negativno;Ne
13673;1.2;-53.6;6.2;0.18;Negativno;Ne
13674;1.7;-67.9;6.93;0.51;Negativno;Ne
13675;7.5;-63.7;7.81;0.05;Negativno;Ne
13676;2.7;-67.8;7.56;0.09;Negativno;Ne
13677;3.5;-53.2;7.75;0.22;Negativno;Ne
13678;2.7;-50.7;9.15;0.91;Negativno;Ne
13679;1.1;-54.0;5.15;0.08;Negativno;Ne
13680;2.1;-64.8;7.29;0.04;Negativno;Ne
13681;3.2;-60.3;7.34;0.58;Negativno;Ne
13682;16.8;-64.5;10.01;1.19;Negativno;Ne
13683;0.5;-59.0;8.2;0.76;Negativno;Ne
13684;8.7;-58.2;7.35;1.07;Negativno;Ne
13685;17.4;-74.9;4.96;0.39;Negativno;Ne
13686;7.9;-64.5;7.24;0.36;Negativno;Ne
13687;9.5;-62.9;7.37;0.62;Negativno;Ne
13688;6.1;-49.5;7.49;1.26;Negativno;Ne
13689;0.4;-56.8;6.32;0.13;Negativno;Ne
13690;22.5;-78.1;7.74;0.67;Negativno;Ne
13691;3.5;-64.4;12.87;0.03;Negativno;Ne
13692;10.2;-62.5;5.98;0.09;Negativno;Ne
13693;4.2;-70.2;4.02;0.46;Negativno;Ne
13694;6.8;-51.8;7.24;2.15;Negativno;Ne
13695;1.1;-62.9;6.59;0.18;Negativno;Ne
13696;0.1;-60.6;5.74;0.32;Negativno;Ne
13697;8.8;-65.0;10.13;0.93;Negativno;Ne
13698;0.2;-55.0;8.16;0.52;Negativno;Ne
13699;4.9;-70.1;9.15;0.33;Negativno;Ne
13700;2.4;-57.4;8.29;0.06;Negativno;Ne
13701;4.4;-64.7;6.55;0.14;Negativno;Ne
13702;2.8;-50.1;4.33;0.51;Negativno;Ne
13703;1.6;-72.0;4.83;0.06;Negativno;Ne
13704;3.6;-52.8;9.56;0.19;Negativno;Ne
13705;1.1;-65.0;8.47;0.48;Negativno;Ne
13706;3.1;-52.3;7.44;0.5;Negativno;Ne
13707;2.3;-55.7;10.1;0.73;Negativno;Ne
13708;3.1;-56.3;10.8;0.42;Negativno;Ne
13709;0.5;-32.5;4.56;0.05;Negativno;Ne
13710;0.8;-56.6;5.59;0.34;Negativno;Ne
13711;0.1;-50.0;9.16;1.21;Negativno;Ne
13712;5.4;-58.3;6.75;0.12;Negativno;Ne
13713;0.4;-64.7;6.03;0.55;Negativno;Ne
13714;17.1;-62.2;9.43;0.68;Negativno;Ne
13715;1.1;-60.4;9.42;0.77;Negativno;Ne
13716;13.1;-77.1;6.93;0.8;Negativno;Ne
13717;0.2;-81.5;11.77;0.12;Negativno;Ne
13718;0.8;-61.0;10.62;0.39;Negativno;Ne
13719;10.3;-40.6;5.93;0.6;Negativno;Ne
13720;1.8;-72.7;7.89;0.52;Negativno;Ne
13721;1.0;-68.9;7.86;0.51;Negativno;Ne
13722;0.4;-50.2;10.53;0.52;Negativno;Ne
13723;14.3;-68.2;7.29;0.35;Negativno;Ne
13724;8.9;-35.6;7.92;0.15;Negativno;Ne
13725;10.2;-66.4;8.54;0.19;Negativno;Ne
13726;1.1;-75.8;9.36;0.17;Negativno;Ne
13727;2.8;-53.6;5.55;0.06;Negativno;Ne
13728;7.2;-66.3;4.18;0.26;Negativno;Ne
13729;2.0;-46.9;6.05;0.08;Negativno;Ne
13730;3.6;-49.9;5.26;0.1;Negativno;Ne
13731;3.7;-76.2;9.08;0.22;Negativno;Ne
13732;3.4;-69.0;3.06;0.76;Negativno;Ne
13733;1.3;-70.7;3.5;0.12;Negativno;Ne
13734;5.9;-64.0;9.34;0.15;Negativno;Ne
13735;2.4;-71.6;6.45;0.05;Negativno;Ne
13736;10.8;-64.5;8.39;0.23;Negativno;Ne
13737;3.6;-63.8;7.26;0.19;Negativno;Ne
13738;6.1;-56.5;7.44;0.4;Negativno;Ne
13739;2.3;-47.7;7.22;0.06;Negativno;Ne
13740;8.2;-47.2;8.12;0.05;Negativno;Ne
13741;4.3;-54.1;6.15;0.34;Negativno;Ne
13742;2.6;-58.0;6.15;0.22;Negativno;Ne
13743;0.8;-63.9;11.1;1.59;Negativno;Ne
13744;0.4;-53.5;8.01;0.24;Negativno;Ne
13745;1.4;-50.5;7.76;0.22;Negativno;Ne
13746;1.2;-46.6;6.58;0.41;Negativno;Ne
13747;5.6;-33.8;4.42;0.37;Negativno;Ne
13748;11.3;-66.7;6.94;0.62;Negativno;Ne
13749;0.2;-59.6;7.39;0.24;Negativno;Ne
13750;8.4;-56.6;6.92;0.19;Negativno;Ne
13751;2.7;-50.1;5.87;0.68;Negativno;Ne
13752;11.4;-54.6;9.11;1.12;Negativno;Ne
13753;0.3;-62.2;10.19;0.74;Negativno;Ne
13754;9.6;-66.1;3.32;0.12;Negativno;Ne
13755;4.2;-56.4;6.38;0.82;Negativno;Ne
13756;5.5;-60.3;7.89;0.44;Negativno;Ne
13757;6.4;-38.3;6.86;0.27;Negativno;Ne
13758;0.3;-66.2;9.98;0.19;Negativno;Ne
13759;5.4;-67.6;10.78;0.13;Negativno;Ne
13760;18.2;-55.7;7.1;1.75;Negativno;Ne
13761;12.5;-55.8;8.99;1.01;Negativno;Ne
13762;1.3;-52.4;7.95;0.21;Negativno;Ne
13763;21.0;-38.8;8.28;0.7;Negativno;Ne
13764;0.5;-74.5;7.43;0.37;Negativno;Ne
13765;2.1;-51.4;8.09;0.7;Negativno;Ne
13766;6.7;-54.4;6.72;0.77;Negativno;Ne
13767;6.3;-62.9;8.39;0.13;Negativno;Ne
13768;7.7;-48.5;4.41;0.17;Negativno;Ne
13769;12.7;-54.6;2.47;0.02;Negativno;Ne
13770;1.0;-60.8;5.66;0.38;Negativno;Ne
13771;1.4;-73.5;2.43;0.0;Negativno;Ne
13772;1.1;-61.9;3.58;0.67;Negativno;Ne
13773;0.6;-69.6;9.27;1.18;Negativno;Ne
13774;1.0;-42.3;10.4;0.52;Negativno;Ne
13775;2.1;-69.9;7.63;0.06;Negativno;Ne
13776;7.4;-63.4;8.69;0.01;Negativno;Ne
13777;4.9;-48.8;2.59;0.32;Negativno;Ne
13778;1.1;-84.8;6.87;0.06;Negativno;Ne
13779;5.3;-62.6;6.04;0.31;Negativno;Ne
13780;0.1;-50.2;12.43;0.15;Negativno;Ne
13781;14.1;-74.5;7.99;1.13;Negativno;Ne
13782;14.0;-62.7;5.61;0.23;Negativno;Ne
13783;4.2;-63.1;8.61;0.79;Negativno;Ne
13784;1.1;-64.9;6.45;1.07;Negativno;Ne
13785;0.0;-66.3;9.69;2.88;Negativno;Ne
13786;5.2;-46.3;5.13;0.36;Negativno;Ne
13787;10.6;-47.4;9.62;0.21;Negativno;Ne
13788;2.6;-46.7;7.09;0.75;Negativno;Ne
13789;5.0;-75.8;0.0;0.54;Negativno;Ne
13790;3.4;-68.6;8.69;0.35;Negativno;Ne
13791;4.2;-69.6;6.96;0.28;Negativno;Ne
13792;17.4;-49.3;7.8;0.06;Negativno;Ne
13793;0.3;-60.6;9.92;0.55;Negativno;Ne
13794;1.0;-59.4;4.98;0.46;Negativno;Ne
13795;0.1;-62.3;8.09;0.15;Negativno;Ne
13796;4.9;-76.1;7.36;0.92;Negativno;Ne
13797;0.4;-59.3;5.28;0.19;Negativno;Ne
13798;1.0;-63.2;8.34;0.2;Negativno;Ne
13799;3.3;-67.7;9.94;0.79;Negativno;Ne
13800;0.3;-57.5;6.53;0.06;Negativno;Ne
13801;5.9;-53.8;6.01;2.08;Negativno;Ne
13802;1.6;-75.1;9.61;0.46;Negativno;Ne
13803;2.9;-74.3;10.39;0.26;Negativno;Ne
13804;4.7;-44.3;8.9;0.58;Negativno;Ne
13805;0.3;-69.9;13.67;0.52;Negativno;Ne
13806;20.0;-67.7;8.15;0.0;Negativno;Ne
13807;2.4;-70.5;5.51;0.02;Negativno;Ne
13808;6.4;-72.3;8.4;0.5;Negativno;Ne
13809;8.7;-53.7;7.01;0.07;Negativno;Ne
13810;2.7;-60.3;3.85;0.15;Negativno;Ne
13811;17.5;-75.2;8.64;1.04;Negativno;Ne
13812;2.6;-61.8;11.16;1.17;Negativno;Ne
13813;5.0;-67.6;8.71;0.57;Negativno;Ne
13814;0.3;-67.3;7.09;0.07;Negativno;Ne
13815;4.3;-67.0;3.91;0.13;Negativno;Ne
13816;0.8;-63.2;7.12;0.26;Negativno;Ne
13817;8.5;-78.9;8.4;0.29;Negativno;Ne
13818;0.8;-57.3;5.64;0.48;Negativno;Ne
13819;6.1;-53.7;8.08;0.23;Negativno;Ne
13820;3.8;-57.2;7.09;1.87;Negativno;Ne
13821;13.0;-60.7;6.98;0.56;Negativno;Ne
13822;0.8;-64.3;8.29;0.17;Negativno;Ne
13823;8.3;-50.4;6.46;0.72;Negativno;Ne
13824;3.4;-68.7;6.73;0.24;Negativno;Ne
13825;20.7;-56.2;8.22;0.99;Negativno;Ne
13826;6.8;-81.5;6.44;0.41;Negativno;Ne
13827;6.0;-53.2;6.06;0.11;Negativno;Ne
13828;4.5;-41.8;4.93;0.06;Negativno;Ne
13829;0.0;-58.7;8.19;0.5;Negativno;Ne
13830;1.0;-68.7;4.59;1.16;Negativno;Ne
13831;19.7;-29.7;6.79;0.17;Negativno;Ne
13832;9.0;-51.8;5.57;0.68;Negativno;Ne
13833;3.6;-62.3;6.83;1.79;Negativno;Ne
13834;4.5;-65.7;7.07;0.07;Negativno;Ne
13835;2.2;-80.3;5.56;0.28;Negativno;Ne
13836;1.2;-52.3;7.87;0.13;Negativno;Ne
13837;3.2;-60.5;7.88;0.11;Negativno;Ne
13838;3.1;-48.1;5.45;0.21;Negativno;Ne
13839;18.0;-51.2;6.66;0.41;Negativno;Ne
13840;3.3;-53.4;8.96;0.84;Negativno;Ne
13841;0.1;-76.4;12.12;0.36;Negativno;Ne
13842;3.6;-44.1;7.74;0.58;Negativno;Ne
13843;2.8;-48.2;4.36;0.1;Negativno;Ne
13844;1.4;-64.2;4.07;0.58;Negativno;Ne
13845;0.0;-60.2;6.02;0.23;Negativno;Ne
13846;3.0;-50.6;10.93;1.03;Negativno;Ne
13847;6.5;-49.6;7.4;0.3;Negativno;Ne
13848;0.2;-46.8;6.26;0.06;Negativno;Ne
13849;3.2;-73.2;4.08;0.28;Negativno;Ne
13850;1.2;-62.2;7.64;0.15;Negativno;Ne
13851;14.7;-64.0;5.9;0.26;Negativno;Ne
13852;24.5;-71.3;10.21;0.09;Negativno;Ne
13853;5.6;-66.0;8.79;0.52;Negativno;Ne
13854;2.6;-74.6;10.17;0.02;Negativno;Ne
13855;0.5;-67.7;7.77;0.17;Negativno;Ne
13856;5.8;-56.9;4.7;0.51;Negativno;Ne
13857;1.4;-54.5;9.7;0.03;Negativno;Ne
13858;0.1;-53.9;6.4;0.21;Negativno;Ne
13859;4.0;-85.9;10.71;0.12;Negativno;Ne
13860;1.9;-53.8;8.06;0.05;Negativno;Ne
13861;1.3;-54.6;8.09;0.54;Negativno;Ne
13862;1.0;-64.8;4.3;0.33;Negativno;Ne
13863;2.8;-65.1;10.13;0.08;Negativno;Ne
13864;0.2;-41.1;7.78;0.19;Negativno;Ne
13865;8.5;-49.8;7.01;0.61;Negativno;Ne
13866;4.9;-56.5;8.38;0.11;Negativno;Ne
13867;5.6;-62.9;6.62;0.88;Negativno;Ne
13868;1.7;-57.6;6.0;1.11;Negativno;Ne
13869;3.1;-66.8;6.98;1.4;Negativno;Ne
13870;9.3;-64.9;8.85;0.21;Negativno;Ne
13871;18.4;-51.3;7.69;0.64;Negativno;Ne
13872;2.7;-53.0;8.34;0.58;Negativno;Ne
13873;8.0;-76.9;9.42;0.63;Negativno;Ne
13874;2.5;-50.9;9.0;0.6;Negativno;Ne
13875;0.5;-56.9;6.83;0.93;Negativno;Ne
13876;3.2;-53.9;5.94;0.03;Negativno;Ne
13877;4.8;-59.5;4.64;0.83;Negativno;Ne
13878;1.9;-72.4;5.26;0.64;Negativno;Ne
13879;1.5;-65.4;12.57;0.28;Negativno;Ne
13880;5.8;-50.7;8.39;0.06;Negativno;Ne
13881;12.9;-61.3;8.08;0.49;Negativno;Ne
13882;0.0;-47.8;1.22;0.36;Negativno;Ne
13883;8.9;-69.1;4.68;0.34;Negativno;Ne
13884;2.7;-67.6;8.2;0.04;Negativno;Ne
13885;1.0;-57.1;7.46;0.43;Negativno;Ne
13886;16.8;-58.7;4.53;0.62;Negativno;Ne
13887;0.3;-41.4;5.71;0.05;Negativno;Ne
13888;12.1;-49.0;6.93;0.24;Negativno;Ne
13889;9.5;-69.3;7.16;0.03;Negativno;Ne
13890;2.4;-52.2;9.42;0.32;Negativno;Ne
13891;4.5;-63.9;7.71;0.02;Negativno;Ne
13892;16.2;-66.8;8.92;0.29;Negativno;Ne
13893;2.3;-76.0;4.79;0.64;Negativno;Ne
13894;3.5;-60.8;3.31;0.79;Negativno;Ne
13895;5.1;-50.6;8.19;0.19;Negativno;Ne
13896;1.9;-62.9;6.91;0.11;Negativno;Ne
13897;8.2;-56.8;5.72;0.08;Negativno;Ne
13898;2.3;-65.7;6.78;0.17;Negativno;Ne
13899;1.7;-66.3;8.37;0.15;Negativno;Ne
13900;8.3;-39.4;5.03;0.42;Negativno;Ne
13901;4.8;-62.4;6.21;0.54;Negativno;Ne
13902;0.4;-68.1;6.02;0.11;Negativno;Ne
13903;4.3;-52.0;7.12;0.37;Negativno;Ne
13904;0.7;-65.8;7.95;0.12;Negativno;Ne
13905;11.6;-61.2;6.47;0.1;Negativno;Ne
13906;0.8;-62.0;7.84;0.39;Negativno;Ne
13907;16.4;-75.2;8.79;0.21;Negativno;Ne
13908;2.4;-54.8;7.98;0.11;Negativno;Ne
13909;5.6;-52.8;7.67;0.04;Negativno;Ne
13910;9.3;-69.5;4.19;0.03;Negativno;Ne
13911;1.0;-56.1;6.4;0.52;Negativno;Ne
13912;9.6;-52.6;10.17;0.16;Negativno;Ne
13913;3.5;-37.0;5.87;0.03;Negativno;Ne
13914;6.1;-66.5;5.86;0.04;Negativno;Ne
13915;5.3;-67.0;9.64;0.66;Negativno;Ne
13916;8.6;-54.4;5.97;0.15;Negativno;Ne
13917;0.1;-50.7;8.05;0.57;Negativno;Ne
13918;2.9;-65.6;4.12;0.53;Negativno;Ne
13919;6.8;-61.2;6.65;0.14;Negativno;Ne
13920;1.4;-74.5;6.62;0.99;Negativno;Ne
13921;4.7;-49.2;7.46;0.31;Negativno;Ne
13922;1.5;-54.2;11.19;0.88;Negativno;Ne
13923;3.1;-62.8;6.02;0.08;Negativno;Ne
13924;2.4;-71.4;7.13;0.21;Negativno;Ne
13925;6.3;-62.1;6.41;0.78;Negativno;Ne
13926;11.4;-71.9;8.34;0.62;Negativno;Ne
13927;2.0;-55.7;7.07;0.83;Negativno;Ne
13928;1.9;-66.7;7.25;0.0;Negativno;Ne
13929;4.3;-52.4;11.32;0.1;Negativno;Ne
13930;5.8;-68.1;6.82;0.31;Negativno;Ne
13931;1.6;-69.8;5.64;1.18;Negativno;Ne
13932;0.7;-56.6;8.98;0.63;Negativno;Ne
13933;3.3;-64.1;8.28;0.04;Negativno;Ne
13934;0.9;-76.3;9.44;0.34;Negativno;Ne
13935;0.1;-66.8;5.38;0.17;Negativno;Ne
13936;0.9;-47.4;3.55;3.02;Negativno;Ne
13937;1.9;-44.9;5.99;0.24;Negativno;Ne
13938;1.0;-37.7;6.73;0.07;Negativno;Ne
13939;1.2;-53.1;4.56;0.03;Negativno;Ne
13940;1.2;-42.8;3.43;1.54;Negativno;Ne
13941;9.8;-65.0;3.38;0.61;Negativno;Ne
13942;2.0;-63.5;6.15;0.37;Negativno;Ne
13943;0.2;-47.0;5.39;0.08;Negativno;Ne
13944;1.3;-43.9;6.74;1.04;Negativno;Ne
13945;0.2;-48.4;8.02;0.34;Negativno;Ne
13946;2.3;-49.0;5.85;0.94;Negativno;Ne
13947;0.1;-72.1;4.68;0.18;Negativno;Ne
13948;8.9;-74.5;6.7;1.0;Negativno;Ne
13949;1.1;-48.4;5.15;0.08;Negativno;Ne
13950;12.5;-66.0;4.84;0.14;Negativno;Ne
13951;4.1;-74.3;7.41;0.03;Negativno;Ne
13952;8.7;-63.5;9.37;0.11;Negativno;Ne
13953;6.2;-56.4;7.88;0.02;Negativno;Ne
13954;0.5;-57.2;9.74;0.27;Negativno;Ne
13955;3.7;-55.0;10.66;0.47;Negativno;Ne
13956;7.9;-64.0;9.45;0.01;Negativno;Ne
13957;0.3;-71.0;6.18;0.15;Negativno;Ne
13958;7.6;-69.6;9.24;1.27;Negativno;Ne
13959;1.0;-63.4;6.67;0.69;Negativno;Ne
13960;3.6;-72.7;10.62;0.21;Negativno;Ne
13961;17.0;-57.3;7.33;0.22;Negativno;Ne
13962;1.3;-67.1;3.42;1.54;Negativno;Ne
13963;3.1;-47.7;4.97;1.37;Negativno;Ne
13964;5.5;-65.5;6.78;1.33;Negativno;Ne
13965;1.8;-49.5;5.21;0.22;Negativno;Ne
13966;2.4;-51.5;6.63;0.77;Negativno;Ne
13967;9.6;-79.5;1.86;1.63;Negativno;Ne
13968;3.0;-78.0;7.87;0.99;Negativno;Ne
13969;0.4;-61.1;3.81;1.41;Negativno;Ne
13970;0.3;-55.6;6.55;0.11;Negativno;Ne
13971;3.9;-69.5;7.95;0.37;Negativno;Ne
13972;3.1;-62.2;7.37;0.91;Negativno;Ne
13973;5.3;-45.4;8.27;0.53;Negativno;Ne
13974;1.9;-36.1;8.96;0.35;Negativno;Ne
13975;7.1;-50.9;7.81;0.35;Negativno;Ne
13976;5.3;-59.9;7.54;0.58;Negativno;Ne
13977;11.4;-61.2;5.0;0.43;Negativno;Ne
13978;3.3;-70.5;9.71;0.3;Negativno;Ne
13979;2.5;-61.1;8.91;0.37;Negativno;Ne
13980;25.5;-59.0;6.69;0.33;Negativno;Ne
13981;15.5;-70.4;4.96;0.37;Negativno;Ne
13982;8.3;-53.0;6.4;0.01;Negativno;Ne
13983;3.0;-67.2;7.99;0.14;Negativno;Ne
13984;17.6;-42.5;4.71;0.24;Negativno;Ne
13985;6.5;-72.2;3.89;0.06;Negativno;Ne
13986;2.3;-53.9;5.93;0.08;Negativno;Ne
13987;1.4;-64.2;5.74;0.55;Negativno;Ne
13988;6.9;-64.2;8.31;0.18;Negativno;Ne
13989;1.0;-62.1;10.45;0.01;Negativno;Ne
13990;18.2;-43.1;7.63;0.65;Negativno;Ne
13991;2.4;-65.4;11.53;0.45;Pozitivno;Ne
13992;11.2;-58.9;6.16;0.86;Pozitivno;Ne
13993;3.4;-73.0;6.22;0.24;Negativno;Ne
13994;0.5;-60.9;9.14;1.38;Negativno;Ne
13995;4.3;-59.3;7.76;0.18;Negativno;Ne
13996;1.3;-58.0;10.8;0.15;Negativno;Ne
13997;6.5;-50.6;6.21;0.1;Negativno;Ne
13998;9.3;-55.3;7.5;0.06;Negativno;Ne
13999;12.5;-48.5;7.26;1.23;Negativno;Ne
14000;5.7;-44.5;6.72;0.35;Negativno;Ne
14001;2.3;-58.9;5.99;1.11;Negativno;Ne
14002;1.5;-51.8;6.94;0.06;Negativno;Ne
14003;10.2;-53.5;6.23;0.38;Negativno;Ne
14004;2.9;-57.0;6.32;0.72;Negativno;Ne
14005;2.1;-70.5;8.03;0.54;Negativno;Ne
14006;3.4;-53.3;10.69;0.12;Negativno;Ne
14007;0.7;-61.7;5.02;0.58;Negativno;Ne
14008;2.4;-52.5;10.44;1.21;Negativno;Ne
14009;3.2;-55.1;8.27;0.3;Negativno;Ne
14010;9.4;-48.0;10.21;0.31;Negativno;Ne
14011;12.3;-64.4;10.49;1.55;Negativno;Ne
14012;0.1;-79.8;4.56;1.56;Negativno;Ne
14013;3.0;-64.5;7.69;0.49;Negativno;Ne
14014;3.2;-73.1;7.66;0.68;Negativno;Ne
14015;3.5;-48.2;9.18;1.46;Negativno;Ne
14016;2.3;-53.8;3.17;0.58;Negativno;Ne
14017;4.7;-57.6;5.34;0.51;Negativno;Ne
14018;1.2;-74.7;6.12;0.54;Negativno;Ne
14019;9.3;-61.9;5.85;0.5;Negativno;Ne
14020;1.7;-66.3;8.11;0.09;Negativno;Ne
14021;16.2;-71.3;6.66;0.0;Negativno;Ne
14022;3.3;-61.8;7.96;0.47;Negativno;Ne
14023;0.6;-61.6;9.39;1.21;Negativno;Ne
14024;0.7;-57.1;8.73;0.23;Negativno;Ne
14025;3.8;-55.2;5.71;0.15;Negativno;Ne
14026;3.6;-42.9;7.39;0.76;Negativno;Ne
14027;1.9;-65.2;6.6;0.46;Negativno;Ne
14028;0.9;-72.4;8.17;0.16;Negativno;Ne
14029;2.3;-42.8;6.12;0.58;Negativno;Ne
14030;3.1;-47.0;5.53;0.11;Negativno;Ne
14031;6.5;-52.9;5.47;0.16;Negativno;Ne
14032;6.5;-69.0;6.72;0.51;Negativno;Ne
14033;5.5;-74.5;7.94;0.15;Negativno;Ne
14034;0.5;-54.1;9.02;0.5;Negativno;Ne
14035;4.2;-47.7;8.2;0.31;Negativno;Ne
14036;10.1;-60.2;5.38;0.28;Negativno;Ne
14037;1.7;-75.6;3.69;0.48;Negativno;Ne
14038;10.6;-62.6;10.56;0.48;Negativno;Ne
14039;3.0;-62.0;3.48;0.5;Negativno;Ne
14040;4.9;-60.7;7.06;0.6;Negativno;Ne
14041;1.2;-65.8;9.59;0.55;Negativno;Ne
14042;6.7;-64.4;5.34;3.31;Negativno;Ne
14043;1.1;-61.4;8.87;0.91;Negativno;Ne
14044;1.8;-58.5;6.09;0.36;Negativno;Ne
14045;0.0;-63.8;7.96;0.15;Negativno;Ne
14046;0.2;-57.9;5.17;1.11;Negativno;Ne
14047;1.5;-66.3;2.2;0.17;Negativno;Ne
14048;4.6;-58.2;6.62;0.11;Negativno;Ne
14049;3.6;-49.6;2.05;0.04;Negativno;Ne
14050;2.0;-59.4;4.57;0.16;Negativno;Ne
14051;2.5;-54.5;4.48;0.51;Negativno;Ne
14052;8.8;-67.9;3.35;0.01;Negativno;Ne
14053;3.5;-53.9;9.24;0.02;Negativno;Ne
14054;2.7;-67.3;6.24;0.0;Negativno;Ne
14055;10.6;-67.1;7.57;0.33;Negativno;Ne
14056;1.0;-43.3;10.69;0.39;Negativno;Ne
14057;8.9;-70.6;6.24;1.1;Negativno;Ne
14058;10.5;-62.8;3.89;0.04;Negativno;Ne
14059;1.4;-52.9;9.39;1.08;Negativno;Ne
14060;3.0;-76.8;9.69;0.08;Negativno;Ne
14061;2.4;-70.0;8.35;0.67;Negativno;Ne
14062;11.4;-64.1;2.62;0.65;Negativno;Ne
14063;3.7;-70.3;7.67;3.2;Negativno;Ne
14064;6.5;-50.7;5.07;0.2;Negativno;Ne
14065;20.7;-65.4;6.49;1.0;Negativno;Ne
14066;7.5;-55.1;7.44;0.69;Negativno;Ne
14067;11.9;-78.6;8.87;1.45;Negativno;Ne
14068;26.1;-53.8;6.6;0.8;Negativno;Ne
14069;0.1;-45.2;9.67;0.24;Negativno;Ne
14070;4.4;-65.1;5.06;0.18;Negativno;Ne
14071;1.3;-54.4;9.81;0.04;Negativno;Ne
14072;5.0;-42.7;3.97;0.2;Negativno;Ne
14073;10.6;-73.0;5.72;0.43;Negativno;Ne
14074;3.7;-54.1;7.37;1.3;Pozitivno;Ne
14075;2.8;-67.5;6.82;0.07;Negativno;Ne
14076;6.6;-60.4;7.69;1.37;Negativno;Ne
14077;0.4;-55.6;3.97;0.07;Negativno;Ne
14078;4.0;-62.6;9.64;0.22;Negativno;Ne
14079;6.0;-48.5;6.86;0.3;Negativno;Ne
14080;10.1;-53.8;6.76;1.8;Negativno;Ne
14081;10.9;-55.8;4.95;0.53;Negativno;Ne
14082;10.3;-67.1;7.83;0.04;Negativno;Ne
14083;1.3;-59.3;5.72;0.85;Negativno;Ne
14084;6.7;-68.0;5.81;0.56;Negativno;Ne
14085;7.3;-63.8;5.52;0.35;Negativno;Ne
14086;4.3;-54.9;6.11;0.74;Negativno;Ne
14087;1.8;-63.5;4.37;0.55;Negativno;Ne
14088;5.9;-78.1;7.41;0.09;Negativno;Ne
14089;6.8;-55.0;7.32;0.2;Negativno;Ne
14090;4.5;-48.6;12.34;0.55;Negativno;Ne
14091;0.7;-80.4;6.71;0.23;Negativno;Ne
14092;5.1;-65.9;9.6;1.77;Pozitivno;Ne
14093;3.4;-58.8;7.82;1.46;Negativno;Ne
14094;1.2;-53.9;5.35;0.86;Negativno;Ne
14095;1.0;-71.6;7.29;0.57;Negativno;Ne
14096;3.9;-58.5;3.57;0.09;Negativno;Ne
14097;4.2;-67.0;4.42;0.4;Negativno;Ne
14098;1.7;-51.0;4.85;0.6;Negativno;Ne
14099;5.6;-71.3;6.38;0.17;Negativno;Ne
14100;0.1;-60.4;5.85;0.71;Negativno;Ne
14101;1.5;-46.4;6.4;0.54;Negativno;Ne
14102;0.5;-67.5;6.64;1.53;Negativno;Ne
14103;1.2;-62.3;3.33;0.05;Negativno;Ne
14104;0.3;-56.3;6.58;1.16;Negativno;Ne
14105;16.9;-69.4;7.32;0.1;Negativno;Ne
14106;0.8;-78.1;7.69;0.21;Negativno;Ne
14107;11.6;-60.7;5.41;0.08;Negativno;Ne
14108;0.9;-56.5;9.86;0.08;Negativno;Ne
14109;17.0;-58.3;12.66;0.02;Negativno;Ne
14110;1.3;-67.1;10.22;0.1;Negativno;Ne
14111;2.5;-41.6;5.87;0.28;Negativno;Ne
14112;8.3;-66.8;6.23;1.51;Negativno;Ne
14113;2.0;-56.7;7.18;1.17;Negativno;Ne
14114;0.8;-59.9;5.81;0.13;Negativno;Ne
14115;2.3;-51.4;7.89;1.55;Negativno;Ne
14116;4.8;-56.3;8.49;0.25;Negativno;Ne
14117;5.3;-48.6;6.16;0.79;Negativno;Ne
14118;12.3;-68.6;8.91;0.25;Negativno;Ne
14119;2.7;-65.7;8.1;0.84;Negativno;Ne
14120;6.4;-51.3;6.89;2.14;Negativno;Ne
14121;5.9;-71.6;6.08;0.24;Negativno;Ne
14122;1.1;-54.6;5.42;0.88;Negativno;Ne
14123;5.5;-38.0;6.57;0.07;Negativno;Ne
14124;2.9;-65.6;10.47;0.56;Negativno;Ne
14125;6.1;-62.5;6.92;1.46;Negativno;Ne
14126;0.4;-52.4;6.5;0.59;Negativno;Ne
14127;2.8;-50.5;6.54;0.02;Negativno;Ne
14128;1.0;-78.0;8.1;0.27;Negativno;Ne
14129;2.1;-61.3;7.62;0.01;Negativno;Ne
14130;3.4;-74.8;6.66;0.11;Negativno;Ne
14131;3.2;-55.2;6.91;0.45;Negativno;Ne
14132;8.1;-60.4;8.56;0.41;Negativno;Ne
14133;5.2;-73.5;6.57;1.3;Negativno;Ne
14134;0.5;-66.5;4.94;0.47;Negativno;Ne
14135;6.7;-67.7;6.42;0.22;Negativno;Ne
14136;0.6;-60.7;5.42;0.17;Negativno;Ne
14137;11.1;-73.8;6.92;1.45;Negativno;Ne
14138;14.9;-65.2;6.91;0.07;Negativno;Ne
14139;9.2;-54.6;7.96;0.03;Negativno;Ne
14140;4.0;-62.1;10.21;0.54;Negativno;Ne
14141;1.0;-43.0;7.78;0.01;Negativno;Ne
14142;4.0;-47.4;1.62;0.39;Negativno;Ne
14143;0.4;-64.3;6.8;0.46;Negativno;Ne
14144;1.5;-77.4;7.89;0.25;Negativno;Ne
14145;5.0;-58.0;7.52;0.54;Negativno;Ne
14146;0.1;-39.3;9.0;0.1;Negativno;Ne
14147;4.0;-70.6;4.38;0.28;Negativno;Ne
14148;0.1;-55.5;5.81;0.41;Negativno;Ne
14149;12.1;-58.8;6.5;0.44;Negativno;Ne
14150;1.3;-53.5;10.98;1.07;Negativno;Ne
14151;3.3;-51.8;6.93;0.39;Negativno;Ne
14152;0.4;-52.5;7.26;0.71;Negativno;Ne
14153;1.0;-52.7;4.83;0.2;Negativno;Ne
14154;2.9;-63.1;6.44;0.2;Negativno;Ne
14155;6.2;-75.8;4.55;0.12;Negativno;Ne
14156;4.1;-78.4;6.38;0.08;Negativno;Ne
14157;2.0;-63.7;6.63;1.24;Negativno;Ne
14158;2.4;-44.6;5.16;0.01;Negativno;Ne
14159;0.3;-71.8;8.87;0.17;Negativno;Ne
14160;2.3;-56.1;8.67;0.28;Negativno;Ne
14161;3.1;-68.3;6.66;0.9;Negativno;Ne
14162;12.2;-54.0;10.16;0.95;Negativno;Ne
14163;2.4;-68.5;6.29;0.29;Negativno;Ne
14164;4.6;-69.8;8.25;0.62;Negativno;Ne
14165;2.8;-56.5;4.73;0.23;Negativno;Ne
14166;3.3;-55.4;5.98;0.25;Negativno;Ne
14167;1.0;-53.2;6.86;0.07;Negativno;Ne
14168;0.9;-59.8;5.95;0.46;Negativno;Ne
14169;11.4;-53.5;7.46;0.15;Negativno;Ne
14170;2.5;-66.9;6.07;0.32;Negativno;Ne
14171;6.3;-60.9;8.65;0.18;Negativno;Ne
14172;3.3;-63.4;5.25;0.33;Negativno;Ne
14173;9.5;-63.3;8.76;1.41;Negativno;Ne
14174;4.8;-67.9;8.76;0.17;Negativno;Ne
14175;6.3;-69.2;4.3;0.31;Negativno;Ne
14176;2.7;-63.8;6.83;0.07;Negativno;Ne
14177;7.5;-59.4;6.28;0.85;Negativno;Ne
14178;0.6;-46.9;6.71;0.53;Negativno;Ne
14179;3.2;-59.1;5.81;0.75;Negativno;Ne
14180;2.4;-62.5;7.34;0.82;Negativno;Ne
14181;11.0;-61.9;7.01;1.23;Negativno;Ne
14182;2.1;-68.4;6.73;0.18;Negativno;Ne
14183;1.5;-67.3;8.49;0.17;Negativno;Ne
14184;1.2;-71.8;9.48;0.84;Negativno;Ne
14185;2.9;-52.2;9.07;0.78;Negativno;Ne
14186;2.3;-68.8;4.53;0.58;Negativno;Ne
14187;1.4;-69.0;8.1;0.26;Negativno;Ne
14188;16.4;-65.1;8.45;0.12;Negativno;Ne
14189;5.8;-41.7;6.85;1.55;Negativno;Ne
14190;9.6;-55.7;6.68;0.17;Negativno;Ne
14191;6.6;-71.4;9.67;0.01;Negativno;Ne
14192;6.5;-72.2;9.38;1.72;Negativno;Ne
14193;5.2;-54.4;7.01;0.29;Negativno;Ne
14194;6.1;-66.3;5.63;0.53;Negativno;Ne
14195;5.7;-66.5;9.47;0.64;Negativno;Ne
14196;16.6;-63.6;3.96;1.04;Negativno;Ne
14197;4.5;-51.4;12.68;0.15;Negativno;Ne
14198;1.5;-70.4;10.79;0.28;Negativno;Ne
14199;3.2;-58.5;1.66;0.35;Negativno;Ne
14200;2.4;-51.0;8.39;0.1;Negativno;Ne
14201;4.5;-50.5;8.83;0.24;Negativno;Ne
14202;3.8;-74.7;3.7;0.38;Negativno;Ne
14203;11.5;-61.2;5.23;0.03;Negativno;Ne
14204;13.0;-70.2;5.62;0.33;Negativno;Ne
14205;3.5;-65.7;8.44;0.03;Negativno;Ne
14206;7.1;-48.4;4.08;0.02;Negativno;Ne
14207;6.8;-60.7;8.34;0.33;Negativno;Ne
14208;14.8;-37.5;9.56;0.62;Negativno;Ne
14209;1.7;-66.5;6.76;0.23;Negativno;Ne
14210;4.9;-61.4;9.27;0.05;Negativno;Ne
14211;2.0;-63.1;7.26;0.54;Negativno;Ne
14212;0.7;-65.1;7.15;0.04;Negativno;Ne
14213;2.0;-67.4;3.69;0.45;Negativno;Ne
14214;3.9;-63.3;8.59;0.06;Negativno;Ne
14215;4.9;-58.8;3.87;0.25;Negativno;Ne
14216;4.6;-48.8;5.82;0.73;Negativno;Ne
14217;3.7;-63.6;8.72;0.18;Negativno;Ne
14218;0.9;-61.3;8.65;0.0;Negativno;Ne
14219;2.0;-67.8;5.02;0.38;Negativno;Ne
14220;0.1;-39.8;7.01;0.52;Negativno;Ne
14221;11.2;-69.6;6.89;1.24;Negativno;Ne
14222;7.7;-80.2;10.75;0.25;Negativno;Ne
14223;1.5;-71.0;9.62;0.28;Negativno;Ne
14224;0.2;-62.8;7.36;2.01;Negativno;Ne
14225;4.1;-52.6;10.75;0.3;Negativno;Ne
14226;6.5;-50.6;7.58;0.04;Negativno;Ne
14227;8.8;-43.8;7.12;0.99;Negativno;Ne
14228;2.7;-79.3;5.03;0.13;Negativno;Ne
14229;9.5;-61.0;5.58;0.18;Negativno;Ne
14230;15.8;-60.3;4.22;0.19;Negativno;Ne
14231;8.2;-64.1;6.63;0.2;Negativno;Ne
14232;2.3;-71.9;5.63;0.61;Negativno;Ne
14233;9.1;-73.4;7.71;0.19;Negativno;Ne
14234;2.4;-58.8;6.75;0.19;Negativno;Ne
14235;2.1;-56.3;6.46;0.16;Negativno;Ne
14236;5.3;-44.2;4.83;0.09;Negativno;Ne
14237;2.2;-56.5;4.23;0.48;Negativno;Ne
14238;2.2;-59.8;6.06;0.41;Negativno;Ne
14239;2.1;-51.6;7.21;0.52;Negativno;Ne
14240;5.6;-63.7;11.27;0.5;Negativno;Ne
14241;1.3;-56.3;6.57;3.65;Negativno;Ne
14242;6.2;-80.5;7.97;0.68;Negativno;Ne
14243;16.4;-57.9;5.04;1.1;Negativno;Ne
14244;1.4;-74.1;8.1;0.48;Negativno;Ne
14245;4.9;-51.2;8.84;0.02;Negativno;Ne
14246;7.2;-53.9;9.62;0.44;Negativno;Ne
14247;6.1;-71.4;8.11;0.76;Negativno;Ne
14248;0.9;-69.9;6.86;0.13;Negativno;Ne
14249;9.4;-47.8;6.68;0.19;Negativno;Ne
14250;5.7;-75.7;6.33;0.04;Negativno;Ne
14251;1.9;-67.6;6.65;0.24;Negativno;Ne
14252;4.4;-79.9;6.68;1.04;Negativno;Ne
14253;5.9;-49.5;7.15;0.28;Negativno;Ne
14254;7.5;-79.8;3.85;0.02;Negativno;Ne
14255;3.4;-56.5;6.51;0.94;Negativno;Ne
14256;2.7;-54.1;9.61;0.03;Negativno;Ne
14257;2.5;-66.2;6.34;0.08;Negativno;Ne
14258;0.9;-62.7;6.91;0.05;Negativno;Ne
14259;0.5;-53.5;7.64;1.05;Negativno;Ne
14260;7.2;-55.3;2.62;0.56;Negativno;Ne
14261;1.5;-56.4;8.72;1.88;Negativno;Ne
14262;0.3;-54.0;8.54;0.18;Negativno;Ne
14263;8.0;-63.6;5.8;0.17;Negativno;Ne
14264;11.7;-70.6;9.77;1.04;Negativno;Ne
14265;7.6;-61.0;7.56;0.06;Negativno;Ne
14266;5.7;-39.6;5.29;0.02;Negativno;Ne
14267;6.3;-58.3;8.14;0.65;Negativno;Ne
14268;1.6;-46.4;3.62;0.47;Negativno;Ne
14269;0.5;-65.7;5.09;0.36;Negativno;Ne
14270;1.6;-56.4;6.54;0.1;Negativno;Ne
14271;1.8;-68.7;6.32;0.86;Negativno;Ne
14272;10.2;-52.6;5.53;0.01;Negativno;Ne
14273;3.5;-57.4;4.64;0.72;Negativno;Ne
14274;3.9;-72.0;8.09;0.13;Negativno;Ne
14275;1.8;-52.4;5.76;0.45;Negativno;Ne
14276;0.1;-46.3;6.1;0.17;Negativno;Ne
14277;18.7;-65.3;6.29;0.19;Negativno;Ne
14278;2.8;-58.4;4.96;0.69;Negativno;Ne
14279;4.9;-56.3;9.42;0.13;Negativno;Ne
14280;6.3;-57.7;7.16;0.02;Negativno;Ne
14281;1.1;-60.8;8.09;0.33;Negativno;Ne
14282;1.9;-71.5;7.36;0.47;Negativno;Ne
14283;2.1;-73.5;0.2;0.11;Negativno;Ne
14284;1.8;-75.9;8.38;0.46;Negativno;Ne
14285;4.6;-54.3;7.64;0.47;Negativno;Ne
14286;2.5;-61.3;6.35;0.04;Negativno;Ne
14287;19.3;-55.2;7.62;0.15;Negativno;Ne
14288;1.1;-62.9;3.69;0.75;Negativno;Ne
14289;1.0;-52.0;4.39;0.6;Negativno;Ne
14290;1.8;-53.4;6.12;0.19;Negativno;Ne
14291;2.1;-57.0;8.91;1.08;Negativno;Ne
14292;1.1;-66.2;9.73;1.3;Negativno;Ne
14293;4.2;-68.0;7.24;0.02;Negativno;Ne
14294;2.2;-67.1;7.27;0.17;Negativno;Ne
14295;0.3;-61.2;7.87;0.41;Negativno;Ne
14296;1.6;-60.2;8.54;0.08;Negativno;Ne
14297;0.1;-66.1;7.52;0.66;Negativno;Ne
14298;7.1;-70.7;8.9;1.71;Negativno;Ne
14299;9.6;-59.0;9.16;0.58;Negativno;Ne
14300;13.6;-65.3;9.67;0.2;Negativno;Ne
14301;7.1;-74.3;4.68;0.12;Negativno;Ne
14302;0.3;-56.1;7.89;0.06;Negativno;Ne
14303;0.2;-70.5;7.43;0.44;Negativno;Ne
14304;5.5;-63.2;5.34;1.55;Negativno;Ne
14305;10.8;-64.5;6.83;0.01;Negativno;Ne
14306;5.5;-58.5;8.93;1.74;Negativno;Ne
14307;1.0;-70.2;9.23;0.23;Negativno;Ne
14308;4.1;-58.0;5.94;0.67;Negativno;Ne
14309;1.5;-43.1;5.08;0.79;Negativno;Ne
14310;1.1;-59.7;5.09;0.19;Negativno;Ne
14311;2.3;-58.4;6.35;0.46;Negativno;Ne
14312;0.3;-77.8;5.38;0.31;Negativno;Ne
14313;6.5;-58.5;8.34;0.87;Negativno;Ne
14314;23.0;-60.6;6.28;0.3;Negativno;Ne
14315;3.9;-61.9;7.1;0.25;Negativno;Ne
14316;5.5;-65.5;4.83;0.25;Negativno;Ne
14317;2.6;-53.2;7.8;0.51;Negativno;Ne
14318;7.2;-64.8;6.45;0.81;Negativno;Ne
14319;9.7;-77.5;5.28;1.0;Negativno;Ne
14320;2.5;-54.4;6.05;1.51;Negativno;Ne
14321;0.1;-49.9;1.44;0.13;Negativno;Ne
14322;0.2;-67.0;4.6;1.43;Negativno;Ne
14323;1.2;-66.5;6.89;3.19;Negativno;Ne
14324;11.8;-52.5;7.38;0.46;Negativno;Ne
14325;3.3;-70.0;8.42;0.04;Negativno;Ne
14326;1.0;-63.6;6.55;0.23;Negativno;Ne
14327;11.6;-80.5;5.31;0.43;Negativno;Ne
14328;2.5;-48.4;5.36;0.23;Negativno;Ne
14329;5.4;-57.3;7.21;0.66;Negativno;Ne
14330;19.9;-60.7;11.2;0.29;Negativno;Ne
14331;29.5;-70.7;7.83;1.31;Negativno;Ne
14332;8.4;-52.8;6.02;0.07;Negativno;Ne
14333;1.1;-24.5;6.54;0.08;Negativno;Ne
14334;8.8;-49.3;8.64;0.17;Negativno;Ne
14335;0.6;-63.5;5.09;0.49;Negativno;Ne
14336;4.0;-39.1;4.97;0.73;Negativno;Ne
14337;1.4;-49.1;8.06;0.1;Negativno;Ne
14338;7.5;-83.2;7.54;1.02;Negativno;Ne
14339;2.1;-45.4;7.33;0.12;Negativno;Ne
14340;0.1;-64.0;8.02;2.62;Negativno;Ne
14341;8.2;-69.5;8.93;0.15;Negativno;Ne
14342;3.6;-55.1;6.5;1.15;Negativno;Ne
14343;6.8;-59.5;4.19;0.35;Negativno;Ne
14344;2.7;-53.1;6.92;0.31;Negativno;Ne
14345;3.1;-70.9;6.61;0.87;Negativno;Ne
14346;4.9;-77.0;5.0;0.11;Negativno;Ne
14347;0.6;-60.6;5.87;0.97;Negativno;Ne
14348;1.7;-58.2;9.88;1.41;Negativno;Ne
14349;0.5;-66.3;6.2;1.0;Negativno;Ne
14350;3.9;-47.7;8.35;0.77;Negativno;Ne
14351;7.8;-60.4;10.44;0.71;Negativno;Ne
14352;10.2;-49.3;7.13;0.48;Negativno;Ne
14353;1.9;-60.0;6.29;0.93;Negativno;Ne
14354;2.8;-59.4;6.67;0.1;Negativno;Ne
14355;0.1;-61.4;2.17;0.39;Negativno;Ne
14356;1.0;-57.5;4.81;0.8;Negativno;Ne
14357;1.2;-66.2;5.7;0.14;Negativno;Ne
14358;2.5;-64.3;11.64;0.05;Negativno;Ne
14359;1.0;-55.1;9.29;0.03;Negativno;Ne
14360;1.1;-64.5;6.27;0.09;Negativno;Ne
14361;5.8;-52.1;8.14;1.07;Negativno;Ne
14362;0.9;-56.5;6.35;0.69;Negativno;Ne
14363;5.9;-71.8;8.84;0.53;Negativno;Ne
14364;2.3;-63.1;3.41;0.15;Negativno;Ne
14365;3.2;-59.7;6.59;0.12;Negativno;Ne
14366;6.4;-55.6;7.95;0.42;Negativno;Ne
14367;0.7;-50.3;5.13;0.11;Negativno;Ne
14368;4.1;-70.4;7.09;0.31;Negativno;Ne
14369;9.6;-85.1;9.37;0.26;Negativno;Ne
14370;2.9;-59.4;7.17;1.17;Negativno;Ne
14371;1.3;-57.0;3.66;0.44;Negativno;Ne
14372;0.9;-73.8;10.29;0.44;Negativno;Ne
14373;12.4;-57.6;8.38;1.54;Negativno;Ne
14374;10.4;-53.8;6.16;0.99;Negativno;Ne
14375;3.0;-62.2;5.18;0.01;Negativno;Ne
14376;8.0;-64.6;9.44;0.06;Negativno;Ne
14377;14.3;-55.4;8.79;0.45;Negativno;Ne
14378;4.5;-60.7;7.95;0.53;Negativno;Ne
14379;4.2;-72.6;11.15;0.09;Negativno;Ne
14380;4.3;-56.7;7.79;0.58;Negativno;Ne
14381;0.1;-37.5;6.93;0.45;Negativno;Ne
14382;0.8;-80.2;9.29;0.05;Negativno;Ne
14383;7.8;-44.4;5.81;0.05;Negativno;Ne
14384;6.5;-39.1;6.95;0.18;Negativno;Ne
14385;1.1;-65.3;6.07;0.01;Negativno;Ne
14386;6.5;-39.8;8.46;0.51;Negativno;Ne
14387;7.8;-65.2;4.57;1.27;Negativno;Ne
14388;1.6;-53.0;5.15;0.42;Negativno;Ne
14389;4.6;-68.9;6.58;1.14;Negativno;Ne
14390;2.9;-59.7;6.72;0.6;Negativno;Ne
14391;3.2;-53.8;8.09;0.77;Negativno;Ne
14392;0.6;-50.7;8.73;0.29;Negativno;Ne
14393;2.1;-62.1;6.86;0.74;Negativno;Ne
14394;3.4;-60.5;6.66;3.19;Negativno;Ne
14395;0.4;-48.5;5.87;0.49;Negativno;Ne
14396;3.2;-60.2;3.66;0.06;Negativno;Ne
14397;2.3;-60.0;5.38;0.02;Negativno;Ne
14398;0.2;-55.4;5.28;0.03;Negativno;Ne
14399;0.1;-49.5;5.44;0.23;Negativno;Ne
14400;0.6;-57.4;6.17;0.1;Negativno;Ne
14401;1.5;-57.3;5.42;0.36;Negativno;Ne
14402;0.9;-64.6;4.68;0.05;Negativno;Ne
14403;3.8;-55.5;7.54;0.05;Negativno;Ne
14404;13.8;-60.0;9.42;0.01;Negativno;Ne
14405;2.2;-80.8;6.9;0.16;Negativno;Ne
14406;4.8;-53.5;4.58;0.52;Negativno;Ne
14407;3.9;-95.1;5.21;0.51;Negativno;Ne
14408;2.6;-76.1;5.94;0.54;Negativno;Ne
14409;1.0;-57.1;4.12;1.17;Negativno;Ne
14410;10.7;-55.3;3.75;0.02;Negativno;Ne
14411;4.0;-54.4;10.4;1.02;Negativno;Ne
14412;0.7;-50.9;6.82;0.87;Negativno;Ne
14413;3.6;-58.0;6.05;0.9;Negativno;Ne
14414;15.4;-47.2;7.25;0.02;Negativno;Ne
14415;2.1;-62.9;7.72;0.57;Negativno;Ne
14416;4.4;-71.9;9.7;0.78;Negativno;Ne
14417;6.0;-57.5;7.85;0.49;Negativno;Ne
14418;2.3;-72.9;6.78;1.02;Negativno;Ne
14419;10.7;-60.5;6.04;0.13;Negativno;Ne
14420;3.0;-46.4;4.25;0.34;Negativno;Ne
14421;2.7;-57.0;9.29;0.15;Negativno;Ne
14422;5.0;-55.5;10.61;0.13;Negativno;Ne
14423;6.4;-64.9;9.75;0.65;Negativno;Ne
14424;8.2;-68.0;8.45;0.56;Negativno;Ne
14425;5.5;-70.1;6.31;0.01;Negativno;Ne
14426;3.7;-78.4;7.04;0.2;Negativno;Ne
14427;7.9;-59.1;2.79;0.5;Negativno;Ne
14428;1.2;-64.8;7.25;0.26;Negativno;Ne
14429;4.9;-81.1;8.58;0.29;Negativno;Ne
14430;3.2;-44.8;8.65;0.07;Negativno;Ne
14431;0.5;-61.1;6.47;1.21;Negativno;Ne
14432;5.8;-55.2;6.05;0.73;Negativno;Ne
14433;1.4;-69.0;7.73;0.84;Negativno;Ne
14434;5.1;-66.5;10.49;0.2;Negativno;Ne
14435;4.5;-67.6;9.37;0.93;Negativno;Ne
14436;1.8;-76.5;9.86;0.56;Negativno;Ne
14437;1.1;-68.8;4.64;0.73;Negativno;Ne
14438;4.6;-49.9;5.47;0.15;Negativno;Ne
14439;0.6;-64.6;7.4;0.8;Negativno;Ne
14440;0.9;-46.8;8.28;1.32;Negativno;Ne
14441;3.3;-47.3;7.45;0.16;Negativno;Ne
14442;12.3;-52.2;9.96;0.07;Negativno;Ne
14443;2.4;-38.7;4.09;0.55;Negativno;Ne
14444;2.6;-68.9;3.56;0.04;Negativno;Ne
14445;9.1;-57.4;5.83;0.4;Negativno;Ne
14446;7.0;-66.7;9.76;0.11;Negativno;Ne
14447;1.3;-53.7;2.57;0.0;Pozitivno;Ne
14448;2.9;-55.4;6.02;0.63;Negativno;Ne
14449;1.6;-67.1;7.31;0.24;Pozitivno;Ne
14450;6.1;-44.8;5.03;0.3;Negativno;Ne
14451;1.5;-70.4;6.12;0.75;Negativno;Ne
14452;1.2;-61.7;6.98;0.44;Negativno;Ne
14453;1.8;-70.1;5.3;0.31;Negativno;Ne
14454;1.8;-56.8;5.82;0.03;Negativno;Ne
14455;3.1;-51.7;7.58;0.13;Negativno;Ne
14456;2.0;-64.2;5.54;0.75;Negativno;Ne
14457;10.2;-58.1;4.6;0.25;Negativno;Ne
14458;0.2;-67.3;3.57;0.07;Negativno;Ne
14459;0.4;-75.5;6.34;0.03;Negativno;Ne
14460;3.5;-52.9;7.78;0.66;Negativno;Ne
14461;4.1;-59.8;7.19;0.89;Negativno;Ne
14462;6.0;-68.7;5.55;0.18;Negativno;Ne
14463;3.9;-49.5;6.65;0.57;Negativno;Ne
14464;2.2;-65.6;5.95;0.66;Negativno;Ne
14465;0.8;-60.4;5.52;0.34;Negativno;Ne
14466;11.9;-45.0;10.21;0.57;Negativno;Ne
14467;0.6;-57.9;6.39;0.27;Negativno;Ne
14468;1.8;-66.9;4.89;1.46;Negativno;Ne
14469;3.6;-68.9;10.65;0.05;Negativno;Ne
14470;15.0;-73.9;10.49;0.01;Negativno;Ne
14471;2.2;-60.2;7.01;0.76;Negativno;Ne
14472;7.6;-65.9;6.69;1.21;Negativno;Ne
14473;0.3;-47.8;5.69;0.07;Negativno;Ne
14474;0.9;-42.9;7.47;0.76;Negativno;Ne
14475;0.4;-66.2;6.09;0.98;Negativno;Ne
14476;13.7;-65.2;9.44;0.03;Negativno;Ne
14477;0.0;-59.1;7.69;0.36;Negativno;Ne
14478;7.6;-72.9;10.08;0.41;Negativno;Ne
14479;9.1;-62.8;8.07;0.33;Negativno;Ne
14480;0.6;-65.2;4.75;0.29;Negativno;Ne
14481;18.4;-69.4;7.92;0.51;Negativno;Ne
14482;0.0;-36.8;8.86;1.0;Negativno;Ne
14483;2.2;-64.5;7.05;1.23;Negativno;Ne
14484;10.6;-51.0;7.99;0.15;Negativno;Ne
14485;5.0;-62.8;8.83;0.19;Negativno;Ne
14486;0.8;-50.8;11.93;0.88;Negativno;Ne
14487;1.6;-64.2;9.04;0.84;Negativno;Ne
14488;2.0;-57.3;9.62;0.08;Negativno;Ne
14489;8.4;-67.5;6.1;0.65;Negativno;Ne
14490;7.7;-49.4;9.34;0.06;Negativno;Ne
14491;3.0;-68.0;7.65;0.29;Negativno;Ne
14492;3.7;-88.1;11.14;1.58;Negativno;Ne
14493;4.2;-53.8;8.77;0.2;Negativno;Ne
14494;1.5;-51.7;8.41;0.07;Negativno;Ne
14495;5.6;-48.0;4.92;0.11;Negativno;Ne
14496;2.2;-65.4;7.68;0.77;Negativno;Ne
14497;2.7;-69.8;6.34;0.4;Negativno;Ne
14498;1.0;-54.2;5.07;0.1;Negativno;Ne
14499;0.3;-38.5;5.3;0.39;Negativno;Ne
14500;1.2;-70.3;8.28;0.2;Negativno;Ne
14501;4.2;-51.8;8.71;0.16;Negativno;Ne
14502;4.4;-46.4;6.08;0.23;Negativno;Ne
14503;8.6;-79.0;8.66;1.05;Negativno;Ne
14504;1.1;-70.3;5.78;0.67;Negativno;Ne
14505;3.7;-59.9;7.2;0.06;Negativno;Ne
14506;14.1;-83.0;5.71;0.17;Negativno;Ne
14507;5.7;-74.1;10.68;1.08;Negativno;Ne
14508;3.5;-62.2;9.36;0.42;Negativno;Ne
14509;3.1;-49.9;6.42;1.11;Negativno;Ne
14510;0.3;-70.2;4.01;1.56;Negativno;Ne
14511;2.7;-70.2;9.08;0.96;Negativno;Ne
14512;0.0;-54.9;3.04;0.09;Negativno;Ne
14513;1.7;-52.2;9.6;0.25;Negativno;Ne
14514;7.9;-60.6;4.88;0.51;Negativno;Ne
14515;4.9;-44.1;11.12;0.72;Negativno;Ne
14516;0.9;-59.1;5.27;0.27;Negativno;Ne
14517;10.9;-60.3;9.45;0.9;Pozitivno;Ne
14518;0.9;-71.8;8.1;0.35;Negativno;Ne
14519;12.7;-86.0;5.54;1.89;Negativno;Ne
14520;3.7;-39.9;8.75;0.24;Negativno;Ne
14521;0.3;-71.3;5.2;0.1;Negativno;Ne
14522;1.5;-67.2;7.38;0.07;Negativno;Ne
14523;3.4;-51.7;8.25;0.14;Negativno;Ne
14524;16.5;-75.4;4.03;0.1;Negativno;Ne
14525;1.5;-65.9;5.83;1.39;Negativno;Ne
14526;5.8;-63.9;8.98;0.56;Negativno;Ne
14527;2.9;-39.8;7.59;0.06;Negativno;Ne
14528;8.5;-51.3;6.28;0.13;Negativno;Ne
14529;7.3;-68.7;4.74;0.33;Negativno;Ne
14530;0.6;-67.3;9.7;0.42;Negativno;Ne
14531;2.4;-59.2;11.65;0.84;Negativno;Ne
14532;3.9;-48.4;2.22;0.85;Negativno;Ne
14533;12.8;-59.5;8.97;0.24;Negativno;Ne
14534;3.1;-53.9;4.59;0.27;Negativno;Ne
14535;3.0;-80.5;8.05;0.17;Negativno;Ne
14536;1.4;-83.1;10.67;1.32;Negativno;Ne
14537;8.0;-52.1;7.3;0.03;Negativno;Ne
14538;1.4;-64.9;7.96;0.36;Negativno;Ne
14539;3.4;-67.7;9.18;0.56;Negativno;Ne
14540;33.2;-72.2;8.69;0.57;Negativno;Ne
14541;0.6;-48.1;7.26;0.17;Negativno;Ne
14542;3.3;-50.7;6.33;1.17;Negativno;Ne
14543;11.8;-68.7;5.62;0.32;Negativno;Ne
14544;0.9;-81.8;5.9;1.08;Negativno;Ne
14545;5.2;-50.7;3.53;3.12;Negativno;Ne
14546;3.8;-52.6;3.86;0.19;Negativno;Ne
14547;10.5;-58.0;8.68;0.36;Negativno;Ne
14548;4.1;-44.8;7.0;0.32;Negativno;Ne
14549;7.1;-56.8;3.63;0.46;Negativno;Ne
14550;0.6;-47.0;8.39;1.09;Negativno;Ne
14551;4.8;-75.6;7.18;0.68;Negativno;Ne
14552;5.2;-66.8;8.97;1.1;Negativno;Ne
14553;2.5;-55.9;5.51;1.15;Negativno;Ne
14554;1.9;-61.9;8.17;0.46;Negativno;Ne
14555;2.1;-43.6;7.2;0.29;Negativno;Ne
14556;3.2;-77.6;5.71;0.18;Negativno;Ne
14557;7.4;-47.4;5.79;0.21;Negativno;Ne
14558;0.5;-61.5;8.06;0.92;Negativno;Ne
14559;3.7;-62.2;6.77;0.09;Negativno;Ne
14560;13.3;-80.0;8.47;0.86;Negativno;Ne
14561;2.3;-59.0;4.21;0.24;Negativno;Ne
14562;2.9;-56.7;6.59;0.63;Negativno;Ne
14563;4.8;-61.3;5.63;0.57;Negativno;Ne
14564;2.0;-53.9;4.76;0.03;Negativno;Ne
14565;4.1;-54.0;2.88;0.05;Negativno;Ne
14566;3.6;-71.3;6.34;0.87;Negativno;Ne
14567;7.2;-56.0;8.27;3.14;Negativno;Ne
14568;26.6;-64.0;4.87;0.13;Negativno;Ne
14569;2.0;-51.0;2.39;0.05;Negativno;Ne
14570;6.5;-42.1;6.69;0.33;Negativno;Ne
14571;6.9;-51.3;3.05;0.2;Negativno;Ne
14572;13.3;-43.0;7.64;0.71;Negativno;Ne
14573;0.5;-83.3;7.26;0.44;Negativno;Ne
14574;1.3;-57.2;4.77;0.23;Negativno;Ne
14575;4.9;-56.4;7.14;0.75;Negativno;Ne
14576;5.1;-73.4;8.27;0.45;Negativno;Ne
14577;0.5;-65.8;6.48;0.92;Negativno;Ne
14578;0.1;-57.6;8.4;0.09;Negativno;Ne
14579;11.9;-54.6;6.74;0.08;Negativno;Ne
14580;1.1;-66.5;3.91;0.41;Negativno;Ne
14581;0.9;-60.0;7.74;0.38;Negativno;Ne
14582;3.2;-61.1;6.63;0.18;Negativno;Ne
14583;6.9;-62.1;7.98;0.02;Negativno;Ne
14584;1.9;-58.5;9.1;0.29;Negativno;Ne
14585;2.3;-52.0;8.67;0.73;Negativno;Ne
14586;3.4;-68.7;10.11;0.87;Negativno;Ne
14587;9.8;-47.8;3.76;1.41;Negativno;Ne
14588;8.5;-53.9;6.55;0.3;Negativno;Ne
14589;4.0;-74.1;5.85;0.26;Negativno;Ne
14590;3.2;-41.8;4.33;0.15;Negativno;Ne
14591;4.8;-49.1;10.81;0.73;Negativno;Ne
14592;5.0;-56.6;5.65;1.37;Negativno;Ne
14593;3.1;-50.1;8.85;0.46;Negativno;Ne
14594;6.1;-50.1;5.92;1.08;Negativno;Ne
14595;3.4;-71.8;5.42;0.24;Negativno;Ne
14596;3.4;-53.0;7.9;0.32;Negativno;Ne
14597;2.8;-52.9;5.92;0.69;Negativno;Ne
14598;4.8;-65.1;5.39;0.39;Negativno;Ne
14599;1.8;-34.1;10.46;0.41;Negativno;Ne
14600;1.6;-48.1;5.31;0.44;Negativno;Ne
14601;1.7;-55.0;5.4;1.69;Negativno;Ne
14602;1.4;-59.2;8.31;0.54;Negativno;Ne
14603;7.3;-65.2;4.5;0.53;Negativno;Ne
14604;0.6;-48.6;5.64;0.26;Negativno;Ne
14605;0.9;-76.5;9.16;0.4;Negativno;Ne
14606;4.4;-55.8;8.07;0.31;Negativno;Ne
14607;6.7;-75.9;5.1;0.68;Negativno;Ne
14608;11.4;-50.1;3.12;0.11;Negativno;Ne
14609;6.9;-62.9;5.96;0.6;Negativno;Ne
14610;3.4;-59.8;8.28;0.86;Negativno;Ne
14611;4.4;-63.3;7.41;0.91;Negativno;Ne
14612;4.6;-63.5;5.13;0.99;Negativno;Ne
14613;3.1;-42.2;6.39;0.22;Negativno;Ne
14614;2.1;-48.5;10.01;0.16;Negativno;Ne
14615;2.7;-56.3;7.3;2.61;Negativno;Ne
14616;3.0;-63.5;8.48;0.5;Negativno;Ne
14617;0.4;-61.0;9.41;0.41;Negativno;Ne
14618;0.6;-56.9;4.78;0.0;Negativno;Ne
14619;0.5;-56.4;5.1;0.04;Negativno;Ne
14620;3.0;-49.4;7.24;1.75;Negativno;Ne
14621;9.2;-56.8;6.35;0.16;Negativno;Ne
14622;1.8;-55.4;4.69;0.37;Negativno;Ne
14623;0.4;-53.5;4.78;0.43;Negativno;Ne
14624;2.6;-56.3;8.93;1.08;Negativno;Ne
14625;3.8;-62.0;10.98;1.02;Negativno;Ne
14626;0.6;-74.0;10.6;0.85;Pozitivno;Ne
14627;10.2;-53.9;5.62;1.28;Negativno;Ne
14628;6.1;-56.3;3.27;0.5;Negativno;Ne
14629;8.9;-43.0;6.82;2.87;Negativno;Ne
14630;7.2;-59.9;6.49;0.05;Negativno;Ne
14631;0.1;-74.3;7.7;0.32;Negativno;Ne
14632;5.6;-76.6;5.14;1.39;Negativno;Ne
14633;2.1;-53.2;2.96;0.88;Negativno;Ne
14634;5.1;-70.9;8.01;0.55;Negativno;Ne
14635;0.9;-58.5;6.87;0.39;Negativno;Ne
14636;2.1;-59.7;5.93;0.04;Negativno;Ne
14637;6.8;-74.5;8.21;0.15;Negativno;Ne
14638;14.1;-52.1;8.96;0.78;Negativno;Ne
14639;9.0;-64.8;6.42;0.99;Negativno;Ne
14640;0.4;-52.5;5.88;0.06;Negativno;Ne
14641;1.1;-57.8;3.51;0.07;Negativno;Ne
14642;0.1;-42.6;4.22;0.08;Negativno;Ne
14643;6.1;-57.8;6.93;0.36;Negativno;Ne
14644;3.3;-54.4;6.33;1.66;Negativno;Ne
14645;8.8;-63.3;7.18;0.78;Negativno;Ne
14646;4.1;-62.8;4.23;0.68;Negativno;Ne
14647;5.2;-72.7;7.48;0.17;Negativno;Ne
14648;9.4;-42.7;6.04;0.06;Negativno;Ne
14649;0.1;-58.6;9.8;1.3;Negativno;Ne
14650;7.0;-49.4;2.55;1.34;Negativno;Ne
14651;5.0;-53.4;6.97;0.71;Negativno;Ne
14652;2.4;-69.7;7.18;0.26;Negativno;Ne
14653;9.2;-52.5;4.28;0.04;Pozitivno;Ne
14654;9.6;-63.6;7.86;0.64;Negativno;Ne
14655;3.7;-49.8;7.8;0.54;Negativno;Ne
14656;7.2;-56.8;5.29;0.68;Negativno;Ne
14657;2.9;-58.9;5.86;1.18;Negativno;Ne
14658;1.6;-75.4;7.46;1.05;Negativno;Ne
14659;4.0;-67.8;6.28;0.54;Negativno;Ne
14660;0.8;-62.8;7.88;0.12;Negativno;Ne
14661;6.7;-56.1;11.42;0.04;Negativno;Ne
14662;5.2;-56.8;5.5;0.01;Negativno;Ne
14663;5.7;-67.1;9.24;0.53;Negativno;Ne
14664;1.3;-45.2;10.22;0.02;Negativno;Ne
14665;0.6;-67.2;7.39;0.08;Negativno;Ne
14666;1.9;-53.3;7.61;0.53;Negativno;Ne
14667;5.1;-42.6;6.85;0.07;Negativno;Ne
14668;4.4;-69.2;3.77;3.07;Negativno;Ne
14669;16.4;-61.9;11.27;0.47;Negativno;Ne
14670;5.5;-75.0;4.86;0.65;Negativno;Ne
14671;1.0;-51.5;4.38;0.4;Negativno;Ne
14672;0.6;-42.8;9.52;0.51;Negativno;Ne
14673;0.3;-68.5;6.24;0.65;Pozitivno;Ne
14674;0.4;-72.4;4.01;0.91;Negativno;Ne
14675;1.0;-68.1;9.4;0.64;Negativno;Ne
14676;4.4;-59.6;6.63;0.16;Negativno;Ne
14677;1.6;-72.3;5.1;0.45;Negativno;Ne
14678;3.0;-63.7;7.75;0.14;Negativno;Ne
14679;0.4;-49.1;4.92;0.53;Negativno;Ne
14680;2.1;-59.4;7.48;0.11;Negativno;Ne
14681;1.7;-58.2;8.08;0.01;Negativno;Ne
14682;1.5;-76.3;7.09;0.37;Negativno;Ne
14683;3.2;-52.8;4.69;0.4;Negativno;Ne
14684;3.5;-49.4;9.02;0.07;Negativno;Ne
14685;3.9;-62.0;4.72;1.49;Negativno;Ne
14686;1.2;-56.9;8.3;0.74;Negativno;Ne
14687;6.1;-60.2;4.84;0.18;Negativno;Ne
14688;12.2;-51.7;5.69;0.16;Negativno;Ne
14689;4.0;-58.2;3.85;1.23;Negativno;Ne
14690;13.4;-52.1;5.71;0.06;Negativno;Ne
14691;4.1;-46.4;6.0;0.43;Negativno;Ne
14692;0.2;-74.2;6.89;0.31;Negativno;Ne
14693;9.2;-54.0;5.08;0.25;Negativno;Ne
14694;5.0;-59.8;6.52;2.57;Negativno;Ne
14695;1.1;-51.9;4.94;0.14;Negativno;Ne
14696;4.4;-50.8;7.89;0.39;Negativno;Ne
14697;0.6;-61.2;7.92;0.13;Negativno;Ne
14698;18.6;-60.4;3.87;0.86;Negativno;Ne
14699;0.1;-53.3;9.21;1.34;Negativno;Ne
14700;2.9;-83.5;9.54;0.9;Negativno;Ne
14701;24.4;-38.2;5.84;0.27;Negativno;Ne
14702;0.1;-71.5;6.05;0.63;Negativno;Ne
14703;0.3;-48.9;8.52;0.13;Negativno;Ne
14704;5.6;-47.6;4.16;0.57;Negativno;Ne
14705;10.0;-53.0;6.76;0.65;Negativno;Ne
14706;2.8;-64.2;8.24;0.11;Negativno;Ne
14707;0.5;-61.5;8.77;0.9;Negativno;Ne
14708;8.3;-57.2;7.8;0.17;Negativno;Ne
14709;1.0;-64.7;7.26;0.97;Negativno;Ne
14710;3.4;-55.8;5.68;0.24;Negativno;Ne
14711;1.9;-49.5;9.23;0.19;Negativno;Ne
14712;2.9;-57.2;5.21;0.49;Negativno;Ne
14713;4.2;-69.4;7.71;0.29;Negativno;Ne
14714;7.2;-58.4;6.04;0.01;Negativno;Ne
14715;7.2;-45.7;11.32;0.18;Negativno;Ne
14716;2.1;-55.8;7.78;0.1;Negativno;Ne
14717;1.3;-57.3;8.02;0.28;Negativno;Ne
14718;1.3;-66.4;7.74;0.11;Negativno;Ne
14719;5.3;-67.9;13.06;0.29;Negativno;Ne
14720;3.6;-72.2;8.0;0.13;Negativno;Ne
14721;7.1;-45.9;12.23;1.62;Negativno;Ne
14722;14.6;-48.2;5.44;0.36;Negativno;Ne
14723;9.5;-44.8;9.76;0.06;Pozitivno;Ne
14724;0.5;-62.9;6.94;0.66;Negativno;Ne
14725;8.0;-51.7;9.07;0.78;Negativno;Ne
14726;0.8;-58.9;7.15;0.44;Negativno;Ne
14727;0.3;-71.6;5.18;0.08;Negativno;Ne
14728;4.8;-43.1;6.63;0.25;Negativno;Ne
14729;0.8;-55.8;6.01;1.51;Negativno;Ne
14730;7.3;-71.6;5.91;0.15;Negativno;Ne
14731;2.3;-66.8;6.79;1.62;Negativno;Ne
14732;7.9;-56.8;5.94;0.55;Negativno;Ne
14733;0.1;-61.1;7.6;0.15;Negativno;Ne
14734;8.1;-69.5;5.86;0.06;Negativno;Ne
14735;12.5;-58.4;7.55;0.42;Negativno;Ne
14736;3.0;-54.6;6.42;0.0;Negativno;Ne
14737;1.7;-58.4;3.18;1.01;Negativno;Ne
14738;9.9;-54.9;3.71;0.95;Negativno;Ne
14739;17.3;-64.0;8.42;0.29;Negativno;Ne
14740;0.2;-35.5;5.67;0.04;Negativno;Ne
14741;1.7;-54.8;6.63;0.78;Negativno;Ne
14742;1.0;-68.4;4.23;1.0;Negativno;Ne
14743;2.0;-59.2;10.25;0.92;Negativno;Ne
14744;9.2;-61.4;7.7;0.26;Negativno;Ne
14745;5.4;-58.0;7.46;0.19;Negativno;Ne
14746;4.9;-48.3;5.86;0.59;Negativno;Ne
14747;5.9;-47.8;8.95;0.07;Negativno;Ne
14748;14.0;-33.3;10.62;0.08;Negativno;Ne
14749;10.5;-50.5;10.26;0.82;Negativno;Ne
14750;6.1;-40.9;8.3;1.25;Negativno;Ne
14751;1.6;-55.3;6.58;1.27;Negativno;Ne
14752;0.4;-58.5;9.26;0.16;Negativno;Ne
14753;0.3;-58.3;8.21;0.63;Negativno;Ne
14754;0.4;-67.8;6.54;0.79;Negativno;Ne
14755;0.7;-79.1;4.6;0.35;Negativno;Ne
14756;3.0;-53.6;5.69;0.16;Negativno;Ne
14757;7.7;-64.9;7.83;0.15;Negativno;Ne
14758;1.6;-75.0;9.26;2.28;Negativno;Ne
14759;6.7;-50.1;6.53;0.24;Negativno;Ne
14760;3.6;-58.6;6.04;0.03;Negativno;Ne
14761;2.8;-45.9;10.02;0.06;Negativno;Ne
14762;27.6;-61.2;4.04;0.47;Negativno;Ne
14763;1.1;-68.0;2.69;0.53;Negativno;Ne
14764;11.9;-70.6;3.73;0.09;Negativno;Ne
14765;6.2;-58.8;8.19;1.31;Negativno;Ne
14766;0.3;-68.9;8.95;1.26;Negativno;Ne
14767;16.2;-79.9;7.63;0.05;Negativno;Ne
14768;3.7;-66.0;7.36;0.01;Negativno;Ne
14769;2.2;-70.2;9.08;0.26;Negativno;Ne
14770;2.1;-59.5;6.26;0.14;Pozitivno;Ne
14771;18.6;-60.4;7.71;0.26;Negativno;Ne
14772;4.8;-44.9;4.94;0.4;Negativno;Ne
14773;14.3;-55.2;6.45;0.42;Negativno;Ne
14774;7.4;-35.5;8.77;1.14;Negativno;Ne
14775;0.4;-31.0;4.7;0.27;Negativno;Ne
14776;0.3;-65.8;8.64;0.43;Negativno;Ne
14777;10.3;-54.8;7.02;0.21;Negativno;Ne
14778;0.9;-54.7;6.74;0.27;Negativno;Ne
14779;2.9;-53.3;7.5;0.14;Negativno;Ne
14780;7.5;-34.9;4.79;0.03;Negativno;Ne
14781;12.0;-60.8;6.26;0.7;Negativno;Ne
14782;5.9;-55.1;5.08;0.26;Negativno;Ne
14783;9.4;-62.4;6.8;0.75;Negativno;Ne
14784;2.6;-61.5;11.01;0.29;Negativno;Ne
14785;0.0;-61.8;6.89;0.93;Negativno;Ne
14786;14.0;-56.2;8.85;0.97;Negativno;Ne
14787;4.7;-63.0;8.65;0.26;Negativno;Ne
14788;4.2;-70.3;8.18;0.05;Negativno;Ne
14789;11.6;-49.6;8.61;0.34;Negativno;Ne
14790;6.4;-65.1;6.74;0.33;Negativno;Ne
14791;1.5;-72.0;9.11;0.14;Negativno;Ne
14792;4.9;-44.2;9.65;0.53;Negativno;Ne
14793;1.5;-36.5;10.71;0.8;Negativno;Ne
14794;8.7;-49.1;9.09;0.27;Negativno;Ne
14795;2.9;-65.0;8.35;0.15;Negativno;Ne
14796;2.7;-54.1;6.29;0.13;Negativno;Ne
14797;1.3;-50.4;5.9;0.18;Negativno;Ne
14798;1.4;-49.4;6.14;0.0;Negativno;Ne
14799;3.7;-50.2;3.68;0.14;Negativno;Ne
14800;2.0;-42.5;6.26;0.37;Negativno;Ne
14801;1.7;-59.3;8.98;0.1;Negativno;Ne
14802;3.3;-55.3;9.14;0.13;Negativno;Ne
14803;8.2;-62.9;8.29;0.28;Negativno;Ne
14804;0.4;-47.4;7.46;0.08;Negativno;Ne
14805;3.1;-70.1;8.75;0.01;Negativno;Ne
14806;4.3;-58.2;3.44;1.1;Negativno;Ne
14807;8.6;-60.4;5.9;0.01;Negativno;Ne
14808;3.4;-64.2;7.39;0.69;Negativno;Ne
14809;8.6;-63.6;7.13;0.2;Negativno;Ne
14810;9.0;-61.0;7.77;0.43;Negativno;Ne
14811;3.4;-67.5;6.47;1.88;Negativno;Ne
14812;5.7;-72.4;12.19;0.37;Negativno;Ne
14813;12.1;-62.6;5.97;1.17;Negativno;Ne
14814;11.6;-67.5;4.32;0.45;Negativno;Ne
14815;17.0;-72.0;8.32;0.04;Negativno;Ne
14816;3.4;-65.7;7.38;0.56;Negativno;Ne
14817;7.0;-47.8;7.72;0.25;Negativno;Ne
14818;1.0;-57.8;6.23;0.11;Negativno;Ne
14819;3.4;-65.9;5.37;0.39;Negativno;Ne
14820;1.0;-63.0;5.92;0.03;Negativno;Ne
14821;5.9;-49.8;5.72;0.35;Negativno;Ne
14822;1.8;-50.9;7.73;0.2;Negativno;Ne
14823;4.4;-76.2;6.52;0.14;Negativno;Ne
14824;3.9;-63.3;10.63;0.1;Negativno;Ne
14825;0.3;-45.8;2.63;0.07;Negativno;Ne
14826;3.6;-60.2;6.76;0.47;Negativno;Ne
14827;14.0;-63.4;7.89;0.06;Negativno;Ne
14828;14.1;-71.8;6.24;0.24;Negativno;Ne
14829;14.0;-71.3;7.21;0.26;Negativno;Ne
14830;6.7;-79.5;7.08;0.32;Negativno;Ne
14831;1.1;-49.7;9.9;0.82;Negativno;Ne
14832;16.4;-57.1;8.0;0.18;Negativno;Ne
14833;19.0;-66.9;9.67;0.4;Negativno;Ne
14834;3.4;-40.5;8.03;0.89;Negativno;Ne
14835;1.8;-74.7;9.56;0.07;Negativno;Ne
14836;2.9;-61.6;8.92;0.81;Negativno;Ne
14837;0.0;-54.7;6.2;0.03;Negativno;Ne
14838;9.1;-49.4;7.52;0.3;Negativno;Ne
14839;4.3;-57.2;7.6;0.35;Negativno;Ne
14840;0.0;-62.4;8.04;1.34;Negativno;Ne
14841;0.6;-61.2;7.3;0.8;Negativno;Ne
14842;9.1;-46.9;5.48;0.5;Negativno;Ne
14843;6.5;-70.2;6.4;1.1;Negativno;Ne
14844;3.3;-52.9;8.2;0.06;Negativno;Ne
14845;3.1;-57.9;5.77;1.24;Negativno;Ne
14846;0.8;-54.3;10.42;0.34;Negativno;Ne
14847;1.6;-61.0;6.35;1.05;Negativno;Ne
14848;0.8;-55.7;6.02;0.59;Negativno;Ne
14849;10.0;-62.6;8.95;0.08;Negativno;Ne
14850;3.5;-52.6;6.85;0.75;Negativno;Ne
14851;2.0;-78.4;5.21;0.26;Negativno;Ne
14852;17.6;-58.3;5.77;0.24;Negativno;Ne
14853;8.7;-58.0;8.71;0.31;Negativno;Ne
14854;1.2;-70.1;8.0;0.45;Negativno;Ne
14855;1.5;-57.4;7.7;0.18;Negativno;Ne
14856;2.9;-31.5;7.44;0.11;Negativno;Ne
14857;0.2;-59.5;5.77;0.09;Negativno;Ne
14858;0.4;-71.6;6.83;0.31;Negativno;Ne
14859;1.7;-47.8;6.07;1.57;Negativno;Ne
14860;8.9;-59.8;9.24;0.82;Negativno;Ne
14861;0.4;-61.8;7.78;1.61;Negativno;Ne
14862;0.6;-68.7;6.96;0.72;Negativno;Ne
14863;3.0;-65.3;7.6;0.44;Negativno;Ne
14864;4.2;-57.1;6.87;0.26;Negativno;Ne
14865;0.9;-60.2;5.29;0.42;Negativno;Ne
14866;5.5;-67.7;5.06;0.32;Negativno;Ne
14867;1.6;-51.2;8.13;0.26;Negativno;Ne
14868;13.4;-54.3;6.19;1.48;Negativno;Ne
14869;0.0;-47.7;5.71;0.88;Pozitivno;Ne
14870;0.1;-67.3;6.39;2.87;Negativno;Ne
14871;3.3;-75.9;9.5;0.97;Negativno;Ne
14872;0.9;-73.4;5.5;0.05;Negativno;Ne
14873;5.4;-54.5;4.46;0.64;Negativno;Ne
14874;8.0;-58.4;8.42;0.06;Negativno;Ne
14875;3.7;-82.0;5.79;0.79;Negativno;Ne
14876;3.9;-48.2;6.43;0.14;Negativno;Ne
14877;4.2;-70.6;6.92;0.7;Negativno;Ne
14878;14.8;-57.0;5.56;0.32;Negativno;Ne
14879;0.9;-44.2;2.71;0.61;Negativno;Ne
14880;0.8;-58.9;7.39;0.02;Negativno;Ne
14881;0.1;-65.7;7.64;0.05;Negativno;Ne
14882;0.2;-71.1;5.21;0.64;Negativno;Ne
14883;5.8;-62.4;5.43;0.82;Negativno;Ne
14884;21.0;-58.1;5.79;0.52;Negativno;Ne
14885;21.5;-65.6;5.54;0.17;Negativno;Ne
14886;0.8;-64.2;6.39;0.71;Negativno;Ne
14887;2.8;-72.8;8.76;0.15;Negativno;Ne
14888;0.7;-61.2;9.37;2.94;Negativno;Ne
14889;3.1;-71.6;6.81;0.86;Negativno;Ne
14890;3.3;-61.6;7.8;0.23;Negativno;Ne
14891;22.9;-59.2;7.72;0.52;Negativno;Ne
14892;10.9;-60.9;4.19;0.28;Negativno;Ne
14893;2.5;-82.3;11.68;1.4;Negativno;Ne
14894;18.7;-50.8;9.12;1.87;Negativno;Ne
14895;1.0;-53.7;5.53;0.03;Negativno;Ne
14896;7.3;-53.7;7.02;0.0;Negativno;Ne
14897;0.1;-59.9;4.3;0.18;Negativno;Ne
14898;7.2;-57.6;9.77;0.18;Negativno;Ne
14899;2.6;-51.0;9.25;0.59;Negativno;Ne
14900;4.7;-51.5;6.12;0.4;Negativno;Ne
14901;13.8;-55.9;8.34;0.27;Negativno;Ne
14902;0.3;-58.5;7.01;0.21;Negativno;Ne
14903;0.4;-55.0;7.22;0.75;Negativno;Ne
14904;1.2;-74.3;6.64;0.21;Negativno;Ne
14905;1.0;-52.6;10.48;0.56;Negativno;Ne
14906;1.0;-69.3;10.93;0.12;Negativno;Ne
14907;6.0;-60.4;8.26;0.04;Negativno;Ne
14908;2.2;-57.0;5.79;0.17;Negativno;Ne
14909;16.2;-58.6;7.78;0.92;Negativno;Ne
14910;28.0;-69.3;6.83;0.07;Negativno;Ne
14911;3.5;-52.5;3.28;0.17;Negativno;Ne
14912;12.0;-68.0;7.79;2.43;Negativno;Ne
14913;6.6;-58.0;9.55;0.82;Negativno;Ne
14914;2.3;-62.6;8.07;0.09;Negativno;Ne
14915;3.9;-60.2;9.0;1.12;Negativno;Ne
14916;13.3;-58.6;6.58;0.17;Negativno;Ne
14917;15.6;-61.3;5.72;0.53;Negativno;Ne
14918;0.6;-53.2;6.97;2.99;Negativno;Ne
14919;4.7;-67.3;7.53;0.91;Negativno;Ne
14920;2.0;-72.7;5.85;0.09;Negativno;Ne
14921;1.6;-58.1;3.97;0.46;Negativno;Ne
14922;3.3;-55.0;5.71;0.65;Negativno;Ne
14923;2.0;-58.1;9.15;0.42;Negativno;Ne
14924;8.4;-65.1;10.97;0.18;Negativno;Ne
14925;15.2;-55.3;8.83;0.35;Negativno;Ne
14926;17.3;-44.5;8.78;0.68;Negativno;Ne
14927;10.9;-75.8;4.9;0.7;Negativno;Ne
14928;6.9;-71.6;10.16;0.01;Negativno;Ne
14929;9.1;-67.8;5.06;0.69;Negativno;Ne
14930;7.3;-36.9;3.37;0.28;Negativno;Ne
14931;3.7;-60.8;8.49;0.05;Negativno;Ne
14932;11.0;-49.6;7.58;0.03;Negativno;Ne
14933;4.8;-70.9;5.76;0.1;Negativno;Ne
14934;7.2;-71.7;4.81;0.21;Negativno;Ne
14935;4.2;-58.5;6.9;0.1;Negativno;Ne
14936;1.6;-69.4;8.22;0.13;Negativno;Ne
14937;0.6;-57.7;8.05;0.17;Negativno;Ne
14938;1.7;-55.3;5.36;0.21;Negativno;Ne
14939;8.5;-48.8;4.74;1.1;Negativno;Ne
14940;1.0;-38.3;5.83;1.17;Negativno;Ne
14941;5.9;-47.0;5.3;0.37;Negativno;Ne
14942;1.9;-70.5;10.05;1.85;Negativno;Ne
14943;0.0;-45.4;5.82;0.05;Negativno;Ne
14944;7.9;-55.9;10.64;0.79;Negativno;Ne
14945;2.6;-43.9;3.69;0.04;Negativno;Ne
14946;0.1;-61.1;7.09;0.14;Negativno;Ne
14947;7.9;-60.8;8.3;0.67;Negativno;Ne
14948;1.3;-46.8;9.2;0.03;Negativno;Ne
14949;0.2;-60.3;9.2;0.85;Negativno;Ne
14950;1.0;-44.6;6.74;0.52;Negativno;Ne
14951;7.3;-56.6;3.77;0.19;Negativno;Ne
14952;12.1;-52.2;4.73;0.24;Negativno;Ne
14953;2.3;-66.9;8.98;0.13;Negativno;Ne
14954;3.3;-51.2;7.9;1.07;Negativno;Ne
14955;9.5;-85.1;9.79;0.13;Negativno;Ne
14956;0.0;-50.7;6.76;0.03;Negativno;Ne
14957;5.2;-55.8;7.5;0.7;Negativno;Ne
14958;15.5;-63.1;7.93;0.23;Negativno;Ne
14959;8.8;-59.1;10.06;0.11;Negativno;Ne
14960;7.1;-71.2;2.96;0.35;Negativno;Ne
14961;4.8;-53.7;5.47;0.21;Negativno;Ne
14962;1.8;-67.0;9.45;0.01;Negativno;Ne
14963;4.4;-65.0;4.82;1.25;Negativno;Ne
14964;2.2;-64.4;8.11;1.0;Negativno;Ne
14965;2.6;-67.1;8.57;0.03;Negativno;Ne
14966;8.7;-73.3;7.08;0.35;Negativno;Ne
14967;0.3;-63.8;8.72;0.1;Negativno;Ne
14968;1.7;-57.2;9.39;0.19;Negativno;Ne
14969;1.4;-58.4;4.13;0.12;Negativno;Ne
14970;2.5;-58.5;7.17;0.15;Negativno;Ne
14971;1.6;-57.0;8.79;0.42;Negativno;Ne
14972;1.0;-61.4;9.15;0.26;Negativno;Ne
14973;4.3;-75.4;6.79;0.25;Negativno;Ne
14974;5.3;-64.1;9.11;0.17;Negativno;Ne
14975;0.3;-48.5;6.01;0.35;Negativno;Ne
14976;1.9;-49.2;9.58;0.02;Pozitivno;Ne
14977;4.2;-46.5;8.1;0.02;Negativno;Ne
14978;3.0;-66.4;8.89;0.86;Negativno;Ne
14979;4.1;-67.1;7.89;0.11;Negativno;Ne
14980;1.1;-50.3;4.96;0.44;Negativno;Ne
14981;0.9;-61.9;6.19;0.11;Negativno;Ne
14982;2.7;-52.9;6.61;0.33;Negativno;Ne
14983;2.3;-64.4;7.03;0.25;Negativno;Ne
14984;0.7;-57.4;11.17;0.76;Negativno;Ne
14985;9.1;-51.4;8.74;0.97;Negativno;Ne
14986;0.9;-62.7;2.49;0.05;Negativno;Ne
14987;3.8;-65.8;6.5;1.58;Negativno;Ne
14988;2.7;-59.1;8.11;0.11;Negativno;Ne
14989;5.6;-55.6;4.19;0.16;Negativno;Ne
14990;1.4;-56.1;5.7;0.12;Negativno;Ne
14991;11.3;-48.8;5.65;0.22;Negativno;Ne
14992;2.9;-61.7;6.96;0.58;Negativno;Ne
14993;0.7;-61.0;6.53;2.78;Negativno;Ne
14994;0.1;-66.9;7.79;0.33;Negativno;Ne
14995;7.2;-47.7;7.59;0.26;Negativno;Ne
14996;1.4;-70.0;8.0;1.54;Negativno;Ne
14997;0.5;-69.4;6.73;0.2;Negativno;Ne
14998;2.9;-62.8;4.18;0.48;Negativno;Ne
14999;1.7;-52.1;7.35;0.55;Negativno;Ne
15000;7.2;-58.9;6.95;0.32;Negativno;Ne
15001;2.9;-47.9;6.31;0.62;Negativno;Ne
15002;11.3;-58.4;4.29;0.67;Negativno;Ne
15003;0.0;-52.9;8.06;0.1;Negativno;Ne
15004;0.7;-64.5;5.31;0.58;Negativno;Ne
15005;2.5;-59.4;7.44;0.24;Negativno;Ne
15006;1.7;-57.7;11.8;0.25;Negativno;Ne
15007;4.7;-64.2;3.15;0.46;Negativno;Ne
15008;4.4;-44.2;7.19;0.33;Negativno;Ne
15009;0.2;-38.1;3.93;0.42;Negativno;Ne
15010;1.0;-58.6;7.75;0.5;Negativno;Ne
15011;2.6;-48.9;5.92;0.18;Negativno;Ne
15012;10.1;-69.5;4.8;0.39;Negativno;Ne
15013;7.8;-55.0;7.55;0.33;Negativno;Ne
15014;0.8;-60.4;5.95;0.0;Negativno;Ne
15015;11.0;-44.2;7.07;0.04;Negativno;Ne
15016;0.7;-71.4;11.41;0.12;Negativno;Ne
15017;2.5;-74.9;8.3;0.32;Negativno;Ne
15018;14.0;-69.3;2.78;0.16;Negativno;Ne
15019;0.5;-52.4;12.04;0.54;Negativno;Ne
15020;3.8;-67.2;6.92;0.2;Negativno;Ne
15021;1.0;-60.6;9.13;0.1;Negativno;Ne
15022;2.7;-61.6;8.4;0.86;Negativno;Ne
15023;0.6;-63.0;8.38;0.68;Negativno;Ne
15024;1.5;-65.4;7.02;0.35;Negativno;Ne
15025;5.3;-58.3;5.95;0.85;Negativno;Ne
15026;3.7;-71.9;8.05;0.5;Negativno;Ne
15027;0.1;-70.1;5.53;0.13;Negativno;Ne
15028;1.4;-52.5;6.34;0.19;Negativno;Ne
15029;1.8;-54.4;7.8;1.17;Negativno;Ne
15030;6.5;-70.6;5.19;0.15;Negativno;Ne
15031;0.8;-55.3;5.94;0.34;Negativno;Ne
15032;0.0;-59.0;8.08;1.18;Negativno;Ne
15033;5.1;-63.6;6.42;0.62;Negativno;Ne
15034;2.2;-54.6;4.75;0.24;Negativno;Ne
15035;18.9;-66.4;7.76;0.1;Negativno;Ne
15036;9.8;-56.8;7.69;0.36;Negativno;Ne
15037;8.9;-47.6;10.61;0.1;Negativno;Ne
15038;10.1;-44.7;2.98;0.13;Negativno;Ne
15039;7.8;-54.9;11.78;0.6;Negativno;Ne
15040;9.0;-70.4;9.67;0.75;Negativno;Ne
15041;0.2;-60.8;7.99;0.33;Negativno;Ne
15042;4.0;-40.5;5.77;0.25;Negativno;Ne
15043;16.3;-63.2;7.23;0.92;Negativno;Ne
15044;2.4;-46.3;4.12;0.26;Negativno;Ne
15045;0.9;-67.8;3.34;0.37;Negativno;Ne
15046;1.1;-48.5;5.66;0.62;Negativno;Ne
15047;7.5;-72.4;5.24;0.67;Negativno;Ne
15048;4.3;-54.0;4.71;0.76;Negativno;Ne
15049;1.5;-61.6;4.01;0.32;Negativno;Ne
15050;7.4;-66.2;10.2;0.0;Negativno;Ne
15051;13.2;-66.7;7.24;0.05;Negativno;Ne
15052;0.7;-53.3;5.81;1.31;Negativno;Ne
15053;3.1;-71.5;2.33;0.96;Negativno;Ne
15054;8.7;-59.1;10.76;0.95;Negativno;Ne
15055;0.2;-63.0;8.54;0.15;Negativno;Ne
15056;19.2;-60.0;6.75;0.29;Negativno;Ne
15057;6.0;-44.4;6.35;0.61;Negativno;Ne
15058;6.0;-56.0;4.3;0.44;Negativno;Ne
15059;1.7;-84.4;8.92;0.33;Negativno;Ne
15060;2.3;-57.0;6.6;0.24;Negativno;Ne
15061;17.0;-60.2;9.11;1.64;Negativno;Ne
15062;0.1;-64.3;7.22;0.36;Negativno;Ne
15063;9.9;-84.2;8.29;0.34;Negativno;Ne
15064;2.4;-56.2;6.77;0.25;Negativno;Ne
15065;2.5;-66.3;6.64;0.85;Negativno;Ne
15066;2.7;-65.4;6.53;0.1;Negativno;Ne
15067;4.0;-39.6;8.29;0.42;Negativno;Ne
15068;3.4;-56.2;6.55;0.57;Negativno;Ne
15069;2.2;-69.6;6.21;0.34;Negativno;Ne
15070;6.2;-67.3;9.34;0.95;Negativno;Ne
15071;1.4;-55.3;6.87;0.05;Negativno;Ne
15072;7.1;-67.8;6.69;1.29;Negativno;Ne
15073;4.5;-88.4;5.76;0.69;Negativno;Ne
15074;1.6;-71.4;0.93;0.38;Negativno;Ne
15075;10.1;-67.5;10.73;0.15;Negativno;Ne
15076;1.1;-71.7;5.9;0.23;Negativno;Ne
15077;3.2;-67.3;8.91;0.86;Negativno;Ne
15078;5.2;-57.2;2.98;0.62;Negativno;Ne
15079;5.1;-56.8;3.98;0.72;Negativno;Ne
15080;11.1;-62.4;9.25;0.18;Negativno;Ne
15081;5.6;-56.2;7.18;0.29;Negativno;Ne
15082;0.5;-83.0;10.0;0.2;Negativno;Ne
15083;0.6;-58.6;10.7;0.57;Negativno;Ne
15084;1.2;-62.2;3.89;0.93;Negativno;Ne
15085;0.6;-55.1;9.1;0.42;Negativno;Ne
15086;9.1;-67.2;7.29;0.56;Negativno;Ne
15087;17.0;-39.8;7.78;0.23;Negativno;Ne
15088;2.1;-49.0;12.01;0.0;Negativno;Ne
15089;3.4;-64.5;6.35;0.27;Negativno;Ne
15090;3.0;-57.0;6.07;0.15;Negativno;Ne
15091;10.4;-74.2;6.44;0.71;Negativno;Ne
15092;4.7;-61.4;8.4;0.01;Pozitivno;Ne
15093;9.7;-59.4;9.66;0.56;Negativno;Ne
15094;4.1;-55.6;10.87;0.19;Negativno;Ne
15095;0.8;-62.9;5.44;0.5;Negativno;Ne
15096;1.6;-63.6;5.23;0.08;Negativno;Ne
15097;3.5;-43.3;6.58;0.5;Negativno;Ne
15098;3.9;-77.9;9.58;0.81;Negativno;Ne
15099;3.1;-58.4;6.87;0.19;Negativno;Ne
15100;1.9;-48.5;7.21;1.04;Negativno;Ne
15101;12.0;-48.2;7.3;1.4;Negativno;Ne
15102;0.8;-42.8;6.38;0.38;Negativno;Ne
15103;10.9;-61.0;5.67;0.19;Negativno;Ne
15104;4.2;-55.7;5.71;0.0;Negativno;Ne
15105;16.6;-40.8;8.44;1.02;Negativno;Ne
15106;11.8;-61.4;9.38;0.54;Negativno;Ne
15107;14.3;-56.0;7.26;0.58;Negativno;Ne
15108;4.9;-44.4;7.23;0.11;Negativno;Ne
15109;3.4;-71.0;3.74;0.33;Negativno;Ne
15110;0.1;-74.9;4.22;0.2;Negativno;Ne
15111;14.0;-53.4;7.96;0.33;Negativno;Ne
15112;3.8;-71.4;6.92;0.37;Negativno;Ne
15113;5.5;-59.7;6.54;0.52;Negativno;Ne
15114;2.7;-76.4;6.84;0.25;Negativno;Ne
15115;2.7;-54.3;9.51;0.94;Negativno;Ne
15116;1.1;-54.0;6.91;0.41;Negativno;Ne
15117;1.5;-69.6;8.49;0.05;Negativno;Ne
15118;2.0;-88.5;6.94;1.97;Negativno;Ne
15119;0.0;-51.1;7.71;1.08;Negativno;Ne
15120;11.5;-47.1;5.36;1.29;Negativno;Ne
15121;10.0;-65.4;5.25;0.1;Negativno;Ne
15122;9.5;-73.0;5.79;0.14;Negativno;Ne
15123;6.4;-58.1;11.01;0.63;Negativno;Ne
15124;5.6;-66.0;6.23;0.02;Negativno;Ne
15125;0.3;-65.3;3.16;0.16;Negativno;Ne
15126;1.3;-74.5;7.79;0.2;Negativno;Ne
15127;7.9;-69.1;5.9;0.45;Negativno;Ne
15128;1.9;-68.5;6.3;0.63;Negativno;Ne
15129;10.0;-58.0;10.13;0.29;Negativno;Ne
15130;8.9;-49.7;6.64;0.42;Negativno;Ne
15131;1.5;-68.7;3.83;0.36;Negativno;Ne
15132;3.2;-71.6;8.59;0.32;Negativno;Ne
15133;5.3;-48.2;5.47;0.47;Negativno;Ne
15134;2.1;-51.5;5.85;0.81;Negativno;Ne
15135;13.4;-69.3;10.04;0.44;Pozitivno;Ne
15136;11.2;-55.4;8.32;0.25;Negativno;Ne
15137;1.4;-50.8;7.38;1.85;Negativno;Ne
15138;4.6;-60.1;4.54;0.24;Negativno;Ne
15139;1.9;-65.1;5.87;0.23;Negativno;Ne
15140;2.8;-54.7;8.33;0.1;Negativno;Ne
15141;10.7;-51.1;8.5;0.59;Negativno;Ne
15142;1.3;-62.0;6.31;0.41;Negativno;Ne
15143;12.0;-68.0;6.89;0.04;Negativno;Ne
15144;0.1;-82.2;9.13;0.89;Negativno;Ne
15145;4.4;-52.1;10.79;0.12;Negativno;Ne
15146;1.1;-70.6;7.57;0.92;Negativno;Ne
15147;5.5;-55.2;7.91;1.3;Negativno;Ne
15148;1.5;-71.3;9.78;0.05;Negativno;Ne
15149;1.0;-55.7;7.57;0.27;Negativno;Ne
15150;4.6;-65.8;8.97;0.12;Negativno;Ne
15151;2.3;-56.2;7.22;0.51;Negativno;Ne
15152;12.8;-54.1;8.85;0.58;Negativno;Ne
15153;4.5;-68.2;6.6;0.45;Negativno;Ne
15154;7.3;-47.2;3.93;0.13;Negativno;Ne
15155;0.8;-70.4;0.0;0.55;Negativno;Ne
15156;0.7;-64.6;8.27;0.07;Negativno;Ne
15157;3.3;-68.0;10.2;1.37;Negativno;Ne
15158;5.4;-60.3;3.12;0.57;Negativno;Ne
15159;2.0;-75.9;7.76;0.19;Negativno;Ne
15160;1.0;-55.1;7.37;0.38;Negativno;Ne
15161;0.9;-63.0;8.62;0.78;Negativno;Ne
15162;3.2;-54.6;6.36;0.14;Negativno;Ne
15163;27.6;-68.3;3.74;0.15;Negativno;Ne
15164;2.3;-53.5;3.58;0.58;Negativno;Ne
15165;0.2;-43.2;3.47;0.77;Negativno;Ne
15166;5.5;-56.4;8.26;0.14;Negativno;Ne
15167;6.4;-71.7;7.55;1.01;Negativno;Ne
15168;1.4;-62.6;5.25;0.0;Negativno;Ne
15169;3.5;-80.5;2.74;0.13;Negativno;Ne
15170;2.7;-70.0;8.9;1.69;Negativno;Ne
15171;24.0;-64.8;8.68;0.48;Negativno;Ne
15172;1.0;-66.4;6.65;0.04;Negativno;Ne
15173;2.8;-65.5;5.42;0.01;Negativno;Ne
15174;0.1;-66.1;9.02;2.01;Negativno;Ne
15175;4.4;-47.6;4.93;1.53;Negativno;Ne
15176;3.6;-69.2;8.95;0.25;Negativno;Ne
15177;1.0;-82.5;3.67;0.16;Negativno;Ne
15178;2.1;-54.7;6.09;0.09;Negativno;Ne
15179;2.5;-67.4;5.87;0.08;Negativno;Ne
15180;13.0;-58.3;3.3;0.08;Negativno;Ne
15181;0.4;-73.3;9.08;0.35;Negativno;Ne
15182;2.5;-54.8;11.13;0.34;Negativno;Ne
15183;3.2;-59.1;4.73;0.43;Negativno;Ne
15184;8.5;-62.6;4.46;0.78;Negativno;Ne
15185;9.9;-59.5;8.3;0.26;Negativno;Ne
15186;9.6;-62.7;9.87;1.58;Negativno;Ne
15187;11.9;-77.5;5.62;0.14;Negativno;Ne
15188;2.0;-60.8;9.75;0.22;Negativno;Ne
15189;9.1;-67.3;7.94;0.06;Negativno;Ne
15190;1.6;-64.0;6.86;0.05;Negativno;Ne
15191;0.3;-42.7;8.59;0.01;Negativno;Ne
15192;1.5;-23.5;4.57;0.45;Negativno;Ne
15193;9.7;-73.2;7.96;0.97;Negativno;Ne
15194;2.9;-60.2;10.32;0.77;Negativno;Ne
15195;4.1;-44.3;7.26;0.23;Negativno;Ne
15196;0.3;-65.2;6.18;1.54;Negativno;Ne
15197;0.3;-47.2;6.29;0.04;Negativno;Ne
15198;1.9;-56.2;6.6;0.75;Negativno;Ne
15199;11.2;-67.4;6.92;0.15;Negativno;Ne
15200;7.7;-68.5;7.75;0.09;Negativno;Ne
15201;28.4;-53.5;4.37;0.2;Negativno;Ne
15202;1.8;-58.6;9.24;0.6;Negativno;Ne
15203;1.3;-72.7;6.26;1.86;Negativno;Ne
15204;2.1;-66.6;7.7;0.53;Negativno;Ne
15205;1.3;-58.8;6.45;0.68;Negativno;Ne
15206;5.3;-45.6;6.95;0.82;Negativno;Ne
15207;2.8;-77.2;8.28;0.09;Negativno;Ne
15208;0.0;-52.2;4.33;0.38;Negativno;Ne
15209;0.0;-47.9;8.75;0.03;Negativno;Ne
15210;5.9;-56.8;8.58;0.31;Negativno;Ne
15211;5.6;-76.7;6.32;0.28;Negativno;Ne
15212;3.6;-47.1;5.43;1.28;Negativno;Ne
15213;4.1;-64.6;5.66;0.38;Negativno;Ne
15214;4.5;-70.5;13.21;0.4;Negativno;Ne
15215;0.2;-41.5;6.08;0.54;Negativno;Ne
15216;16.9;-52.5;9.39;0.04;Negativno;Ne
15217;0.0;-42.8;8.61;0.67;Negativno;Ne
15218;11.8;-63.9;5.25;0.39;Negativno;Ne
15219;16.1;-49.4;8.31;0.17;Negativno;Ne
15220;1.8;-67.7;7.18;0.18;Negativno;Ne
15221;4.1;-67.8;7.49;0.01;Negativno;Ne
15222;4.5;-66.2;7.41;0.71;Negativno;Ne
15223;18.8;-50.5;6.64;0.08;Negativno;Ne
15224;7.7;-45.9;6.48;2.11;Negativno;Ne
15225;4.2;-62.1;9.46;0.34;Negativno;Ne
15226;1.1;-65.5;8.83;0.44;Negativno;Ne
15227;10.0;-43.1;6.3;0.07;Negativno;Ne
15228;3.4;-64.6;3.86;0.53;Negativno;Ne
15229;2.1;-64.7;5.82;0.17;Negativno;Ne
15230;8.9;-76.4;8.2;0.08;Negativno;Ne
15231;2.7;-65.1;4.83;0.12;Negativno;Ne
15232;4.1;-55.4;5.68;0.54;Negativno;Ne
15233;4.1;-65.9;5.05;0.85;Negativno;Ne
15234;23.2;-50.8;5.19;0.25;Negativno;Ne
15235;8.0;-50.2;4.93;0.39;Negativno;Ne
15236;2.5;-49.6;6.81;2.02;Negativno;Ne
15237;16.0;-49.8;3.51;0.13;Negativno;Ne
15238;1.7;-70.9;9.74;0.69;Negativno;Ne
15239;5.6;-67.7;9.73;1.0;Negativno;Ne
15240;5.8;-57.9;6.25;0.38;Negativno;Ne
15241;21.0;-50.4;5.9;1.16;Negativno;Ne
15242;3.4;-59.2;6.15;0.12;Negativno;Ne
15243;1.8;-56.0;7.5;0.27;Negativno;Ne
15244;0.2;-66.5;5.39;1.06;Negativno;Ne
15245;1.2;-65.4;10.38;0.67;Negativno;Ne
15246;16.5;-70.7;5.53;0.32;Negativno;Ne
15247;11.4;-53.1;3.32;0.01;Negativno;Ne
15248;3.3;-52.3;4.7;0.04;Negativno;Ne
15249;1.4;-58.1;6.26;0.38;Negativno;Ne
15250;0.2;-72.4;7.42;0.81;Negativno;Ne
15251;2.4;-69.2;10.34;1.39;Negativno;Ne
15252;3.4;-53.2;6.86;1.64;Negativno;Ne
15253;0.5;-75.7;8.43;0.86;Negativno;Ne
15254;5.0;-65.5;7.61;0.84;Negativno;Ne
15255;3.8;-70.1;10.14;0.21;Negativno;Ne
15256;8.8;-41.2;6.92;0.48;Negativno;Ne
15257;16.9;-50.9;11.1;0.58;Negativno;Ne
15258;15.4;-71.1;7.46;0.22;Negativno;Ne
15259;0.8;-67.6;6.41;1.68;Negativno;Ne
15260;2.8;-70.1;4.22;0.01;Negativno;Ne
15261;6.6;-79.0;7.09;0.24;Negativno;Ne
15262;3.7;-72.8;6.13;0.43;Negativno;Ne
15263;17.4;-48.6;7.36;0.03;Negativno;Ne
15264;1.7;-58.5;5.44;0.43;Negativno;Ne
15265;1.4;-64.7;4.2;1.06;Negativno;Ne
15266;2.4;-42.4;9.89;0.44;Negativno;Ne
15267;5.0;-45.8;7.31;0.49;Negativno;Ne
15268;7.0;-50.6;8.96;0.16;Negativno;Ne
15269;2.5;-69.0;8.27;1.52;Negativno;Ne
15270;1.7;-56.1;5.59;0.77;Negativno;Ne
15271;4.9;-60.5;4.7;0.56;Negativno;Ne
15272;6.6;-64.7;7.14;0.97;Negativno;Ne
15273;1.6;-77.3;10.67;0.3;Negativno;Ne
15274;11.0;-56.0;5.91;0.14;Negativno;Ne
15275;1.8;-62.1;6.59;0.14;Negativno;Ne
15276;9.3;-25.6;8.78;1.36;Negativno;Ne
15277;12.6;-60.6;8.26;0.51;Negativno;Ne
15278;6.3;-61.2;0.67;1.01;Negativno;Ne
15279;17.7;-73.1;9.59;0.1;Negativno;Ne
15280;0.8;-75.7;12.29;0.77;Negativno;Ne
15281;4.8;-58.8;6.93;0.0;Negativno;Ne
15282;0.8;-63.3;3.66;0.84;Negativno;Ne
15283;2.5;-73.5;7.7;0.36;Negativno;Ne
15284;2.2;-62.7;8.65;0.53;Negativno;Ne
15285;1.1;-50.8;5.95;1.27;Negativno;Ne
15286;0.0;-55.9;9.07;0.19;Negativno;Ne
15287;5.9;-42.6;8.14;1.38;Negativno;Ne
15288;0.6;-62.4;6.72;0.07;Negativno;Ne
15289;0.4;-49.3;7.07;0.03;Negativno;Ne
15290;3.5;-44.7;8.23;0.55;Negativno;Ne
15291;1.9;-76.4;9.06;0.22;Negativno;Ne
15292;5.9;-46.5;7.57;0.08;Negativno;Ne
15293;3.8;-40.5;8.62;0.84;Negativno;Ne
15294;0.8;-53.8;8.48;0.24;Negativno;Ne
15295;8.6;-69.4;8.57;0.3;Negativno;Ne
15296;1.2;-48.7;5.06;0.49;Negativno;Ne
15297;0.4;-60.7;6.27;0.06;Negativno;Ne
15298;8.8;-68.0;10.65;0.17;Negativno;Ne
15299;4.2;-63.9;5.28;0.46;Negativno;Ne
15300;0.2;-59.0;10.07;0.54;Negativno;Ne
15301;1.1;-39.6;9.86;0.73;Negativno;Ne
15302;2.5;-48.8;8.15;0.08;Negativno;Ne
15303;4.6;-64.3;4.82;0.18;Negativno;Ne
15304;6.3;-60.2;8.04;1.5;Negativno;Ne
15305;3.4;-55.4;6.44;0.86;Negativno;Ne
15306;0.9;-74.2;5.59;0.2;Negativno;Ne
15307;21.7;-43.4;5.75;0.84;Negativno;Ne
15308;4.7;-59.9;7.09;2.26;Negativno;Ne
15309;18.3;-81.5;6.09;0.86;Negativno;Ne
15310;5.0;-78.5;5.45;0.13;Negativno;Ne
15311;20.3;-57.8;6.93;1.44;Negativno;Ne
15312;0.4;-41.0;8.45;0.32;Negativno;Ne
15313;10.0;-66.0;4.98;0.28;Negativno;Ne
15314;8.6;-64.1;8.36;0.08;Negativno;Ne
15315;3.0;-74.8;8.21;0.25;Negativno;Ne
15316;23.4;-42.6;8.01;0.06;Negativno;Ne
15317;0.0;-49.2;10.11;1.37;Negativno;Ne
15318;2.3;-52.3;3.23;0.84;Negativno;Ne
15319;14.1;-53.0;8.52;1.83;Negativno;Ne
15320;0.4;-72.2;5.15;1.21;Negativno;Ne
15321;1.0;-50.7;5.11;1.68;Negativno;Ne
15322;2.2;-45.0;8.84;0.39;Negativno;Ne
15323;20.1;-56.1;9.26;0.57;Negativno;Ne
15324;2.8;-72.4;6.37;0.34;Negativno;Ne
15325;2.7;-61.8;6.93;1.0;Negativno;Ne
15326;4.7;-71.3;7.5;0.6;Negativno;Ne
15327;9.1;-79.6;6.86;1.78;Negativno;Ne
15328;0.2;-66.1;4.99;1.5;Negativno;Ne
15329;3.5;-42.5;9.51;1.05;Negativno;Ne
15330;0.8;-59.4;4.99;0.21;Negativno;Ne
15331;10.7;-67.6;10.62;0.03;Negativno;Ne
15332;5.8;-51.5;8.26;0.16;Negativno;Ne
15333;11.8;-53.2;3.81;0.02;Negativno;Ne
15334;0.4;-79.1;8.67;1.39;Negativno;Ne
15335;5.8;-49.5;5.24;0.71;Negativno;Ne
15336;3.9;-48.5;7.74;0.04;Pozitivno;Ne
15337;9.1;-61.4;6.97;0.14;Negativno;Ne
15338;0.4;-62.9;4.51;0.21;Negativno;Ne
15339;7.0;-43.6;4.78;0.79;Negativno;Ne
15340;2.7;-71.1;4.97;0.14;Negativno;Ne
15341;4.1;-74.2;7.54;0.03;Negativno;Ne
15342;4.3;-48.6;6.8;0.46;Negativno;Ne
15343;5.9;-74.3;5.07;0.15;Negativno;Ne
15344;0.5;-64.7;4.08;0.07;Negativno;Ne
15345;1.1;-55.7;6.79;0.58;Negativno;Ne
15346;0.7;-74.0;8.85;0.77;Negativno;Ne
15347;1.0;-63.1;4.9;0.71;Negativno;Ne
15348;1.8;-61.6;7.21;0.29;Negativno;Ne
15349;1.5;-58.2;5.89;1.0;Negativno;Ne
15350;5.9;-61.9;7.13;0.4;Negativno;Ne
15351;2.0;-56.0;6.06;1.06;Negativno;Ne
15352;11.0;-60.2;5.89;0.33;Negativno;Ne
15353;0.5;-68.0;2.9;0.09;Negativno;Ne
15354;2.9;-60.2;10.07;0.06;Negativno;Ne
15355;5.2;-33.8;6.02;1.33;Negativno;Ne
15356;1.2;-52.9;8.7;0.01;Negativno;Ne
15357;1.7;-65.1;5.7;0.02;Negativno;Ne
15358;3.9;-64.5;3.94;0.17;Negativno;Ne
15359;12.3;-53.1;4.75;0.12;Negativno;Ne
15360;0.2;-55.5;2.97;0.25;Negativno;Ne
15361;2.4;-65.7;8.61;0.26;Negativno;Ne
15362;0.7;-75.4;2.85;0.1;Negativno;Ne
15363;1.8;-47.3;8.86;1.91;Negativno;Ne
15364;0.3;-60.8;7.66;0.12;Negativno;Ne
15365;2.8;-53.1;6.12;1.99;Negativno;Ne
15366;4.1;-63.5;8.27;0.05;Negativno;Ne
15367;0.0;-41.6;6.43;0.14;Negativno;Ne
15368;5.8;-58.7;3.75;0.2;Negativno;Ne
15369;1.9;-55.6;6.73;0.22;Negativno;Ne
15370;6.8;-58.4;9.11;0.15;Negativno;Ne
15371;6.0;-58.6;6.12;1.6;Negativno;Ne
15372;3.0;-65.6;7.48;0.36;Negativno;Ne
15373;0.5;-62.2;8.79;0.75;Negativno;Ne
15374;0.3;-50.4;3.48;0.74;Negativno;Ne
15375;4.3;-52.1;5.1;0.12;Negativno;Ne
15376;1.0;-51.1;7.85;0.34;Negativno;Ne
15377;5.1;-55.1;9.55;0.44;Negativno;Ne
15378;12.4;-61.6;6.97;1.49;Negativno;Ne
15379;1.9;-59.7;8.19;0.67;Negativno;Ne
15380;5.7;-64.2;9.26;0.58;Negativno;Ne
15381;3.3;-65.3;5.27;0.16;Negativno;Ne
15382;3.1;-50.2;6.03;2.17;Negativno;Ne
15383;7.6;-51.4;8.69;0.19;Negativno;Ne
15384;16.5;-56.4;9.19;0.21;Pozitivno;Ne
15385;1.9;-56.4;7.37;1.51;Negativno;Ne
15386;0.3;-61.2;5.57;1.12;Negativno;Ne
15387;13.5;-58.4;7.51;0.27;Negativno;Ne
15388;4.8;-53.8;6.67;0.42;Negativno;Ne
15389;3.4;-74.6;6.39;0.07;Negativno;Ne
15390;2.8;-71.8;4.56;2.06;Negativno;Ne
15391;0.1;-66.7;5.95;0.25;Negativno;Ne
15392;4.6;-59.0;4.21;0.9;Negativno;Ne
15393;5.5;-72.5;9.12;1.92;Negativno;Ne
15394;0.4;-55.3;5.92;0.31;Negativno;Ne
15395;7.7;-56.2;8.34;0.2;Negativno;Ne
15396;4.8;-56.5;10.5;1.54;Negativno;Ne
15397;9.1;-57.7;2.78;0.11;Negativno;Ne
15398;3.2;-69.3;5.22;0.1;Negativno;Ne
15399;3.7;-53.3;6.91;0.08;Negativno;Ne
15400;5.5;-47.4;9.41;0.44;Negativno;Ne
15401;3.6;-75.0;2.39;0.88;Negativno;Ne
15402;3.2;-51.2;2.84;0.35;Negativno;Ne
15403;0.6;-60.1;8.57;0.16;Negativno;Ne
15404;22.9;-75.8;7.66;0.61;Negativno;Ne
15405;5.8;-65.0;7.54;0.36;Negativno;Ne
15406;3.0;-67.8;4.29;0.22;Negativno;Ne
15407;0.5;-71.2;5.84;0.12;Negativno;Ne
15408;7.3;-64.0;8.43;1.21;Negativno;Ne
15409;0.6;-61.2;11.08;0.17;Negativno;Ne
15410;3.1;-66.6;7.73;0.36;Negativno;Ne
15411;13.8;-61.6;9.76;0.1;Negativno;Ne
15412;2.0;-73.8;5.67;0.32;Negativno;Ne
15413;18.6;-56.2;4.58;0.15;Negativno;Ne
15414;2.4;-39.7;3.31;0.49;Negativno;Ne
15415;5.2;-66.4;7.14;0.18;Negativno;Ne
15416;10.2;-53.3;3.64;0.01;Negativno;Ne
15417;1.0;-56.8;3.93;0.81;Negativno;Ne
15418;0.9;-53.4;11.19;0.59;Negativno;Ne
15419;5.5;-49.6;5.28;0.43;Negativno;Ne
15420;4.9;-48.1;8.25;0.09;Negativno;Ne
15421;4.3;-64.3;6.38;0.29;Negativno;Ne
15422;0.4;-46.1;5.44;1.69;Negativno;Ne
15423;3.1;-52.8;6.6;0.17;Negativno;Ne
15424;3.5;-55.4;8.51;0.27;Negativno;Ne
15425;13.4;-42.5;8.27;0.02;Negativno;Ne
15426;3.5;-57.2;8.35;0.74;Negativno;Ne
15427;9.1;-56.3;5.46;0.19;Negativno;Ne
15428;0.1;-57.9;9.06;0.21;Negativno;Ne
15429;2.3;-59.4;7.78;0.22;Negativno;Ne
15430;0.6;-74.2;6.27;0.19;Negativno;Ne
15431;5.2;-57.1;4.1;3.09;Negativno;Ne
15432;0.4;-45.6;7.38;0.07;Negativno;Ne
15433;0.5;-66.5;8.12;1.18;Negativno;Ne
15434;3.8;-68.6;8.69;0.39;Negativno;Ne
15435;0.8;-49.8;5.84;0.11;Negativno;Ne
15436;5.0;-57.3;7.22;0.54;Negativno;Ne
15437;1.1;-63.5;6.99;0.43;Negativno;Ne
15438;15.6;-62.8;9.03;0.01;Negativno;Ne
15439;15.8;-56.4;10.66;0.1;Negativno;Ne
15440;2.1;-60.1;8.11;0.24;Negativno;Ne
15441;7.1;-74.1;6.95;0.36;Negativno;Ne
15442;1.6;-61.7;7.44;0.07;Negativno;Ne
15443;1.2;-63.2;9.47;0.03;Negativno;Ne
15444;3.8;-55.0;7.31;0.01;Negativno;Ne
15445;6.3;-60.7;4.42;0.14;Negativno;Ne
15446;4.6;-60.6;8.06;0.75;Negativno;Ne
15447;16.8;-56.8;9.65;1.48;Negativno;Ne
15448;4.5;-67.6;5.38;0.03;Negativno;Ne
15449;0.7;-64.8;3.72;1.01;Negativno;Ne
15450;1.3;-51.7;5.06;0.58;Negativno;Ne
15451;2.1;-60.5;4.89;0.79;Negativno;Ne
15452;17.9;-52.5;5.0;0.78;Negativno;Ne
15453;1.8;-59.3;6.15;0.01;Negativno;Ne
15454;4.8;-47.6;8.17;0.21;Negativno;Ne
15455;6.0;-66.9;7.93;0.15;Negativno;Ne
15456;2.7;-56.6;8.23;0.75;Negativno;Ne
15457;0.2;-69.6;7.51;1.05;Negativno;Ne
15458;2.3;-74.0;11.07;0.37;Negativno;Ne
15459;13.5;-54.5;4.66;0.34;Negativno;Ne
15460;9.6;-45.7;4.05;1.33;Negativno;Ne
15461;4.9;-42.5;5.7;1.59;Negativno;Ne
15462;11.1;-77.5;9.72;0.39;Negativno;Ne
15463;14.4;-61.4;6.19;0.52;Negativno;Ne
15464;4.0;-61.9;8.48;0.33;Negativno;Ne
15465;3.0;-62.5;9.43;0.28;Negativno;Ne
15466;11.5;-52.8;7.94;1.04;Negativno;Ne
15467;0.5;-58.5;4.55;0.41;Negativno;Ne
15468;12.4;-78.8;2.25;0.02;Negativno;Ne
15469;5.7;-51.5;6.77;0.77;Negativno;Ne
15470;0.0;-62.8;7.78;0.07;Negativno;Ne
15471;0.4;-61.9;7.14;0.59;Negativno;Ne
15472;5.7;-63.6;8.3;0.57;Negativno;Ne
15473;0.7;-39.9;4.73;0.13;Negativno;Ne
15474;0.6;-60.6;10.06;0.99;Negativno;Ne
15475;4.7;-59.1;9.18;0.04;Negativno;Ne
15476;8.7;-54.0;10.17;0.48;Negativno;Ne
15477;5.7;-66.0;6.39;0.37;Negativno;Ne
15478;1.7;-53.9;9.62;0.06;Negativno;Ne
15479;4.1;-69.1;7.97;0.6;Negativno;Ne
15480;0.4;-72.5;10.87;0.48;Negativno;Ne
15481;1.1;-51.9;5.29;0.78;Negativno;Ne
15482;2.9;-75.1;10.13;0.21;Negativno;Ne
15483;7.9;-57.9;10.19;0.44;Negativno;Ne
15484;5.2;-53.3;7.32;0.08;Pozitivno;Ne
15485;7.9;-52.8;6.01;0.74;Negativno;Ne
15486;6.8;-63.1;7.16;0.1;Negativno;Ne
15487;16.7;-68.7;7.99;0.61;Negativno;Ne
15488;1.6;-65.9;10.78;0.03;Negativno;Ne
15489;12.8;-66.8;1.05;0.17;Negativno;Ne
15490;2.0;-68.4;7.83;0.71;Negativno;Ne
15491;2.3;-36.7;6.82;0.39;Negativno;Ne
15492;8.1;-50.3;12.31;1.67;Negativno;Ne
15493;8.3;-65.1;5.35;1.21;Negativno;Ne
15494;2.1;-57.6;5.72;0.13;Negativno;Ne
15495;1.5;-70.7;4.4;0.06;Negativno;Ne
15496;6.9;-59.0;7.97;0.48;Negativno;Ne
15497;6.9;-60.2;7.5;0.37;Negativno;Ne
15498;7.0;-47.2;6.99;0.96;Negativno;Ne
15499;3.7;-66.1;7.22;1.29;Negativno;Ne
15500;9.1;-50.6;5.53;0.48;Negativno;Ne
15501;0.8;-42.8;5.04;0.25;Negativno;Ne
15502;9.8;-45.9;7.33;2.14;Negativno;Ne
15503;6.0;-68.5;5.3;0.37;Negativno;Ne
15504;0.4;-48.7;6.01;0.04;Pozitivno;Ne
15505;1.5;-54.9;7.02;0.38;Negativno;Ne
15506;4.6;-59.2;6.17;0.62;Negativno;Ne
15507;4.2;-71.3;10.72;0.1;Negativno;Ne
15508;1.0;-57.4;4.06;0.92;Negativno;Ne
15509;17.6;-54.9;0.0;0.65;Negativno;Ne
15510;6.7;-77.4;4.29;0.57;Negativno;Ne
15511;3.6;-59.2;6.43;0.99;Negativno;Ne
15512;9.9;-48.7;7.36;0.26;Negativno;Ne
15513;3.1;-74.5;7.67;0.82;Negativno;Ne
15514;5.6;-80.4;11.05;0.23;Negativno;Ne
15515;12.9;-66.7;7.07;0.44;Negativno;Ne
15516;4.7;-61.8;8.87;0.8;Negativno;Ne
15517;2.7;-64.3;2.23;0.08;Negativno;Ne
15518;2.4;-57.5;8.66;0.34;Negativno;Ne
15519;2.3;-59.9;7.96;0.2;Negativno;Ne
15520;9.7;-46.2;8.77;0.53;Pozitivno;Ne
15521;1.7;-63.8;8.37;0.05;Negativno;Ne
15522;0.9;-65.9;7.56;0.21;Negativno;Ne
15523;4.2;-65.2;8.1;0.01;Negativno;Ne
15524;2.2;-53.3;4.01;1.81;Negativno;Ne
15525;3.7;-58.9;5.97;0.05;Negativno;Ne
15526;24.2;-52.8;4.6;0.94;Negativno;Ne
15527;1.2;-77.0;6.95;0.94;Negativno;Ne
15528;2.0;-55.6;7.91;0.19;Negativno;Ne
15529;4.5;-59.5;10.77;1.27;Negativno;Ne
15530;0.0;-59.7;5.18;0.35;Negativno;Ne
15531;8.6;-74.2;4.86;0.03;Negativno;Ne
15532;1.1;-57.4;4.81;0.83;Negativno;Ne
15533;4.3;-62.1;7.29;0.58;Negativno;Ne
15534;23.4;-54.7;6.26;0.86;Negativno;Ne
15535;0.9;-53.8;7.4;0.53;Negativno;Ne
15536;12.6;-51.1;3.4;1.14;Negativno;Ne
15537;3.8;-39.0;3.38;0.11;Negativno;Ne
15538;5.1;-62.1;7.89;0.53;Negativno;Ne
15539;1.2;-75.0;7.34;1.33;Negativno;Ne
15540;10.9;-60.1;7.59;0.29;Negativno;Ne
15541;13.1;-56.9;4.74;1.6;Negativno;Ne
15542;2.3;-65.1;5.86;0.41;Negativno;Ne
15543;22.0;-59.8;5.96;0.01;Negativno;Ne
15544;1.7;-49.7;7.89;1.23;Negativno;Ne
15545;2.7;-65.2;6.79;0.01;Negativno;Ne
15546;5.1;-82.9;9.67;0.11;Negativno;Ne
15547;1.9;-48.8;7.63;0.13;Negativno;Ne
15548;2.6;-69.4;5.96;0.6;Negativno;Ne
15549;4.8;-52.5;10.19;0.04;Negativno;Ne
15550;0.5;-50.6;6.1;0.05;Negativno;Ne
15551;0.5;-67.1;7.14;0.09;Negativno;Ne
15552;0.6;-77.4;6.06;1.27;Negativno;Ne
15553;8.0;-53.6;8.05;1.88;Negativno;Ne
15554;15.9;-42.0;7.47;0.28;Negativno;Ne
15555;0.1;-58.6;5.1;0.16;Negativno;Ne
15556;8.1;-81.1;9.55;0.41;Negativno;Ne
15557;7.2;-59.2;10.95;0.23;Negativno;Ne
15558;0.4;-48.6;7.99;0.08;Negativno;Ne
15559;3.4;-60.1;9.66;0.03;Negativno;Ne
15560;1.0;-57.6;6.01;0.39;Negativno;Ne
15561;9.1;-58.0;8.42;0.54;Negativno;Ne
15562;7.9;-52.8;7.56;0.21;Negativno;Ne
15563;1.1;-67.2;4.22;0.12;Negativno;Ne
15564;1.4;-54.8;8.89;0.93;Negativno;Ne
15565;6.6;-49.6;11.6;0.65;Negativno;Ne
15566;9.9;-64.9;4.56;0.37;Negativno;Ne
15567;5.1;-54.9;9.51;0.78;Negativno;Ne
15568;3.4;-69.2;6.35;0.7;Negativno;Ne
15569;13.2;-81.7;8.26;0.52;Negativno;Ne
15570;4.5;-33.6;6.95;0.04;Negativno;Ne
15571;8.8;-48.7;5.34;0.32;Negativno;Ne
15572;8.4;-62.9;5.14;0.57;Negativno;Ne
15573;4.3;-70.2;7.68;0.39;Negativno;Ne
15574;17.1;-73.3;4.11;0.35;Negativno;Ne
15575;6.9;-61.3;9.47;0.18;Negativno;Ne
15576;1.3;-50.1;9.14;0.15;Negativno;Ne
15577;11.9;-51.7;8.6;0.72;Negativno;Ne
15578;3.9;-45.8;6.29;0.49;Negativno;Ne
15579;5.6;-48.1;6.04;0.12;Negativno;Ne
15580;3.9;-49.9;7.12;1.59;Negativno;Ne
15581;0.6;-56.3;9.07;0.56;Negativno;Ne
15582;8.2;-52.8;9.83;1.41;Negativno;Ne
15583;0.9;-74.1;8.33;0.67;Negativno;Ne
15584;2.0;-66.8;9.33;0.59;Negativno;Ne
15585;9.7;-58.9;6.42;3.74;Negativno;Ne
15586;3.4;-57.9;6.88;0.32;Negativno;Ne
15587;2.8;-55.2;8.97;0.3;Negativno;Ne
15588;5.1;-80.0;5.62;1.44;Negativno;Ne
15589;1.8;-38.1;6.06;0.88;Negativno;Ne
15590;1.2;-51.5;8.49;0.08;Negativno;Ne
15591;2.3;-48.6;6.61;0.27;Negativno;Ne
15592;6.9;-64.9;7.56;0.33;Negativno;Ne
15593;0.7;-62.3;5.0;0.29;Negativno;Ne
15594;1.2;-57.6;7.9;0.96;Negativno;Ne
15595;1.8;-68.5;7.49;0.53;Negativno;Ne
15596;1.1;-49.7;7.22;0.34;Negativno;Ne
15597;0.8;-64.8;4.77;1.15;Negativno;Ne
15598;4.4;-74.5;7.39;1.77;Negativno;Ne
15599;5.5;-62.2;7.75;1.13;Negativno;Ne
15600;2.4;-66.5;2.98;1.4;Negativno;Ne
15601;0.9;-60.1;8.24;1.29;Negativno;Ne
15602;7.1;-52.1;9.17;0.41;Negativno;Ne
15603;9.2;-73.9;3.78;0.47;Negativno;Ne
15604;3.4;-62.1;7.29;0.12;Negativno;Ne
15605;5.4;-66.7;7.15;1.3;Negativno;Ne
15606;19.0;-46.7;5.02;0.21;Negativno;Ne
15607;4.4;-52.3;8.82;0.23;Negativno;Ne
15608;3.8;-45.1;7.83;0.52;Negativno;Ne
15609;0.8;-37.1;6.84;0.06;Negativno;Ne
15610;4.7;-76.7;10.44;0.16;Negativno;Ne
15611;2.2;-64.8;10.9;0.64;Negativno;Ne
15612;4.3;-70.9;7.82;0.03;Negativno;Ne
15613;20.1;-84.1;8.95;0.73;Negativno;Ne
15614;9.4;-60.2;8.59;0.08;Negativno;Ne
15615;1.2;-63.5;9.33;1.32;Negativno;Ne
15616;5.5;-72.6;8.29;0.9;Negativno;Ne
15617;27.9;-72.7;8.41;0.04;Negativno;Ne
15618;0.7;-80.3;5.92;0.42;Negativno;Ne
15619;2.7;-61.9;5.88;0.6;Negativno;Ne
15620;3.8;-71.5;8.14;1.35;Negativno;Ne
15621;3.7;-64.0;6.35;0.49;Negativno;Ne
15622;0.3;-72.2;5.55;0.66;Negativno;Ne
15623;13.1;-55.1;8.08;0.01;Negativno;Ne
15624;0.8;-39.8;6.41;1.04;Negativno;Ne
15625;0.1;-76.3;6.54;0.37;Negativno;Ne
15626;6.3;-52.2;4.02;1.07;Negativno;Ne
15627;3.6;-53.8;8.18;0.03;Negativno;Ne
15628;3.2;-67.5;8.73;0.93;Negativno;Ne
15629;0.3;-55.5;7.61;0.55;Negativno;Ne
15630;19.2;-59.1;8.2;0.02;Negativno;Ne
15631;0.6;-65.6;4.69;0.53;Negativno;Ne
15632;3.8;-51.6;7.24;1.4;Negativno;Ne
15633;1.6;-46.3;7.44;0.96;Negativno;Ne
15634;6.0;-68.4;7.86;0.19;Negativno;Ne
15635;1.8;-64.0;9.15;0.28;Pozitivno;Ne
15636;6.6;-51.3;4.02;0.07;Negativno;Ne
15637;6.5;-65.7;6.73;0.09;Negativno;Ne
15638;5.6;-51.0;6.37;0.77;Negativno;Ne
15639;0.9;-54.9;10.37;0.1;Negativno;Ne
15640;2.1;-45.2;6.85;0.31;Negativno;Ne
15641;4.3;-58.8;10.6;0.29;Negativno;Ne
15642;2.4;-62.4;7.43;0.87;Negativno;Ne
15643;1.2;-73.9;9.28;0.99;Negativno;Ne
15644;5.2;-80.5;4.71;0.33;Negativno;Ne
15645;0.0;-27.8;6.78;0.36;Negativno;Ne
15646;3.2;-65.0;5.81;0.0;Negativno;Ne
15647;3.9;-60.9;4.04;0.57;Negativno;Ne
15648;7.4;-78.6;8.19;1.82;Negativno;Ne
15649;7.2;-58.7;8.09;0.22;Negativno;Ne
15650;3.0;-49.8;6.78;0.22;Negativno;Ne
15651;4.6;-56.8;6.84;0.11;Negativno;Ne
15652;1.1;-68.5;12.79;0.78;Negativno;Ne
15653;3.5;-61.4;6.61;0.42;Negativno;Ne
15654;0.2;-66.6;5.68;0.06;Negativno;Ne
15655;3.7;-62.6;8.66;0.73;Negativno;Ne
15656;9.8;-53.1;8.76;0.05;Negativno;Ne
15657;2.1;-65.3;9.64;0.0;Negativno;Ne
15658;5.7;-55.4;6.05;0.51;Negativno;Ne
15659;11.8;-61.8;7.83;0.0;Negativno;Ne
15660;6.8;-59.8;4.47;0.43;Negativno;Ne
15661;11.3;-68.6;4.0;0.44;Negativno;Ne
15662;1.7;-55.8;5.25;2.0;Negativno;Ne
15663;2.7;-66.0;4.65;0.81;Negativno;Ne
15664;4.7;-48.7;10.33;0.16;Negativno;Ne
15665;1.6;-54.5;7.44;0.62;Negativno;Ne
15666;1.1;-54.8;9.04;0.06;Negativno;Ne
15667;7.5;-53.0;10.6;0.52;Negativno;Ne
15668;4.8;-60.7;8.5;2.29;Negativno;Ne
15669;8.9;-67.7;4.65;0.01;Negativno;Ne
15670;8.0;-57.6;4.5;0.8;Negativno;Ne
15671;11.7;-53.1;4.69;0.68;Negativno;Ne
15672;5.0;-72.6;5.5;0.07;Negativno;Ne
15673;16.7;-50.3;10.3;0.13;Negativno;Ne
15674;1.5;-58.2;8.35;0.36;Negativno;Ne
15675;2.5;-37.6;4.14;0.63;Negativno;Ne
15676;1.6;-40.5;8.16;0.11;Negativno;Ne
15677;2.3;-56.3;3.65;0.54;Negativno;Ne
15678;0.1;-47.1;8.34;0.05;Negativno;Ne
15679;8.4;-58.8;7.27;0.87;Negativno;Ne
15680;3.8;-46.6;13.38;0.1;Negativno;Ne
15681;6.9;-64.4;4.91;0.37;Negativno;Ne
15682;4.1;-73.1;5.23;0.7;Negativno;Ne
15683;2.7;-53.5;9.59;1.57;Negativno;Ne
15684;0.7;-41.0;5.39;0.3;Negativno;Ne
15685;0.5;-73.5;10.54;1.74;Negativno;Ne
15686;17.6;-69.3;6.52;0.41;Negativno;Ne
15687;0.5;-54.6;7.28;0.35;Negativno;Ne
15688;10.0;-37.5;6.03;0.77;Negativno;Ne
15689;2.9;-55.7;8.83;0.61;Negativno;Ne
15690;11.2;-60.0;4.99;0.16;Negativno;Ne
15691;6.9;-59.1;4.22;0.67;Negativno;Ne
15692;3.9;-72.0;11.28;0.98;Negativno;Ne
15693;0.1;-66.2;10.81;0.32;Negativno;Ne
15694;0.4;-60.0;6.56;0.28;Negativno;Ne
15695;2.8;-56.1;8.43;1.16;Negativno;Ne
15696;12.4;-70.2;7.96;0.92;Negativno;Ne
15697;0.3;-69.3;8.63;0.65;Negativno;Ne
15698;3.4;-39.2;7.76;1.01;Negativno;Ne
15699;0.5;-69.8;10.09;0.52;Negativno;Ne
15700;0.4;-70.9;7.53;0.04;Negativno;Ne
15701;7.1;-69.4;10.08;0.95;Negativno;Ne
15702;8.4;-52.3;9.01;2.03;Negativno;Ne
15703;5.2;-61.2;7.12;0.16;Negativno;Ne
15704;5.5;-54.1;6.63;1.52;Negativno;Ne
15705;13.7;-67.3;4.74;1.01;Negativno;Ne
15706;5.3;-54.8;6.03;0.12;Negativno;Ne
15707;4.9;-64.7;3.53;0.27;Negativno;Ne
15708;5.4;-52.5;9.44;1.14;Negativno;Ne
15709;5.6;-54.6;11.1;0.42;Negativno;Ne
15710;0.8;-56.5;5.63;0.26;Negativno;Ne
15711;0.7;-42.8;4.2;1.74;Negativno;Ne
15712;11.5;-43.8;9.81;0.62;Negativno;Ne
15713;0.7;-73.9;10.21;0.83;Negativno;Ne
15714;2.8;-60.3;9.11;0.16;Negativno;Ne
15715;5.5;-72.9;6.23;1.22;Negativno;Ne
15716;2.5;-63.7;7.02;0.17;Negativno;Ne
15717;2.9;-45.4;8.94;0.41;Negativno;Ne
15718;1.9;-56.7;9.55;0.1;Negativno;Ne
15719;16.5;-53.4;5.83;0.13;Negativno;Ne
15720;3.0;-63.0;8.56;0.28;Negativno;Ne
15721;5.5;-61.4;7.83;0.31;Negativno;Ne
15722;1.6;-55.2;4.82;0.05;Negativno;Ne
15723;1.5;-61.0;11.07;0.7;Negativno;Ne
15724;2.8;-43.4;9.07;0.3;Negativno;Ne
15725;4.4;-64.6;6.76;0.06;Negativno;Ne
15726;0.5;-39.9;5.96;1.34;Negativno;Ne
15727;1.7;-58.1;11.17;1.02;Negativno;Ne
15728;3.5;-64.6;8.32;0.03;Negativno;Ne
15729;8.8;-59.9;8.01;0.21;Negativno;Ne
15730;2.2;-45.6;8.89;0.51;Negativno;Ne
15731;3.4;-55.0;4.39;0.19;Negativno;Ne
15732;1.2;-50.1;7.41;0.33;Negativno;Ne
15733;3.6;-47.4;7.61;1.17;Negativno;Ne
15734;3.2;-63.5;8.05;0.32;Pozitivno;Ne
15735;0.1;-68.4;5.19;0.17;Pozitivno;Ne
15736;1.5;-43.8;5.53;1.41;Negativno;Ne
15737;10.2;-60.5;8.3;1.72;Negativno;Ne
15738;7.4;-71.9;6.77;1.05;Negativno;Ne
15739;8.7;-52.5;5.59;0.02;Negativno;Ne
15740;11.1;-48.5;8.96;0.08;Negativno;Ne
15741;9.8;-57.5;7.87;0.14;Negativno;Ne
15742;6.3;-68.5;3.74;0.84;Negativno;Ne
15743;0.4;-53.6;12.92;0.62;Negativno;Ne
15744;0.6;-43.7;7.45;0.2;Negativno;Ne
15745;7.9;-64.2;6.74;1.94;Negativno;Ne
15746;3.1;-56.3;4.39;0.18;Negativno;Ne
15747;0.0;-68.2;6.75;0.12;Negativno;Ne
15748;15.1;-58.9;9.15;1.83;Negativno;Ne
15749;3.4;-65.0;6.33;0.2;Negativno;Ne
15750;0.2;-61.9;11.97;0.61;Pozitivno;Ne
15751;3.4;-66.9;5.22;0.34;Negativno;Ne
15752;5.4;-75.9;8.96;0.65;Negativno;Ne
15753;9.9;-73.1;7.54;0.49;Negativno;Ne
15754;2.1;-57.0;5.29;0.37;Negativno;Ne
15755;13.9;-44.9;3.59;0.46;Negativno;Ne
15756;11.2;-69.1;6.11;0.55;Negativno;Ne
15757;1.9;-67.3;6.97;0.11;Negativno;Ne
15758;3.7;-64.1;9.31;0.4;Negativno;Ne
15759;1.8;-51.1;4.07;0.19;Negativno;Ne
15760;2.0;-41.2;4.03;0.4;Negativno;Ne
15761;5.2;-62.2;10.03;0.66;Negativno;Ne
15762;0.4;-53.4;9.06;0.76;Negativno;Ne
15763;19.4;-74.9;9.58;0.75;Negativno;Ne
15764;5.5;-62.0;5.09;0.72;Negativno;Ne
15765;2.0;-31.1;8.23;0.25;Negativno;Ne
15766;2.0;-68.9;7.7;0.22;Negativno;Ne
15767;6.3;-57.8;5.4;0.1;Negativno;Ne
15768;1.8;-38.8;6.92;1.05;Negativno;Ne
15769;1.1;-67.2;4.24;0.36;Negativno;Ne
15770;8.4;-79.4;4.78;0.86;Negativno;Ne
15771;17.7;-55.2;8.29;0.34;Negativno;Ne
15772;1.3;-50.7;7.08;0.02;Negativno;Ne
15773;0.7;-59.2;7.86;0.19;Negativno;Ne
15774;9.0;-61.1;9.64;0.03;Negativno;Ne
15775;5.6;-64.3;2.92;0.1;Negativno;Ne
15776;9.5;-73.5;5.46;0.37;Negativno;Ne
15777;0.3;-68.5;8.62;0.24;Negativno;Ne
15778;0.3;-61.9;3.56;1.53;Negativno;Ne
15779;13.6;-67.4;6.72;0.36;Negativno;Ne
15780;1.7;-66.8;10.31;0.09;Negativno;Ne
15781;2.2;-64.7;7.47;0.03;Negativno;Ne
15782;3.2;-57.0;8.85;0.81;Negativno;Ne
15783;5.9;-68.0;7.51;0.5;Negativno;Ne
15784;5.8;-57.9;8.17;0.44;Negativno;Ne
15785;4.3;-62.9;7.18;0.97;Negativno;Ne
15786;5.3;-60.6;4.77;0.03;Negativno;Ne
15787;14.6;-72.5;3.99;0.38;Negativno;Ne
15788;17.3;-59.3;10.4;0.34;Negativno;Ne
15789;5.2;-41.1;7.13;0.66;Negativno;Ne
15790;8.1;-72.2;4.14;0.08;Negativno;Ne
15791;7.0;-55.0;5.7;0.32;Negativno;Ne
15792;5.7;-61.9;11.16;1.3;Negativno;Ne
15793;0.2;-52.0;6.3;0.07;Negativno;Ne
15794;11.1;-63.3;6.56;0.04;Negativno;Ne
15795;3.7;-75.7;8.2;0.57;Negativno;Ne
15796;1.4;-77.1;10.19;0.16;Negativno;Ne
15797;0.5;-56.9;5.53;0.49;Negativno;Ne
15798;7.7;-66.5;3.55;0.08;Negativno;Ne
15799;6.1;-71.8;3.61;0.52;Negativno;Ne
15800;4.4;-39.0;5.88;1.43;Negativno;Ne
15801;1.8;-51.2;8.89;0.35;Negativno;Ne
15802;7.1;-62.7;7.24;0.95;Negativno;Ne
15803;12.0;-56.4;5.34;0.95;Negativno;Ne
15804;2.5;-69.5;7.98;0.08;Negativno;Ne
15805;1.6;-57.3;4.32;1.24;Negativno;Ne
15806;1.4;-70.8;5.18;0.44;Negativno;Ne
15807;9.4;-53.4;4.82;1.01;Negativno;Ne
15808;2.8;-41.7;5.21;0.15;Negativno;Ne
15809;0.5;-60.0;5.74;1.19;Negativno;Ne
15810;1.6;-64.3;6.67;1.44;Negativno;Ne
15811;7.3;-56.2;9.56;0.8;Negativno;Ne
15812;10.5;-71.3;5.15;0.05;Negativno;Ne
15813;2.8;-62.1;5.06;0.88;Negativno;Ne
15814;2.7;-48.6;9.32;0.8;Negativno;Ne
15815;0.1;-70.0;3.49;0.73;Negativno;Ne
15816;11.5;-60.7;6.65;0.44;Negativno;Ne
15817;4.5;-75.4;6.14;0.25;Negativno;Ne
15818;9.4;-54.0;6.62;0.43;Negativno;Ne
15819;0.0;-75.8;4.03;0.05;Negativno;Ne
15820;2.5;-57.5;6.64;0.09;Negativno;Ne
15821;6.0;-58.9;3.3;0.22;Negativno;Ne
15822;4.7;-50.7;5.39;1.05;Negativno;Ne
15823;1.1;-61.2;6.17;1.34;Negativno;Ne
15824;1.7;-55.1;7.54;0.57;Negativno;Ne
15825;2.6;-54.8;5.75;0.08;Negativno;Ne
15826;10.4;-44.1;6.06;0.67;Negativno;Ne
15827;0.7;-45.1;6.76;1.08;Negativno;Ne
15828;0.5;-75.9;5.81;0.4;Negativno;Ne
15829;1.9;-52.1;7.99;0.26;Negativno;Ne
15830;0.8;-69.5;7.71;0.87;Negativno;Ne
15831;5.6;-52.0;5.23;0.92;Negativno;Ne
15832;0.6;-51.4;6.48;0.02;Negativno;Ne
15833;3.0;-54.0;7.27;0.9;Negativno;Ne
15834;3.3;-74.7;8.45;0.27;Negativno;Ne
15835;11.5;-56.0;11.44;0.06;Negativno;Ne
15836;2.0;-54.4;10.18;0.43;Negativno;Ne
15837;4.9;-70.9;6.99;0.68;Negativno;Ne
15838;5.5;-55.8;4.72;0.32;Negativno;Ne
15839;14.4;-65.0;6.69;0.07;Negativno;Ne
15840;5.8;-57.7;8.47;0.73;Negativno;Ne
15841;16.0;-75.9;9.23;0.44;Negativno;Ne
15842;22.1;-45.7;6.51;0.29;Negativno;Ne
15843;8.0;-32.5;7.14;0.35;Negativno;Ne
15844;4.6;-57.1;11.07;0.21;Negativno;Ne
15845;13.8;-52.5;6.54;0.15;Negativno;Ne
15846;6.7;-65.2;8.64;0.3;Negativno;Ne
15847;1.9;-68.3;4.78;0.04;Negativno;Ne
15848;4.3;-61.4;5.04;0.63;Negativno;Ne
15849;6.1;-64.7;5.32;0.13;Negativno;Ne
15850;4.7;-67.2;4.98;0.17;Negativno;Ne
15851;2.2;-71.3;10.16;0.12;Negativno;Ne
15852;3.1;-49.7;7.16;0.28;Negativno;Ne
15853;1.7;-45.8;7.47;0.27;Negativno;Ne
15854;2.3;-47.7;7.5;0.05;Negativno;Ne
15855;6.0;-69.8;2.26;0.04;Negativno;Ne
15856;13.0;-47.7;2.69;0.88;Negativno;Ne
15857;4.9;-70.9;8.21;1.11;Negativno;Ne
15858;2.3;-53.7;8.82;0.12;Negativno;Ne
15859;11.8;-65.1;7.75;0.98;Negativno;Ne
15860;8.9;-35.7;7.1;0.2;Negativno;Ne
15861;0.6;-59.4;6.22;0.68;Negativno;Ne
15862;6.8;-54.0;6.0;0.33;Negativno;Ne
15863;12.4;-51.4;7.91;0.38;Negativno;Ne
15864;34.0;-58.6;6.01;0.35;Negativno;Ne
15865;1.4;-58.9;6.71;0.07;Negativno;Ne
15866;3.7;-64.4;4.74;0.28;Negativno;Ne
15867;2.4;-60.3;3.51;0.58;Negativno;Ne
15868;0.6;-57.0;5.52;0.75;Negativno;Ne
15869;4.0;-64.2;8.43;0.0;Negativno;Ne
15870;15.7;-62.2;5.15;0.14;Negativno;Ne
15871;1.4;-74.2;4.18;0.16;Negativno;Ne
15872;3.5;-61.1;7.34;0.45;Negativno;Ne
15873;10.5;-59.4;9.84;0.1;Negativno;Ne
15874;5.7;-67.8;7.78;0.01;Negativno;Ne
15875;9.0;-55.8;10.19;0.15;Negativno;Ne
15876;8.4;-64.1;10.11;0.36;Negativno;Ne
15877;5.7;-67.3;6.31;0.23;Negativno;Ne
15878;2.0;-54.6;7.09;0.56;Negativno;Ne
15879;2.3;-54.1;6.06;0.61;Negativno;Ne
15880;2.1;-70.7;3.5;0.07;Negativno;Ne
15881;1.4;-47.1;6.16;0.18;Negativno;Ne
15882;0.4;-43.4;3.4;0.19;Negativno;Ne
15883;4.4;-74.9;7.86;1.03;Negativno;Ne
15884;9.9;-52.1;9.89;0.07;Negativno;Ne
15885;1.3;-39.3;4.36;0.16;Negativno;Ne
15886;3.9;-60.5;3.11;2.19;Negativno;Ne
15887;19.7;-67.9;7.1;0.09;Negativno;Ne
15888;12.9;-60.9;8.81;0.19;Negativno;Ne
15889;0.6;-65.7;6.02;0.32;Negativno;Ne
15890;5.1;-57.0;5.94;0.3;Negativno;Ne
15891;0.9;-60.0;5.7;0.13;Negativno;Ne
15892;16.2;-62.1;9.18;1.75;Negativno;Ne
15893;3.2;-58.6;6.74;0.49;Negativno;Ne
15894;4.0;-50.4;7.3;0.22;Negativno;Ne
15895;4.9;-53.3;9.18;0.47;Negativno;Ne
15896;0.3;-61.3;6.04;1.11;Negativno;Ne
15897;3.6;-43.8;3.9;0.23;Negativno;Ne
15898;14.2;-51.8;9.56;0.02;Negativno;Ne
15899;7.7;-53.8;6.85;1.22;Negativno;Ne
15900;6.4;-56.8;7.86;0.14;Negativno;Ne
15901;6.8;-76.2;8.36;1.62;Negativno;Ne
15902;7.4;-72.4;4.38;0.06;Negativno;Ne
15903;1.6;-34.8;3.75;0.14;Negativno;Ne
15904;8.4;-63.4;9.53;0.4;Negativno;Ne
15905;1.1;-62.0;4.72;0.52;Negativno;Ne
15906;0.4;-75.3;5.35;0.03;Negativno;Ne
15907;4.2;-48.1;6.83;0.06;Negativno;Ne
15908;0.1;-72.5;5.63;0.15;Negativno;Ne
15909;0.6;-46.0;7.99;1.43;Negativno;Ne
15910;15.9;-48.9;9.25;0.3;Negativno;Ne
15911;11.5;-41.4;8.99;0.97;Negativno;Ne
15912;0.3;-43.2;8.04;0.41;Negativno;Ne
15913;3.3;-74.7;3.01;1.27;Negativno;Ne
15914;3.0;-63.9;6.41;1.15;Negativno;Ne
15915;4.8;-56.2;5.02;0.64;Negativno;Ne
15916;0.9;-63.7;9.44;0.36;Negativno;Ne
15917;14.2;-54.6;7.52;0.19;Negativno;Ne
15918;1.8;-63.4;6.98;0.26;Negativno;Ne
15919;4.2;-57.8;2.43;0.6;Negativno;Ne
15920;3.2;-48.1;3.77;0.49;Negativno;Ne
15921;8.3;-67.8;7.35;0.72;Negativno;Ne
15922;2.5;-62.1;6.39;0.11;Negativno;Ne
15923;0.3;-57.3;5.97;0.68;Negativno;Ne
15924;4.6;-65.4;7.29;0.62;Negativno;Ne
15925;9.5;-69.7;11.76;0.27;Negativno;Ne
15926;3.3;-63.0;3.72;0.24;Negativno;Ne
15927;3.0;-42.5;10.9;0.07;Negativno;Ne
15928;0.2;-67.5;8.38;0.03;Negativno;Ne
15929;0.4;-53.3;7.19;0.04;Negativno;Ne
15930;2.2;-57.9;7.28;0.93;Negativno;Ne
15931;15.3;-59.5;7.15;0.2;Negativno;Ne
15932;3.3;-82.6;6.87;0.08;Negativno;Ne
15933;2.4;-71.3;5.12;0.9;Negativno;Ne
15934;0.1;-67.0;6.26;0.17;Negativno;Ne
15935;0.1;-55.6;7.87;0.48;Negativno;Ne
15936;1.6;-57.5;7.42;0.28;Negativno;Ne
15937;3.7;-55.9;7.06;0.59;Negativno;Ne
15938;2.6;-59.2;6.22;0.69;Negativno;Ne
15939;2.6;-55.8;6.01;0.72;Negativno;Ne
15940;3.4;-61.1;6.77;0.9;Negativno;Ne
15941;3.7;-67.8;8.95;0.18;Negativno;Ne
15942;16.1;-45.9;7.68;0.23;Negativno;Ne
15943;3.4;-71.0;6.39;0.33;Pozitivno;Ne
15944;8.1;-60.8;7.85;0.13;Negativno;Ne
15945;12.4;-75.6;9.32;0.49;Negativno;Ne
15946;12.1;-50.0;5.88;0.06;Negativno;Ne
15947;5.7;-59.2;9.79;0.09;Negativno;Ne
15948;10.7;-56.4;8.81;0.34;Negativno;Ne
15949;2.1;-56.3;9.37;0.21;Negativno;Ne
15950;1.2;-46.5;10.82;0.0;Negativno;Ne
15951;8.9;-84.1;7.36;0.01;Negativno;Ne
15952;2.4;-61.1;3.96;0.01;Negativno;Ne
15953;10.0;-53.2;7.76;0.24;Negativno;Ne
15954;3.9;-34.0;6.24;0.92;Negativno;Ne
15955;2.1;-51.3;5.96;0.95;Negativno;Ne
15956;0.5;-48.0;5.5;0.76;Negativno;Ne
15957;7.6;-62.7;9.05;1.54;Negativno;Ne
15958;0.1;-70.5;5.48;0.44;Negativno;Ne
15959;0.1;-59.0;4.84;0.15;Negativno;Ne
15960;2.1;-66.3;9.31;0.19;Negativno;Ne
15961;24.3;-63.5;7.25;0.41;Negativno;Ne
15962;0.1;-68.7;6.68;0.11;Negativno;Ne
15963;13.0;-67.9;8.66;2.95;Negativno;Ne
15964;0.4;-55.7;7.3;0.26;Negativno;Ne
15965;11.8;-63.5;9.94;0.1;Negativno;Ne
15966;6.8;-75.0;10.04;0.04;Negativno;Ne
15967;0.6;-57.4;4.18;0.39;Negativno;Ne
15968;1.5;-56.9;6.81;0.72;Negativno;Ne
15969;12.1;-51.8;4.84;0.03;Negativno;Ne
15970;11.0;-48.8;9.16;0.48;Negativno;Ne
15971;4.8;-56.4;4.35;0.21;Negativno;Ne
15972;1.3;-57.9;5.51;1.06;Negativno;Ne
15973;4.9;-55.3;7.19;0.56;Negativno;Ne
15974;0.2;-56.2;5.62;1.09;Negativno;Ne
15975;1.9;-45.7;7.24;0.31;Negativno;Ne
15976;3.4;-70.6;5.86;0.24;Negativno;Ne
15977;2.2;-69.5;9.12;0.11;Negativno;Ne
15978;1.4;-49.9;7.38;0.42;Negativno;Ne
15979;0.4;-38.5;11.38;0.93;Negativno;Ne
15980;1.4;-32.3;3.0;0.34;Negativno;Ne
15981;2.4;-52.6;5.23;0.32;Negativno;Ne
15982;2.3;-49.5;6.53;0.36;Negativno;Ne
15983;5.8;-68.4;5.93;0.29;Negativno;Ne
15984;5.9;-84.3;9.03;1.22;Negativno;Ne
15985;8.0;-52.1;7.84;0.2;Negativno;Ne
15986;1.1;-50.4;6.31;0.26;Negativno;Ne
15987;5.7;-73.5;7.33;0.4;Negativno;Ne
15988;0.0;-82.1;4.58;0.22;Negativno;Ne
15989;3.8;-70.5;9.83;0.15;Negativno;Ne
15990;0.5;-48.3;9.19;0.23;Negativno;Ne
15991;9.9;-64.5;5.73;1.14;Negativno;Ne
15992;2.2;-68.9;6.6;0.04;Negativno;Ne
15993;3.7;-63.6;5.36;0.28;Negativno;Ne
15994;2.6;-46.4;5.85;1.06;Negativno;Ne
15995;1.6;-62.1;5.28;1.11;Negativno;Ne
15996;0.0;-81.8;4.33;0.98;Negativno;Ne
15997;2.3;-48.7;8.94;0.83;Negativno;Ne
15998;0.9;-76.3;8.92;0.0;Negativno;Ne
15999;0.2;-82.5;8.31;0.13;Negativno;Ne
16000;19.7;-73.2;6.65;0.07;Negativno;Ne
16001;3.1;-55.5;8.76;0.16;Negativno;Ne
16002;2.2;-52.1;8.19;0.49;Negativno;Ne
16003;0.8;-51.5;9.25;2.53;Negativno;Ne
16004;5.8;-67.8;6.8;1.23;Negativno;Ne
16005;3.6;-67.2;6.52;0.09;Negativno;Ne
16006;5.7;-62.5;8.76;0.2;Negativno;Ne
16007;0.0;-65.9;8.51;2.36;Negativno;Ne
16008;4.5;-51.0;5.09;0.13;Negativno;Ne
16009;12.8;-51.0;7.56;0.2;Negativno;Ne
16010;4.1;-55.9;10.4;0.05;Negativno;Ne
16011;5.2;-82.9;8.64;0.03;Negativno;Ne
16012;13.0;-62.0;8.8;0.09;Negativno;Ne
16013;8.5;-79.2;5.25;0.92;Negativno;Ne
16014;4.3;-72.0;5.98;0.23;Negativno;Ne
16015;0.9;-61.2;8.22;0.3;Negativno;Ne
16016;12.2;-67.2;5.66;0.45;Negativno;Ne
16017;0.1;-62.4;5.86;0.82;Negativno;Ne
16018;8.1;-65.2;6.21;0.75;Negativno;Ne
16019;1.8;-61.8;7.65;0.32;Negativno;Ne
16020;0.7;-57.1;3.65;1.39;Negativno;Ne
16021;1.1;-40.6;8.77;1.17;Negativno;Ne
16022;1.3;-45.4;5.08;0.33;Negativno;Ne
16023;7.9;-59.0;10.02;1.05;Negativno;Ne
16024;2.2;-85.1;6.48;0.38;Negativno;Ne
16025;17.4;-57.3;5.67;1.79;Negativno;Ne
16026;3.1;-68.7;7.82;1.16;Negativno;Ne
16027;8.9;-49.9;7.4;0.21;Pozitivno;Ne
16028;11.3;-37.0;7.19;0.1;Negativno;Ne
16029;0.6;-56.5;5.96;0.08;Negativno;Ne
16030;11.7;-63.6;9.9;0.64;Negativno;Ne
16031;1.1;-55.3;6.52;0.17;Negativno;Ne
16032;2.8;-59.0;7.61;1.0;Negativno;Ne
16033;5.5;-63.7;4.93;0.73;Negativno;Ne
16034;0.9;-75.9;7.07;0.17;Negativno;Ne
16035;5.8;-58.6;6.26;0.56;Negativno;Ne
16036;1.1;-54.3;5.02;1.57;Negativno;Ne
16037;1.2;-59.3;6.72;0.0;Negativno;Ne
16038;8.6;-57.2;7.19;0.38;Negativno;Ne
16039;5.6;-68.8;7.62;0.1;Negativno;Ne
16040;1.3;-65.9;8.35;0.2;Negativno;Ne
16041;1.0;-65.4;7.8;0.49;Negativno;Ne
16042;1.5;-59.4;9.31;0.13;Negativno;Ne
16043;4.2;-43.3;11.38;0.32;Negativno;Ne
16044;5.9;-44.6;5.07;1.15;Negativno;Ne
16045;4.1;-59.5;8.0;0.49;Negativno;Ne
16046;8.3;-65.9;8.98;0.37;Negativno;Ne
16047;2.7;-56.1;4.34;0.21;Negativno;Ne
16048;1.7;-50.9;6.23;0.17;Negativno;Ne
16049;2.2;-62.4;10.12;0.42;Negativno;Ne
16050;6.5;-43.5;2.08;2.12;Negativno;Ne
16051;17.8;-32.6;5.45;0.72;Negativno;Ne
16052;3.0;-64.2;10.22;0.1;Negativno;Ne
16053;4.7;-55.9;7.04;0.73;Negativno;Ne
16054;2.5;-62.3;8.01;1.01;Negativno;Ne
16055;1.0;-66.3;7.87;0.46;Negativno;Ne
16056;6.8;-53.4;5.54;0.74;Negativno;Ne
16057;10.0;-41.7;8.79;0.42;Negativno;Ne
16058;2.6;-65.2;5.61;0.02;Negativno;Ne
16059;3.6;-66.9;8.08;0.56;Negativno;Ne
16060;1.1;-34.3;8.02;0.67;Negativno;Ne
16061;6.1;-72.0;6.88;0.3;Negativno;Ne
16062;2.7;-59.1;6.48;0.31;Negativno;Ne
16063;13.0;-52.4;10.35;0.29;Negativno;Ne
16064;9.8;-59.2;8.09;1.25;Negativno;Ne
16065;11.5;-56.8;7.38;0.27;Negativno;Ne
16066;6.3;-61.9;7.41;0.84;Negativno;Ne
16067;2.4;-85.3;8.25;0.3;Negativno;Ne
16068;1.6;-68.4;8.13;0.29;Negativno;Ne
16069;0.2;-34.4;7.54;0.33;Negativno;Ne
16070;1.6;-53.6;7.18;0.12;Negativno;Ne
16071;10.1;-63.3;8.35;0.93;Negativno;Ne
16072;1.0;-48.4;5.11;1.26;Negativno;Ne
16073;8.2;-43.3;6.49;0.05;Negativno;Ne
16074;3.2;-47.5;3.61;0.03;Negativno;Ne
16075;3.9;-56.1;6.45;0.26;Negativno;Ne
16076;7.5;-60.8;6.64;0.55;Negativno;Ne
16077;2.1;-71.7;8.45;0.67;Negativno;Ne
16078;2.3;-53.7;5.68;0.83;Negativno;Ne
16079;7.9;-57.1;6.76;0.58;Negativno;Ne
16080;1.1;-62.1;9.02;0.52;Negativno;Ne
16081;2.4;-47.3;6.97;0.19;Negativno;Ne
16082;1.7;-70.2;4.17;0.9;Negativno;Ne
16083;9.7;-85.7;6.59;0.13;Negativno;Ne
16084;10.7;-52.5;8.06;0.57;Negativno;Ne
16085;7.3;-60.9;5.1;0.56;Negativno;Ne
16086;8.0;-62.9;4.88;0.26;Negativno;Ne
16087;9.2;-64.9;5.91;0.03;Negativno;Ne
16088;1.4;-56.2;7.55;0.08;Negativno;Ne
16089;3.7;-81.3;7.42;0.92;Negativno;Ne
16090;5.1;-59.7;7.71;0.49;Negativno;Ne
16091;2.9;-62.8;4.86;2.72;Negativno;Ne
16092;0.1;-79.8;6.2;0.14;Negativno;Ne
16093;5.0;-70.5;4.05;0.76;Negativno;Ne
16094;2.3;-62.2;7.72;0.24;Negativno;Ne
16095;0.2;-69.2;7.17;0.07;Negativno;Ne
16096;0.9;-61.6;8.03;0.43;Negativno;Ne
16097;0.5;-70.2;6.98;0.47;Negativno;Ne
16098;5.7;-43.0;5.38;0.64;Negativno;Ne
16099;1.1;-63.1;6.1;0.6;Negativno;Ne
16100;11.1;-65.8;4.08;0.34;Negativno;Ne
16101;7.4;-54.7;7.66;0.04;Negativno;Ne
16102;0.5;-53.4;6.71;0.08;Negativno;Ne
16103;0.1;-55.3;9.92;0.43;Negativno;Ne
16104;0.6;-62.3;6.27;1.15;Negativno;Ne
16105;10.4;-67.5;6.68;1.18;Negativno;Ne
16106;1.5;-61.1;8.29;0.08;Negativno;Ne
16107;0.8;-56.9;9.17;0.63;Negativno;Ne
16108;12.4;-69.5;7.89;0.41;Negativno;Ne
16109;0.8;-48.3;6.33;0.27;Negativno;Ne
16110;0.6;-67.1;8.48;0.78;Negativno;Ne
16111;8.1;-48.6;3.56;1.82;Negativno;Ne
16112;2.5;-77.5;7.26;0.08;Negativno;Ne
16113;5.4;-69.6;9.43;0.04;Negativno;Ne
16114;8.4;-63.7;8.05;0.6;Negativno;Ne
16115;1.1;-76.6;3.97;0.05;Negativno;Ne
16116;8.4;-57.4;7.24;1.66;Negativno;Ne
16117;1.0;-44.6;6.93;0.75;Negativno;Ne
16118;14.7;-54.1;5.57;0.03;Negativno;Ne
16119;0.7;-60.2;8.2;0.09;Negativno;Ne
16120;2.5;-61.8;7.6;0.29;Negativno;Ne
16121;3.3;-72.6;6.65;0.51;Negativno;Ne
16122;0.5;-66.5;9.33;0.16;Negativno;Ne
16123;6.0;-59.6;5.79;0.17;Negativno;Ne
16124;1.2;-50.6;9.66;0.02;Negativno;Ne
16125;7.0;-53.3;10.02;0.6;Negativno;Ne
16126;1.6;-65.7;2.59;0.51;Negativno;Ne
16127;1.8;-73.2;10.09;0.38;Pozitivno;Ne
16128;4.3;-55.3;7.36;0.27;Negativno;Ne
16129;16.0;-60.7;5.49;0.13;Negativno;Ne
16130;11.6;-76.6;5.11;0.35;Negativno;Ne
16131;6.6;-51.5;10.85;0.75;Negativno;Ne
16132;24.4;-69.4;5.27;0.35;Negativno;Ne
16133;5.8;-69.6;6.36;0.12;Negativno;Ne
16134;0.6;-70.1;8.47;2.48;Negativno;Ne
16135;11.5;-58.3;5.0;0.25;Negativno;Ne
16136;4.4;-57.0;10.95;1.65;Negativno;Ne
16137;6.7;-31.9;9.49;0.79;Negativno;Ne
16138;4.1;-53.8;5.84;0.55;Negativno;Ne
16139;12.2;-57.0;8.3;0.56;Negativno;Ne
16140;4.0;-84.9;9.84;0.28;Negativno;Ne
16141;6.0;-66.4;9.72;0.04;Negativno;Ne
16142;0.3;-42.6;2.4;0.16;Negativno;Ne
16143;1.2;-47.6;10.21;0.04;Negativno;Ne
16144;0.4;-46.0;7.14;1.01;Negativno;Ne
16145;4.6;-70.4;9.02;0.44;Negativno;Ne
16146;1.0;-63.3;6.1;2.02;Negativno;Ne
16147;17.5;-63.5;7.3;0.03;Negativno;Ne
16148;4.2;-53.2;9.05;0.69;Negativno;Ne
16149;0.2;-57.3;7.1;0.4;Negativno;Ne
16150;6.9;-54.3;9.49;0.72;Negativno;Ne
16151;30.4;-60.4;6.19;0.32;Negativno;Ne
16152;0.8;-69.5;3.89;0.66;Negativno;Ne
16153;0.2;-61.1;8.14;0.44;Negativno;Ne
16154;2.3;-52.3;7.22;0.06;Negativno;Ne
16155;0.3;-60.7;9.54;0.4;Negativno;Ne
16156;2.0;-57.8;4.44;0.24;Negativno;Ne
16157;0.9;-58.5;8.8;0.37;Negativno;Ne
16158;0.2;-54.6;6.09;0.02;Negativno;Ne
16159;1.6;-72.7;6.23;0.68;Negativno;Ne
16160;9.8;-57.3;8.19;0.61;Negativno;Ne
16161;1.2;-69.3;7.39;1.76;Negativno;Ne
16162;8.3;-59.4;9.76;0.47;Negativno;Ne
16163;2.3;-63.5;5.19;0.31;Negativno;Ne
16164;2.0;-65.5;7.05;0.41;Negativno;Ne
16165;6.6;-58.2;6.64;0.02;Negativno;Ne
16166;3.4;-61.2;8.74;0.13;Negativno;Ne
16167;2.5;-69.3;9.73;1.07;Negativno;Ne
16168;16.2;-59.2;4.79;0.54;Negativno;Ne
16169;3.4;-72.5;6.62;0.48;Negativno;Ne
16170;9.0;-59.8;4.49;0.9;Negativno;Ne
16171;11.1;-69.8;6.87;1.89;Negativno;Ne
16172;0.6;-58.0;3.86;0.09;Negativno;Ne
16173;7.7;-66.0;9.38;0.9;Negativno;Ne
16174;15.9;-65.5;7.87;0.28;Negativno;Ne
16175;2.5;-60.5;7.12;0.1;Negativno;Ne
16176;9.5;-54.8;6.66;0.31;Negativno;Ne
16177;3.9;-65.4;7.89;1.04;Negativno;Ne
16178;5.6;-70.4;8.33;0.14;Negativno;Ne
16179;8.9;-73.7;4.98;0.23;Negativno;Ne
16180;2.9;-72.0;8.46;0.54;Negativno;Ne
16181;1.6;-68.6;5.86;0.18;Negativno;Ne
16182;1.1;-59.1;8.56;0.38;Negativno;Ne
16183;0.3;-60.0;10.24;0.74;Negativno;Ne
16184;8.3;-69.1;6.61;1.1;Negativno;Ne
16185;20.7;-64.5;6.49;0.1;Negativno;Ne
16186;9.5;-61.6;5.82;0.36;Negativno;Ne
16187;10.3;-47.3;6.35;0.94;Negativno;Ne
16188;10.7;-53.0;3.04;0.4;Negativno;Ne
16189;18.4;-53.6;7.09;0.73;Negativno;Ne
16190;2.3;-56.5;5.55;0.37;Negativno;Ne
16191;0.1;-63.6;10.28;0.67;Negativno;Ne
16192;5.9;-65.7;5.23;0.16;Negativno;Ne
16193;4.5;-52.9;8.54;0.74;Negativno;Ne
16194;17.1;-61.7;5.63;1.01;Negativno;Ne
16195;17.8;-58.7;3.97;0.51;Negativno;Ne
16196;3.0;-67.6;6.17;0.8;Negativno;Ne
16197;8.8;-31.3;8.49;1.91;Negativno;Ne
16198;3.6;-62.3;5.07;0.01;Negativno;Ne
16199;4.2;-59.8;6.73;0.38;Negativno;Ne
16200;9.5;-54.0;6.23;0.4;Negativno;Ne
16201;1.5;-62.3;8.68;0.3;Negativno;Ne
16202;2.3;-47.4;8.38;0.67;Negativno;Ne
16203;7.8;-36.8;7.81;0.0;Pozitivno;Ne
16204;6.9;-57.8;9.0;0.69;Negativno;Ne
16205;23.2;-58.1;8.25;0.06;Negativno;Ne
16206;2.9;-59.4;9.61;0.23;Negativno;Ne
16207;3.0;-60.8;3.39;0.3;Negativno;Ne
16208;7.9;-48.3;8.02;1.16;Negativno;Ne
16209;2.9;-64.1;8.22;0.16;Negativno;Ne
16210;1.3;-65.9;8.35;0.09;Negativno;Ne
16211;3.9;-42.6;7.66;0.66;Negativno;Ne
16212;1.1;-57.6;8.57;0.39;Negativno;Ne
16213;2.9;-63.8;7.28;0.04;Negativno;Ne
16214;1.9;-56.6;8.8;0.4;Negativno;Ne
16215;0.0;-54.1;7.98;0.59;Negativno;Ne
16216;0.1;-46.1;7.41;0.26;Negativno;Ne
16217;5.9;-63.5;2.69;0.5;Negativno;Ne
16218;10.8;-68.4;5.13;0.18;Negativno;Ne
16219;5.0;-66.5;5.55;0.78;Negativno;Ne
16220;0.2;-63.1;6.11;1.12;Negativno;Ne
16221;3.4;-66.8;11.08;0.06;Negativno;Ne
16222;6.4;-39.5;6.8;0.03;Negativno;Ne
16223;3.4;-45.3;9.79;0.33;Negativno;Ne
16224;0.8;-67.8;9.51;0.15;Negativno;Ne
16225;24.4;-45.6;7.16;0.86;Negativno;Ne
16226;9.6;-79.9;7.28;0.62;Negativno;Ne
16227;7.2;-65.5;4.55;0.11;Negativno;Ne
16228;8.2;-57.5;5.64;0.06;Negativno;Ne
16229;2.0;-63.0;8.8;0.63;Negativno;Ne
16230;3.7;-72.7;6.01;0.58;Negativno;Ne
16231;2.2;-66.4;4.89;0.32;Negativno;Ne
16232;1.6;-71.3;2.84;0.12;Negativno;Ne
16233;0.1;-82.1;8.12;0.0;Negativno;Ne
16234;17.8;-64.1;8.72;0.4;Negativno;Ne
16235;2.2;-63.4;6.96;0.71;Negativno;Ne
16236;0.9;-49.1;6.37;0.11;Negativno;Ne
16237;0.8;-51.2;6.64;1.39;Negativno;Ne
16238;3.8;-61.3;2.56;0.68;Negativno;Ne
16239;0.7;-55.3;6.33;0.78;Negativno;Ne
16240;1.2;-59.2;7.19;0.81;Negativno;Ne
16241;12.8;-72.7;5.76;2.01;Negativno;Ne
16242;0.9;-64.5;6.29;0.5;Negativno;Ne
16243;2.2;-67.7;7.51;0.45;Negativno;Ne
16244;0.5;-55.2;8.75;0.8;Negativno;Ne
16245;3.3;-56.8;4.22;1.09;Negativno;Ne
16246;5.6;-52.9;7.45;0.55;Negativno;Ne
16247;0.8;-46.7;7.24;0.49;Negativno;Ne
16248;12.8;-60.6;4.64;0.51;Negativno;Ne
16249;18.7;-56.6;7.53;1.16;Negativno;Ne
16250;9.4;-48.0;5.34;1.29;Negativno;Ne
16251;19.0;-40.0;9.31;0.42;Negativno;Ne
16252;2.8;-66.3;6.09;0.12;Negativno;Ne
16253;2.9;-49.2;10.81;1.14;Negativno;Ne
16254;8.7;-46.3;7.75;0.55;Negativno;Ne
16255;12.8;-54.9;10.52;0.96;Negativno;Ne
16256;5.4;-52.3;5.92;0.52;Negativno;Ne
16257;1.3;-66.1;6.39;0.24;Negativno;Ne
16258;0.1;-60.0;6.95;1.68;Negativno;Ne
16259;3.1;-59.8;7.87;1.97;Negativno;Ne
16260;2.5;-49.6;6.81;0.58;Negativno;Ne
16261;2.7;-76.0;5.15;0.91;Negativno;Ne
16262;35.2;-59.5;10.12;0.6;Negativno;Ne
16263;8.4;-37.9;7.84;0.02;Negativno;Ne
16264;2.7;-58.0;4.93;0.13;Negativno;Ne
16265;0.3;-75.3;6.08;0.41;Negativno;Ne
16266;12.9;-85.5;7.99;0.29;Negativno;Ne
16267;2.9;-63.5;6.45;0.03;Negativno;Ne
16268;8.0;-56.2;6.21;0.6;Negativno;Ne
16269;3.0;-65.9;9.55;0.32;Negativno;Ne
16270;3.8;-74.0;4.27;0.08;Negativno;Ne
16271;6.2;-65.3;4.62;0.21;Negativno;Ne
16272;2.6;-65.5;6.35;0.12;Negativno;Ne
16273;2.2;-60.1;4.42;0.11;Negativno;Ne
16274;1.5;-73.0;6.55;0.09;Negativno;Ne
16275;1.5;-60.6;7.92;1.31;Negativno;Ne
16276;10.8;-53.1;7.38;0.32;Negativno;Ne
16277;6.2;-34.7;5.56;0.03;Negativno;Ne
16278;17.0;-65.9;9.83;0.04;Negativno;Ne
16279;4.1;-58.8;7.08;0.02;Negativno;Ne
16280;4.7;-60.0;7.26;0.03;Negativno;Ne
16281;5.0;-50.1;6.93;0.0;Negativno;Ne
16282;5.7;-63.3;8.17;1.74;Negativno;Ne
16283;8.2;-56.4;7.09;0.48;Negativno;Ne
16284;12.0;-40.8;9.3;0.34;Negativno;Ne
16285;2.5;-49.0;6.01;0.03;Negativno;Ne
16286;12.9;-45.7;7.41;0.41;Negativno;Ne
16287;2.7;-63.0;8.42;0.98;Pozitivno;Ne
16288;0.3;-64.1;8.98;0.56;Negativno;Ne
16289;1.1;-63.9;4.87;0.49;Negativno;Ne
16290;0.8;-45.7;2.11;0.06;Negativno;Ne
16291;0.9;-58.0;8.65;0.13;Negativno;Ne
16292;10.8;-56.4;6.83;0.16;Negativno;Ne
16293;5.3;-48.9;6.75;0.15;Negativno;Ne
16294;5.0;-72.3;3.46;0.63;Negativno;Ne
16295;3.9;-64.2;6.14;0.02;Negativno;Ne
16296;6.1;-78.5;4.08;0.54;Negativno;Ne
16297;5.8;-67.0;2.21;0.16;Negativno;Ne
16298;0.6;-54.8;6.81;0.01;Negativno;Ne
16299;3.2;-35.9;7.26;0.39;Negativno;Ne
16300;8.8;-59.9;8.22;0.42;Negativno;Ne
16301;8.1;-58.6;3.91;0.42;Negativno;Ne
16302;5.3;-59.4;5.92;0.73;Negativno;Ne
16303;0.5;-59.2;8.6;1.36;Negativno;Ne
16304;6.2;-57.7;5.02;0.12;Negativno;Ne
16305;18.8;-62.5;7.39;0.12;Negativno;Ne
16306;2.6;-60.5;9.62;0.84;Negativno;Ne
16307;1.5;-50.4;10.66;1.8;Negativno;Ne
16308;2.4;-61.6;6.31;0.33;Negativno;Ne
16309;12.4;-66.4;6.8;2.97;Negativno;Ne
16310;3.7;-68.8;7.04;1.24;Negativno;Ne
16311;3.9;-73.0;9.21;0.97;Negativno;Ne
16312;3.8;-47.0;7.9;0.9;Negativno;Ne
16313;2.4;-52.7;7.47;0.13;Negativno;Ne
16314;5.1;-63.1;5.64;0.03;Negativno;Ne
16315;2.2;-70.9;6.87;0.33;Negativno;Ne
16316;0.4;-54.0;6.85;0.1;Negativno;Ne
16317;0.5;-50.5;7.25;0.2;Negativno;Ne
16318;7.9;-65.5;7.63;0.53;Negativno;Ne
16319;2.3;-64.7;1.83;0.63;Negativno;Ne
16320;0.3;-73.7;7.96;0.29;Negativno;Ne
16321;4.0;-52.1;9.74;1.56;Negativno;Ne
16322;0.7;-51.7;4.08;0.16;Negativno;Ne
16323;2.0;-60.2;6.23;1.2;Negativno;Ne
16324;9.5;-52.3;6.02;0.33;Negativno;Ne
16325;7.4;-61.1;7.08;1.55;Negativno;Ne
16326;10.5;-57.5;5.67;0.08;Negativno;Ne
16327;0.7;-52.0;6.29;0.12;Negativno;Ne
16328;2.7;-60.4;7.29;0.49;Negativno;Ne
16329;1.7;-64.6;6.28;0.05;Negativno;Ne
16330;0.0;-56.5;7.76;0.01;Negativno;Ne
16331;23.2;-67.4;8.38;0.16;Negativno;Ne
16332;2.0;-79.8;7.13;0.72;Negativno;Ne
16333;2.5;-53.6;9.53;1.2;Negativno;Ne
16334;5.8;-50.6;8.71;0.02;Negativno;Ne
16335;0.6;-55.0;4.68;0.44;Negativno;Ne
16336;0.8;-52.8;9.58;0.27;Negativno;Ne
16337;10.3;-67.7;6.66;0.23;Negativno;Ne
16338;1.7;-56.5;8.34;0.22;Negativno;Ne
16339;4.7;-44.9;5.94;0.12;Negativno;Ne
16340;2.9;-69.1;7.22;0.86;Negativno;Ne
16341;5.6;-72.6;8.88;2.42;Negativno;Ne
16342;13.3;-76.2;9.37;0.62;Negativno;Ne
16343;16.3;-62.6;3.19;0.66;Negativno;Ne
16344;9.7;-54.5;6.85;0.49;Negativno;Ne
16345;5.4;-69.0;5.98;1.16;Negativno;Ne
16346;2.7;-73.9;6.1;0.0;Negativno;Ne
16347;2.6;-58.8;6.29;0.29;Negativno;Ne
16348;8.3;-56.9;4.63;0.08;Negativno;Ne
16349;9.3;-50.0;7.15;0.06;Negativno;Ne
16350;5.7;-63.7;4.2;0.32;Negativno;Ne
16351;3.1;-43.7;3.75;0.6;Negativno;Ne
16352;4.7;-75.0;8.0;0.05;Negativno;Ne
16353;3.1;-68.9;4.46;0.48;Negativno;Ne
16354;3.8;-72.4;7.76;0.01;Negativno;Ne
16355;6.1;-51.7;9.39;0.68;Negativno;Ne
16356;9.6;-60.9;7.78;0.29;Negativno;Ne
16357;1.9;-66.6;6.33;1.85;Pozitivno;Ne
16358;1.5;-62.4;10.99;0.17;Negativno;Ne
16359;8.7;-65.2;8.9;0.11;Negativno;Ne
16360;1.3;-65.7;8.44;0.75;Negativno;Ne
16361;0.3;-42.6;6.84;0.12;Negativno;Ne
16362;4.5;-75.8;5.63;0.4;Negativno;Ne
16363;5.7;-68.6;7.52;1.16;Negativno;Ne
16364;10.0;-68.3;4.84;1.3;Negativno;Ne
16365;17.0;-57.3;2.82;0.32;Negativno;Ne
16366;4.4;-52.2;3.45;0.23;Negativno;Ne
16367;0.0;-65.9;6.92;0.87;Negativno;Ne
16368;15.7;-68.2;6.93;0.37;Negativno;Ne
16369;0.9;-55.9;5.38;0.25;Negativno;Ne
16370;5.7;-54.8;8.09;0.31;Negativno;Ne
16371;0.3;-62.2;5.81;0.02;Negativno;Ne
16372;1.9;-53.3;6.64;0.25;Negativno;Ne
16373;10.5;-55.9;7.85;0.03;Negativno;Ne
16374;0.9;-40.1;4.64;0.31;Negativno;Ne
16375;6.8;-65.4;6.86;0.05;Negativno;Ne
16376;4.8;-61.8;7.19;0.25;Negativno;Ne
16377;12.7;-60.0;6.06;0.33;Negativno;Ne
16378;3.0;-55.9;7.42;0.3;Negativno;Ne
16379;1.6;-77.8;6.87;0.22;Negativno;Ne
16380;10.8;-61.7;5.79;0.02;Negativno;Ne
16381;4.7;-49.6;8.16;0.03;Negativno;Ne
16382;5.8;-73.0;6.91;0.16;Negativno;Ne
16383;10.0;-65.7;4.35;0.14;Negativno;Ne
16384;2.1;-66.5;7.36;0.9;Negativno;Ne
16385;2.1;-65.9;7.4;0.23;Negativno;Ne
16386;6.0;-89.5;4.77;0.01;Negativno;Ne
16387;6.4;-39.9;4.24;0.02;Negativno;Ne
16388;0.9;-51.6;4.63;0.57;Negativno;Ne
16389;19.6;-52.6;5.35;0.09;Negativno;Ne
16390;1.4;-44.0;6.55;0.27;Negativno;Ne
16391;0.2;-51.2;9.62;1.93;Negativno;Ne
16392;2.2;-72.9;5.98;0.03;Negativno;Ne
16393;1.6;-47.6;5.65;0.17;Negativno;Ne
16394;4.1;-50.9;7.4;0.31;Negativno;Ne
16395;11.8;-65.9;4.74;0.07;Negativno;Ne
16396;4.7;-66.4;6.84;0.14;Negativno;Ne
16397;0.0;-80.8;7.44;0.87;Negativno;Ne
16398;0.9;-69.7;10.56;0.04;Negativno;Ne
16399;8.6;-62.4;7.83;0.71;Negativno;Ne
16400;1.2;-64.1;7.88;0.56;Negativno;Ne
16401;11.6;-64.0;7.44;0.06;Negativno;Ne
16402;8.5;-63.7;4.17;0.32;Negativno;Ne
16403;0.3;-46.4;9.71;0.26;Negativno;Ne
16404;4.5;-60.5;6.6;0.02;Negativno;Ne
16405;0.4;-72.4;7.79;0.7;Negativno;Ne
16406;1.2;-76.3;6.61;0.55;Negativno;Ne
16407;7.1;-73.2;6.68;0.47;Negativno;Ne
16408;10.2;-55.3;5.2;1.32;Negativno;Ne
16409;3.4;-67.2;9.21;0.03;Negativno;Ne
16410;5.3;-81.3;5.23;0.27;Negativno;Ne
16411;5.0;-64.8;8.44;0.28;Negativno;Ne
16412;0.1;-48.4;10.01;0.94;Negativno;Ne
16413;2.4;-57.5;4.44;0.04;Negativno;Ne
16414;3.6;-61.5;6.2;0.38;Negativno;Ne
16415;0.1;-51.3;8.01;0.07;Negativno;Ne
16416;8.7;-63.5;6.2;1.33;Negativno;Ne
16417;5.3;-67.8;9.0;0.62;Negativno;Ne
16418;16.5;-61.6;5.66;0.9;Negativno;Ne
16419;22.1;-63.4;8.3;0.05;Negativno;Ne
16420;0.8;-44.8;3.04;2.06;Negativno;Ne
16421;5.8;-55.0;8.12;1.54;Negativno;Ne
16422;8.2;-53.0;8.01;0.74;Negativno;Ne
16423;7.6;-52.3;4.31;0.18;Negativno;Ne
16424;7.2;-78.5;10.51;0.15;Negativno;Ne
16425;8.0;-60.9;2.94;0.29;Negativno;Ne
16426;1.7;-47.8;7.81;0.33;Negativno;Ne
16427;2.8;-51.0;5.61;0.36;Negativno;Ne
16428;7.5;-70.9;7.71;0.47;Negativno;Ne
16429;0.4;-49.2;5.55;0.65;Negativno;Ne
16430;8.2;-75.0;6.25;0.26;Negativno;Ne
16431;8.1;-52.7;2.22;0.29;Negativno;Ne
16432;8.2;-61.7;12.34;0.11;Negativno;Ne
16433;5.4;-40.2;6.71;0.02;Negativno;Ne
16434;0.3;-81.0;5.24;0.42;Negativno;Ne
16435;6.9;-44.6;9.29;0.16;Negativno;Ne
16436;4.6;-77.2;5.05;0.21;Negativno;Ne
16437;9.1;-48.3;6.12;0.03;Negativno;Ne
16438;0.3;-53.2;6.25;0.72;Pozitivno;Ne
16439;5.9;-61.1;5.75;0.11;Negativno;Ne
16440;4.6;-64.7;6.11;0.05;Negativno;Ne
16441;13.3;-56.2;8.93;0.71;Negativno;Ne
16442;7.3;-66.3;9.28;1.07;Negativno;Ne
16443;1.1;-57.3;6.34;0.64;Negativno;Ne
16444;11.8;-47.1;4.91;0.17;Negativno;Ne
16445;1.2;-64.0;9.73;0.66;Negativno;Ne
16446;2.2;-49.6;6.65;0.37;Negativno;Ne
16447;0.5;-52.1;4.6;1.05;Negativno;Ne
16448;0.2;-59.5;5.49;1.29;Negativno;Ne
16449;2.9;-71.5;3.96;0.12;Negativno;Ne
16450;12.9;-53.3;4.65;0.55;Negativno;Ne
16451;0.3;-81.1;7.68;0.54;Negativno;Ne
16452;7.1;-55.4;6.74;0.23;Negativno;Ne
16453;4.9;-72.7;8.21;0.14;Negativno;Ne
16454;9.7;-63.5;5.12;0.12;Negativno;Ne
16455;23.5;-76.0;5.26;0.39;Negativno;Ne
16456;2.0;-59.3;7.4;0.24;Negativno;Ne
16457;8.6;-57.7;10.39;0.58;Negativno;Ne
16458;6.9;-50.3;6.88;0.21;Negativno;Ne
16459;2.3;-50.1;7.63;0.58;Negativno;Ne
16460;8.9;-59.2;9.07;1.58;Negativno;Ne
16461;5.3;-51.7;7.22;0.07;Negativno;Ne
16462;2.8;-54.8;6.64;0.68;Negativno;Ne
16463;17.7;-55.2;11.01;0.2;Negativno;Ne
16464;1.4;-68.2;4.92;0.56;Negativno;Ne
16465;2.6;-65.1;5.15;0.56;Negativno;Ne
16466;9.0;-58.5;8.87;0.15;Negativno;Ne
16467;17.3;-56.9;8.43;0.86;Negativno;Ne
16468;12.7;-56.1;8.38;0.31;Negativno;Ne
16469;2.1;-65.0;3.38;0.75;Negativno;Ne
16470;0.2;-57.3;2.96;0.21;Negativno;Ne
16471;1.0;-58.7;4.98;0.03;Negativno;Ne
16472;3.7;-57.7;5.64;0.73;Negativno;Ne
16473;0.7;-67.6;4.63;0.52;Negativno;Ne
16474;4.3;-53.9;9.36;0.01;Negativno;Ne
16475;7.7;-60.1;4.92;0.04;Negativno;Ne
16476;2.8;-73.9;7.42;0.19;Negativno;Ne
16477;8.5;-80.4;7.97;0.12;Negativno;Ne
16478;2.2;-59.9;8.68;0.08;Negativno;Ne
16479;4.4;-62.7;5.54;1.45;Negativno;Ne
16480;1.8;-51.9;8.22;2.34;Negativno;Ne
16481;2.5;-49.4;2.37;0.14;Negativno;Ne
16482;0.1;-64.8;7.01;0.48;Negativno;Ne
16483;3.9;-75.1;10.3;0.05;Negativno;Ne
16484;4.5;-66.1;7.05;0.62;Negativno;Ne
16485;6.0;-59.6;5.23;1.69;Negativno;Ne
16486;1.1;-55.5;9.87;0.32;Negativno;Ne
16487;0.1;-63.7;6.96;0.24;Negativno;Ne
16488;5.7;-54.8;7.87;1.61;Negativno;Ne
16489;1.2;-66.0;8.35;0.07;Negativno;Ne
16490;24.0;-59.2;3.21;0.03;Negativno;Ne
16491;8.3;-73.4;6.56;0.13;Negativno;Ne
16492;4.9;-63.7;7.43;0.85;Negativno;Ne
16493;1.4;-59.1;6.14;0.55;Negativno;Ne
16494;4.1;-49.5;10.75;0.03;Negativno;Ne
16495;5.7;-47.0;9.99;1.37;Negativno;Ne
16496;7.0;-50.3;4.91;0.56;Negativno;Ne
16497;9.7;-60.1;7.56;0.15;Negativno;Ne
16498;19.6;-62.0;7.82;1.16;Negativno;Ne
16499;0.3;-62.2;9.78;1.2;Negativno;Ne
16500;1.6;-57.6;5.45;1.32;Negativno;Ne
16501;11.7;-50.7;9.57;0.46;Negativno;Ne
16502;1.8;-45.6;7.99;0.77;Negativno;Ne
16503;1.6;-55.1;8.14;0.01;Negativno;Ne
16504;0.4;-71.5;8.33;0.38;Negativno;Ne
16505;0.0;-55.8;6.92;1.15;Negativno;Ne
16506;9.1;-60.7;4.51;0.34;Negativno;Ne
16507;1.7;-68.2;3.57;0.84;Negativno;Ne
16508;0.5;-77.2;5.74;0.03;Negativno;Ne
16509;0.2;-54.6;8.95;0.05;Negativno;Ne
16510;5.7;-55.9;9.76;0.02;Negativno;Ne
16511;2.1;-78.0;3.3;0.33;Negativno;Ne
16512;0.5;-69.1;6.63;0.42;Negativno;Ne
16513;10.2;-66.6;5.66;0.91;Negativno;Ne
16514;1.0;-72.9;8.75;0.23;Negativno;Ne
16515;16.8;-64.6;5.73;0.28;Negativno;Ne
16516;1.7;-52.4;6.91;0.28;Negativno;Ne
16517;7.7;-70.0;8.93;0.13;Negativno;Ne
16518;5.5;-59.4;5.92;0.04;Negativno;Ne
16519;10.7;-67.4;5.82;1.26;Negativno;Ne
16520;2.5;-49.2;4.36;0.08;Negativno;Ne
16521;2.1;-60.5;6.62;1.02;Negativno;Ne
16522;1.7;-56.3;6.79;0.53;Negativno;Ne
16523;2.9;-55.0;5.72;0.5;Negativno;Ne
16524;4.3;-76.7;5.25;0.5;Negativno;Ne
16525;3.3;-47.9;5.57;0.05;Negativno;Ne
16526;2.0;-45.0;9.64;0.52;Negativno;Ne
16527;4.9;-61.6;7.51;0.33;Negativno;Ne
16528;3.1;-78.0;5.4;0.14;Negativno;Ne
16529;2.0;-61.2;5.76;0.14;Negativno;Ne
16530;7.6;-71.8;12.23;0.12;Negativno;Ne
16531;5.6;-56.3;6.35;0.09;Negativno;Ne
16532;5.6;-66.2;4.14;0.01;Negativno;Ne
16533;2.8;-67.0;6.62;0.02;Negativno;Ne
16534;10.2;-58.7;6.03;1.13;Negativno;Ne
16535;8.5;-69.5;5.32;0.08;Negativno;Ne
16536;3.8;-55.7;9.62;0.11;Negativno;Ne
16537;1.7;-44.9;5.02;0.19;Negativno;Ne
16538;11.0;-66.0;5.03;0.0;Negativno;Ne
16539;10.4;-62.8;6.02;0.65;Negativno;Ne
16540;3.9;-64.6;7.54;0.05;Negativno;Ne
16541;5.5;-59.9;8.86;0.25;Negativno;Ne
16542;10.8;-73.7;10.96;1.29;Negativno;Ne
16543;1.4;-63.8;6.67;0.02;Negativno;Ne
16544;1.8;-64.9;6.22;0.09;Negativno;Ne
16545;1.0;-61.7;5.19;0.44;Negativno;Ne
16546;2.3;-72.7;9.43;0.28;Negativno;Ne
16547;2.0;-60.2;4.15;1.22;Negativno;Ne
16548;0.8;-50.4;7.65;0.4;Negativno;Ne
16549;6.2;-65.5;6.69;0.14;Negativno;Ne
16550;16.0;-53.5;6.95;2.04;Pozitivno;Ne
16551;2.8;-76.0;6.94;0.38;Negativno;Ne
16552;5.9;-76.3;3.93;0.38;Negativno;Ne
16553;3.0;-44.2;6.91;0.07;Negativno;Ne
16554;19.5;-70.5;5.04;1.71;Negativno;Ne
16555;14.5;-68.6;3.02;0.42;Negativno;Ne
16556;7.2;-52.0;7.76;1.59;Negativno;Ne
16557;4.2;-64.1;4.87;0.3;Negativno;Ne
16558;0.1;-58.9;4.86;1.4;Negativno;Ne
16559;4.3;-54.1;9.61;1.13;Negativno;Ne
16560;4.2;-52.5;6.62;0.19;Negativno;Ne
16561;5.7;-63.0;3.66;0.68;Negativno;Ne
16562;6.4;-66.8;4.35;0.53;Negativno;Ne
16563;1.5;-39.9;9.98;0.09;Negativno;Ne
16564;1.0;-50.2;3.92;0.12;Negativno;Ne
16565;1.3;-52.1;7.14;0.64;Negativno;Ne
16566;18.3;-65.5;4.33;0.03;Negativno;Ne
16567;24.0;-47.1;10.15;0.72;Negativno;Ne
16568;1.2;-65.3;6.39;0.65;Negativno;Ne
16569;7.4;-53.7;9.79;0.48;Negativno;Ne
16570;3.8;-79.7;6.95;0.69;Negativno;Ne
16571;5.4;-52.3;5.77;1.31;Negativno;Ne
16572;4.1;-60.5;3.51;0.29;Negativno;Ne
16573;9.5;-47.8;7.74;1.68;Negativno;Ne
16574;8.8;-54.0;7.66;0.14;Negativno;Ne
16575;8.5;-60.1;2.81;0.74;Negativno;Ne
16576;0.3;-57.8;6.32;0.14;Negativno;Ne
16577;11.6;-56.5;4.75;0.68;Negativno;Ne
16578;0.3;-66.0;7.47;1.29;Negativno;Ne
16579;8.5;-66.4;4.61;1.05;Negativno;Ne
16580;17.5;-69.9;7.74;0.16;Negativno;Ne
16581;7.2;-69.5;7.47;0.35;Negativno;Ne
16582;2.2;-63.4;6.58;0.42;Negativno;Ne
16583;2.7;-79.9;3.66;0.13;Negativno;Ne
16584;5.9;-58.2;5.15;0.7;Negativno;Ne
16585;0.1;-58.4;7.48;0.1;Negativno;Ne
16586;2.6;-62.5;8.01;0.07;Negativno;Ne
16587;3.9;-63.5;7.67;0.09;Negativno;Ne
16588;15.5;-58.9;7.49;0.04;Negativno;Ne
16589;1.4;-62.9;2.45;3.4;Negativno;Ne
16590;3.4;-57.6;7.59;0.13;Negativno;Ne
16591;4.0;-71.3;6.76;0.07;Negativno;Ne
16592;2.6;-63.6;10.31;0.46;Negativno;Ne
16593;4.3;-58.0;8.54;0.36;Negativno;Ne
16594;6.8;-32.9;7.03;0.4;Negativno;Ne
16595;7.6;-42.0;4.15;0.39;Negativno;Ne
16596;0.5;-55.6;8.19;0.17;Negativno;Ne
16597;3.9;-66.1;5.13;0.78;Negativno;Ne
16598;4.0;-60.9;5.23;1.2;Negativno;Ne
16599;0.7;-50.2;6.67;0.06;Negativno;Ne
16600;0.2;-68.6;8.88;0.08;Negativno;Ne
16601;1.2;-70.9;6.0;0.48;Negativno;Ne
16602;8.0;-49.3;4.81;0.51;Negativno;Ne
16603;11.9;-60.5;4.13;0.33;Negativno;Ne
16604;2.6;-52.9;5.54;0.64;Negativno;Ne
16605;2.7;-68.9;8.52;0.47;Negativno;Ne
16606;1.1;-51.4;7.22;0.3;Negativno;Ne
16607;6.2;-53.8;3.8;0.08;Negativno;Ne
16608;1.9;-51.1;11.1;1.16;Negativno;Ne
16609;0.8;-55.9;7.25;0.17;Negativno;Ne
16610;1.0;-52.0;5.61;1.44;Negativno;Ne
16611;16.1;-51.3;6.47;0.18;Negativno;Ne
16612;6.2;-52.2;8.45;0.1;Negativno;Ne
16613;9.7;-52.3;6.89;0.61;Negativno;Ne
16614;1.3;-66.9;3.93;0.65;Negativno;Ne
16615;0.7;-65.1;8.78;0.71;Negativno;Ne
16616;1.3;-64.2;4.39;0.2;Negativno;Ne
16617;7.7;-51.5;6.24;0.53;Negativno;Ne
16618;9.0;-55.6;6.03;0.15;Negativno;Ne
16619;15.5;-52.4;2.61;0.1;Negativno;Ne
16620;6.1;-77.2;7.84;0.43;Negativno;Ne
16621;7.3;-62.0;5.62;0.66;Negativno;Ne
16622;1.5;-56.7;8.57;0.08;Negativno;Ne
16623;1.9;-50.8;8.25;0.05;Negativno;Ne
16624;4.0;-48.3;8.77;0.14;Negativno;Ne
16625;11.8;-61.7;8.24;0.37;Negativno;Ne
16626;3.1;-58.4;3.19;0.08;Negativno;Ne
16627;0.2;-70.5;6.07;0.04;Negativno;Ne
16628;3.0;-57.3;10.81;0.75;Negativno;Ne
16629;9.3;-61.8;6.83;0.55;Negativno;Ne
16630;2.7;-51.7;7.36;0.78;Negativno;Ne
16631;1.6;-61.0;4.35;0.5;Negativno;Ne
16632;10.6;-54.0;8.95;0.55;Negativno;Ne
16633;7.3;-65.6;5.59;0.03;Negativno;Ne
16634;2.9;-61.7;8.5;1.84;Negativno;Ne
16635;4.2;-57.6;4.55;0.19;Negativno;Ne
16636;4.5;-73.4;9.61;0.04;Negativno;Ne
16637;5.5;-67.9;8.65;0.21;Negativno;Ne
16638;0.4;-45.7;7.21;0.67;Negativno;Ne
16639;12.3;-60.1;6.05;0.29;Pozitivno;Ne
16640;8.5;-44.0;6.39;0.29;Negativno;Ne
16641;3.3;-56.9;9.75;0.01;Negativno;Ne
16642;1.6;-52.4;6.52;0.45;Negativno;Ne
16643;12.7;-55.8;6.51;0.24;Negativno;Ne
16644;4.2;-56.3;5.2;0.8;Negativno;Ne
16645;1.0;-50.4;6.68;0.81;Negativno;Ne
16646;5.6;-52.9;8.35;0.46;Negativno;Ne
16647;2.6;-62.2;7.29;0.22;Negativno;Ne
16648;0.6;-72.5;6.85;0.1;Negativno;Ne
16649;3.1;-56.7;7.28;0.04;Negativno;Ne
16650;10.2;-56.8;4.48;2.89;Negativno;Ne
16651;2.2;-50.6;8.81;1.37;Negativno;Ne
16652;31.6;-31.6;8.06;0.08;Negativno;Ne
16653;1.7;-49.7;7.69;0.9;Negativno;Ne
16654;6.6;-53.1;4.71;0.08;Pozitivno;Ne
16655;8.5;-61.3;8.28;0.56;Negativno;Ne
16656;5.0;-60.4;6.56;1.49;Negativno;Ne
16657;1.2;-53.5;8.14;1.73;Negativno;Ne
16658;14.5;-58.8;4.92;0.97;Negativno;Ne
16659;5.7;-69.9;7.69;0.87;Negativno;Ne
16660;2.5;-52.8;4.19;2.56;Negativno;Ne
16661;17.8;-66.4;3.85;1.66;Negativno;Ne
16662;18.6;-45.3;6.33;1.25;Negativno;Ne
16663;9.0;-65.1;7.62;0.3;Negativno;Ne
16664;0.6;-47.1;4.98;0.13;Negativno;Ne
16665;3.5;-86.1;5.86;0.27;Negativno;Ne
16666;5.8;-66.1;6.06;0.0;Pozitivno;Ne
16667;10.2;-70.9;8.8;0.76;Negativno;Ne
16668;5.1;-77.0;7.86;0.02;Negativno;Ne
16669;15.1;-65.6;8.41;0.41;Negativno;Ne
16670;1.3;-56.2;6.13;0.28;Negativno;Ne
16671;0.8;-47.5;9.64;0.74;Negativno;Ne
16672;11.8;-42.4;6.36;0.55;Negativno;Ne
16673;0.7;-77.0;4.63;0.21;Negativno;Ne
16674;4.0;-58.6;6.37;0.63;Negativno;Ne
16675;5.8;-51.0;8.28;0.0;Negativno;Ne
16676;2.4;-56.7;5.35;1.48;Negativno;Ne
16677;6.3;-63.1;6.14;0.1;Negativno;Ne
16678;1.6;-66.0;8.51;1.28;Negativno;Ne
16679;4.6;-47.9;8.45;0.04;Negativno;Ne
16680;6.1;-66.1;7.71;0.19;Negativno;Ne
16681;0.2;-50.1;7.98;0.07;Negativno;Ne
16682;1.6;-59.1;7.96;0.37;Negativno;Ne
16683;2.1;-62.1;4.27;0.58;Negativno;Ne
16684;2.3;-54.0;6.23;0.83;Negativno;Ne
16685;5.2;-68.6;4.77;0.29;Negativno;Ne
16686;18.0;-65.9;6.01;0.02;Negativno;Ne
16687;0.4;-77.6;6.15;0.5;Negativno;Ne
16688;8.4;-67.1;8.3;0.65;Negativno;Ne
16689;5.0;-64.9;7.35;0.5;Negativno;Ne
16690;0.7;-59.6;6.1;0.19;Negativno;Ne
16691;6.6;-72.5;9.57;0.5;Negativno;Ne
16692;0.7;-52.5;8.52;1.14;Negativno;Ne
16693;4.6;-47.0;7.73;1.54;Negativno;Ne
16694;20.6;-58.5;6.5;0.63;Negativno;Ne
16695;6.0;-64.1;6.68;0.05;Negativno;Ne
16696;14.7;-63.3;8.42;1.31;Negativno;Ne
16697;4.2;-53.0;6.55;0.33;Negativno;Ne
16698;0.4;-64.2;6.96;1.1;Negativno;Ne
16699;1.0;-50.7;6.6;0.24;Negativno;Ne
16700;4.5;-62.7;4.41;0.2;Negativno;Ne
16701;4.3;-65.2;7.3;0.39;Negativno;Ne
16702;5.5;-56.8;7.89;1.74;Negativno;Ne
16703;7.7;-76.2;9.28;0.3;Negativno;Ne
16704;15.9;-75.1;6.92;0.09;Negativno;Ne
16705;2.5;-56.3;7.11;0.61;Negativno;Ne
16706;0.7;-68.5;9.92;0.14;Negativno;Ne
16707;0.6;-73.5;3.79;0.2;Negativno;Ne
16708;11.2;-66.9;8.33;0.01;Negativno;Ne
16709;5.2;-58.8;6.0;1.01;Negativno;Ne
16710;6.6;-64.4;6.73;0.11;Negativno;Ne
16711;10.5;-66.0;7.68;0.12;Negativno;Ne
16712;12.3;-52.7;6.07;0.35;Negativno;Ne
16713;1.0;-38.8;5.35;1.07;Negativno;Ne
16714;6.6;-69.1;7.44;0.01;Negativno;Ne
16715;2.0;-76.7;10.24;0.5;Negativno;Ne
16716;4.4;-65.2;7.49;0.58;Negativno;Ne
16717;5.2;-72.6;5.44;0.37;Negativno;Ne
16718;15.0;-61.3;7.55;0.48;Negativno;Ne
16719;8.6;-64.5;3.5;1.4;Negativno;Ne
16720;8.5;-54.2;11.25;0.07;Negativno;Ne
16721;2.1;-64.1;4.85;2.0;Negativno;Ne
16722;1.7;-63.4;5.58;1.18;Negativno;Ne
16723;8.4;-60.3;6.5;0.32;Negativno;Ne
16724;2.3;-58.8;4.48;0.55;Negativno;Ne
16725;0.4;-42.7;8.74;0.37;Negativno;Ne
16726;2.5;-64.5;4.87;0.1;Negativno;Ne
16727;9.0;-68.2;6.68;0.22;Negativno;Ne
16728;6.5;-50.3;7.53;0.41;Negativno;Ne
16729;0.5;-48.4;8.98;0.62;Negativno;Ne
16730;4.0;-48.5;7.09;0.05;Negativno;Ne
16731;7.1;-51.0;9.13;0.26;Negativno;Ne
16732;4.2;-55.5;4.22;1.36;Negativno;Ne
16733;0.1;-59.3;5.41;0.05;Negativno;Ne
16734;0.8;-51.7;4.51;0.32;Negativno;Ne
16735;9.5;-64.6;7.93;0.02;Negativno;Ne
16736;2.7;-86.3;5.1;0.2;Negativno;Ne
16737;5.9;-85.4;9.13;0.81;Negativno;Ne
16738;5.4;-64.4;7.02;0.06;Negativno;Ne
16739;1.0;-50.8;3.78;0.32;Negativno;Ne
16740;10.4;-50.7;6.65;0.46;Negativno;Ne
16741;8.6;-74.5;6.38;0.12;Negativno;Ne
16742;3.3;-49.7;5.82;2.02;Negativno;Ne
16743;3.7;-57.1;5.03;1.08;Negativno;Ne
16744;11.9;-52.5;5.81;0.02;Negativno;Ne
16745;6.1;-50.4;7.22;0.09;Negativno;Ne
16746;1.1;-67.4;3.66;0.11;Negativno;Ne
16747;1.8;-63.4;8.93;1.03;Negativno;Ne
16748;3.0;-58.8;9.13;1.12;Negativno;Ne
16749;7.2;-48.3;9.11;0.53;Negativno;Ne
16750;1.2;-60.7;5.67;0.57;Negativno;Ne
16751;6.3;-46.7;10.14;0.08;Negativno;Ne
16752;4.8;-63.8;4.94;0.13;Negativno;Ne
16753;1.3;-75.2;7.63;0.39;Negativno;Ne
16754;9.2;-56.4;6.72;0.34;Negativno;Ne
16755;3.9;-50.3;10.02;0.31;Negativno;Ne
16756;6.6;-53.1;5.49;0.96;Negativno;Ne
16757;11.5;-49.0;5.84;0.54;Negativno;Ne
16758;13.2;-59.6;8.17;0.38;Negativno;Ne
16759;0.6;-60.1;8.07;2.47;Negativno;Ne
16760;0.6;-66.8;4.8;0.13;Negativno;Ne
16761;5.0;-62.5;8.26;0.03;Negativno;Ne
16762;1.1;-58.5;7.61;0.09;Negativno;Ne
16763;9.0;-71.6;10.05;0.17;Negativno;Ne
16764;1.6;-47.4;7.51;0.02;Negativno;Ne
16765;2.3;-51.2;7.54;0.09;Negativno;Ne
16766;6.2;-76.4;9.99;0.4;Negativno;Ne
16767;5.1;-71.8;3.76;0.1;Negativno;Ne
16768;0.9;-56.1;4.9;0.21;Pozitivno;Ne
16769;12.9;-64.3;5.61;0.13;Negativno;Ne
16770;18.0;-62.0;7.18;0.42;Negativno;Ne
16771;2.6;-58.9;5.17;0.77;Negativno;Ne
16772;2.2;-46.9;7.07;0.14;Negativno;Ne
16773;2.3;-61.6;8.12;2.4;Negativno;Ne
16774;1.0;-55.1;7.31;0.1;Negativno;Ne
16775;14.8;-76.9;7.08;0.19;Negativno;Ne
16776;0.3;-67.6;8.39;0.13;Negativno;Ne
16777;6.0;-51.5;8.69;0.45;Negativno;Ne
16778;0.6;-63.4;6.94;0.5;Negativno;Ne
16779;3.7;-66.0;7.74;0.13;Negativno;Ne
16780;3.9;-56.4;7.4;1.57;Negativno;Ne
16781;3.7;-68.2;4.01;0.54;Negativno;Ne
16782;1.7;-81.8;9.01;0.44;Negativno;Ne
16783;2.1;-55.7;2.2;1.08;Negativno;Ne
16784;5.9;-56.7;8.37;0.31;Negativno;Ne
16785;9.2;-69.9;3.8;0.32;Negativno;Ne
16786;2.9;-45.7;11.51;0.12;Negativno;Ne
16787;4.7;-50.5;5.04;0.97;Negativno;Ne
16788;4.5;-48.3;7.04;0.04;Negativno;Ne
16789;0.6;-54.5;6.52;1.42;Negativno;Ne
16790;2.8;-64.1;8.52;0.47;Negativno;Ne
16791;18.1;-46.4;8.77;0.86;Negativno;Ne
16792;7.2;-70.2;6.17;0.64;Negativno;Ne
16793;1.4;-62.8;8.73;0.56;Negativno;Ne
16794;4.4;-55.0;5.85;0.26;Negativno;Ne
16795;1.7;-89.5;8.97;0.38;Negativno;Ne
16796;12.7;-69.9;8.82;0.26;Negativno;Ne
16797;6.3;-53.8;6.51;0.78;Negativno;Ne
16798;15.6;-48.8;8.71;1.17;Negativno;Ne
16799;1.7;-62.1;9.24;0.4;Negativno;Ne
16800;7.6;-64.4;5.81;0.84;Negativno;Ne
16801;8.0;-59.6;8.35;0.33;Negativno;Ne
16802;14.7;-64.1;6.14;0.29;Negativno;Ne
16803;18.8;-64.6;4.42;0.22;Negativno;Ne
16804;8.5;-47.9;4.5;0.44;Negativno;Ne
16805;5.1;-54.6;9.88;0.47;Negativno;Ne
16806;3.9;-55.5;7.74;0.04;Negativno;Ne
16807;1.0;-56.3;6.99;1.19;Negativno;Ne
16808;9.9;-67.0;9.31;0.83;Negativno;Ne
16809;1.1;-92.5;5.44;0.51;Negativno;Ne
16810;3.7;-54.5;4.89;0.06;Negativno;Ne
16811;0.0;-60.6;2.14;0.29;Negativno;Ne
16812;2.5;-42.7;9.1;0.27;Negativno;Ne
16813;0.9;-75.2;5.82;0.25;Negativno;Ne
16814;0.4;-61.0;10.61;0.18;Negativno;Ne
16815;0.2;-46.5;9.43;1.05;Negativno;Ne
16816;1.0;-67.4;2.7;0.59;Negativno;Ne
16817;5.2;-44.7;7.76;0.36;Negativno;Ne
16818;1.2;-55.0;5.14;0.68;Negativno;Ne
16819;21.6;-59.9;4.46;0.12;Negativno;Ne
16820;0.3;-45.6;6.25;0.1;Negativno;Ne
16821;7.8;-44.9;3.83;0.85;Negativno;Ne
16822;5.1;-63.1;8.2;0.32;Negativno;Ne
16823;2.1;-55.9;7.24;0.48;Negativno;Ne
16824;14.3;-50.4;6.87;2.1;Negativno;Ne
16825;1.1;-47.6;6.23;0.2;Negativno;Ne
16826;0.8;-48.6;8.64;0.59;Negativno;Ne
16827;5.9;-61.3;7.69;0.81;Negativno;Ne
16828;7.8;-69.4;10.24;0.01;Negativno;Ne
16829;5.9;-70.4;7.01;0.64;Negativno;Ne
16830;4.7;-80.7;6.09;0.08;Negativno;Ne
16831;7.7;-52.6;5.9;0.1;Negativno;Ne
16832;3.2;-75.0;7.04;0.55;Negativno;Ne
16833;2.2;-55.8;7.05;1.08;Negativno;Ne
16834;3.7;-60.8;3.02;0.05;Negativno;Ne
16835;5.7;-54.5;8.67;0.46;Negativno;Ne
16836;3.0;-68.9;7.38;0.9;Negativno;Ne
16837;3.6;-64.2;9.22;0.26;Negativno;Ne
16838;0.8;-56.7;7.47;2.5;Negativno;Ne
16839;10.7;-57.9;12.5;0.59;Negativno;Ne
16840;4.7;-65.9;10.57;0.16;Negativno;Ne
16841;10.7;-44.3;11.43;0.14;Negativno;Ne
16842;1.9;-83.3;4.72;1.11;Negativno;Ne
16843;1.9;-54.2;8.4;0.39;Negativno;Ne
16844;0.6;-78.7;2.76;0.34;Negativno;Ne
16845;1.5;-65.6;9.92;0.48;Negativno;Ne
16846;0.4;-64.0;7.57;0.31;Negativno;Ne
16847;3.1;-62.9;6.58;0.59;Negativno;Ne
16848;15.0;-62.6;7.84;0.05;Negativno;Ne
16849;5.9;-49.2;5.64;0.86;Negativno;Ne
16850;1.1;-53.1;6.94;1.68;Negativno;Ne
16851;5.5;-58.0;7.99;0.8;Negativno;Ne
16852;4.1;-47.4;5.9;0.89;Negativno;Ne
16853;7.0;-65.3;12.0;0.29;Negativno;Ne
16854;4.6;-60.3;10.11;0.39;Negativno;Ne
16855;2.1;-55.0;3.35;0.62;Negativno;Ne
16856;6.9;-75.9;8.97;0.72;Negativno;Ne
16857;4.5;-43.7;7.13;0.38;Negativno;Ne
16858;6.0;-49.9;8.55;1.07;Negativno;Ne
16859;2.3;-49.1;10.2;0.53;Negativno;Ne
16860;0.8;-72.3;5.79;0.23;Negativno;Ne
16861;0.2;-65.8;9.14;0.38;Negativno;Ne
16862;5.1;-54.8;8.53;0.13;Negativno;Ne
16863;8.9;-69.1;7.13;0.51;Negativno;Ne
16864;2.9;-73.6;8.74;0.18;Negativno;Ne
16865;3.8;-53.0;5.13;0.81;Negativno;Ne
16866;0.8;-55.2;7.97;1.08;Negativno;Ne
16867;1.6;-51.0;5.92;0.48;Negativno;Ne
16868;2.2;-60.3;8.32;0.73;Negativno;Ne
16869;2.8;-35.7;7.37;0.25;Negativno;Ne
16870;8.9;-62.7;9.39;0.1;Negativno;Ne
16871;0.4;-56.4;9.26;0.5;Negativno;Ne
16872;1.5;-67.8;4.31;0.51;Negativno;Ne
16873;1.6;-65.4;8.12;1.52;Negativno;Ne
16874;1.7;-53.3;7.92;0.19;Negativno;Ne
16875;1.6;-73.6;8.8;0.14;Negativno;Ne
16876;11.1;-83.8;9.2;0.22;Negativno;Ne
16877;10.3;-63.1;6.38;0.37;Negativno;Ne
16878;1.4;-61.4;3.91;0.02;Negativno;Ne
16879;4.6;-66.8;4.81;0.07;Negativno;Ne
16880;5.1;-62.4;4.65;0.56;Negativno;Ne
16881;4.6;-58.4;4.13;0.51;Negativno;Ne
16882;0.7;-57.5;6.56;0.39;Negativno;Ne
16883;3.5;-51.8;8.11;0.52;Negativno;Ne
16884;5.1;-41.1;5.4;0.34;Negativno;Ne
16885;1.9;-44.7;5.04;0.34;Pozitivno;Ne
16886;1.5;-64.3;8.72;0.17;Negativno;Ne
16887;6.5;-66.0;6.77;0.06;Negativno;Ne
16888;9.1;-57.4;7.01;0.59;Negativno;Ne
16889;2.6;-68.3;7.61;0.09;Negativno;Ne
16890;0.8;-54.2;6.37;0.12;Negativno;Ne
16891;2.9;-57.1;8.05;0.37;Negativno;Ne
16892;1.4;-62.3;10.21;0.84;Negativno;Ne
16893;2.4;-67.3;4.66;1.64;Negativno;Ne
16894;10.5;-71.9;6.02;0.58;Negativno;Ne
16895;9.1;-67.0;10.03;0.35;Negativno;Ne
16896;3.3;-66.0;9.91;0.81;Negativno;Ne
16897;12.0;-66.8;8.17;0.16;Negativno;Ne
16898;5.4;-65.7;6.56;0.3;Negativno;Ne
16899;0.9;-60.0;6.51;0.24;Negativno;Ne
16900;1.6;-49.1;3.86;0.57;Negativno;Ne
16901;2.3;-60.0;4.42;0.14;Negativno;Ne
16902;3.0;-73.4;7.34;0.2;Negativno;Ne
16903;12.9;-72.5;8.32;0.1;Negativno;Ne
16904;18.0;-66.0;7.71;0.19;Negativno;Ne
16905;4.0;-68.3;7.23;0.11;Negativno;Ne
16906;7.1;-60.9;3.91;0.17;Negativno;Ne
16907;0.5;-92.7;4.54;2.21;Negativno;Ne
16908;0.1;-53.8;4.97;0.24;Negativno;Ne
16909;12.0;-49.7;4.6;0.45;Negativno;Ne
16910;3.6;-54.6;8.95;0.52;Negativno;Ne
16911;9.1;-56.3;2.96;0.22;Negativno;Ne
16912;12.6;-50.3;8.28;0.14;Negativno;Ne
16913;1.4;-70.2;6.9;0.33;Negativno;Ne
16914;16.7;-60.0;8.53;0.48;Negativno;Ne
16915;5.5;-76.0;9.22;0.58;Negativno;Ne
16916;8.5;-51.7;6.55;0.83;Negativno;Ne
16917;13.1;-69.3;7.31;0.39;Negativno;Ne
16918;0.8;-46.6;5.32;0.86;Negativno;Ne
16919;0.4;-64.4;4.22;1.62;Negativno;Ne
16920;6.1;-74.0;8.47;0.07;Negativno;Ne
16921;1.2;-59.3;6.67;0.05;Negativno;Ne
16922;18.7;-72.3;10.84;0.95;Negativno;Ne
16923;2.2;-74.8;7.18;0.5;Negativno;Ne
16924;1.2;-70.2;9.65;0.83;Negativno;Ne
16925;3.1;-56.0;6.3;0.11;Negativno;Ne
16926;18.8;-55.2;8.9;0.07;Negativno;Ne
16927;7.4;-68.0;4.55;0.95;Negativno;Ne
16928;16.1;-65.5;10.01;0.62;Negativno;Ne
16929;0.7;-56.2;5.73;0.41;Negativno;Ne
16930;1.0;-54.6;3.58;0.03;Negativno;Ne
16931;8.4;-68.8;6.86;0.3;Negativno;Ne
16932;1.2;-52.1;7.98;1.05;Negativno;Ne
16933;1.0;-92.5;7.37;1.03;Negativno;Ne
16934;5.4;-48.7;7.05;0.15;Negativno;Ne
16935;3.6;-74.8;5.08;0.42;Negativno;Ne
16936;0.4;-59.6;8.55;0.26;Negativno;Ne
16937;10.6;-62.0;8.33;0.25;Negativno;Ne
16938;5.0;-72.3;4.46;0.21;Negativno;Ne
16939;3.6;-57.6;7.42;0.22;Negativno;Ne
16940;12.9;-66.1;7.51;0.12;Pozitivno;Ne
16941;14.4;-74.4;7.82;0.15;Negativno;Ne
16942;9.7;-62.6;8.96;0.06;Negativno;Ne
16943;0.4;-49.5;8.7;0.06;Negativno;Ne
16944;3.2;-59.8;6.14;0.33;Negativno;Ne
16945;1.6;-67.2;4.02;2.63;Negativno;Ne
16946;5.0;-59.0;7.03;3.36;Negativno;Ne
16947;4.4;-75.8;10.5;0.45;Negativno;Ne
16948;9.3;-48.6;9.56;0.41;Negativno;Ne
16949;1.0;-55.1;6.14;0.08;Negativno;Ne
16950;0.9;-60.0;6.95;0.08;Negativno;Ne
16951;0.4;-54.7;9.81;0.4;Negativno;Ne
16952;12.7;-68.0;8.7;0.17;Negativno;Ne
16953;6.9;-46.7;7.32;0.26;Negativno;Ne
16954;2.4;-50.4;9.27;0.84;Negativno;Ne
16955;1.8;-59.9;4.73;0.08;Negativno;Ne
16956;4.3;-64.1;7.75;0.37;Negativno;Ne
16957;3.2;-63.8;9.58;0.37;Negativno;Ne
16958;8.0;-60.0;11.69;0.22;Negativno;Ne
16959;8.0;-47.7;6.11;0.46;Negativno;Ne
16960;4.3;-58.4;7.98;0.19;Negativno;Ne
16961;1.1;-64.2;7.56;0.18;Negativno;Ne
16962;5.9;-62.3;7.36;0.65;Negativno;Ne
16963;8.3;-51.0;6.96;0.98;Negativno;Ne
16964;1.8;-68.9;7.15;0.81;Negativno;Ne
16965;23.9;-54.3;6.73;0.42;Negativno;Ne
16966;2.9;-67.3;5.8;0.06;Negativno;Ne
16967;0.9;-62.2;6.32;0.84;Negativno;Ne
16968;2.5;-51.6;6.42;0.05;Negativno;Ne
16969;4.2;-43.5;7.53;0.19;Negativno;Ne
16970;0.3;-56.6;6.63;0.22;Negativno;Ne
16971;9.1;-62.7;8.01;0.21;Negativno;Ne
16972;1.1;-59.5;8.93;1.12;Negativno;Ne
16973;7.1;-47.4;3.9;0.44;Negativno;Ne
16974;3.0;-50.1;3.78;0.48;Negativno;Ne
16975;1.3;-55.8;4.6;0.18;Negativno;Ne
16976;3.8;-76.7;8.27;0.21;Negativno;Ne
16977;16.9;-53.7;8.41;0.45;Negativno;Ne
16978;0.9;-51.1;6.57;0.16;Negativno;Ne
16979;2.2;-78.1;7.51;0.01;Negativno;Ne
16980;3.8;-61.1;5.41;1.58;Negativno;Ne
16981;5.1;-66.1;6.42;0.06;Negativno;Ne
16982;2.7;-54.8;4.14;0.1;Negativno;Ne
16983;15.3;-60.9;5.52;0.02;Negativno;Ne
16984;2.6;-52.4;6.33;0.07;Negativno;Ne
16985;8.9;-61.9;6.79;0.3;Negativno;Ne
16986;4.8;-65.3;8.86;0.15;Negativno;Ne
16987;0.8;-67.5;7.14;0.05;Pozitivno;Ne
16988;2.6;-83.5;9.83;0.16;Negativno;Ne
16989;8.3;-58.4;6.21;2.38;Negativno;Ne
16990;2.7;-52.2;5.04;0.38;Negativno;Ne
16991;2.7;-57.7;11.68;0.38;Negativno;Ne
16992;1.5;-46.1;9.5;0.05;Negativno;Ne
16993;2.6;-63.5;4.0;0.57;Negativno;Ne
16994;14.8;-80.5;2.24;0.14;Negativno;Ne
16995;0.3;-49.6;7.1;0.21;Negativno;Ne
16996;5.1;-46.8;8.38;0.07;Negativno;Ne
16997;0.2;-67.5;5.31;0.89;Negativno;Ne
16998;3.5;-60.3;11.2;0.52;Negativno;Ne
16999;1.3;-53.2;10.92;0.3;Negativno;Ne
17000;0.8;-88.5;3.17;0.5;Negativno;Ne
17001;4.7;-70.6;7.18;0.17;Negativno;Ne
17002;12.0;-47.0;7.71;0.2;Negativno;Ne
17003;5.7;-68.4;7.65;0.46;Negativno;Ne
17004;2.4;-68.9;7.21;1.18;Negativno;Ne
17005;7.6;-65.2;6.22;0.42;Negativno;Ne
17006;3.0;-66.8;4.92;0.0;Negativno;Ne
17007;4.0;-51.0;4.32;0.75;Negativno;Ne
17008;0.5;-58.9;10.07;0.16;Negativno;Ne
17009;0.3;-49.2;9.51;0.27;Negativno;Ne
17010;0.9;-54.6;6.72;1.69;Negativno;Ne
17011;1.7;-47.1;6.08;0.27;Negativno;Ne
17012;2.3;-47.0;7.64;0.04;Negativno;Ne
17013;2.3;-69.8;7.98;0.58;Negativno;Ne
17014;6.9;-60.3;7.03;0.59;Negativno;Ne
17015;0.4;-66.8;9.99;1.1;Negativno;Ne
17016;10.2;-67.6;6.8;0.1;Negativno;Ne
17017;9.0;-63.0;9.6;1.29;Negativno;Ne
17018;3.1;-54.1;6.82;0.91;Negativno;Ne
17019;6.7;-51.7;5.26;0.93;Negativno;Ne
17020;5.9;-69.1;10.0;1.7;Negativno;Ne
17021;9.3;-68.6;8.01;1.22;Negativno;Ne
17022;5.6;-51.7;4.23;0.97;Negativno;Ne
17023;2.1;-64.4;6.37;0.15;Negativno;Ne
17024;7.0;-59.4;4.49;0.34;Pozitivno;Ne
17025;9.6;-57.0;5.65;2.04;Negativno;Ne
17026;19.4;-53.6;7.94;0.07;Negativno;Ne
17027;8.1;-62.6;5.24;0.1;Negativno;Ne
17028;0.4;-68.5;10.09;0.18;Negativno;Ne
17029;9.9;-50.3;9.55;1.14;Negativno;Ne
17030;0.4;-71.6;7.0;0.7;Negativno;Ne
17031;15.1;-45.4;9.07;0.65;Negativno;Ne
17032;6.9;-66.7;7.02;1.46;Negativno;Ne
17033;0.7;-54.3;7.55;0.58;Negativno;Ne
17034;3.6;-64.9;6.35;0.15;Negativno;Ne
17035;2.7;-52.8;5.04;1.04;Negativno;Ne
17036;7.0;-62.3;8.33;0.16;Negativno;Ne
17037;6.0;-67.4;8.19;0.07;Negativno;Ne
17038;1.8;-54.7;5.29;0.17;Negativno;Ne
17039;9.8;-44.8;9.98;0.4;Negativno;Ne
17040;12.1;-65.6;3.07;0.1;Negativno;Ne
17041;1.6;-49.1;6.68;0.13;Negativno;Ne
17042;7.0;-65.7;6.5;0.3;Negativno;Ne
17043;7.4;-57.4;8.78;0.97;Negativno;Ne
17044;0.0;-59.4;9.31;0.06;Negativno;Ne
17045;4.1;-35.7;9.89;0.1;Negativno;Ne
17046;0.1;-60.6;4.21;0.39;Negativno;Ne
17047;6.8;-65.1;12.47;0.46;Negativno;Ne
17048;3.2;-74.2;5.82;1.15;Negativno;Ne
17049;11.2;-57.4;8.02;0.09;Negativno;Ne
17050;0.7;-41.0;6.43;0.37;Negativno;Ne
17051;4.3;-61.4;9.51;0.0;Negativno;Ne
17052;8.4;-72.7;9.13;0.39;Negativno;Ne
17053;1.8;-57.4;10.09;0.76;Negativno;Ne
17054;3.6;-51.5;3.2;0.47;Negativno;Ne
17055;1.6;-48.1;4.33;0.56;Negativno;Ne
17056;30.4;-65.4;6.01;0.51;Negativno;Ne
17057;2.9;-52.5;9.92;0.86;Negativno;Ne
17058;1.9;-49.1;5.37;0.24;Negativno;Ne
17059;5.7;-57.5;6.68;0.59;Negativno;Ne
17060;1.9;-57.3;7.99;0.33;Negativno;Ne
17061;8.1;-56.8;6.12;0.63;Negativno;Ne
17062;2.3;-64.5;7.36;0.66;Negativno;Ne
17063;1.0;-60.8;6.97;0.55;Negativno;Ne
17064;2.2;-70.0;10.16;0.02;Negativno;Ne
17065;16.0;-48.0;6.35;0.27;Negativno;Ne
17066;5.8;-52.4;4.06;1.06;Negativno;Ne
17067;7.1;-53.6;9.34;0.61;Negativno;Ne
17068;0.7;-65.2;7.88;0.05;Negativno;Ne
17069;0.3;-52.3;9.06;0.13;Negativno;Ne
17070;2.9;-45.2;5.97;0.04;Negativno;Ne
17071;4.5;-59.1;5.14;0.68;Negativno;Ne
17072;0.5;-38.3;9.34;1.12;Negativno;Ne
17073;0.1;-46.8;8.76;0.15;Negativno;Ne
17074;7.5;-51.5;7.1;0.14;Negativno;Ne
17075;13.1;-61.5;7.31;0.35;Negativno;Ne
17076;1.2;-61.9;9.8;0.07;Negativno;Ne
17077;2.1;-48.7;5.99;0.23;Negativno;Ne
17078;4.0;-41.9;9.5;1.08;Negativno;Ne
17079;5.8;-63.4;5.26;0.91;Negativno;Ne
17080;2.3;-69.4;9.28;0.65;Negativno;Ne
17081;1.7;-56.2;7.01;0.84;Negativno;Ne
17082;7.9;-68.5;6.75;0.86;Negativno;Ne
17083;7.2;-56.2;4.94;0.7;Negativno;Ne
17084;2.2;-49.3;5.46;0.79;Negativno;Ne
17085;13.9;-76.3;6.69;0.07;Negativno;Ne
17086;1.7;-55.5;4.62;0.31;Negativno;Ne
17087;0.1;-74.9;4.21;0.94;Negativno;Ne
17088;2.3;-63.4;9.74;1.28;Negativno;Ne
17089;7.8;-70.0;12.31;0.72;Negativno;Ne
17090;3.1;-71.0;8.41;0.24;Negativno;Ne
17091;1.3;-73.2;7.61;0.17;Negativno;Ne
17092;1.4;-66.3;6.35;1.84;Negativno;Ne
17093;6.5;-58.1;8.58;0.38;Negativno;Ne
17094;6.3;-54.1;7.19;0.06;Negativno;Ne
17095;6.8;-79.5;4.64;0.42;Negativno;Ne
17096;2.5;-66.3;2.93;0.72;Negativno;Ne
17097;0.1;-71.9;8.75;0.05;Negativno;Ne
17098;2.4;-50.4;6.83;0.11;Negativno;Ne
17099;4.3;-73.1;9.37;0.3;Negativno;Ne
17100;8.7;-60.4;8.91;0.28;Negativno;Ne
17101;4.5;-49.9;4.92;0.38;Negativno;Ne
17102;2.2;-57.0;7.47;1.83;Negativno;Ne
17103;3.2;-63.6;8.27;0.02;Negativno;Ne
17104;3.3;-43.1;3.73;0.26;Negativno;Ne
17105;1.1;-55.9;10.46;0.79;Negativno;Ne
17106;3.5;-54.9;3.87;3.03;Negativno;Ne
17107;0.2;-62.0;7.09;0.46;Negativno;Ne
17108;2.3;-60.6;8.5;0.05;Negativno;Ne
17109;1.3;-65.5;11.41;0.25;Negativno;Ne
17110;4.4;-69.1;6.69;0.99;Negativno;Ne
17111;3.3;-71.0;6.45;2.42;Negativno;Ne
17112;4.7;-64.4;10.16;0.15;Negativno;Ne
17113;4.3;-65.6;7.11;1.72;Negativno;Ne
17114;1.0;-60.2;4.55;0.88;Negativno;Ne
17115;1.8;-69.2;9.56;0.56;Negativno;Ne
17116;0.3;-62.2;7.19;1.24;Negativno;Ne
17117;10.2;-68.8;5.8;0.19;Negativno;Ne
17118;3.0;-48.2;7.22;0.93;Negativno;Ne
17119;5.1;-72.4;6.69;0.6;Negativno;Ne
17120;2.9;-52.9;9.35;0.52;Negativno;Ne
17121;0.0;-61.5;7.69;1.29;Negativno;Ne
17122;3.1;-59.1;6.87;0.7;Negativno;Ne
17123;21.6;-60.9;9.81;0.33;Negativno;Ne
17124;13.7;-59.2;7.02;0.26;Negativno;Ne
17125;2.3;-67.4;7.24;0.0;Negativno;Ne
17126;9.9;-63.3;8.25;0.7;Negativno;Ne
17127;1.4;-56.7;7.38;0.55;Negativno;Ne
17128;5.6;-67.2;7.02;1.73;Negativno;Ne
17129;5.8;-65.1;9.32;0.14;Negativno;Ne
17130;0.7;-51.4;4.47;0.42;Negativno;Ne
17131;7.9;-64.9;5.89;0.11;Negativno;Ne
17132;3.3;-53.9;9.11;0.54;Negativno;Ne
17133;0.0;-44.8;6.13;0.67;Negativno;Ne
17134;6.4;-48.1;6.09;0.99;Negativno;Ne
17135;20.8;-58.5;5.37;0.17;Negativno;Ne
17136;3.1;-52.8;6.76;0.02;Negativno;Ne
17137;4.1;-68.8;7.27;0.0;Negativno;Ne
17138;2.5;-52.4;7.1;0.63;Negativno;Ne
17139;2.0;-78.9;2.87;1.33;Negativno;Ne
17140;5.5;-62.8;5.88;1.16;Negativno;Ne
17141;2.7;-67.3;6.06;0.96;Negativno;Ne
17142;1.8;-60.6;6.29;3.11;Negativno;Ne
17143;8.6;-52.0;7.53;1.4;Negativno;Ne
17144;4.6;-60.4;8.67;0.1;Negativno;Ne
17145;3.5;-58.0;6.41;0.46;Negativno;Ne
17146;10.5;-55.4;8.49;0.15;Negativno;Ne
17147;4.0;-57.9;7.02;0.97;Negativno;Ne
17148;1.5;-76.9;8.73;0.44;Negativno;Ne
17149;2.6;-55.4;5.27;0.01;Negativno;Ne
17150;0.4;-59.7;8.26;0.89;Negativno;Ne
17151;2.2;-52.1;3.04;0.01;Negativno;Ne
17152;2.5;-59.6;9.31;0.56;Negativno;Ne
17153;21.2;-61.5;7.14;0.02;Negativno;Ne
17154;5.5;-54.2;6.13;0.72;Negativno;Ne
17155;3.6;-76.9;9.49;0.19;Negativno;Ne
17156;9.4;-65.5;9.13;0.62;Negativno;Ne
17157;3.2;-43.2;4.3;0.17;Negativno;Ne
17158;2.9;-61.6;10.92;0.02;Negativno;Ne
17159;4.0;-73.7;10.03;0.16;Negativno;Ne
17160;2.0;-78.8;5.52;0.39;Negativno;Ne
17161;7.2;-67.5;10.31;0.54;Negativno;Ne
17162;7.5;-77.8;11.26;1.04;Negativno;Ne
17163;3.8;-46.6;5.45;0.91;Negativno;Ne
17164;1.0;-44.7;5.81;0.89;Negativno;Ne
17165;2.7;-60.8;2.53;0.27;Negativno;Ne
17166;4.3;-37.9;8.34;0.28;Negativno;Ne
17167;0.1;-60.8;6.35;0.25;Negativno;Ne
17168;1.0;-59.6;7.11;0.25;Negativno;Ne
17169;0.6;-64.1;9.3;0.02;Negativno;Ne
17170;5.4;-78.5;8.41;0.18;Negativno;Ne
17171;3.5;-53.5;6.51;0.04;Negativno;Ne
17172;0.9;-56.0;5.64;0.47;Negativno;Ne
17173;6.7;-56.6;7.96;0.73;Negativno;Ne
17174;1.9;-51.0;5.87;0.53;Negativno;Ne
17175;5.9;-61.9;6.26;0.83;Negativno;Ne
17176;1.4;-56.4;3.83;0.34;Negativno;Ne
17177;0.7;-36.5;3.01;0.91;Negativno;Ne
17178;0.4;-55.3;8.16;0.46;Negativno;Ne
17179;1.2;-51.1;7.91;0.34;Negativno;Ne
17180;3.8;-74.4;8.08;0.93;Negativno;Ne
17181;2.5;-66.1;5.84;0.49;Negativno;Ne
17182;2.5;-52.3;7.3;0.24;Negativno;Ne
17183;1.0;-85.0;5.97;0.11;Negativno;Ne
17184;1.5;-57.9;5.59;0.06;Negativno;Ne
17185;8.3;-64.8;4.73;0.03;Negativno;Ne
17186;0.3;-69.3;5.88;0.1;Negativno;Ne
17187;1.4;-56.0;4.77;1.08;Negativno;Ne
17188;6.3;-60.7;7.36;0.26;Negativno;Ne
17189;5.4;-49.0;4.37;0.29;Negativno;Ne
17190;1.8;-69.4;1.68;0.34;Negativno;Ne
17191;1.2;-63.8;5.4;0.61;Negativno;Ne
17192;2.7;-71.9;4.3;0.13;Negativno;Ne
17193;28.9;-50.2;6.37;0.35;Negativno;Ne
17194;0.9;-81.8;6.81;0.33;Negativno;Ne
17195;1.2;-78.8;6.77;0.63;Negativno;Ne
17196;3.6;-65.0;6.9;0.18;Negativno;Ne
17197;3.5;-60.0;6.89;1.38;Negativno;Ne
17198;2.7;-66.2;3.43;0.27;Negativno;Ne
17199;12.3;-78.7;7.84;0.15;Negativno;Ne
17200;5.7;-67.1;5.39;0.09;Negativno;Ne
17201;6.1;-63.4;7.85;0.49;Negativno;Ne
17202;5.6;-54.0;6.19;0.2;Negativno;Ne
17203;1.2;-55.3;5.73;0.49;Negativno;Ne
17204;4.0;-61.1;8.55;0.29;Negativno;Ne
17205;9.9;-70.9;7.04;0.13;Negativno;Ne
17206;5.3;-51.5;7.5;0.22;Negativno;Ne
17207;1.1;-59.9;3.5;0.7;Negativno;Ne
17208;8.7;-59.0;8.13;1.24;Negativno;Ne
17209;2.0;-63.2;5.73;0.57;Negativno;Ne
17210;0.1;-67.9;5.79;0.75;Negativno;Ne
17211;5.8;-68.2;4.88;0.0;Negativno;Ne
17212;4.3;-70.7;8.0;0.09;Pozitivno;Ne
17213;1.3;-56.0;8.61;0.05;Negativno;Ne
17214;4.6;-56.5;8.25;1.99;Negativno;Ne
17215;1.5;-59.9;4.81;0.12;Negativno;Ne
17216;2.1;-54.1;5.15;0.24;Negativno;Ne
17217;1.0;-73.8;5.27;0.26;Negativno;Ne
17218;2.0;-63.1;8.9;0.23;Negativno;Ne
17219;5.2;-55.5;5.74;0.32;Negativno;Ne
17220;8.4;-43.9;5.17;0.4;Negativno;Ne
17221;1.5;-81.3;7.29;0.17;Negativno;Ne
17222;0.3;-59.2;3.9;0.2;Negativno;Ne
17223;1.5;-56.7;8.67;0.93;Negativno;Ne
17224;0.9;-58.0;7.69;0.02;Negativno;Ne
17225;4.3;-64.6;3.7;0.29;Negativno;Ne
17226;4.0;-60.4;3.65;0.47;Negativno;Ne
17227;7.4;-57.9;8.4;1.39;Negativno;Ne
17228;3.2;-36.2;5.19;0.02;Negativno;Ne
17229;2.6;-77.3;5.89;0.36;Negativno;Ne
17230;0.7;-52.4;7.02;0.01;Negativno;Ne
17231;4.5;-65.5;9.62;0.66;Negativno;Ne
17232;2.9;-69.5;5.92;0.22;Negativno;Ne
17233;8.4;-60.8;5.85;0.02;Negativno;Ne
17234;5.0;-49.5;4.23;0.08;Negativno;Ne
17235;3.3;-76.5;6.91;0.47;Negativno;Ne
17236;2.9;-54.2;10.0;0.5;Negativno;Ne
17237;0.7;-60.7;6.22;0.59;Negativno;Ne
17238;0.6;-50.0;8.22;0.03;Negativno;Ne
17239;6.9;-68.5;8.99;0.4;Negativno;Ne
17240;4.7;-59.5;11.37;0.31;Negativno;Ne
17241;5.2;-45.5;9.75;1.21;Negativno;Ne
17242;0.6;-52.5;4.75;0.29;Negativno;Ne
17243;0.1;-72.2;8.35;0.31;Negativno;Ne
17244;16.7;-64.7;6.31;0.12;Negativno;Ne
17245;8.2;-49.2;7.49;0.4;Negativno;Ne
17246;0.1;-65.1;4.73;0.02;Negativno;Ne
17247;5.2;-56.1;9.64;1.1;Negativno;Ne
17248;1.2;-58.8;9.92;0.23;Negativno;Ne
17249;4.2;-57.4;7.63;0.21;Negativno;Ne
17250;7.4;-49.2;7.13;0.11;Pozitivno;Ne
17251;3.1;-50.3;6.08;0.16;Negativno;Ne
17252;2.1;-52.7;6.22;0.33;Negativno;Ne
17253;9.0;-57.7;8.0;0.64;Negativno;Ne
17254;4.4;-67.4;8.06;0.03;Negativno;Ne
17255;0.3;-73.7;6.82;1.1;Negativno;Ne
17256;4.3;-71.8;3.63;1.32;Negativno;Ne
17257;0.4;-72.4;4.52;0.87;Negativno;Ne
17258;6.7;-61.7;10.95;0.65;Negativno;Ne
17259;0.8;-60.5;5.79;0.02;Negativno;Ne
17260;4.9;-42.5;9.37;0.11;Negativno;Ne
17261;23.1;-37.0;4.8;2.12;Negativno;Ne
17262;2.0;-61.3;5.08;0.23;Negativno;Ne
17263;24.6;-65.2;8.9;0.22;Negativno;Ne
17264;6.9;-46.5;8.41;0.99;Negativno;Ne
17265;5.5;-49.7;7.47;0.13;Negativno;Ne
17266;3.3;-59.5;4.17;0.85;Negativno;Ne
17267;5.6;-60.4;8.16;0.57;Negativno;Ne
17268;1.7;-79.6;6.58;0.31;Negativno;Ne
17269;1.6;-51.2;5.94;0.03;Negativno;Ne
17270;3.8;-63.5;7.93;0.21;Negativno;Ne
17271;4.4;-38.3;8.88;0.12;Negativno;Ne
17272;3.0;-71.3;3.02;0.23;Negativno;Ne
17273;3.8;-56.7;6.9;0.03;Negativno;Ne
17274;5.0;-61.6;8.01;0.45;Negativno;Ne
17275;1.3;-51.3;8.17;0.71;Negativno;Ne
17276;3.6;-54.8;6.32;1.25;Negativno;Ne
17277;0.6;-51.5;3.12;0.48;Negativno;Ne
17278;3.5;-78.7;7.56;0.08;Negativno;Ne
17279;1.7;-58.9;3.78;0.38;Negativno;Ne
17280;0.3;-65.0;6.37;0.23;Negativno;Ne
17281;0.6;-61.8;5.97;0.8;Negativno;Ne
17282;4.8;-55.2;4.08;0.2;Negativno;Ne
17283;0.1;-48.2;6.02;0.26;Negativno;Ne
17284;0.4;-50.0;7.14;0.72;Negativno;Ne
17285;0.2;-62.5;8.42;0.46;Negativno;Ne
17286;16.4;-66.9;5.36;0.2;Negativno;Ne
17287;13.6;-66.6;10.06;0.0;Negativno;Ne
17288;16.5;-59.9;6.14;0.72;Negativno;Ne
17289;4.5;-61.2;8.57;0.02;Negativno;Ne
17290;31.5;-47.0;3.83;0.14;Negativno;Ne
17291;3.8;-49.6;5.48;0.26;Negativno;Ne
17292;2.6;-69.7;8.27;0.39;Negativno;Ne
17293;25.1;-56.6;8.34;0.95;Negativno;Ne
17294;0.1;-70.5;6.87;2.03;Negativno;Ne
17295;2.4;-69.2;6.61;1.1;Negativno;Ne
17296;0.1;-74.1;5.24;0.31;Negativno;Ne
17297;5.0;-63.0;5.82;0.02;Negativno;Ne
17298;13.5;-44.2;4.9;1.43;Negativno;Ne
17299;2.8;-61.5;8.27;0.21;Negativno;Ne
17300;5.1;-48.0;6.69;0.24;Negativno;Ne
17301;13.9;-57.2;10.78;0.28;Negativno;Ne
17302;1.3;-45.9;9.56;0.07;Negativno;Ne
17303;11.3;-57.8;7.14;0.09;Negativno;Ne
17304;2.7;-50.9;10.41;0.07;Negativno;Ne
17305;7.7;-52.9;7.4;0.34;Negativno;Ne
17306;4.2;-67.4;4.23;0.0;Negativno;Ne
17307;3.1;-49.4;6.34;0.03;Negativno;Ne
17308;0.1;-56.8;6.12;0.08;Negativno;Ne
17309;9.2;-41.6;11.13;1.05;Negativno;Ne
17310;11.0;-49.5;7.33;2.51;Negativno;Ne
17311;16.7;-58.1;8.66;0.83;Negativno;Ne
17312;4.2;-40.9;9.41;0.69;Negativno;Ne
17313;5.8;-68.8;4.76;0.54;Negativno;Ne
17314;0.6;-66.0;5.78;0.52;Negativno;Ne
17315;0.8;-59.6;10.66;0.03;Negativno;Ne
17316;0.8;-61.7;6.72;1.66;Negativno;Ne
17317;0.3;-56.6;11.72;0.6;Negativno;Ne
17318;1.2;-59.6;6.01;0.31;Negativno;Ne
17319;3.7;-73.2;6.17;0.71;Negativno;Ne
17320;10.5;-58.7;7.71;0.43;Negativno;Ne
17321;18.6;-63.0;8.01;0.03;Negativno;Ne
17322;0.1;-70.9;10.66;1.24;Negativno;Ne
17323;13.3;-51.8;5.05;0.19;Negativno;Ne
17324;4.7;-65.4;7.6;0.04;Negativno;Ne
17325;4.7;-71.1;7.46;0.09;Negativno;Ne
17326;13.7;-53.7;5.25;0.59;Negativno;Ne
17327;10.4;-72.9;8.74;0.52;Negativno;Ne
17328;0.1;-62.0;3.37;0.58;Negativno;Ne
17329;2.0;-55.3;8.49;0.41;Negativno;Ne
17330;1.4;-56.6;4.67;0.19;Negativno;Ne
17331;0.8;-38.7;3.77;0.34;Negativno;Ne
17332;9.9;-67.6;3.64;0.17;Negativno;Ne
17333;2.3;-58.9;7.95;0.05;Pozitivno;Ne
17334;0.9;-62.1;4.31;0.21;Negativno;Ne
17335;2.6;-43.4;8.02;0.76;Negativno;Ne
17336;1.5;-57.0;5.06;0.76;Negativno;Ne
17337;2.3;-52.4;6.73;0.29;Negativno;Ne
17338;8.5;-68.3;6.42;0.34;Negativno;Ne
17339;0.1;-69.9;8.84;1.12;Negativno;Ne
17340;0.5;-69.4;7.95;0.34;Negativno;Ne
17341;2.6;-61.7;8.38;0.13;Negativno;Ne
17342;1.6;-63.1;6.9;1.04;Negativno;Ne
17343;5.4;-62.5;10.82;0.15;Negativno;Ne
17344;4.5;-64.8;7.14;0.25;Negativno;Ne
17345;0.0;-65.6;8.33;0.29;Negativno;Ne
17346;3.1;-47.6;8.6;1.01;Negativno;Ne
17347;0.2;-70.7;7.05;0.45;Negativno;Ne
17348;5.4;-78.9;3.21;0.13;Negativno;Ne
17349;3.7;-47.5;7.62;0.91;Negativno;Ne
17350;3.4;-47.0;4.0;1.76;Negativno;Ne
17351;0.7;-48.1;7.58;0.39;Negativno;Ne
17352;3.5;-62.4;7.94;0.96;Negativno;Ne
17353;11.1;-59.0;6.04;0.44;Negativno;Ne
17354;14.7;-65.3;5.82;0.61;Negativno;Ne
17355;8.6;-85.0;8.93;0.06;Negativno;Ne
17356;20.7;-65.2;4.94;0.63;Negativno;Ne
17357;3.0;-61.1;8.58;0.33;Negativno;Ne
17358;0.4;-64.7;8.9;0.54;Negativno;Ne
17359;4.5;-50.0;8.2;0.59;Negativno;Ne
17360;1.6;-42.9;4.87;0.88;Negativno;Ne
17361;7.7;-51.9;6.8;0.03;Negativno;Ne
17362;5.7;-60.2;10.29;0.04;Negativno;Ne
17363;0.9;-97.2;7.33;0.03;Negativno;Ne
17364;11.0;-53.6;6.57;0.06;Negativno;Ne
17365;6.0;-57.0;4.48;0.07;Negativno;Ne
17366;5.0;-52.9;6.74;0.16;Negativno;Ne
17367;1.7;-60.0;7.48;0.13;Negativno;Ne
17368;3.1;-43.5;7.09;1.25;Negativno;Ne
17369;0.0;-59.4;3.62;0.98;Negativno;Ne
17370;0.2;-46.5;7.8;0.11;Negativno;Ne
17371;1.8;-45.0;9.62;0.88;Negativno;Ne
17372;0.3;-69.8;7.32;0.32;Negativno;Ne
17373;2.2;-47.2;3.49;0.98;Negativno;Ne
17374;12.3;-59.0;5.99;0.54;Negativno;Ne
17375;7.3;-53.2;6.83;1.06;Negativno;Ne
17376;4.0;-55.5;9.15;0.25;Negativno;Ne
17377;8.0;-64.1;8.25;1.0;Negativno;Ne
17378;5.3;-52.1;8.64;0.92;Negativno;Ne
17379;3.1;-64.0;4.5;1.06;Negativno;Ne
17380;17.3;-81.9;9.39;0.17;Negativno;Ne
17381;3.7;-63.1;6.11;2.67;Negativno;Ne
17382;11.5;-46.3;6.8;0.03;Negativno;Ne
17383;0.7;-64.9;6.29;2.04;Negativno;Ne
17384;1.1;-64.3;8.26;0.36;Negativno;Ne
17385;1.5;-57.1;6.92;0.1;Negativno;Ne
17386;1.0;-67.6;6.76;0.06;Negativno;Ne
17387;0.9;-67.2;8.89;0.07;Negativno;Ne
17388;1.0;-64.0;3.44;0.18;Negativno;Ne
17389;5.0;-60.5;4.9;0.25;Negativno;Ne
17390;2.9;-70.7;5.56;0.17;Negativno;Ne
17391;3.1;-54.5;5.72;2.37;Negativno;Ne
17392;0.6;-64.4;6.99;0.28;Negativno;Ne
17393;8.9;-67.7;7.1;0.01;Negativno;Ne
17394;0.6;-67.0;6.22;0.18;Negativno;Ne
17395;0.9;-77.2;10.22;0.2;Negativno;Ne
17396;12.6;-73.4;7.73;0.01;Negativno;Ne
17397;4.7;-69.5;5.33;0.31;Negativno;Ne
17398;1.0;-48.4;7.06;1.61;Negativno;Ne
17399;1.6;-56.4;6.79;0.05;Negativno;Ne
17400;2.1;-47.0;4.4;1.3;Negativno;Ne
17401;10.0;-59.9;10.69;1.59;Negativno;Ne
17402;9.4;-58.3;9.35;0.7;Negativno;Ne
17403;8.8;-74.3;2.14;0.75;Negativno;Ne
17404;0.9;-67.0;4.84;0.19;Negativno;Ne
17405;5.0;-66.4;9.86;0.06;Negativno;Ne
17406;10.8;-59.0;5.14;0.68;Negativno;Ne
17407;0.0;-69.1;5.26;0.49;Negativno;Ne
17408;15.7;-70.4;7.81;0.16;Negativno;Ne
17409;2.4;-69.4;5.15;0.58;Negativno;Ne
17410;0.8;-54.9;3.7;1.06;Negativno;Ne
17411;1.7;-51.2;6.25;0.06;Negativno;Ne
17412;6.3;-58.8;6.27;0.04;Negativno;Ne
17413;1.5;-49.1;4.13;0.46;Negativno;Ne
17414;15.8;-38.6;7.64;0.59;Negativno;Ne
17415;2.2;-78.8;7.81;1.44;Negativno;Ne
17416;2.3;-45.8;6.55;0.89;Negativno;Ne
17417;4.0;-75.9;7.81;2.11;Negativno;Ne
17418;1.9;-52.3;7.55;0.22;Negativno;Ne
17419;1.6;-48.4;6.82;2.77;Negativno;Ne
17420;1.3;-82.9;5.76;0.74;Negativno;Ne
17421;3.9;-44.8;8.46;0.07;Negativno;Ne
17422;4.2;-62.4;7.07;0.41;Negativno;Ne
17423;9.0;-52.7;7.81;0.05;Negativno;Ne
17424;1.0;-57.6;7.13;0.02;Negativno;Ne
17425;1.3;-55.6;8.92;0.4;Negativno;Ne
17426;3.0;-54.0;7.68;0.59;Negativno;Ne
17427;6.5;-55.5;6.22;0.87;Negativno;Ne
17428;10.2;-59.1;4.97;0.24;Negativno;Ne
17429;2.0;-52.7;7.38;0.44;Negativno;Ne
17430;3.5;-48.8;7.31;0.48;Negativno;Ne
17431;0.8;-55.7;6.05;0.64;Negativno;Ne
17432;4.8;-63.2;8.27;0.86;Negativno;Ne
17433;1.9;-58.1;8.13;0.71;Negativno;Ne
17434;8.5;-56.7;10.2;0.04;Negativno;Ne
17435;1.8;-49.6;7.41;0.4;Negativno;Ne
17436;0.1;-69.5;3.47;0.29;Negativno;Ne
17437;13.3;-57.4;8.01;1.98;Negativno;Ne
17438;5.4;-69.8;8.51;0.64;Negativno;Ne
17439;6.9;-64.6;8.32;0.86;Negativno;Ne
17440;0.6;-53.3;6.45;0.1;Negativno;Ne
17441;4.3;-63.8;9.75;0.54;Negativno;Ne
17442;0.3;-69.5;6.67;0.33;Negativno;Ne
17443;0.1;-45.2;4.78;1.14;Negativno;Ne
17444;12.8;-62.1;9.44;0.06;Negativno;Ne
17445;1.3;-77.7;6.6;0.22;Negativno;Ne
17446;2.9;-73.4;6.34;0.66;Negativno;Ne
17447;3.1;-57.0;6.95;0.16;Negativno;Ne
17448;3.2;-49.6;8.46;0.31;Negativno;Ne
17449;11.2;-63.3;6.75;1.91;Negativno;Ne
17450;0.4;-44.0;6.02;0.92;Negativno;Ne
17451;5.7;-58.6;8.6;0.12;Negativno;Ne
17452;5.9;-55.7;5.6;0.48;Negativno;Ne
17453;0.1;-60.8;6.92;0.4;Negativno;Ne
17454;6.6;-79.4;7.77;0.59;Negativno;Ne
17455;1.4;-38.8;7.71;0.12;Negativno;Ne
17456;10.0;-56.3;7.65;0.01;Negativno;Ne
17457;12.4;-65.1;6.58;0.17;Negativno;Ne
17458;1.5;-44.8;6.1;0.57;Negativno;Ne
17459;10.3;-58.3;6.75;0.46;Negativno;Ne
17460;2.9;-62.3;5.74;0.33;Negativno;Ne
17461;2.8;-66.4;7.68;0.01;Negativno;Ne
17462;8.5;-45.1;6.58;0.48;Negativno;Ne
17463;1.9;-57.3;2.55;0.75;Negativno;Ne
17464;1.1;-54.9;6.8;0.52;Negativno;Ne
17465;1.2;-68.4;8.54;2.34;Negativno;Ne
17466;10.8;-58.9;8.79;0.64;Negativno;Ne
17467;7.1;-60.1;9.4;0.01;Negativno;Ne
17468;1.1;-79.4;7.29;0.01;Negativno;Ne
17469;0.0;-52.1;6.2;0.2;Negativno;Ne
17470;0.1;-42.7;6.81;2.23;Negativno;Ne
17471;7.2;-61.5;4.77;0.04;Negativno;Ne
17472;3.1;-58.7;9.08;0.0;Negativno;Ne
17473;0.1;-63.4;5.25;0.0;Negativno;Ne
17474;5.3;-53.4;6.98;0.08;Negativno;Ne
17475;3.3;-67.5;8.95;1.43;Negativno;Ne
17476;6.7;-62.5;3.39;0.27;Negativno;Ne
17477;12.7;-60.7;7.1;0.02;Negativno;Ne
17478;1.3;-56.2;7.52;0.16;Negativno;Ne
17479;0.7;-58.3;7.41;0.16;Negativno;Ne
17480;0.3;-69.8;7.0;0.36;Negativno;Ne
17481;4.8;-62.2;6.61;0.07;Negativno;Ne
17482;0.3;-59.4;5.23;0.05;Negativno;Ne
17483;9.3;-55.9;9.64;0.13;Negativno;Ne
17484;1.5;-31.2;3.78;0.07;Negativno;Ne
17485;0.7;-55.2;8.55;0.13;Negativno;Ne
17486;2.8;-53.1;8.53;0.15;Negativno;Ne
17487;5.5;-82.5;5.8;0.94;Negativno;Ne
17488;1.9;-64.3;3.28;0.41;Negativno;Ne
17489;8.1;-64.7;7.35;0.73;Negativno;Ne
17490;5.2;-59.4;6.95;1.85;Negativno;Ne
17491;1.3;-45.3;7.51;0.07;Negativno;Ne
17492;4.6;-52.4;5.33;0.77;Negativno;Ne
17493;13.1;-54.6;4.82;0.43;Negativno;Ne
17494;7.3;-47.3;7.58;0.38;Negativno;Ne
17495;2.5;-64.5;4.23;0.33;Negativno;Ne
17496;3.4;-49.3;6.97;0.2;Negativno;Ne
17497;3.8;-59.0;10.65;0.26;Negativno;Ne
17498;8.4;-55.7;5.42;0.15;Pozitivno;Ne
17499;3.3;-55.3;4.97;0.21;Negativno;Ne
17500;2.3;-62.2;8.11;0.47;Negativno;Ne
17501;4.2;-48.4;4.87;0.65;Negativno;Ne
17502;7.4;-61.9;1.24;0.36;Negativno;Ne
17503;0.4;-50.1;8.79;0.11;Negativno;Ne
17504;7.2;-55.7;8.7;0.29;Negativno;Ne
17505;0.7;-45.1;9.7;0.27;Negativno;Ne
17506;0.6;-49.4;9.28;0.38;Negativno;Ne
17507;0.1;-56.1;6.09;0.53;Negativno;Ne
17508;11.4;-67.3;7.63;0.26;Negativno;Ne
17509;16.3;-67.0;10.01;0.09;Negativno;Ne
17510;3.4;-69.1;4.1;0.6;Negativno;Ne
17511;6.3;-68.4;4.14;0.24;Negativno;Ne
17512;4.7;-73.1;7.71;0.36;Negativno;Ne
17513;5.7;-50.7;7.18;0.13;Negativno;Ne
17514;12.0;-59.2;9.54;0.0;Negativno;Ne
17515;3.1;-79.6;7.7;0.3;Negativno;Ne
17516;45.1;-72.3;8.33;0.24;Negativno;Ne
17517;1.2;-57.4;10.79;0.21;Negativno;Ne
17518;0.4;-38.6;7.52;0.84;Negativno;Ne
17519;2.9;-67.1;8.95;0.51;Negativno;Ne
17520;2.0;-39.5;5.86;0.51;Negativno;Ne
17521;3.0;-54.9;4.82;1.3;Negativno;Ne
17522;0.1;-61.4;6.39;0.78;Negativno;Ne
17523;2.1;-64.9;8.53;0.18;Negativno;Ne
17524;3.3;-72.2;3.75;0.88;Negativno;Ne
17525;5.6;-45.6;8.89;0.29;Negativno;Ne
17526;4.8;-58.4;6.62;0.18;Negativno;Ne
17527;3.9;-59.8;8.02;0.39;Negativno;Ne
17528;0.6;-67.7;10.49;0.53;Negativno;Ne
17529;0.2;-51.6;6.69;0.05;Negativno;Ne
17530;1.8;-54.1;8.92;0.3;Negativno;Ne
17531;14.0;-53.1;6.93;0.0;Negativno;Ne
17532;0.6;-59.7;8.93;1.95;Negativno;Ne
17533;1.6;-50.6;5.58;0.3;Negativno;Ne
17534;0.2;-46.1;4.4;0.48;Negativno;Ne
17535;2.3;-62.2;10.25;0.88;Negativno;Ne
17536;18.3;-53.8;3.63;0.61;Negativno;Ne
17537;11.5;-49.5;5.23;1.33;Negativno;Ne
17538;4.0;-64.4;4.61;0.61;Negativno;Ne
17539;5.3;-81.4;9.46;0.14;Negativno;Ne
17540;2.1;-48.3;6.13;0.77;Negativno;Ne
17541;5.0;-52.2;5.47;0.26;Negativno;Ne
17542;1.9;-57.2;5.85;0.35;Negativno;Ne
17543;8.4;-74.3;6.56;0.04;Negativno;Ne
17544;4.2;-59.1;6.88;0.16;Negativno;Ne
17545;2.0;-50.1;7.46;0.06;Negativno;Ne
17546;10.0;-54.8;9.45;0.36;Negativno;Ne
17547;0.7;-69.9;10.22;0.72;Negativno;Ne
17548;1.5;-46.4;7.87;0.19;Negativno;Ne
17549;4.0;-61.1;4.83;0.42;Negativno;Ne
17550;9.1;-74.4;1.98;1.03;Negativno;Ne
17551;1.7;-52.2;5.01;0.01;Negativno;Ne
17552;4.4;-59.6;10.24;0.45;Negativno;Ne
17553;8.4;-42.7;6.98;0.62;Negativno;Ne
17554;0.9;-62.7;9.01;0.75;Negativno;Ne
17555;0.4;-45.0;6.02;0.07;Negativno;Ne
17556;8.2;-60.7;4.07;1.22;Negativno;Ne
17557;2.3;-53.6;6.21;1.68;Negativno;Ne
17558;16.0;-77.0;7.98;0.14;Negativno;Ne
17559;5.7;-71.6;5.63;0.08;Negativno;Ne
17560;6.3;-54.2;7.85;0.62;Negativno;Ne
17561;10.2;-70.7;9.57;0.35;Negativno;Ne
17562;8.2;-71.9;11.11;0.13;Negativno;Ne
17563;4.8;-69.4;6.97;0.69;Negativno;Ne
17564;1.3;-72.3;2.63;0.27;Negativno;Ne
17565;18.2;-66.3;7.07;0.47;Negativno;Ne
17566;3.8;-62.3;10.02;1.3;Negativno;Ne
17567;3.9;-41.8;7.74;0.33;Negativno;Ne
17568;0.5;-54.0;9.21;0.35;Negativno;Ne
17569;3.5;-66.0;11.36;0.74;Negativno;Ne
17570;7.2;-69.4;7.96;0.13;Negativno;Ne
17571;3.6;-52.7;7.77;0.9;Negativno;Ne
17572;3.7;-27.5;9.62;3.8;Negativno;Ne
17573;10.6;-54.8;7.28;0.32;Negativno;Ne
17574;8.9;-75.9;4.11;0.98;Negativno;Ne
17575;6.5;-61.7;9.59;0.48;Negativno;Ne
17576;3.7;-78.6;9.73;0.88;Negativno;Ne
17577;15.1;-60.9;8.26;0.19;Negativno;Ne
17578;1.7;-52.5;7.39;0.32;Negativno;Ne
17579;11.6;-57.7;6.87;0.17;Negativno;Ne
17580;6.4;-61.8;8.76;0.75;Negativno;Ne
17581;3.4;-69.4;8.98;0.12;Negativno;Ne
17582;1.0;-56.6;5.19;0.33;Negativno;Ne
17583;2.7;-64.6;10.2;0.35;Negativno;Ne
17584;5.5;-52.6;8.82;0.8;Negativno;Ne
17585;1.1;-63.9;3.36;0.35;Negativno;Ne
17586;0.5;-59.6;13.12;0.4;Negativno;Ne
17587;1.9;-63.3;6.19;0.44;Negativno;Ne
17588;1.3;-74.8;9.28;1.03;Negativno;Ne
17589;1.5;-44.4;5.38;0.86;Negativno;Ne
17590;1.0;-34.0;5.99;1.12;Negativno;Ne
17591;4.1;-67.6;7.71;0.66;Negativno;Ne
17592;0.1;-55.2;7.18;0.63;Negativno;Ne
17593;0.9;-52.4;5.32;0.53;Negativno;Ne
17594;1.2;-61.5;6.52;0.08;Negativno;Ne
17595;1.9;-52.0;7.21;1.07;Negativno;Ne
17596;2.5;-57.8;4.46;1.25;Negativno;Ne
17597;7.9;-71.2;6.92;0.85;Negativno;Ne
17598;12.8;-70.4;8.74;1.15;Negativno;Ne
17599;0.7;-57.8;5.77;0.23;Negativno;Ne
17600;5.0;-52.0;7.98;0.89;Negativno;Ne
17601;3.1;-52.0;6.5;0.01;Negativno;Ne
17602;7.2;-54.6;7.87;0.0;Negativno;Ne
17603;1.0;-59.1;8.51;0.24;Negativno;Ne
17604;0.1;-54.9;6.09;0.07;Negativno;Ne
17605;5.1;-61.0;7.48;1.24;Negativno;Ne
17606;1.2;-72.8;7.06;0.11;Negativno;Ne
17607;0.1;-56.1;8.0;0.5;Negativno;Ne
17608;2.6;-48.4;6.14;0.48;Negativno;Ne
17609;2.8;-61.1;5.54;0.18;Negativno;Ne
17610;3.9;-65.3;9.42;0.04;Negativno;Ne
17611;3.0;-56.3;7.71;0.04;Negativno;Ne
17612;3.5;-54.6;2.57;0.34;Negativno;Ne
17613;2.8;-65.9;7.7;0.11;Negativno;Ne
17614;2.3;-53.8;10.07;0.33;Negativno;Ne
17615;1.0;-71.2;8.6;0.48;Negativno;Ne
17616;5.7;-64.9;3.91;1.08;Negativno;Ne
17617;6.3;-51.8;7.04;0.37;Negativno;Ne
17618;4.7;-63.8;8.23;0.02;Negativno;Ne
17619;2.1;-31.1;7.97;0.14;Negativno;Ne
17620;0.1;-70.9;6.2;0.21;Negativno;Ne
17621;5.6;-82.4;4.61;0.04;Negativno;Ne
17622;8.1;-67.1;8.34;0.29;Negativno;Ne
17623;0.2;-77.6;6.26;0.15;Negativno;Ne
17624;0.9;-62.9;9.01;0.85;Negativno;Ne
17625;18.1;-66.4;10.23;0.78;Negativno;Ne
17626;15.3;-74.7;10.07;0.35;Negativno;Ne
17627;8.5;-60.0;5.92;0.57;Negativno;Ne
17628;2.3;-45.4;6.73;0.31;Negativno;Ne
17629;11.3;-44.1;8.71;1.69;Negativno;Ne
17630;3.4;-60.7;6.11;0.16;Negativno;Ne
17631;0.7;-64.3;6.64;0.7;Negativno;Ne
17632;4.5;-61.2;5.89;0.15;Negativno;Ne
17633;5.0;-67.1;4.47;0.79;Negativno;Ne
17634;1.8;-64.9;7.84;0.23;Pozitivno;Ne
17635;0.2;-71.8;8.97;0.24;Negativno;Ne
17636;0.2;-46.2;5.66;0.0;Negativno;Ne
17637;1.2;-62.8;5.17;1.83;Negativno;Ne
17638;18.9;-58.5;6.62;0.11;Negativno;Ne
17639;3.1;-69.5;8.77;0.4;Negativno;Ne
17640;4.6;-73.5;8.24;0.35;Negativno;Ne
17641;4.3;-59.6;7.59;0.27;Negativno;Ne
17642;1.3;-71.1;7.83;1.21;Negativno;Ne
17643;1.3;-41.0;5.9;0.07;Negativno;Ne
17644;0.9;-60.4;6.55;0.13;Negativno;Ne
17645;21.2;-62.0;6.82;0.28;Negativno;Ne
17646;7.4;-69.5;9.34;0.69;Negativno;Ne
17647;1.2;-58.8;3.79;0.85;Negativno;Ne
17648;13.1;-55.6;6.65;0.2;Negativno;Ne
17649;2.9;-56.6;6.95;0.06;Negativno;Ne
17650;2.5;-52.2;7.67;0.41;Negativno;Ne
17651;3.7;-47.2;6.54;1.72;Negativno;Ne
17652;13.9;-73.2;2.95;0.02;Negativno;Ne
17653;8.8;-81.3;11.24;0.77;Negativno;Ne
17654;9.6;-66.1;9.45;0.2;Negativno;Ne
17655;10.7;-58.3;6.77;0.07;Negativno;Ne
17656;13.0;-64.3;4.3;0.36;Negativno;Ne
17657;0.7;-60.7;7.86;0.37;Negativno;Ne
17658;22.4;-59.9;10.5;0.11;Negativno;Ne
17659;0.1;-69.5;7.47;1.85;Negativno;Ne
17660;1.3;-59.8;6.16;0.17;Negativno;Ne
17661;1.3;-81.1;5.48;1.54;Negativno;Ne
17662;2.5;-54.8;4.21;0.65;Negativno;Ne
17663;8.6;-57.2;6.71;3.41;Negativno;Ne
17664;2.2;-71.0;8.05;0.15;Negativno;Ne
17665;3.3;-59.9;8.22;1.55;Negativno;Ne
17666;2.9;-76.3;3.27;1.99;Negativno;Ne
17667;12.5;-65.6;8.61;0.47;Negativno;Ne
17668;1.5;-54.0;9.3;1.54;Negativno;Ne
17669;0.6;-40.4;6.81;0.13;Negativno;Ne
17670;10.5;-53.3;8.16;0.14;Negativno;Ne
17671;0.7;-70.8;6.34;1.15;Negativno;Ne
17672;1.7;-51.5;3.03;0.83;Negativno;Ne
17673;10.6;-65.1;9.05;0.81;Negativno;Ne
17674;3.8;-62.1;5.67;1.62;Negativno;Ne
17675;6.7;-50.7;11.68;0.61;Negativno;Ne
17676;7.6;-38.0;5.56;0.52;Negativno;Ne
17677;9.0;-60.3;9.48;0.43;Negativno;Ne
17678;0.4;-58.1;6.36;0.09;Negativno;Ne
17679;1.3;-60.0;7.76;1.28;Negativno;Ne
17680;4.5;-73.8;10.09;0.32;Negativno;Ne
17681;5.7;-73.3;4.46;0.21;Negativno;Ne
17682;2.8;-70.5;8.14;0.33;Negativno;Ne
17683;2.8;-62.7;8.2;0.16;Negativno;Ne
17684;1.3;-70.9;6.43;0.08;Negativno;Ne
17685;17.0;-57.4;7.76;0.5;Negativno;Ne
17686;14.6;-63.0;11.21;0.05;Negativno;Ne
17687;6.7;-57.2;8.87;0.25;Negativno;Ne
17688;6.1;-56.1;7.02;0.88;Negativno;Ne
17689;2.9;-71.7;8.42;0.18;Negativno;Ne
17690;5.1;-50.4;6.32;0.57;Negativno;Ne
17691;2.4;-59.2;9.16;0.04;Negativno;Ne
17692;0.3;-55.8;5.87;0.31;Negativno;Ne
17693;2.8;-64.5;3.49;1.74;Negativno;Ne
17694;9.8;-59.4;5.82;0.32;Negativno;Ne
17695;1.5;-56.4;4.54;0.74;Negativno;Ne
17696;13.8;-58.5;7.77;0.72;Negativno;Ne
17697;0.6;-79.5;9.57;1.18;Negativno;Ne
17698;2.2;-54.1;8.01;0.58;Negativno;Ne
17699;0.4;-56.2;6.26;0.15;Negativno;Ne
17700;16.5;-54.4;5.93;0.47;Negativno;Ne
17701;5.5;-66.7;5.52;0.62;Negativno;Ne
17702;0.1;-45.6;10.5;0.41;Negativno;Ne
17703;1.4;-71.0;7.53;0.8;Negativno;Ne
17704;4.3;-51.2;9.48;0.9;Negativno;Ne
17705;2.1;-37.9;10.25;0.16;Negativno;Ne
17706;5.8;-54.5;9.51;0.39;Negativno;Ne
17707;11.6;-65.8;7.39;0.12;Negativno;Ne
17708;3.1;-69.3;7.85;1.03;Negativno;Ne
17709;4.9;-44.9;7.08;1.42;Negativno;Ne
17710;9.0;-64.7;4.5;0.34;Negativno;Ne
17711;3.2;-56.6;8.91;1.7;Negativno;Ne
17712;3.7;-78.8;3.74;0.9;Negativno;Ne
17713;1.8;-71.5;2.48;0.21;Negativno;Ne
17714;6.8;-62.8;5.7;0.1;Negativno;Ne
17715;0.9;-63.6;7.08;0.09;Negativno;Ne
17716;22.1;-68.0;6.29;0.35;Negativno;Ne
17717;2.9;-56.5;4.99;1.4;Negativno;Ne
17718;0.1;-68.2;7.05;0.26;Negativno;Ne
17719;9.2;-50.5;6.21;0.42;Negativno;Ne
17720;2.4;-56.8;7.01;0.16;Negativno;Ne
17721;1.7;-60.4;5.39;0.03;Negativno;Ne
17722;1.6;-74.8;6.46;0.22;Negativno;Ne
17723;11.2;-66.7;7.43;0.24;Negativno;Ne
17724;2.0;-51.2;5.46;0.07;Negativno;Ne
17725;0.8;-40.1;3.46;1.36;Negativno;Ne
17726;2.5;-58.9;7.92;0.41;Negativno;Ne
17727;9.2;-47.1;5.81;0.06;Negativno;Ne
17728;0.8;-43.1;8.53;1.53;Negativno;Ne
17729;1.2;-63.6;6.13;0.12;Negativno;Ne
17730;1.9;-53.8;6.24;0.2;Negativno;Ne
17731;5.9;-67.8;7.9;0.75;Negativno;Ne
17732;2.2;-63.4;7.7;0.04;Negativno;Ne
17733;21.0;-45.6;6.24;0.06;Negativno;Ne
17734;3.3;-39.6;8.0;0.66;Negativno;Ne
17735;2.0;-57.3;4.67;0.01;Negativno;Ne
17736;5.1;-78.7;8.59;0.28;Negativno;Ne
17737;0.3;-66.0;4.13;1.2;Negativno;Ne
17738;9.8;-70.7;7.43;0.12;Negativno;Ne
17739;17.3;-57.6;5.64;0.16;Negativno;Ne
17740;9.9;-54.6;3.82;1.66;Negativno;Ne
17741;4.4;-70.5;7.06;0.04;Negativno;Ne
17742;3.7;-70.1;7.06;0.17;Negativno;Ne
17743;1.8;-61.1;6.69;0.79;Negativno;Ne
17744;1.5;-70.6;5.67;0.21;Negativno;Ne
17745;3.6;-69.1;8.6;0.09;Negativno;Ne
17746;5.2;-68.7;4.38;0.02;Negativno;Ne
17747;5.5;-64.6;3.45;0.12;Negativno;Ne
17748;8.4;-51.8;5.8;0.14;Negativno;Ne
17749;6.5;-64.8;7.87;1.11;Negativno;Ne
17750;7.5;-38.8;6.84;0.45;Negativno;Ne
17751;16.6;-45.7;5.84;0.32;Negativno;Ne
17752;15.9;-32.8;7.35;0.17;Negativno;Ne
17753;5.0;-68.8;6.14;2.28;Negativno;Ne
17754;2.6;-49.6;6.88;0.39;Negativno;Ne
17755;29.0;-48.5;7.76;1.3;Negativno;Ne
17756;13.0;-79.6;5.67;1.1;Negativno;Ne
17757;8.9;-80.6;9.05;0.24;Negativno;Ne
17758;2.2;-64.9;6.72;0.13;Negativno;Ne
17759;3.0;-45.8;8.5;0.24;Negativno;Ne
17760;9.9;-57.7;9.24;0.03;Negativno;Ne
17761;1.4;-82.9;5.87;0.52;Negativno;Ne
17762;2.4;-70.9;7.35;0.44;Negativno;Ne
17763;5.0;-70.5;8.89;0.33;Negativno;Ne
17764;4.8;-44.6;8.57;0.24;Negativno;Ne
17765;6.1;-56.0;7.05;0.01;Negativno;Ne
17766;7.2;-67.9;5.79;0.97;Negativno;Ne
17767;7.1;-53.7;7.29;0.29;Negativno;Ne
17768;3.5;-60.4;4.55;0.43;Negativno;Ne
17769;9.4;-74.3;6.19;0.78;Negativno;Ne
17770;17.2;-52.1;7.24;1.05;Negativno;Ne
17771;1.5;-64.3;7.86;1.66;Negativno;Ne
17772;1.7;-79.1;6.69;0.19;Negativno;Ne
17773;2.7;-65.5;10.05;0.32;Negativno;Ne
17774;2.3;-68.6;7.49;0.55;Negativno;Ne
17775;3.4;-35.2;6.62;0.69;Negativno;Ne
17776;8.3;-37.3;8.14;0.99;Negativno;Ne
17777;3.3;-74.9;5.95;0.86;Negativno;Ne
17778;12.0;-67.4;3.54;0.66;Negativno;Ne
17779;5.4;-67.9;8.43;0.65;Negativno;Ne
17780;2.0;-71.9;8.13;1.01;Negativno;Ne
17781;3.7;-65.2;7.55;1.03;Negativno;Ne
17782;2.4;-63.3;8.01;0.03;Negativno;Ne
17783;14.4;-75.2;5.97;0.0;Negativno;Ne
17784;1.3;-85.8;5.21;0.02;Negativno;Ne
17785;1.8;-61.8;9.83;0.09;Negativno;Ne
17786;17.7;-47.8;7.37;0.16;Negativno;Ne
17787;5.8;-61.6;8.25;1.03;Negativno;Ne
17788;6.0;-54.2;6.47;0.1;Negativno;Ne
17789;5.3;-48.4;4.86;0.41;Negativno;Ne
17790;4.5;-62.5;8.29;0.08;Negativno;Ne
17791;7.1;-73.3;6.71;0.36;Negativno;Ne
17792;4.1;-43.5;10.12;0.43;Negativno;Ne
17793;2.1;-61.0;5.89;0.03;Negativno;Ne
17794;8.6;-54.5;8.14;0.29;Negativno;Ne
17795;1.2;-61.6;7.59;0.73;Negativno;Ne
17796;3.5;-48.9;9.44;0.21;Negativno;Ne
17797;1.6;-65.9;5.01;0.38;Negativno;Ne
17798;3.1;-76.4;10.69;0.12;Negativno;Ne
17799;5.4;-55.5;7.85;0.19;Negativno;Ne
17800;2.7;-59.7;7.26;0.06;Negativno;Ne
17801;9.1;-84.2;4.91;0.1;Negativno;Ne
17802;3.3;-33.8;4.41;0.82;Negativno;Ne
17803;2.4;-68.7;5.52;0.01;Negativno;Ne
17804;11.1;-80.1;7.33;0.34;Negativno;Ne
17805;5.2;-58.0;7.18;0.69;Negativno;Ne
17806;8.2;-64.8;7.44;0.08;Negativno;Ne
17807;1.9;-66.2;8.24;0.53;Negativno;Ne
17808;0.1;-69.0;4.96;0.19;Negativno;Ne
17809;2.6;-63.7;7.67;0.58;Negativno;Ne
17810;1.2;-64.9;3.73;0.82;Negativno;Ne
17811;0.4;-53.0;6.77;0.03;Negativno;Ne
17812;4.3;-50.9;7.46;0.71;Negativno;Ne
17813;0.7;-70.8;11.27;0.01;Negativno;Ne
17814;0.8;-69.2;9.29;0.3;Negativno;Ne
17815;3.5;-75.7;9.81;0.79;Negativno;Ne
17816;3.0;-66.3;2.37;1.56;Negativno;Ne
17817;11.5;-49.3;7.75;0.05;Negativno;Ne
17818;5.9;-55.8;4.74;0.08;Negativno;Ne
17819;1.8;-46.9;5.22;0.23;Negativno;Ne
17820;2.0;-50.1;6.66;0.55;Negativno;Ne
17821;2.1;-77.3;7.99;0.35;Negativno;Ne
17822;26.7;-74.8;9.41;1.17;Negativno;Ne
17823;5.4;-55.3;8.05;0.41;Negativno;Ne
17824;0.7;-63.6;1.22;0.24;Negativno;Ne
17825;3.5;-58.0;11.76;0.2;Negativno;Ne
17826;19.1;-69.3;6.48;0.18;Negativno;Ne
17827;19.8;-60.9;5.02;0.27;Negativno;Ne
17828;2.8;-60.0;8.0;0.55;Negativno;Ne
17829;1.7;-49.4;4.29;0.38;Negativno;Ne
17830;0.6;-68.1;8.61;1.68;Negativno;Ne
17831;0.1;-71.4;7.53;0.25;Negativno;Ne
17832;8.3;-60.1;9.93;0.42;Negativno;Ne
17833;10.5;-59.4;6.49;2.22;Negativno;Ne
17834;5.7;-49.2;5.22;0.14;Negativno;Ne
17835;0.4;-61.4;8.81;0.31;Negativno;Ne
17836;6.9;-71.5;4.31;0.01;Negativno;Ne
17837;8.8;-67.4;7.92;0.1;Negativno;Ne
17838;0.2;-58.6;7.08;0.9;Negativno;Ne
17839;2.7;-50.8;4.86;0.25;Negativno;Ne
17840;1.1;-61.7;8.54;0.49;Negativno;Ne
17841;8.2;-71.3;7.14;0.33;Negativno;Ne
17842;5.4;-71.4;11.79;0.06;Negativno;Ne
17843;3.5;-54.4;9.81;0.15;Negativno;Ne
17844;0.9;-72.0;7.75;0.03;Negativno;Ne
17845;2.5;-62.4;6.43;0.54;Negativno;Ne
17846;3.2;-84.8;5.89;0.82;Negativno;Ne
17847;5.4;-61.0;2.81;0.56;Negativno;Ne
17848;2.5;-65.0;8.74;0.18;Negativno;Ne
17849;4.4;-81.7;6.23;0.05;Negativno;Ne
17850;3.7;-72.4;8.46;0.2;Negativno;Ne
17851;20.2;-73.3;6.74;0.08;Negativno;Ne
17852;0.4;-42.7;7.96;0.21;Negativno;Ne
17853;1.0;-68.7;4.21;0.27;Negativno;Ne
17854;7.0;-63.6;5.06;0.25;Negativno;Ne
17855;9.4;-61.5;7.0;2.23;Negativno;Ne
17856;0.1;-52.7;7.24;0.37;Negativno;Ne
17857;6.3;-57.9;7.9;0.9;Negativno;Ne
17858;0.4;-76.0;7.21;0.45;Negativno;Ne
17859;12.3;-62.6;7.21;1.06;Negativno;Ne
17860;6.5;-65.1;8.43;0.2;Negativno;Ne
17861;11.1;-69.1;5.53;1.06;Negativno;Ne
17862;4.2;-67.7;8.05;1.5;Negativno;Ne
17863;8.3;-62.5;6.81;1.11;Negativno;Ne
17864;4.1;-69.9;8.59;0.41;Negativno;Ne
17865;11.8;-73.0;3.82;1.02;Negativno;Ne
17866;9.1;-67.0;6.42;0.0;Negativno;Ne
17867;0.3;-61.2;8.15;1.27;Negativno;Ne
17868;7.3;-63.0;6.79;0.05;Negativno;Ne
17869;20.6;-64.3;8.48;1.46;Negativno;Ne
17870;1.6;-70.0;6.18;0.48;Negativno;Ne
17871;6.5;-47.4;8.42;0.2;Negativno;Ne
17872;3.7;-78.1;6.81;1.14;Negativno;Ne
17873;8.7;-72.8;7.08;0.08;Negativno;Ne
17874;1.8;-53.6;9.07;0.28;Negativno;Ne
17875;4.4;-56.8;7.66;0.29;Negativno;Ne
17876;1.2;-51.2;6.16;0.65;Negativno;Ne
17877;2.6;-66.4;5.59;0.22;Negativno;Ne
17878;1.1;-61.8;6.08;1.0;Negativno;Ne
17879;5.7;-47.1;10.22;1.3;Negativno;Ne
17880;0.4;-61.7;8.4;1.61;Negativno;Ne
17881;1.2;-71.8;8.79;0.65;Negativno;Ne
17882;4.0;-57.2;7.1;0.48;Negativno;Ne
17883;12.8;-62.3;4.92;1.28;Negativno;Ne
17884;6.6;-56.1;7.97;0.08;Negativno;Ne
17885;4.9;-69.3;4.88;0.46;Negativno;Ne
17886;1.8;-57.7;9.17;0.4;Negativno;Ne
17887;4.0;-48.6;9.57;0.83;Negativno;Ne
17888;2.0;-70.9;6.6;0.38;Negativno;Ne
17889;2.6;-74.1;7.6;0.28;Negativno;Ne
17890;2.6;-55.8;8.61;0.57;Negativno;Ne
17891;2.7;-63.2;5.64;0.55;Negativno;Ne
17892;3.4;-70.5;5.7;0.07;Negativno;Ne
17893;2.4;-53.8;11.7;0.4;Negativno;Ne
17894;4.8;-64.6;9.77;0.0;Negativno;Ne
17895;4.6;-79.3;5.3;0.5;Negativno;Ne
17896;3.9;-47.7;5.51;0.39;Negativno;Ne
17897;0.5;-61.6;4.33;1.29;Negativno;Ne
17898;0.9;-80.1;6.93;1.49;Negativno;Ne
17899;5.6;-65.4;7.78;0.38;Negativno;Ne
17900;8.8;-45.2;2.56;0.31;Negativno;Ne
17901;3.0;-59.8;5.42;0.13;Negativno;Ne
17902;1.1;-61.7;9.22;0.56;Negativno;Ne
17903;5.3;-48.3;7.85;1.52;Negativno;Ne
17904;3.5;-68.3;8.92;0.56;Negativno;Ne
17905;4.4;-56.4;6.35;1.18;Negativno;Ne
17906;0.1;-67.2;8.88;0.14;Negativno;Ne
17907;2.2;-60.8;6.49;0.75;Negativno;Ne
17908;4.2;-76.4;1.36;0.03;Negativno;Ne
17909;0.3;-60.3;3.77;0.86;Negativno;Ne
17910;1.2;-61.3;5.08;0.24;Negativno;Ne
17911;2.9;-56.1;3.49;0.17;Negativno;Ne
17912;0.7;-56.3;6.52;0.85;Negativno;Ne
17913;5.5;-32.6;7.9;0.08;Negativno;Ne
17914;7.4;-70.7;8.43;0.17;Negativno;Ne
17915;4.6;-69.7;7.28;0.32;Negativno;Ne
17916;0.0;-70.8;6.75;1.13;Negativno;Ne
17917;3.5;-59.0;6.35;0.21;Negativno;Ne
17918;12.8;-45.6;6.01;0.1;Negativno;Ne
17919;1.3;-61.1;9.86;0.29;Negativno;Ne
17920;6.5;-54.8;7.17;0.03;Negativno;Ne
17921;0.0;-50.0;3.78;0.24;Negativno;Ne
17922;8.8;-58.8;6.45;0.2;Negativno;Ne
17923;1.3;-48.0;7.63;0.3;Pozitivno;Ne
17924;3.1;-60.8;7.36;0.49;Negativno;Ne
17925;2.8;-54.4;7.68;0.58;Negativno;Ne
17926;6.1;-65.7;6.26;0.53;Negativno;Ne
17927;0.9;-50.0;3.33;0.02;Negativno;Ne
17928;4.9;-61.6;5.18;2.29;Negativno;Ne
17929;6.1;-55.6;6.57;0.33;Negativno;Ne
17930;13.6;-63.6;8.64;0.88;Negativno;Ne
17931;17.0;-49.3;2.83;0.22;Negativno;Ne
17932;5.3;-62.8;5.01;0.05;Negativno;Ne
17933;6.2;-65.4;10.83;1.03;Negativno;Ne
17934;3.1;-61.2;6.92;0.35;Negativno;Ne
17935;0.4;-60.0;4.24;0.15;Negativno;Ne
17936;1.2;-65.8;6.49;0.07;Negativno;Ne
17937;0.1;-61.4;10.64;0.49;Negativno;Ne
17938;2.2;-54.6;5.39;0.27;Negativno;Ne
17939;2.3;-51.3;3.17;0.09;Negativno;Ne
17940;6.1;-65.1;6.64;0.37;Negativno;Ne
17941;7.3;-65.1;7.02;0.07;Negativno;Ne
17942;7.8;-42.1;6.17;0.21;Negativno;Ne
17943;3.9;-63.0;10.31;0.05;Negativno;Ne
17944;10.7;-59.9;3.67;0.17;Negativno;Ne
17945;0.7;-62.5;9.43;1.17;Negativno;Ne
17946;7.4;-65.7;7.72;0.14;Negativno;Ne
17947;13.9;-62.4;6.24;0.38;Negativno;Ne
17948;2.5;-83.7;6.0;0.48;Negativno;Ne
17949;5.9;-62.1;6.79;0.26;Negativno;Ne
17950;5.8;-80.3;10.82;0.05;Negativno;Ne
17951;4.8;-44.5;13.82;0.93;Negativno;Ne
17952;0.8;-60.0;3.88;0.22;Negativno;Ne
17953;0.0;-49.9;6.22;2.74;Negativno;Ne
17954;2.3;-69.1;8.03;0.36;Negativno;Ne
17955;1.7;-58.4;9.54;0.31;Negativno;Ne
17956;0.2;-70.2;7.28;0.45;Negativno;Ne
17957;10.8;-56.0;8.86;1.2;Negativno;Ne
17958;8.6;-48.2;11.24;0.05;Negativno;Ne
17959;5.3;-66.5;2.87;0.74;Negativno;Ne
17960;0.9;-58.4;4.99;0.12;Negativno;Ne
17961;3.7;-47.4;6.88;0.85;Negativno;Ne
17962;5.0;-67.5;6.68;0.19;Negativno;Ne
17963;1.3;-56.0;5.26;0.13;Negativno;Ne
17964;1.2;-59.2;11.79;0.27;Negativno;Ne
17965;4.7;-76.5;7.75;0.88;Negativno;Ne
17966;1.7;-68.4;11.12;0.17;Negativno;Ne
17967;27.0;-52.8;6.55;0.08;Negativno;Ne
17968;1.7;-56.3;7.07;0.39;Negativno;Ne
17969;15.7;-65.4;7.16;0.23;Negativno;Ne
17970;1.1;-58.6;6.74;0.26;Negativno;Ne
17971;1.9;-59.3;5.89;0.08;Negativno;Ne
17972;2.6;-41.5;6.05;0.62;Negativno;Ne
17973;0.4;-64.8;4.65;0.81;Negativno;Ne
17974;2.2;-53.4;9.52;0.18;Negativno;Ne
17975;3.0;-49.9;6.81;0.38;Negativno;Ne
17976;13.0;-73.0;8.96;0.04;Negativno;Ne
17977;4.1;-53.1;9.0;0.0;Negativno;Ne
17978;1.8;-47.9;10.33;0.35;Negativno;Ne
17979;8.7;-62.9;5.79;0.34;Negativno;Ne
17980;10.2;-54.6;6.78;0.31;Negativno;Ne
17981;12.7;-53.8;7.96;1.31;Negativno;Ne
17982;4.4;-62.9;7.23;1.02;Negativno;Ne
17983;0.3;-74.6;8.83;0.47;Negativno;Ne
17984;1.4;-55.1;4.75;0.56;Negativno;Ne
17985;6.0;-45.0;6.1;0.09;Negativno;Ne
17986;7.2;-65.9;4.62;0.4;Negativno;Ne
17987;6.4;-54.7;5.2;0.65;Negativno;Ne
17988;7.9;-52.3;1.39;1.26;Negativno;Ne
17989;0.5;-62.9;6.31;0.19;Negativno;Ne
17990;4.0;-65.0;7.43;0.09;Negativno;Ne
17991;3.6;-49.4;3.8;0.0;Negativno;Ne
17992;2.0;-55.1;6.08;0.28;Negativno;Ne
17993;2.7;-54.8;8.13;0.05;Negativno;Ne
17994;2.5;-72.1;6.97;0.13;Negativno;Ne
17995;4.3;-63.5;7.15;0.16;Negativno;Ne
17996;3.8;-56.0;9.49;0.04;Negativno;Ne
17997;4.8;-57.9;11.42;0.44;Negativno;Ne
17998;8.2;-57.5;5.86;0.06;Negativno;Ne
17999;3.4;-62.6;7.51;0.16;Negativno;Ne
18000;2.2;-81.8;5.08;1.02;Negativno;Ne
18001;10.1;-65.9;7.85;1.32;Negativno;Ne
18002;4.3;-59.1;12.29;0.0;Negativno;Ne
18003;12.6;-49.9;3.15;0.2;Negativno;Ne
18004;1.6;-51.7;7.8;0.25;Negativno;Ne
18005;10.9;-60.4;6.74;1.52;Negativno;Ne
18006;2.7;-57.1;8.57;0.35;Negativno;Ne
18007;16.1;-64.5;6.79;1.44;Negativno;Ne
18008;3.4;-70.1;6.15;0.06;Negativno;Ne
18009;3.6;-65.5;5.26;0.27;Negativno;Ne
18010;1.0;-52.6;9.18;0.83;Negativno;Ne
18011;11.7;-61.6;5.12;0.12;Negativno;Ne
18012;2.3;-58.4;8.75;0.0;Negativno;Ne
18013;0.2;-84.4;9.3;0.38;Negativno;Ne
18014;12.4;-71.1;4.97;0.36;Negativno;Ne
18015;2.3;-48.5;6.9;0.77;Negativno;Ne
18016;1.4;-35.8;7.44;0.17;Negativno;Ne
18017;0.3;-43.9;8.16;0.43;Negativno;Ne
18018;0.0;-59.7;5.56;0.35;Negativno;Ne
18019;1.4;-51.1;6.0;0.04;Negativno;Ne
18020;7.2;-63.9;8.89;0.08;Negativno;Ne
18021;9.5;-65.1;6.68;0.12;Negativno;Ne
18022;0.6;-50.4;5.74;0.6;Negativno;Ne
18023;1.7;-43.3;8.59;1.5;Negativno;Ne
18024;8.7;-71.3;7.96;0.19;Negativno;Ne
18025;8.9;-59.3;6.78;0.32;Negativno;Ne
18026;10.7;-59.9;4.84;0.18;Negativno;Ne
18027;3.5;-50.6;5.65;0.16;Negativno;Ne
18028;3.3;-60.4;5.22;0.04;Negativno;Ne
18029;1.5;-50.6;7.25;0.68;Negativno;Ne
18030;2.8;-43.9;7.39;0.05;Negativno;Ne
18031;6.1;-74.3;3.41;0.34;Negativno;Ne
18032;0.3;-56.6;6.92;3.27;Negativno;Ne
18033;14.2;-63.1;6.3;0.48;Negativno;Ne
18034;1.1;-70.1;8.0;0.78;Negativno;Ne
18035;21.3;-70.1;8.46;0.22;Negativno;Ne
18036;1.0;-46.4;8.42;0.75;Negativno;Ne
18037;3.0;-70.3;7.41;0.53;Negativno;Ne
18038;2.4;-55.2;6.16;0.51;Negativno;Ne
18039;8.3;-64.1;5.98;0.13;Negativno;Ne
18040;9.5;-58.3;5.1;0.0;Negativno;Ne
18041;1.5;-67.8;11.54;0.45;Negativno;Ne
18042;5.7;-53.0;6.72;0.51;Negativno;Ne
18043;8.1;-86.3;7.07;0.88;Negativno;Ne
18044;17.8;-54.9;9.82;0.52;Negativno;Ne
18045;0.1;-56.3;8.89;0.13;Negativno;Ne
18046;5.4;-46.7;5.72;0.55;Negativno;Ne
18047;4.3;-56.7;5.47;0.18;Negativno;Ne
18048;1.6;-41.8;6.06;0.35;Negativno;Ne
18049;4.3;-59.3;8.18;0.78;Pozitivno;Ne
18050;12.9;-39.1;6.39;1.69;Negativno;Ne
18051;10.9;-48.6;5.91;0.03;Negativno;Ne
18052;12.9;-71.2;6.71;0.21;Negativno;Ne
18053;6.2;-56.4;5.87;0.27;Negativno;Ne
18054;5.1;-61.8;6.47;0.18;Negativno;Ne
18055;3.0;-66.1;8.09;0.14;Negativno;Ne
18056;10.9;-62.5;4.9;1.49;Negativno;Ne
18057;29.7;-41.7;4.02;0.74;Negativno;Ne
18058;2.2;-57.7;6.14;0.05;Negativno;Ne
18059;3.1;-64.5;2.57;0.3;Negativno;Ne
18060;5.2;-47.4;9.72;0.36;Negativno;Ne
18061;0.2;-61.1;5.94;0.28;Negativno;Ne
18062;0.2;-71.2;9.33;0.2;Negativno;Ne
18063;4.4;-83.4;5.69;0.02;Negativno;Ne
18064;8.1;-57.6;6.03;0.0;Negativno;Ne
18065;1.5;-63.1;10.1;0.24;Negativno;Ne
18066;4.6;-63.6;6.48;0.44;Negativno;Ne
18067;0.9;-68.0;7.28;0.16;Negativno;Ne
18068;3.6;-51.6;6.94;0.03;Negativno;Ne
18069;3.5;-61.3;6.56;0.25;Negativno;Ne
18070;0.2;-68.2;7.6;0.97;Negativno;Ne
18071;22.4;-53.6;8.87;0.75;Negativno;Ne
18072;1.1;-73.9;5.65;0.59;Negativno;Ne
18073;3.4;-79.1;4.58;0.55;Negativno;Ne
18074;18.3;-78.4;1.83;0.23;Negativno;Ne
18075;12.4;-70.8;8.05;0.48;Negativno;Ne
18076;11.2;-64.6;8.65;0.42;Negativno;Ne
18077;12.9;-59.1;7.59;0.86;Negativno;Ne
18078;0.8;-55.9;6.98;1.18;Negativno;Ne
18079;4.7;-67.2;5.54;0.45;Negativno;Ne
18080;9.5;-59.4;6.24;0.43;Negativno;Ne
18081;1.7;-53.5;6.54;0.02;Negativno;Ne
18082;12.1;-73.5;7.73;0.11;Negativno;Ne
18083;0.9;-61.7;6.36;0.34;Negativno;Ne
18084;1.8;-75.9;3.99;0.1;Negativno;Ne
18085;18.7;-58.8;5.07;1.4;Negativno;Ne
18086;2.4;-77.1;8.84;0.46;Negativno;Ne
18087;1.3;-57.0;10.67;0.02;Negativno;Ne
18088;7.9;-62.9;7.15;0.03;Negativno;Ne
18089;16.9;-90.9;7.67;0.12;Negativno;Ne
18090;6.3;-51.6;7.21;0.02;Negativno;Ne
18091;3.9;-75.2;9.53;0.12;Negativno;Ne
18092;5.9;-72.1;8.69;0.44;Negativno;Ne
18093;3.2;-58.0;10.38;0.32;Negativno;Ne
18094;1.4;-63.2;7.09;1.97;Negativno;Ne
18095;3.3;-46.0;6.63;0.93;Negativno;Ne
18096;4.2;-58.8;6.77;1.23;Negativno;Ne
18097;9.2;-64.4;6.61;0.42;Negativno;Ne
18098;7.2;-66.5;5.25;0.1;Negativno;Ne
18099;8.0;-65.0;9.35;0.43;Negativno;Ne
18100;16.8;-65.3;5.85;0.74;Negativno;Ne
18101;5.7;-72.0;7.38;0.8;Negativno;Ne
18102;4.7;-55.6;4.27;0.34;Negativno;Ne
18103;5.0;-53.8;10.03;0.21;Negativno;Ne
18104;0.3;-56.9;5.65;0.18;Negativno;Ne
18105;2.8;-63.7;8.56;0.13;Negativno;Ne
18106;5.5;-57.4;8.48;0.45;Negativno;Ne
18107;0.3;-35.5;7.96;0.26;Negativno;Ne
18108;4.5;-63.5;7.19;0.12;Negativno;Ne
18109;16.6;-66.2;9.24;0.02;Negativno;Ne
18110;1.0;-63.8;6.66;0.18;Negativno;Ne
18111;1.6;-52.9;8.06;0.61;Negativno;Ne
18112;5.4;-58.9;8.08;0.16;Negativno;Ne
18113;0.1;-77.5;11.39;1.14;Negativno;Ne
18114;11.3;-56.0;6.58;0.1;Negativno;Ne
18115;0.9;-63.2;6.16;0.11;Negativno;Ne
18116;15.2;-63.8;8.51;0.22;Negativno;Ne
18117;20.0;-67.2;7.64;0.06;Negativno;Ne
18118;1.0;-57.2;8.12;0.26;Negativno;Ne
18119;10.0;-55.6;7.22;0.46;Negativno;Ne
18120;7.4;-60.7;4.82;1.22;Negativno;Ne
18121;2.6;-59.4;8.01;0.31;Negativno;Ne
18122;7.1;-77.4;7.84;0.66;Negativno;Ne
18123;5.6;-38.5;5.51;0.9;Negativno;Ne
18124;14.9;-58.7;5.8;0.68;Negativno;Ne
18125;2.9;-58.3;7.7;0.29;Negativno;Ne
18126;16.6;-52.6;5.14;0.2;Negativno;Ne
18127;2.9;-58.7;8.61;0.23;Negativno;Ne
18128;0.9;-53.6;6.61;0.11;Negativno;Ne
18129;6.9;-69.4;5.85;0.33;Negativno;Ne
18130;8.5;-73.9;6.67;0.26;Negativno;Ne
18131;6.9;-52.5;6.01;0.15;Negativno;Ne
18132;2.3;-52.4;7.01;0.76;Negativno;Ne
18133;0.2;-67.1;6.02;0.14;Negativno;Ne
18134;1.4;-57.2;6.47;0.08;Negativno;Ne
18135;21.3;-59.9;10.35;0.06;Negativno;Ne
18136;6.4;-64.3;10.21;0.56;Negativno;Ne
18137;1.2;-63.9;7.99;0.43;Negativno;Ne
18138;1.4;-55.6;10.61;0.56;Negativno;Ne
18139;4.6;-60.6;8.69;0.95;Negativno;Ne
18140;5.8;-65.0;8.63;0.69;Negativno;Ne
18141;2.4;-66.3;7.58;1.49;Negativno;Ne
18142;0.7;-85.1;4.62;0.6;Negativno;Ne
18143;7.6;-71.4;9.76;1.35;Negativno;Ne
18144;9.2;-64.9;6.03;1.01;Negativno;Ne
18145;6.1;-51.5;8.45;0.96;Negativno;Ne
18146;2.0;-60.2;5.21;0.07;Negativno;Ne
18147;4.8;-53.8;8.81;1.82;Negativno;Ne
18148;2.3;-57.5;6.4;0.4;Negativno;Ne
18149;0.6;-72.8;5.64;0.31;Negativno;Ne
18150;11.1;-70.6;4.38;0.88;Negativno;Ne
18151;10.8;-62.0;7.87;0.47;Negativno;Ne
18152;8.1;-75.6;6.65;0.3;Negativno;Ne
18153;6.3;-65.6;7.44;0.08;Negativno;Ne
18154;1.8;-50.1;4.62;0.17;Negativno;Ne
18155;7.9;-52.3;4.78;0.99;Negativno;Ne
18156;1.4;-58.9;6.15;0.03;Negativno;Ne
18157;3.5;-71.7;3.27;0.6;Negativno;Ne
18158;4.4;-57.1;4.68;0.01;Negativno;Ne
18159;0.2;-72.2;7.43;0.32;Negativno;Ne
18160;0.0;-55.2;4.25;0.1;Negativno;Ne
18161;7.4;-70.9;7.03;0.15;Negativno;Ne
18162;2.8;-64.6;5.34;0.15;Negativno;Ne
18163;7.1;-57.4;5.91;0.11;Negativno;Ne
18164;19.9;-47.6;6.54;0.18;Negativno;Ne
18165;15.2;-45.7;9.36;0.76;Negativno;Ne
18166;0.3;-60.9;9.82;1.1;Negativno;Ne
18167;1.9;-82.7;7.98;0.46;Negativno;Ne
18168;8.5;-56.8;4.75;0.98;Negativno;Ne
18169;1.5;-70.7;5.41;0.67;Negativno;Ne
18170;0.7;-53.6;7.21;1.59;Negativno;Ne
18171;3.4;-66.2;6.76;0.03;Negativno;Ne
18172;4.7;-54.1;9.28;0.29;Negativno;Ne
18173;3.5;-55.7;6.37;1.19;Negativno;Ne
18174;2.5;-44.0;6.44;0.05;Negativno;Ne
18175;4.5;-56.8;8.16;0.39;Negativno;Ne
18176;5.6;-68.9;6.21;0.05;Negativno;Ne
18177;5.5;-54.2;8.23;0.11;Negativno;Ne
18178;2.6;-58.9;6.52;0.87;Negativno;Ne
18179;4.2;-60.7;5.26;1.2;Negativno;Ne
18180;1.2;-55.6;8.72;0.92;Negativno;Ne
18181;0.2;-72.0;4.67;0.04;Negativno;Ne
18182;12.7;-41.8;8.07;0.03;Negativno;Ne
18183;2.9;-43.1;8.92;0.04;Negativno;Ne
18184;1.9;-66.5;6.8;0.52;Negativno;Ne
18185;0.3;-58.8;6.89;0.11;Negativno;Ne
18186;1.8;-64.9;9.02;0.1;Negativno;Ne
18187;0.6;-59.4;3.2;0.29;Negativno;Ne
18188;12.4;-34.8;9.08;0.04;Negativno;Ne
18189;13.2;-51.4;6.82;0.29;Negativno;Ne
18190;5.8;-69.8;8.9;0.22;Negativno;Ne
18191;10.4;-55.3;9.32;0.07;Negativno;Ne
18192;2.7;-42.3;8.31;1.56;Negativno;Ne
18193;0.6;-51.5;7.13;0.13;Negativno;Ne
18194;5.4;-55.2;10.83;0.09;Negativno;Ne
18195;0.5;-49.0;9.01;0.26;Negativno;Ne
18196;0.4;-65.6;8.87;0.24;Negativno;Ne
18197;7.4;-54.6;9.27;0.76;Pozitivno;Ne
18198;6.9;-59.9;3.52;0.15;Negativno;Ne
18199;5.2;-57.1;8.18;0.35;Negativno;Ne
18200;5.5;-69.5;5.26;0.34;Negativno;Ne
18201;1.3;-52.7;10.2;0.41;Negativno;Ne
18202;3.1;-72.0;5.8;1.76;Negativno;Ne
18203;3.6;-59.8;7.75;0.1;Negativno;Ne
18204;8.4;-57.0;3.44;0.32;Negativno;Ne
18205;4.3;-58.8;1.97;2.36;Negativno;Ne
18206;4.3;-52.6;6.69;0.8;Negativno;Ne
18207;1.2;-63.8;6.65;0.19;Negativno;Ne
18208;1.1;-64.4;8.28;0.7;Negativno;Ne
18209;5.2;-53.5;8.53;0.81;Negativno;Ne
18210;3.7;-57.4;6.63;1.27;Negativno;Ne
18211;5.0;-51.3;5.51;0.33;Pozitivno;Ne
18212;12.3;-74.5;4.89;0.62;Negativno;Ne
18213;3.2;-71.8;6.26;0.35;Negativno;Ne
18214;6.3;-60.6;7.64;0.15;Negativno;Ne
18215;3.6;-42.4;7.43;0.1;Negativno;Ne
18216;6.1;-40.6;12.31;1.1;Negativno;Ne
18217;0.1;-51.7;4.21;0.95;Negativno;Ne
18218;0.0;-58.1;7.42;0.55;Negativno;Ne
18219;1.6;-63.2;3.23;0.16;Negativno;Ne
18220;4.8;-61.1;6.65;0.23;Negativno;Ne
18221;1.5;-55.5;6.76;0.15;Negativno;Ne
18222;4.7;-40.8;8.55;0.29;Negativno;Ne
18223;6.3;-72.3;8.65;0.19;Negativno;Ne
18224;15.7;-63.6;8.83;0.07;Negativno;Ne
18225;0.8;-33.9;5.55;0.12;Negativno;Ne
18226;4.7;-63.9;10.83;0.22;Negativno;Ne
18227;1.2;-54.1;9.61;0.82;Negativno;Ne
18228;0.1;-67.6;5.55;0.24;Negativno;Ne
18229;3.5;-56.8;7.21;0.03;Negativno;Ne
18230;0.1;-58.0;2.97;0.24;Negativno;Ne
18231;0.9;-54.2;5.53;0.14;Negativno;Ne
18232;10.1;-57.6;7.05;0.59;Negativno;Ne
18233;2.4;-46.0;8.52;0.21;Negativno;Ne
18234;1.4;-50.0;3.42;0.31;Negativno;Ne
18235;1.6;-71.9;9.11;0.32;Negativno;Ne
18236;1.6;-60.4;6.43;0.47;Negativno;Ne
18237;20.6;-46.9;7.33;0.71;Negativno;Ne
18238;1.9;-51.1;5.64;1.33;Negativno;Ne
18239;1.8;-68.6;10.29;0.03;Negativno;Ne
18240;1.3;-68.1;6.0;0.66;Negativno;Ne
18241;0.8;-62.3;9.01;0.16;Negativno;Ne
18242;4.7;-58.1;7.38;0.06;Negativno;Ne
18243;7.2;-77.2;6.8;0.2;Negativno;Ne
18244;0.2;-48.0;7.2;0.94;Negativno;Ne
18245;0.4;-69.3;10.58;0.07;Negativno;Ne
18246;1.8;-68.4;8.82;0.47;Negativno;Ne
18247;19.6;-48.8;6.97;0.08;Negativno;Ne
18248;3.0;-56.3;5.31;0.01;Negativno;Ne
18249;3.2;-68.0;8.8;0.34;Negativno;Ne
18250;0.4;-57.8;7.46;0.45;Negativno;Ne
18251;3.3;-67.5;9.63;0.99;Negativno;Ne
18252;1.0;-67.4;7.33;0.06;Negativno;Ne
18253;2.1;-62.2;8.22;0.08;Negativno;Ne
18254;0.7;-63.0;7.18;0.28;Negativno;Ne
18255;4.9;-74.5;6.2;0.69;Negativno;Ne
18256;1.9;-61.1;5.01;0.58;Negativno;Ne
18257;4.6;-44.2;5.62;0.57;Negativno;Ne
18258;2.5;-58.8;4.54;0.09;Negativno;Ne
18259;0.7;-55.2;7.1;0.12;Negativno;Ne
18260;0.5;-66.6;5.52;0.12;Negativno;Ne
18261;1.4;-58.4;6.01;0.04;Negativno;Ne
18262;1.3;-68.5;10.75;0.16;Negativno;Ne
18263;2.3;-70.7;8.96;0.69;Negativno;Ne
18264;2.2;-75.7;7.27;0.16;Negativno;Ne
18265;0.7;-60.1;6.62;1.34;Negativno;Ne
18266;0.6;-56.0;8.4;0.08;Negativno;Ne
18267;2.9;-53.0;7.77;0.33;Negativno;Ne
18268;4.7;-64.3;10.01;1.13;Negativno;Ne
18269;3.5;-53.8;4.77;0.19;Negativno;Ne
18270;19.7;-41.6;7.58;0.57;Negativno;Ne
18271;0.4;-52.8;5.39;0.02;Negativno;Ne
18272;0.3;-55.0;7.78;0.03;Negativno;Ne
18273;1.1;-57.0;10.31;0.43;Negativno;Ne
18274;8.8;-34.3;10.27;0.28;Negativno;Ne
18275;3.2;-65.6;4.09;0.29;Negativno;Ne
18276;0.5;-64.6;6.75;0.01;Negativno;Ne
18277;4.9;-50.8;9.62;0.41;Negativno;Ne
18278;9.6;-52.3;10.44;0.32;Negativno;Ne
18279;1.0;-61.6;6.8;0.21;Negativno;Ne
18280;3.8;-68.7;8.86;0.34;Negativno;Ne
18281;0.0;-67.1;6.2;0.01;Negativno;Ne
18282;0.3;-61.3;2.27;0.41;Negativno;Ne
18283;3.2;-51.8;4.46;0.06;Negativno;Ne
18284;3.7;-63.9;8.85;0.84;Negativno;Ne
18285;6.7;-63.2;10.75;0.81;Negativno;Ne
18286;1.3;-59.1;6.77;0.44;Negativno;Ne
18287;1.9;-63.5;4.93;0.72;Negativno;Ne
18288;2.8;-48.0;12.39;0.85;Negativno;Ne
18289;0.4;-66.6;5.59;0.3;Negativno;Ne
18290;1.1;-59.6;3.43;0.36;Negativno;Ne
18291;0.6;-72.6;11.89;1.05;Negativno;Ne
18292;19.5;-65.6;8.28;0.15;Negativno;Ne
18293;2.6;-62.2;9.04;0.22;Negativno;Ne
18294;9.1;-66.6;7.82;0.45;Negativno;Ne
18295;2.3;-51.6;7.47;0.34;Negativno;Ne
18296;1.1;-53.2;11.56;0.1;Negativno;Ne
18297;0.4;-59.9;7.4;0.64;Negativno;Ne
18298;1.7;-63.5;7.26;0.07;Negativno;Ne
18299;0.1;-67.8;5.36;0.05;Negativno;Ne
18300;1.8;-56.0;5.68;1.1;Negativno;Ne
18301;3.3;-58.8;8.94;0.84;Negativno;Ne
18302;4.0;-57.8;7.2;0.2;Negativno;Ne
18303;2.2;-47.1;8.41;1.11;Negativno;Ne
18304;2.0;-56.0;9.74;1.34;Negativno;Ne
18305;1.0;-64.4;8.41;0.21;Negativno;Ne
18306;0.6;-62.8;6.75;0.4;Negativno;Ne
18307;1.0;-63.7;8.61;0.77;Negativno;Ne
18308;0.7;-37.7;9.71;0.93;Negativno;Ne
18309;17.9;-69.9;10.37;0.49;Negativno;Ne
18310;2.0;-59.8;6.33;0.56;Negativno;Ne
18311;3.2;-67.2;6.5;0.66;Negativno;Ne
18312;0.7;-69.9;5.55;0.46;Negativno;Ne
18313;3.3;-63.4;9.1;0.48;Negativno;Ne
18314;11.0;-49.8;5.37;0.89;Negativno;Ne
18315;7.0;-70.9;8.44;0.55;Negativno;Ne
18316;4.1;-60.3;5.8;0.07;Negativno;Ne
18317;1.1;-66.6;6.07;0.18;Negativno;Ne
18318;1.5;-60.7;9.2;0.15;Negativno;Ne
18319;3.8;-68.9;5.46;1.05;Negativno;Ne
18320;4.0;-62.2;2.97;0.08;Negativno;Ne
18321;8.8;-72.4;5.6;0.37;Negativno;Ne
18322;1.6;-61.9;7.1;0.25;Negativno;Ne
18323;1.3;-56.8;8.37;0.71;Negativno;Ne
18324;0.8;-65.8;5.7;1.1;Negativno;Ne
18325;19.6;-55.7;6.94;0.33;Negativno;Ne
18326;3.3;-64.6;6.76;0.41;Negativno;Ne
18327;5.9;-60.5;7.34;0.57;Negativno;Ne
18328;1.4;-53.4;4.72;0.23;Negativno;Ne
18329;0.9;-62.9;7.97;0.1;Negativno;Ne
18330;1.5;-55.3;7.12;0.24;Negativno;Ne
18331;25.5;-55.4;4.13;0.12;Negativno;Ne
18332;2.7;-62.9;8.55;1.15;Negativno;Ne
18333;11.5;-53.7;3.74;1.03;Negativno;Ne
18334;0.4;-46.3;6.79;0.74;Negativno;Ne
18335;6.7;-63.9;8.49;0.1;Negativno;Ne
18336;9.4;-77.4;7.62;0.56;Negativno;Ne
18337;3.3;-78.8;5.28;0.32;Negativno;Ne
18338;23.2;-65.4;7.59;0.08;Negativno;Ne
18339;0.0;-55.1;7.11;0.34;Negativno;Ne
18340;3.9;-61.3;7.97;0.14;Negativno;Ne
18341;22.7;-77.4;6.94;0.06;Negativno;Ne
18342;4.0;-44.5;10.92;0.63;Pozitivno;Ne
18343;2.5;-59.7;8.59;0.42;Negativno;Ne
18344;1.9;-57.7;5.09;0.74;Negativno;Ne
18345;5.8;-67.1;8.4;0.71;Negativno;Ne
18346;2.6;-66.3;7.53;0.29;Negativno;Ne
18347;17.6;-59.4;5.93;0.49;Negativno;Ne
18348;1.8;-61.5;6.02;0.39;Negativno;Ne
18349;5.6;-55.0;6.06;0.93;Negativno;Ne
18350;4.6;-51.3;8.92;1.55;Negativno;Ne
18351;13.4;-72.3;9.21;0.39;Negativno;Ne
18352;1.6;-48.6;4.88;0.03;Negativno;Ne
18353;2.3;-68.9;9.23;0.26;Negativno;Ne
18354;7.7;-58.0;6.67;0.27;Negativno;Ne
18355;2.4;-74.0;4.91;0.45;Negativno;Ne
18356;8.4;-62.2;4.75;0.3;Negativno;Ne
18357;0.3;-59.0;7.17;1.51;Negativno;Ne
18358;3.9;-68.2;7.36;0.32;Negativno;Ne
18359;0.3;-71.5;3.55;0.71;Negativno;Ne
18360;4.8;-53.2;8.48;0.19;Negativno;Ne
18361;2.3;-38.6;8.57;0.27;Negativno;Ne
18362;5.8;-68.1;5.69;0.15;Negativno;Ne
18363;2.4;-63.2;1.95;0.33;Negativno;Ne
18364;3.4;-74.2;4.24;0.23;Negativno;Ne
18365;5.7;-73.2;7.07;0.23;Negativno;Ne
18366;1.4;-66.2;7.11;0.41;Negativno;Ne
18367;2.8;-57.8;7.02;0.99;Negativno;Ne
18368;5.2;-67.4;9.22;0.01;Negativno;Ne
18369;1.9;-81.6;7.33;0.01;Negativno;Ne
18370;1.0;-62.0;11.68;0.4;Negativno;Ne
18371;2.0;-44.3;6.64;0.08;Negativno;Ne
18372;5.3;-45.4;5.33;0.18;Negativno;Ne
18373;0.1;-64.3;3.7;0.8;Negativno;Ne
18374;6.9;-70.3;6.95;0.41;Negativno;Ne
18375;1.6;-68.4;7.68;0.57;Negativno;Ne
18376;12.2;-46.6;7.32;0.67;Negativno;Ne
18377;3.2;-75.0;10.46;0.05;Negativno;Ne
18378;0.2;-60.9;6.1;0.55;Negativno;Ne
18379;2.3;-60.9;5.43;0.45;Negativno;Ne
18380;3.8;-44.3;4.69;0.82;Negativno;Ne
18381;0.6;-61.2;5.97;0.08;Negativno;Ne
18382;15.3;-66.2;8.91;0.01;Negativno;Ne
18383;7.7;-57.9;5.64;0.09;Negativno;Ne
18384;2.1;-43.1;5.06;0.11;Negativno;Ne
18385;1.5;-49.4;7.16;0.03;Negativno;Ne
18386;6.0;-58.4;9.3;1.66;Negativno;Ne
18387;6.8;-51.2;3.91;0.42;Negativno;Ne
18388;2.8;-59.5;7.71;0.03;Negativno;Ne
18389;3.8;-49.3;8.08;0.08;Negativno;Ne
18390;1.2;-61.9;6.59;0.14;Negativno;Ne
18391;5.8;-56.7;6.85;0.12;Negativno;Ne
18392;2.4;-51.9;6.56;0.7;Negativno;Ne
18393;5.0;-46.5;6.0;0.05;Negativno;Ne
18394;4.2;-62.9;9.69;0.67;Negativno;Ne
18395;0.3;-68.5;9.74;0.49;Negativno;Ne
18396;1.0;-61.1;7.18;0.01;Negativno;Ne
18397;6.0;-65.9;5.94;0.82;Negativno;Ne
18398;2.8;-66.1;8.19;0.05;Negativno;Ne
18399;0.1;-74.4;8.7;0.12;Negativno;Ne
18400;1.3;-53.5;11.51;0.22;Negativno;Ne
18401;4.2;-71.1;4.71;1.34;Negativno;Ne
18402;12.3;-62.1;7.23;0.52;Negativno;Ne
18403;0.4;-64.9;8.16;0.37;Negativno;Ne
18404;2.9;-64.5;7.36;0.09;Negativno;Ne
18405;5.9;-63.3;7.3;0.02;Negativno;Ne
18406;7.5;-74.7;6.95;0.23;Negativno;Ne
18407;20.8;-48.7;7.18;1.17;Negativno;Ne
18408;4.0;-63.5;7.01;1.0;Negativno;Ne
18409;4.8;-63.5;8.71;0.09;Negativno;Ne
18410;19.0;-55.5;6.06;0.08;Negativno;Ne
18411;0.9;-63.5;4.43;0.44;Negativno;Ne
18412;2.6;-62.1;9.05;0.64;Negativno;Ne
18413;5.3;-67.1;12.85;0.18;Negativno;Ne
18414;13.1;-69.3;5.4;0.07;Negativno;Ne
18415;3.2;-49.0;8.28;1.09;Negativno;Ne
18416;26.8;-63.8;10.16;0.23;Negativno;Ne
18417;1.6;-71.3;4.41;0.13;Negativno;Ne
18418;0.9;-58.7;9.01;0.22;Negativno;Ne
18419;1.6;-54.4;6.4;1.69;Negativno;Ne
18420;10.1;-48.5;7.15;0.06;Negativno;Ne
18421;3.1;-50.2;10.05;0.02;Negativno;Ne
18422;0.1;-46.4;3.28;0.0;Negativno;Ne
18423;5.2;-37.7;7.99;0.43;Negativno;Ne
18424;3.3;-53.9;4.98;0.64;Negativno;Ne
18425;8.2;-55.7;6.49;0.65;Negativno;Ne
18426;4.4;-43.8;5.49;0.83;Negativno;Ne
18427;6.1;-67.7;7.66;0.01;Negativno;Ne
18428;6.6;-74.4;8.81;0.62;Negativno;Ne
18429;0.7;-65.0;6.6;0.33;Negativno;Ne
18430;3.7;-52.2;4.7;1.07;Negativno;Ne
18431;12.7;-68.0;9.7;0.12;Negativno;Ne
18432;9.0;-78.7;8.81;0.08;Negativno;Ne
18433;4.4;-73.7;5.7;0.57;Negativno;Ne
18434;3.0;-56.8;6.17;0.15;Negativno;Ne
18435;2.9;-60.4;4.59;0.07;Negativno;Ne
18436;2.1;-74.7;6.03;0.71;Negativno;Ne
18437;2.5;-73.6;6.55;0.02;Pozitivno;Ne
18438;11.7;-53.0;8.31;0.1;Negativno;Ne
18439;4.1;-57.7;6.44;0.05;Negativno;Ne
18440;0.1;-56.2;8.19;0.12;Negativno;Ne
18441;1.4;-69.4;8.13;0.91;Negativno;Ne
18442;5.8;-54.1;5.31;0.92;Negativno;Ne
18443;4.0;-77.2;8.59;0.22;Negativno;Ne
18444;11.1;-51.0;9.07;0.43;Negativno;Ne
18445;2.5;-56.2;5.97;0.16;Negativno;Ne
18446;5.2;-66.0;6.67;0.28;Negativno;Ne
18447;6.7;-68.1;7.84;0.11;Negativno;Ne
18448;2.0;-52.4;7.83;0.25;Negativno;Ne
18449;4.2;-71.3;6.93;0.06;Negativno;Ne
18450;4.2;-51.1;4.55;1.38;Negativno;Ne
18451;8.8;-66.2;7.15;0.96;Negativno;Ne
18452;5.2;-72.5;5.51;0.31;Negativno;Ne
18453;0.3;-54.0;6.59;1.39;Negativno;Ne
18454;6.8;-56.9;7.65;0.03;Negativno;Ne
18455;3.9;-60.6;1.79;0.44;Negativno;Ne
18456;4.1;-68.2;10.08;0.5;Negativno;Ne
18457;3.3;-51.9;5.88;0.0;Negativno;Ne
18458;7.2;-58.0;8.61;0.27;Pozitivno;Ne
18459;1.0;-49.7;4.08;1.18;Negativno;Ne
18460;2.0;-58.6;3.19;0.11;Negativno;Ne
18461;1.5;-66.9;8.17;0.13;Negativno;Ne
18462;0.2;-52.2;7.06;0.79;Negativno;Ne
18463;7.8;-57.2;6.43;1.06;Negativno;Ne
18464;11.1;-65.5;6.12;0.31;Negativno;Ne
18465;8.7;-55.3;7.06;0.09;Negativno;Ne
18466;1.6;-61.0;8.82;0.48;Negativno;Ne
18467;0.9;-43.8;8.45;0.12;Negativno;Ne
18468;2.1;-76.8;8.83;0.18;Negativno;Ne
18469;3.5;-78.9;10.35;0.53;Negativno;Ne
18470;7.4;-55.6;6.32;0.42;Negativno;Ne
18471;11.0;-55.5;7.55;0.06;Negativno;Ne
18472;12.2;-47.8;7.66;0.34;Negativno;Ne
18473;5.0;-64.3;6.4;0.39;Negativno;Ne
18474;14.3;-57.9;9.13;0.64;Negativno;Ne
18475;16.5;-56.9;3.7;0.11;Negativno;Ne
18476;3.7;-58.9;6.9;0.09;Negativno;Ne
18477;3.4;-56.9;7.18;0.45;Negativno;Ne
18478;1.0;-43.6;7.87;0.1;Negativno;Ne
18479;0.3;-51.3;1.05;0.37;Negativno;Ne
18480;0.1;-51.9;6.33;0.17;Negativno;Ne
18481;3.4;-50.9;5.16;0.68;Negativno;Ne
18482;17.4;-64.5;4.84;0.05;Negativno;Ne
18483;1.9;-78.9;5.54;0.34;Negativno;Ne
18484;3.6;-51.9;8.02;0.4;Negativno;Ne
18485;11.6;-64.3;6.18;0.03;Negativno;Ne
18486;9.3;-51.5;9.78;0.48;Negativno;Ne
18487;6.7;-66.6;6.08;0.72;Pozitivno;Ne
18488;1.9;-54.5;7.86;0.03;Negativno;Ne
18489;0.9;-50.3;3.8;0.6;Negativno;Ne
18490;25.7;-62.2;7.3;0.58;Negativno;Ne
18491;0.5;-61.2;5.7;0.73;Negativno;Ne
18492;3.7;-83.5;6.29;0.07;Negativno;Ne
18493;1.5;-66.0;9.65;0.5;Negativno;Ne
18494;2.4;-67.0;8.38;1.13;Negativno;Ne
18495;2.5;-59.4;7.22;0.03;Negativno;Ne
18496;18.4;-64.8;5.66;1.88;Negativno;Ne
18497;5.0;-73.8;5.32;0.57;Negativno;Ne
18498;15.4;-67.2;5.5;0.34;Negativno;Ne
18499;14.5;-58.8;6.63;0.87;Negativno;Ne
18500;4.4;-55.5;8.92;1.7;Negativno;Ne
18501;0.7;-73.7;7.1;1.22;Negativno;Ne
18502;2.5;-53.1;5.25;0.14;Negativno;Ne
18503;14.2;-60.2;7.84;0.38;Negativno;Ne
18504;0.5;-66.4;8.0;0.28;Negativno;Ne
18505;22.8;-69.6;10.84;0.3;Negativno;Ne
18506;10.9;-49.5;5.65;0.2;Negativno;Ne
18507;2.3;-62.7;5.05;0.1;Negativno;Ne
18508;0.9;-54.7;5.75;0.33;Negativno;Ne
18509;2.2;-75.4;7.44;0.38;Negativno;Ne
18510;7.6;-51.9;8.6;0.34;Negativno;Ne
18511;1.3;-72.3;8.95;0.53;Negativno;Ne
18512;3.2;-67.7;11.84;1.09;Negativno;Ne
18513;15.1;-56.6;5.47;0.64;Negativno;Ne
18514;1.4;-71.3;6.66;0.41;Negativno;Ne
18515;1.9;-61.9;9.07;0.07;Negativno;Ne
18516;12.8;-67.2;3.94;0.28;Negativno;Ne
18517;1.4;-70.4;6.55;0.99;Negativno;Ne
18518;0.2;-76.3;7.38;2.0;Negativno;Ne
18519;16.1;-63.1;5.88;0.08;Negativno;Ne
18520;7.7;-48.5;4.36;0.74;Negativno;Ne
18521;5.7;-87.5;9.0;0.92;Negativno;Ne
18522;0.4;-69.8;9.57;1.97;Negativno;Ne
18523;6.6;-47.8;9.34;0.92;Negativno;Ne
18524;0.8;-59.9;7.88;0.59;Negativno;Ne
18525;21.7;-72.0;6.16;0.14;Negativno;Ne
18526;2.1;-63.4;7.01;0.66;Negativno;Ne
18527;17.2;-40.8;8.51;0.16;Negativno;Ne
18528;25.7;-64.8;7.52;0.48;Negativno;Ne
18529;2.9;-62.4;7.79;0.25;Negativno;Ne
18530;7.0;-66.2;7.93;0.53;Negativno;Ne
18531;9.6;-63.2;7.18;0.55;Negativno;Ne
18532;4.2;-49.0;5.16;0.14;Negativno;Ne
18533;2.2;-61.8;7.71;0.81;Negativno;Ne
18534;4.9;-45.5;7.2;0.67;Negativno;Ne
18535;1.9;-49.8;3.45;0.33;Negativno;Ne
18536;0.7;-40.2;8.82;0.15;Negativno;Ne
18537;0.4;-67.9;2.4;0.05;Negativno;Ne
18538;5.2;-57.2;7.84;0.72;Negativno;Ne
18539;11.8;-53.8;7.37;0.68;Negativno;Ne
18540;8.9;-52.2;7.44;0.21;Negativno;Ne
18541;5.7;-54.5;7.54;0.67;Negativno;Ne
18542;0.7;-46.8;2.1;0.23;Negativno;Ne
18543;1.0;-56.4;2.43;0.99;Negativno;Ne
18544;6.5;-50.0;4.89;0.13;Negativno;Ne
18545;9.7;-52.2;10.12;0.11;Negativno;Ne
18546;6.2;-61.6;9.68;0.41;Negativno;Ne
18547;6.7;-51.3;6.44;0.01;Negativno;Ne
18548;10.5;-73.7;6.94;0.67;Negativno;Ne
18549;6.7;-61.0;5.34;1.01;Negativno;Ne
18550;5.2;-67.4;5.27;0.22;Negativno;Ne
18551;0.3;-52.1;5.32;0.28;Negativno;Ne
18552;2.0;-81.4;6.12;0.38;Negativno;Ne
18553;0.4;-80.6;8.44;0.0;Negativno;Ne
18554;2.6;-65.3;8.3;0.5;Negativno;Ne
18555;0.1;-68.5;7.52;1.04;Negativno;Ne
18556;14.8;-59.6;4.99;0.38;Negativno;Ne
18557;0.4;-78.0;4.3;0.29;Negativno;Ne
18558;0.6;-56.1;4.84;0.14;Negativno;Ne
18559;7.8;-78.1;4.15;0.16;Negativno;Ne
18560;4.0;-44.0;6.23;0.75;Negativno;Ne
18561;1.6;-62.5;4.36;1.52;Negativno;Ne
18562;10.4;-80.1;3.05;0.1;Negativno;Ne
18563;2.2;-61.9;8.37;0.7;Negativno;Ne
18564;0.9;-68.1;6.66;0.09;Negativno;Ne
18565;8.3;-63.5;9.97;0.11;Negativno;Ne
18566;6.0;-66.9;6.56;0.06;Negativno;Ne
18567;3.1;-81.9;5.2;0.92;Negativno;Ne
18568;5.4;-65.8;9.5;0.99;Negativno;Ne
18569;6.8;-70.0;7.78;0.53;Negativno;Ne
18570;1.4;-32.9;9.83;0.11;Negativno;Ne
18571;0.2;-66.7;4.05;1.32;Negativno;Ne
18572;3.0;-68.1;7.23;0.4;Negativno;Ne
18573;1.6;-62.2;4.32;0.11;Negativno;Ne
18574;5.0;-54.4;6.02;0.74;Negativno;Ne
18575;0.5;-53.4;9.67;1.05;Negativno;Ne
18576;5.6;-68.4;8.66;0.28;Negativno;Ne
18577;1.5;-49.1;4.59;0.06;Negativno;Ne
18578;5.2;-49.8;11.25;0.49;Negativno;Ne
18579;5.9;-80.5;8.43;0.3;Negativno;Ne
18580;3.3;-62.4;6.16;0.32;Negativno;Ne
18581;5.5;-52.1;8.57;0.83;Negativno;Ne
18582;7.9;-51.6;6.13;0.1;Negativno;Ne
18583;2.0;-43.0;9.74;0.56;Negativno;Ne
18584;2.3;-67.4;8.99;0.14;Negativno;Ne
18585;11.1;-66.5;5.52;0.38;Negativno;Ne
18586;7.7;-61.0;3.3;0.57;Negativno;Ne
18587;0.1;-74.2;5.1;0.4;Negativno;Ne
18588;1.3;-80.0;6.62;0.91;Pozitivno;Ne
18589;0.7;-59.5;8.54;0.42;Negativno;Ne
18590;3.3;-61.7;7.23;0.0;Negativno;Ne
18591;2.5;-65.2;5.64;0.65;Negativno;Ne
18592;2.0;-67.5;0.0;0.57;Negativno;Ne
18593;9.0;-34.4;7.58;0.14;Negativno;Ne
18594;2.6;-65.6;8.39;0.06;Negativno;Ne
18595;0.4;-53.3;8.1;0.54;Negativno;Ne
18596;1.9;-63.6;4.74;0.21;Negativno;Ne
18597;0.2;-34.0;9.65;0.04;Negativno;Ne
18598;2.2;-53.1;6.6;0.35;Negativno;Ne
18599;16.3;-66.7;7.2;0.42;Negativno;Ne
18600;6.6;-48.3;9.05;0.03;Negativno;Ne
18601;7.2;-63.0;2.69;0.27;Negativno;Ne
18602;7.7;-66.1;6.24;0.84;Negativno;Ne
18603;19.4;-76.9;4.85;0.93;Negativno;Ne
18604;5.5;-65.0;7.66;0.88;Negativno;Ne
18605;6.7;-60.7;7.74;1.0;Negativno;Ne
18606;7.7;-73.1;3.18;0.1;Negativno;Ne
18607;7.4;-67.5;9.68;0.76;Negativno;Ne
18608;2.8;-52.2;8.56;0.42;Negativno;Ne
18609;0.9;-64.2;9.44;1.23;Negativno;Ne
18610;4.3;-51.6;9.01;0.32;Negativno;Ne
18611;4.0;-77.1;4.59;0.56;Negativno;Ne
18612;0.6;-53.4;6.02;0.32;Negativno;Ne
18613;1.3;-69.3;4.89;0.77;Negativno;Ne
18614;3.8;-62.4;4.67;0.01;Negativno;Ne
18615;3.9;-59.6;4.42;1.21;Negativno;Ne
18616;4.9;-68.4;10.58;0.05;Negativno;Ne
18617;23.3;-63.6;5.9;0.12;Negativno;Ne
18618;0.2;-80.4;6.52;0.39;Negativno;Ne
18619;1.4;-62.6;9.09;0.01;Negativno;Ne
18620;3.3;-58.7;2.85;0.05;Negativno;Ne
18621;20.2;-63.8;8.5;0.2;Negativno;Ne
18622;0.1;-67.1;7.22;0.14;Negativno;Ne
18623;0.1;-70.6;7.66;0.18;Negativno;Ne
18624;0.8;-57.9;6.12;0.19;Negativno;Ne
18625;8.6;-58.1;7.04;0.19;Negativno;Ne
18626;12.1;-45.7;4.51;0.07;Negativno;Ne
18627;0.7;-34.4;3.51;0.06;Negativno;Ne
18628;8.3;-62.3;8.58;0.72;Negativno;Ne
18629;2.1;-65.1;2.03;0.32;Negativno;Ne
18630;0.6;-46.8;4.55;0.32;Negativno;Ne
18631;5.3;-63.6;7.47;0.29;Negativno;Ne
18632;6.4;-62.3;3.23;0.54;Negativno;Ne
18633;0.9;-50.9;8.71;0.08;Negativno;Ne
18634;5.8;-38.1;3.12;0.74;Negativno;Ne
18635;13.7;-48.8;9.24;0.39;Negativno;Ne
18636;3.7;-71.0;4.81;1.67;Negativno;Ne
18637;0.3;-54.9;6.8;0.1;Negativno;Ne
18638;1.9;-52.9;9.41;0.76;Negativno;Ne
18639;0.3;-57.0;9.82;0.51;Negativno;Ne
18640;18.7;-55.4;5.62;0.19;Negativno;Ne
18641;5.0;-63.1;4.04;0.75;Negativno;Ne
18642;4.8;-52.1;9.91;1.11;Negativno;Ne
18643;22.0;-66.0;5.88;0.05;Negativno;Ne
18644;8.0;-53.6;7.86;1.05;Negativno;Ne
18645;4.4;-65.4;8.02;0.27;Negativno;Ne
18646;0.3;-50.8;11.38;0.44;Negativno;Ne
18647;6.6;-59.7;3.59;1.05;Negativno;Ne
18648;5.4;-72.7;9.46;0.14;Negativno;Ne
18649;22.5;-71.0;6.61;0.32;Negativno;Ne
18650;17.4;-69.3;6.71;0.03;Negativno;Ne
18651;1.1;-42.7;11.6;0.46;Negativno;Ne
18652;0.6;-54.5;5.64;1.41;Negativno;Ne
18653;20.1;-62.1;8.48;0.57;Negativno;Ne
18654;2.0;-44.0;5.04;0.15;Negativno;Ne
18655;8.9;-45.7;9.24;1.12;Negativno;Ne
18656;12.0;-48.7;7.24;3.04;Negativno;Ne
18657;1.4;-62.5;6.84;0.78;Negativno;Ne
18658;20.6;-54.0;4.81;0.44;Negativno;Ne
18659;10.5;-67.2;5.42;0.06;Negativno;Ne
18660;1.0;-59.5;8.07;1.0;Negativno;Ne
18661;0.5;-56.3;7.06;0.08;Negativno;Ne
18662;1.6;-70.0;5.79;0.02;Negativno;Ne
18663;5.5;-45.9;6.94;0.86;Negativno;Ne
18664;2.3;-24.9;8.19;0.09;Negativno;Ne
18665;4.9;-64.7;7.42;1.15;Negativno;Ne
18666;2.1;-78.2;8.72;0.29;Negativno;Ne
18667;0.3;-50.2;11.24;0.2;Negativno;Ne
18668;9.3;-63.6;1.99;0.01;Negativno;Ne
18669;10.9;-60.9;6.01;0.37;Negativno;Ne
18670;3.5;-62.0;5.14;0.02;Negativno;Ne
18671;2.1;-66.6;6.22;0.24;Negativno;Ne
18672;8.5;-47.0;8.96;1.31;Negativno;Ne
18673;13.8;-77.1;9.61;0.71;Negativno;Ne
18674;1.5;-69.1;4.91;0.54;Negativno;Ne
18675;3.9;-55.4;1.78;0.15;Negativno;Ne
18676;0.7;-57.0;7.5;0.19;Negativno;Ne
18677;2.5;-62.9;6.77;0.79;Negativno;Ne
18678;8.7;-61.2;6.96;0.32;Negativno;Ne
18679;0.4;-67.1;8.8;0.25;Negativno;Ne
18680;0.2;-58.3;8.79;0.8;Negativno;Ne
18681;2.4;-34.3;7.0;0.11;Pozitivno;Ne
18682;3.0;-62.8;4.67;0.53;Negativno;Ne
18683;3.0;-60.8;10.76;1.43;Negativno;Ne
18684;2.5;-48.2;5.85;0.04;Negativno;Ne
18685;1.8;-67.1;8.49;0.03;Negativno;Ne
18686;2.1;-60.8;9.71;0.15;Negativno;Ne
18687;3.6;-58.7;6.4;0.57;Negativno;Ne
18688;7.4;-58.7;4.75;0.05;Negativno;Ne
18689;7.0;-52.1;7.55;0.06;Negativno;Ne
18690;12.4;-55.1;5.37;0.17;Negativno;Ne
18691;1.8;-56.3;6.99;0.05;Negativno;Ne
18692;6.5;-68.1;6.66;0.11;Negativno;Ne
18693;2.3;-51.1;7.09;0.01;Negativno;Ne
18694;3.9;-58.0;8.1;0.14;Negativno;Ne
18695;3.1;-61.1;5.52;0.21;Negativno;Ne
18696;0.3;-59.5;6.72;0.12;Negativno;Ne
18697;0.3;-61.9;5.69;0.84;Negativno;Ne
18698;10.2;-55.2;9.94;0.66;Negativno;Ne
18699;20.6;-45.3;5.66;0.08;Negativno;Ne
18700;0.9;-66.7;4.66;0.32;Negativno;Ne
18701;8.5;-51.7;3.65;1.07;Negativno;Ne
18702;15.8;-78.5;8.11;0.6;Negativno;Ne
18703;0.9;-63.2;11.39;1.75;Negativno;Ne
18704;11.7;-66.5;8.74;1.16;Negativno;Ne
18705;0.9;-68.6;7.17;1.01;Negativno;Ne
18706;1.8;-72.6;3.6;0.03;Negativno;Ne
18707;1.7;-60.4;9.09;0.49;Negativno;Ne
18708;2.5;-72.1;7.45;0.41;Negativno;Ne
18709;5.3;-66.0;6.0;0.4;Negativno;Ne
18710;0.1;-50.9;7.47;0.13;Negativno;Ne
18711;2.2;-64.9;5.54;1.36;Negativno;Ne
18712;3.0;-36.3;8.54;0.21;Negativno;Ne
18713;0.3;-51.7;8.55;0.92;Pozitivno;Ne
18714;3.8;-55.7;8.66;0.06;Negativno;Ne
18715;20.8;-62.9;5.07;0.06;Negativno;Ne
18716;1.3;-54.4;8.04;1.07;Negativno;Ne
18717;9.4;-48.2;5.77;0.62;Negativno;Ne
18718;3.3;-57.2;10.1;0.15;Negativno;Ne
18719;18.8;-65.2;6.52;0.48;Negativno;Ne
18720;6.6;-66.0;6.2;0.25;Negativno;Ne
18721;0.1;-50.4;6.54;0.52;Negativno;Ne
18722;0.4;-61.3;9.22;0.63;Negativno;Ne
18723;16.9;-46.2;7.83;1.52;Negativno;Ne
18724;2.0;-59.9;9.5;0.19;Negativno;Ne
18725;2.5;-68.8;3.93;0.7;Negativno;Ne
18726;1.0;-55.2;6.5;0.24;Negativno;Ne
18727;3.4;-70.6;3.71;0.34;Negativno;Ne
18728;0.4;-50.5;6.99;0.63;Negativno;Ne
18729;0.3;-61.8;8.47;0.13;Negativno;Ne
18730;4.4;-47.0;7.89;0.15;Negativno;Ne
18731;3.9;-56.8;9.81;0.39;Negativno;Ne
18732;0.9;-59.7;9.19;0.28;Negativno;Ne
18733;1.8;-58.3;9.86;0.0;Negativno;Ne
18734;1.3;-50.7;7.81;0.69;Negativno;Ne
18735;1.7;-57.4;5.89;0.44;Negativno;Ne
18736;3.7;-40.2;9.37;0.46;Negativno;Ne
18737;7.7;-47.7;4.1;0.4;Negativno;Ne
18738;6.7;-49.3;9.5;0.51;Negativno;Ne
18739;18.3;-64.7;5.6;1.93;Negativno;Ne
18740;7.9;-65.1;9.47;0.11;Negativno;Ne
18741;1.4;-66.4;2.45;2.06;Negativno;Ne
18742;1.0;-69.0;6.26;1.77;Negativno;Ne
18743;7.7;-54.9;4.57;0.56;Negativno;Ne
18744;2.3;-64.0;10.67;0.11;Negativno;Ne
18745;14.4;-60.5;7.12;0.34;Negativno;Ne
18746;9.2;-58.7;5.79;0.65;Negativno;Ne
18747;6.6;-70.6;6.96;0.54;Negativno;Ne
18748;0.8;-49.2;7.2;0.5;Negativno;Ne
18749;0.8;-55.7;5.53;0.54;Negativno;Ne
18750;8.9;-64.0;6.24;0.05;Negativno;Ne
18751;7.4;-60.0;5.06;0.35;Negativno;Ne
18752;10.5;-46.9;4.67;0.69;Negativno;Ne
18753;2.0;-58.6;4.73;0.07;Negativno;Ne
18754;1.3;-60.3;4.08;0.17;Negativno;Ne
18755;2.3;-61.7;6.47;0.38;Negativno;Ne
18756;6.9;-59.6;7.4;0.29;Negativno;Ne
18757;1.9;-75.7;7.96;0.26;Negativno;Ne
18758;28.1;-67.1;5.29;0.46;Negativno;Ne
18759;3.7;-66.8;7.52;2.27;Negativno;Ne
18760;7.8;-66.8;3.76;0.39;Negativno;Ne
18761;3.1;-64.4;5.49;1.12;Negativno;Ne
18762;4.6;-78.0;6.98;0.74;Negativno;Ne
18763;10.1;-67.2;7.77;0.35;Negativno;Ne
18764;1.3;-57.6;6.58;0.04;Negativno;Ne
18765;3.7;-59.9;5.88;0.26;Negativno;Ne
18766;2.0;-65.7;4.09;0.34;Negativno;Ne
18767;1.4;-60.1;6.83;0.1;Negativno;Ne
18768;0.7;-55.9;8.81;0.14;Negativno;Ne
18769;27.1;-52.0;4.76;0.29;Negativno;Ne
18770;4.0;-65.8;5.51;1.89;Negativno;Ne
18771;9.2;-52.1;3.76;0.25;Negativno;Ne
18772;1.4;-56.8;7.53;0.65;Negativno;Ne
18773;3.1;-31.8;8.54;0.36;Negativno;Ne
18774;11.0;-67.6;6.68;0.03;Negativno;Ne
18775;8.5;-57.7;9.43;0.26;Negativno;Ne
18776;1.6;-55.4;6.52;1.98;Negativno;Ne
18777;2.2;-63.1;5.17;0.62;Negativno;Ne
18778;21.3;-62.7;8.11;0.21;Negativno;Ne
18779;0.2;-74.8;8.07;1.25;Negativno;Ne
18780;0.3;-49.9;6.99;0.21;Negativno;Ne
18781;0.4;-59.4;3.8;2.13;Negativno;Ne
18782;3.3;-54.3;7.37;0.56;Negativno;Ne
18783;7.3;-53.9;7.93;2.37;Negativno;Ne
18784;0.7;-54.3;5.26;0.0;Negativno;Ne
18785;8.1;-52.1;4.1;0.14;Negativno;Ne
18786;0.6;-69.0;6.51;0.01;Negativno;Ne
18787;8.2;-37.5;6.29;0.46;Negativno;Ne
18788;2.7;-53.3;6.28;0.07;Negativno;Ne
18789;1.0;-47.8;8.86;0.09;Negativno;Ne
18790;0.7;-42.3;6.99;0.02;Negativno;Ne
18791;1.9;-63.8;4.78;0.22;Negativno;Ne
18792;9.1;-55.7;11.22;0.09;Negativno;Ne
18793;1.1;-62.9;7.26;1.68;Negativno;Ne
18794;0.1;-48.6;7.71;1.96;Negativno;Ne
18795;2.3;-68.6;7.78;0.58;Negativno;Ne
18796;3.8;-67.1;6.69;1.13;Negativno;Ne
18797;4.9;-64.6;9.77;0.66;Negativno;Ne
18798;4.7;-60.3;4.14;0.5;Negativno;Ne
18799;9.2;-54.0;7.12;0.8;Negativno;Ne
18800;6.8;-58.4;7.64;0.36;Negativno;Ne
18801;11.1;-71.0;7.0;0.51;Negativno;Ne
18802;4.8;-67.8;5.93;0.15;Negativno;Ne
18803;6.6;-49.6;8.05;1.24;Negativno;Ne
18804;0.9;-66.4;6.65;0.77;Negativno;Ne
18805;6.3;-54.7;7.39;0.42;Negativno;Ne
18806;17.9;-60.5;7.87;0.36;Negativno;Ne
18807;1.5;-45.8;5.69;1.03;Negativno;Ne
18808;1.0;-56.8;8.18;0.23;Negativno;Ne
18809;6.2;-56.3;7.27;1.09;Negativno;Ne
18810;11.4;-52.2;8.62;1.2;Negativno;Ne
18811;0.6;-66.4;6.41;0.6;Negativno;Ne
18812;3.9;-52.0;6.0;0.04;Negativno;Ne
18813;2.0;-67.7;7.48;0.05;Negativno;Ne
18814;7.4;-58.7;7.9;0.33;Negativno;Ne
18815;11.6;-45.4;8.02;0.33;Negativno;Ne
18816;0.4;-50.0;6.2;0.1;Negativno;Ne
18817;2.5;-78.8;6.25;0.1;Negativno;Ne
18818;2.4;-60.0;8.94;0.18;Negativno;Ne
18819;1.0;-69.4;7.59;0.52;Negativno;Ne
18820;4.9;-82.9;5.85;0.32;Negativno;Ne
18821;1.2;-62.2;9.31;0.01;Negativno;Ne
18822;2.5;-49.4;5.73;0.21;Negativno;Ne
18823;0.9;-77.5;8.98;0.35;Negativno;Ne
18824;8.8;-60.0;6.76;0.75;Negativno;Ne
18825;4.5;-56.7;6.48;1.07;Negativno;Ne
18826;7.7;-72.3;9.4;0.66;Negativno;Ne
18827;3.9;-76.5;9.46;0.47;Negativno;Ne
18828;1.9;-51.9;8.35;0.75;Negativno;Ne
18829;0.9;-52.2;6.84;0.4;Negativno;Ne
18830;0.4;-66.2;7.92;1.09;Negativno;Ne
18831;3.2;-50.9;5.23;0.38;Negativno;Ne
18832;1.3;-62.7;7.98;0.12;Negativno;Ne
18833;7.8;-58.6;6.02;0.0;Negativno;Ne
18834;8.3;-65.3;4.43;0.11;Negativno;Ne
18835;2.2;-78.2;3.84;0.32;Negativno;Ne
18836;0.4;-58.6;7.99;0.84;Negativno;Ne
18837;3.4;-70.0;7.4;0.36;Negativno;Ne
18838;1.1;-67.9;3.63;0.46;Negativno;Ne
18839;0.5;-68.8;8.18;0.04;Negativno;Ne
18840;1.9;-56.3;9.7;0.12;Pozitivno;Ne
18841;2.3;-67.3;6.65;0.24;Negativno;Ne
18842;6.6;-55.6;8.21;0.03;Negativno;Ne
18843;8.4;-60.3;6.74;0.08;Negativno;Ne
18844;13.0;-57.6;7.52;1.11;Negativno;Ne
18845;0.7;-58.6;9.35;0.74;Negativno;Ne
18846;8.1;-55.3;4.9;1.93;Negativno;Ne
18847;0.9;-35.4;9.02;1.32;Negativno;Ne
18848;2.5;-80.0;9.66;0.63;Negativno;Ne
18849;5.7;-83.6;10.2;1.39;Negativno;Ne
18850;0.8;-55.7;5.7;0.44;Negativno;Ne
18851;11.1;-62.2;6.64;0.61;Negativno;Ne
18852;0.3;-71.8;3.93;0.2;Negativno;Ne
18853;4.2;-75.7;4.25;0.78;Negativno;Ne
18854;11.2;-62.7;8.26;1.54;Negativno;Ne
18855;0.5;-55.3;6.26;0.84;Negativno;Ne
18856;17.3;-61.9;2.45;1.12;Negativno;Ne
18857;12.0;-51.4;8.71;0.03;Negativno;Ne
18858;1.2;-60.8;5.65;0.02;Negativno;Ne
18859;1.7;-57.5;7.83;0.26;Negativno;Ne
18860;2.4;-63.1;5.25;0.38;Negativno;Ne
18861;17.5;-50.5;8.77;0.42;Negativno;Ne
18862;13.3;-66.3;9.31;0.53;Negativno;Ne
18863;3.7;-48.5;5.11;0.11;Negativno;Ne
18864;3.4;-66.4;6.23;0.17;Negativno;Ne
18865;6.8;-56.3;6.69;0.0;Negativno;Ne
18866;31.5;-64.2;3.53;0.3;Negativno;Ne
18867;2.0;-80.6;10.07;0.16;Negativno;Ne
18868;3.0;-70.4;8.91;0.51;Negativno;Ne
18869;2.6;-81.7;7.22;1.1;Negativno;Ne
18870;1.6;-67.7;3.85;0.17;Negativno;Ne
18871;9.0;-59.8;7.04;0.54;Negativno;Ne
18872;4.4;-65.9;6.43;1.27;Negativno;Ne
18873;1.4;-45.9;3.02;1.06;Negativno;Ne
18874;7.5;-57.7;4.03;0.03;Negativno;Ne
18875;2.6;-62.0;4.13;0.03;Negativno;Ne
18876;0.5;-61.1;5.27;0.44;Negativno;Ne
18877;10.5;-42.3;8.7;0.08;Negativno;Ne
18878;5.5;-91.5;1.96;0.63;Negativno;Ne
18879;0.0;-62.0;2.88;0.46;Negativno;Ne
18880;7.2;-46.5;4.98;0.28;Negativno;Ne
18881;2.2;-54.1;7.7;0.19;Negativno;Ne
18882;2.3;-53.9;8.32;0.28;Negativno;Ne
18883;10.6;-45.2;3.92;0.13;Negativno;Ne
18884;5.0;-80.6;7.5;0.31;Negativno;Ne
18885;5.3;-60.3;11.54;0.45;Negativno;Ne
18886;6.6;-55.7;6.54;0.04;Negativno;Ne
18887;0.2;-62.2;6.56;0.27;Negativno;Ne
18888;3.1;-81.3;4.14;1.66;Negativno;Ne
18889;5.4;-60.9;6.87;0.61;Negativno;Ne
18890;5.1;-66.5;6.62;1.2;Negativno;Ne
18891;2.4;-55.9;6.33;0.73;Negativno;Ne
18892;14.5;-68.0;9.05;0.64;Negativno;Ne
18893;1.5;-59.0;3.46;0.15;Negativno;Ne
18894;1.6;-34.8;7.42;0.5;Negativno;Ne
18895;6.0;-63.6;11.27;0.28;Negativno;Ne
18896;2.5;-73.6;6.41;0.87;Negativno;Ne
18897;1.1;-71.8;5.22;0.19;Negativno;Ne
18898;1.0;-58.4;8.96;2.48;Negativno;Ne
18899;2.3;-66.9;5.28;0.0;Negativno;Ne
18900;0.0;-42.2;10.2;0.55;Negativno;Ne
18901;4.2;-62.6;7.83;0.98;Negativno;Ne
18902;4.4;-53.3;4.77;0.15;Negativno;Ne
18903;10.6;-50.6;8.01;0.38;Negativno;Ne
18904;0.0;-57.0;5.56;0.23;Negativno;Ne
18905;5.3;-43.5;7.56;0.8;Negativno;Ne
18906;5.8;-72.1;8.14;0.66;Negativno;Ne
18907;11.7;-62.3;5.67;1.39;Negativno;Ne
18908;3.4;-55.7;9.98;1.24;Negativno;Ne
18909;1.2;-67.2;10.18;0.35;Negativno;Ne
18910;2.1;-40.8;8.23;0.54;Negativno;Ne
18911;7.1;-84.4;7.31;0.52;Negativno;Ne
18912;5.6;-45.4;7.42;3.25;Negativno;Ne
18913;0.7;-61.4;7.35;0.48;Negativno;Ne
18914;2.8;-54.3;5.04;0.03;Negativno;Ne
18915;0.3;-67.4;7.9;1.13;Negativno;Ne
18916;21.5;-68.0;5.12;0.22;Negativno;Ne
18917;3.8;-50.7;5.48;0.45;Negativno;Ne
18918;1.2;-38.0;5.7;1.44;Negativno;Ne
18919;2.9;-58.7;6.09;0.17;Negativno;Ne
18920;11.7;-71.9;6.34;0.88;Negativno;Ne
18921;0.7;-61.3;6.75;0.25;Negativno;Ne
18922;0.5;-51.8;6.78;0.02;Negativno;Ne
18923;1.6;-47.9;8.84;0.88;Negativno;Ne
18924;8.8;-36.5;8.96;1.38;Negativno;Ne
18925;2.6;-55.4;10.01;0.24;Negativno;Ne
18926;2.0;-63.5;5.92;0.11;Negativno;Ne
18927;9.6;-69.9;7.96;0.16;Negativno;Ne
18928;1.2;-64.6;7.46;0.2;Negativno;Ne
18929;1.7;-54.4;5.28;0.09;Negativno;Ne
18930;1.3;-72.4;6.29;0.15;Negativno;Ne
18931;1.5;-73.1;7.17;0.08;Negativno;Ne
18932;1.1;-55.5;7.49;1.31;Negativno;Ne
18933;0.7;-65.7;7.95;1.57;Negativno;Ne
18934;0.5;-71.4;5.75;0.28;Negativno;Ne
18935;0.8;-43.0;6.48;0.0;Negativno;Ne
18936;4.6;-42.0;7.8;0.28;Negativno;Ne
18937;2.5;-69.9;8.12;0.03;Negativno;Ne
18938;14.9;-41.7;3.21;0.67;Negativno;Ne
18939;7.9;-51.4;7.34;0.02;Negativno;Ne
18940;2.0;-82.1;8.2;0.8;Negativno;Ne
18941;27.7;-49.3;9.41;0.13;Negativno;Ne
18942;1.1;-59.2;8.2;0.46;Negativno;Ne
18943;4.5;-73.0;5.28;0.01;Negativno;Ne
18944;2.2;-53.5;8.92;0.58;Negativno;Ne
18945;0.6;-61.5;8.52;0.24;Negativno;Ne
18946;4.7;-63.7;6.71;0.13;Negativno;Ne
18947;0.2;-52.0;6.1;0.31;Negativno;Ne
18948;3.0;-60.1;5.94;0.08;Negativno;Ne
18949;0.7;-63.4;7.95;0.05;Negativno;Ne
18950;2.4;-51.3;4.4;0.57;Negativno;Ne
18951;1.3;-46.0;6.22;0.12;Negativno;Ne
18952;10.4;-70.4;4.24;1.74;Negativno;Ne
18953;10.4;-57.6;8.57;0.24;Negativno;Ne
18954;10.5;-42.8;10.8;1.2;Negativno;Ne
18955;8.7;-56.4;4.04;0.03;Negativno;Ne
18956;10.5;-57.6;3.6;0.04;Negativno;Ne
18957;0.2;-70.3;6.25;0.19;Negativno;Ne
18958;33.5;-59.1;7.28;0.43;Negativno;Ne
18959;2.7;-67.4;4.74;0.12;Negativno;Ne
18960;3.5;-29.2;7.26;0.01;Negativno;Ne
18961;0.4;-47.2;7.08;0.52;Negativno;Ne
18962;2.4;-36.4;7.88;0.17;Negativno;Ne
18963;4.7;-63.6;8.81;0.58;Negativno;Ne
18964;7.6;-48.2;6.32;1.03;Negativno;Ne
18965;5.9;-69.9;7.63;0.12;Negativno;Ne
18966;1.7;-66.0;6.31;1.19;Negativno;Ne
18967;1.8;-52.7;2.8;0.35;Negativno;Ne
18968;8.1;-55.6;5.66;0.13;Negativno;Ne
18969;0.5;-60.0;9.11;0.22;Negativno;Ne
18970;0.7;-51.7;10.07;0.07;Negativno;Ne
18971;11.9;-45.9;10.2;0.38;Negativno;Ne
18972;8.9;-43.0;7.4;0.23;Negativno;Ne
18973;2.8;-67.9;8.45;0.52;Negativno;Ne
18974;8.3;-67.1;5.06;0.3;Negativno;Ne
18975;6.1;-73.7;4.87;0.45;Negativno;Ne
18976;2.2;-53.8;9.67;0.11;Negativno;Ne
18977;2.6;-56.3;7.18;2.58;Negativno;Ne
18978;3.6;-55.7;6.47;0.84;Negativno;Ne
18979;1.0;-51.8;4.71;0.79;Negativno;Ne
18980;3.7;-70.5;6.58;0.74;Negativno;Ne
18981;6.2;-56.2;6.24;1.3;Negativno;Ne
18982;7.8;-79.7;6.31;0.04;Negativno;Ne
18983;5.9;-50.6;8.54;0.2;Negativno;Ne
18984;1.8;-59.3;6.64;0.48;Negativno;Ne
18985;5.2;-63.4;5.22;0.06;Negativno;Ne
18986;9.6;-61.7;9.53;0.06;Negativno;Ne
18987;3.4;-61.4;7.84;1.14;Negativno;Ne
18988;1.2;-53.2;7.63;1.26;Negativno;Ne
18989;5.5;-56.5;9.65;1.25;Negativno;Ne
18990;6.8;-38.6;4.32;0.01;Negativno;Ne
18991;2.1;-64.2;3.93;0.54;Negativno;Ne
18992;2.0;-64.7;7.79;0.06;Negativno;Ne
18993;14.6;-67.0;10.5;0.08;Negativno;Ne
18994;5.4;-61.7;6.42;0.36;Negativno;Ne
18995;7.0;-52.0;6.1;0.32;Negativno;Ne
18996;8.6;-53.7;7.22;0.52;Negativno;Ne
18997;1.2;-54.4;8.89;1.25;Negativno;Ne
18998;0.6;-65.7;8.64;0.08;Negativno;Ne
18999;1.8;-52.0;6.49;0.78;Negativno;Ne
19000;8.4;-66.6;8.36;0.0;Negativno;Ne
19001;3.2;-67.0;6.8;0.03;Negativno;Ne
19002;12.4;-73.4;6.82;0.16;Negativno;Ne
19003;0.4;-50.0;8.85;0.49;Negativno;Ne
19004;13.5;-65.4;5.16;0.3;Negativno;Ne
19005;20.1;-54.6;7.28;0.15;Negativno;Ne
19006;7.9;-56.3;7.21;0.53;Negativno;Ne
19007;6.2;-59.2;6.12;0.12;Negativno;Ne
19008;10.4;-68.7;6.7;0.17;Negativno;Ne
19009;2.8;-76.3;6.04;0.27;Negativno;Ne
19010;3.8;-47.4;4.75;0.16;Negativno;Ne
19011;5.1;-61.4;9.68;1.06;Negativno;Ne
19012;26.6;-56.4;6.32;0.16;Negativno;Ne
19013;0.7;-57.8;6.42;0.01;Negativno;Ne
19014;1.0;-53.4;5.37;0.99;Negativno;Ne
19015;1.6;-77.0;8.15;0.1;Negativno;Ne
19016;11.8;-77.5;2.84;0.86;Negativno;Ne
19017;10.3;-74.1;10.18;0.13;Negativno;Ne
19018;4.7;-59.0;6.22;1.18;Negativno;Ne
19019;3.5;-72.4;9.35;0.18;Negativno;Ne
19020;10.0;-60.4;4.52;0.58;Negativno;Ne
19021;1.2;-77.0;6.07;0.09;Negativno;Ne
19022;19.1;-65.9;8.28;0.01;Negativno;Ne
19023;15.1;-68.5;11.51;0.12;Negativno;Ne
19024;7.3;-53.4;8.03;0.11;Negativno;Ne
19025;8.7;-55.8;5.11;0.54;Negativno;Ne
19026;0.5;-65.8;7.85;0.01;Negativno;Ne
19027;2.7;-53.8;4.51;0.07;Negativno;Ne
19028;7.5;-52.3;5.48;0.03;Negativno;Ne
19029;4.5;-49.7;4.61;0.4;Negativno;Ne
19030;4.9;-53.0;9.57;0.56;Negativno;Ne
19031;15.6;-50.6;7.71;0.01;Negativno;Ne
19032;5.4;-58.6;8.84;0.12;Negativno;Ne
19033;7.3;-62.5;5.52;0.42;Negativno;Ne
19034;8.2;-52.7;6.84;0.19;Negativno;Ne
19035;2.1;-78.0;8.11;0.62;Negativno;Ne
19036;3.0;-62.2;6.24;0.82;Negativno;Ne
19037;2.1;-38.9;5.39;0.07;Negativno;Ne
19038;2.7;-73.9;4.45;1.34;Negativno;Ne
19039;1.3;-61.6;3.7;0.48;Negativno;Ne
19040;1.2;-74.3;5.06;0.06;Negativno;Ne
19041;3.9;-61.2;7.48;1.35;Negativno;Ne
19042;4.9;-59.7;5.0;0.0;Negativno;Ne
19043;8.0;-64.6;7.91;0.6;Negativno;Ne
19044;3.2;-51.2;5.04;0.25;Negativno;Ne
19045;5.6;-56.9;7.82;0.07;Negativno;Ne
19046;8.0;-62.6;6.41;0.02;Negativno;Ne
19047;2.4;-71.3;3.45;0.15;Negativno;Ne
19048;1.6;-55.8;13.82;0.63;Negativno;Ne
19049;2.8;-56.5;7.44;0.23;Negativno;Ne
19050;0.8;-60.9;5.62;0.84;Negativno;Ne
19051;12.5;-64.6;3.68;0.72;Negativno;Ne
19052;5.4;-53.1;8.21;0.44;Negativno;Ne
19053;0.8;-66.7;11.26;0.19;Negativno;Ne
19054;6.5;-58.5;7.44;0.92;Negativno;Ne
19055;2.3;-58.5;5.96;0.05;Negativno;Ne
19056;3.1;-57.8;7.16;0.51;Negativno;Ne
19057;4.6;-49.0;5.96;0.15;Negativno;Ne
19058;10.0;-43.8;5.04;2.63;Negativno;Ne
19059;7.6;-45.5;9.33;0.78;Negativno;Ne
19060;0.8;-65.9;11.06;0.41;Negativno;Ne
19061;3.4;-51.5;7.68;0.32;Negativno;Ne
19062;0.2;-70.6;8.14;1.64;Negativno;Ne
19063;6.8;-54.0;5.54;0.34;Negativno;Ne
19064;1.5;-51.8;5.08;0.31;Negativno;Ne
19065;2.4;-50.1;5.46;0.34;Negativno;Ne
19066;9.5;-77.8;6.02;0.27;Negativno;Ne
19067;1.6;-55.6;3.3;0.78;Negativno;Ne
19068;3.0;-72.2;8.27;0.21;Negativno;Ne
19069;1.0;-54.7;6.49;0.02;Negativno;Ne
19070;6.3;-51.8;6.66;0.14;Negativno;Ne
19071;1.6;-81.2;7.95;0.62;Negativno;Ne
19072;2.3;-55.5;7.08;0.69;Negativno;Ne
19073;0.3;-72.2;4.97;0.09;Negativno;Ne
19074;11.1;-47.7;5.87;0.52;Negativno;Ne
19075;0.7;-61.9;5.91;0.56;Negativno;Ne
19076;13.4;-57.1;7.2;0.82;Negativno;Ne
19077;3.6;-63.4;6.45;0.31;Negativno;Ne
19078;12.8;-63.3;3.45;0.32;Negativno;Ne
19079;3.7;-63.5;10.24;0.47;Negativno;Ne
19080;14.7;-53.9;6.36;0.88;Negativno;Ne
19081;3.5;-75.1;7.91;0.18;Negativno;Ne
19082;6.7;-64.0;7.69;0.41;Negativno;Ne
19083;2.0;-35.3;7.69;0.06;Pozitivno;Ne
19084;1.0;-55.5;1.84;0.12;Negativno;Ne
19085;0.7;-66.9;10.99;0.31;Negativno;Ne
19086;7.8;-86.6;9.74;0.14;Negativno;Ne
19087;4.9;-48.0;5.02;0.05;Negativno;Ne
19088;2.8;-75.0;7.75;0.08;Negativno;Ne
19089;10.5;-52.7;9.71;0.08;Negativno;Ne
19090;2.1;-70.5;9.02;0.11;Negativno;Ne
19091;4.3;-50.4;6.53;1.19;Negativno;Ne
19092;3.4;-40.2;8.32;0.26;Negativno;Ne
19093;2.9;-65.9;9.56;0.07;Negativno;Ne
19094;0.1;-45.0;6.13;0.1;Negativno;Ne
19095;2.3;-53.1;6.87;0.28;Negativno;Ne
19096;15.8;-54.0;8.95;0.8;Negativno;Ne
19097;2.2;-40.3;6.91;2.63;Negativno;Ne
19098;7.2;-59.1;4.52;0.1;Negativno;Ne
19099;5.2;-35.1;9.59;0.17;Negativno;Ne
19100;1.7;-56.8;5.55;0.13;Negativno;Ne
19101;9.5;-64.3;10.08;0.02;Negativno;Ne
19102;7.5;-45.9;6.63;0.37;Negativno;Ne
19103;2.4;-59.5;7.2;0.16;Negativno;Ne
19104;4.8;-61.6;8.54;0.28;Negativno;Ne
19105;0.6;-71.8;5.01;0.13;Negativno;Ne
19106;0.8;-72.4;9.79;1.1;Negativno;Ne
19107;6.1;-65.8;6.85;0.06;Negativno;Ne
19108;4.7;-57.5;4.91;0.03;Negativno;Ne
19109;1.2;-64.3;8.09;0.46;Negativno;Ne
19110;6.6;-53.0;8.47;0.41;Negativno;Ne
19111;0.3;-48.0;5.99;0.47;Negativno;Ne
19112;25.1;-61.1;4.73;0.3;Negativno;Ne
19113;7.0;-55.4;4.08;0.73;Negativno;Ne
19114;2.4;-68.9;4.43;0.14;Negativno;Ne
19115;1.2;-58.7;6.41;0.23;Negativno;Ne
19116;1.5;-60.2;6.53;0.52;Negativno;Ne
19117;3.0;-93.4;6.25;0.35;Negativno;Ne
19118;8.4;-58.0;5.9;0.41;Negativno;Ne
19119;30.9;-65.0;6.63;0.28;Negativno;Ne
19120;5.1;-42.5;8.21;0.58;Negativno;Ne
19121;1.8;-58.3;7.62;0.5;Negativno;Ne
19122;1.5;-67.6;6.56;1.28;Negativno;Ne
19123;5.5;-72.8;1.77;0.35;Negativno;Ne
19124;0.0;-61.8;8.12;0.19;Negativno;Ne
19125;9.9;-70.1;9.91;1.98;Negativno;Ne
19126;4.7;-64.6;8.73;0.08;Negativno;Ne
19127;12.2;-54.6;8.63;0.01;Negativno;Ne
19128;8.6;-59.5;6.03;0.78;Negativno;Ne
19129;0.8;-48.3;6.71;0.27;Negativno;Ne
19130;0.5;-74.5;6.82;0.77;Negativno;Ne
19131;1.3;-59.1;5.79;1.27;Pozitivno;Ne
19132;5.1;-61.8;6.06;0.77;Negativno;Ne
19133;2.9;-56.1;7.77;0.06;Negativno;Ne
19134;0.4;-63.4;5.14;0.75;Negativno;Ne
19135;8.7;-59.7;8.12;0.65;Negativno;Ne
19136;0.1;-49.5;7.8;0.37;Negativno;Ne
19137;9.5;-56.0;7.97;0.26;Negativno;Ne
19138;2.9;-64.0;9.14;1.12;Negativno;Ne
19139;3.2;-60.9;4.78;0.28;Negativno;Ne
19140;2.1;-60.9;6.99;1.18;Negativno;Ne
19141;6.0;-59.7;7.27;1.44;Negativno;Ne
19142;2.0;-58.5;11.11;0.21;Negativno;Ne
19143;6.9;-63.7;7.33;0.0;Negativno;Ne
19144;4.1;-65.1;6.06;0.39;Negativno;Ne
19145;2.1;-63.1;7.84;0.03;Negativno;Ne
19146;0.6;-60.4;5.7;0.24;Negativno;Ne
19147;9.3;-74.8;9.04;1.14;Negativno;Ne
19148;1.3;-60.1;8.09;0.05;Negativno;Ne
19149;2.0;-73.8;10.06;0.03;Negativno;Ne
19150;1.4;-60.0;5.08;0.11;Negativno;Ne
19151;1.6;-58.5;8.17;0.51;Negativno;Ne
19152;2.1;-48.8;8.92;0.25;Negativno;Ne
19153;15.5;-66.9;6.91;0.25;Negativno;Ne
19154;4.5;-81.4;4.23;0.01;Negativno;Ne
19155;0.1;-73.1;5.72;0.24;Negativno;Ne
19156;0.6;-60.7;9.41;0.78;Negativno;Ne
19157;16.3;-60.0;8.18;0.28;Negativno;Ne
19158;0.7;-65.1;5.56;0.85;Negativno;Ne
19159;2.3;-55.8;9.37;0.9;Negativno;Ne
19160;0.2;-50.8;11.13;0.47;Negativno;Ne
19161;1.1;-75.7;3.15;1.78;Negativno;Ne
19162;1.2;-58.1;6.74;0.33;Negativno;Ne
19163;0.9;-50.9;5.8;0.36;Negativno;Ne
19164;4.9;-50.8;4.75;0.48;Negativno;Ne
19165;10.8;-44.5;6.59;0.04;Negativno;Ne
19166;13.6;-62.9;6.09;1.03;Negativno;Ne
19167;3.8;-51.0;3.23;0.13;Negativno;Ne
19168;3.2;-62.2;9.08;0.57;Negativno;Ne
19169;5.4;-51.9;10.26;0.28;Negativno;Ne
19170;0.0;-74.8;9.24;0.07;Negativno;Ne
19171;2.4;-64.3;5.18;1.02;Negativno;Ne
19172;0.8;-64.9;9.55;0.89;Negativno;Ne
19173;3.7;-70.6;2.91;0.76;Negativno;Ne
19174;2.0;-56.7;6.41;1.7;Negativno;Ne
19175;6.0;-75.6;7.16;0.53;Negativno;Ne
19176;12.0;-55.8;7.48;0.25;Negativno;Ne
19177;16.6;-56.9;10.42;0.2;Negativno;Ne
19178;0.7;-68.9;5.84;0.27;Negativno;Ne
19179;2.1;-59.7;5.5;0.31;Negativno;Ne
19180;11.7;-52.4;4.4;0.32;Negativno;Ne
19181;11.8;-54.2;6.36;1.44;Negativno;Ne
19182;0.2;-72.8;6.12;0.15;Negativno;Ne
19183;2.8;-69.7;3.65;0.3;Negativno;Ne
19184;14.6;-56.5;6.97;1.0;Negativno;Ne
19185;5.8;-65.5;6.71;0.2;Negativno;Ne
19186;0.2;-62.6;4.68;0.66;Negativno;Ne
19187;3.4;-50.7;5.28;0.32;Negativno;Ne
19188;6.7;-70.6;7.98;0.19;Negativno;Ne
19189;32.1;-54.8;7.03;0.28;Negativno;Ne
19190;0.2;-66.0;4.2;0.42;Negativno;Ne
19191;1.3;-50.8;3.43;0.28;Negativno;Ne
19192;1.3;-46.9;5.63;0.06;Negativno;Ne
19193;2.1;-63.2;6.83;0.02;Negativno;Ne
19194;0.3;-56.4;7.74;0.54;Negativno;Ne
19195;3.8;-63.4;6.22;0.06;Negativno;Ne
19196;21.0;-64.4;7.98;0.72;Negativno;Ne
19197;8.0;-68.1;8.97;0.11;Negativno;Ne
19198;0.1;-66.0;5.15;1.03;Negativno;Ne
19199;4.2;-68.8;7.38;0.39;Negativno;Ne
19200;14.5;-33.4;5.86;0.43;Negativno;Ne
19201;2.0;-63.6;5.46;0.08;Negativno;Ne
19202;4.3;-69.3;9.01;0.57;Negativno;Ne
19203;2.4;-49.2;9.57;0.13;Negativno;Ne
19204;2.3;-61.4;5.76;1.78;Negativno;Ne
19205;4.3;-48.7;7.44;0.09;Negativno;Ne
19206;1.4;-65.6;6.2;1.35;Negativno;Ne
19207;5.2;-62.6;2.55;1.33;Negativno;Ne
19208;24.0;-42.4;6.9;0.45;Negativno;Ne
19209;1.7;-55.0;4.17;0.27;Negativno;Ne
19210;3.5;-51.4;8.35;0.57;Negativno;Ne
19211;1.9;-53.8;6.88;0.19;Negativno;Ne
19212;5.4;-55.6;6.84;0.04;Negativno;Ne
19213;0.7;-61.6;7.75;0.49;Negativno;Ne
19214;5.1;-48.2;10.45;0.14;Negativno;Ne
19215;0.2;-64.2;7.4;1.22;Negativno;Ne
19216;2.8;-64.4;10.2;0.09;Negativno;Ne
19217;10.0;-58.7;7.3;0.02;Negativno;Ne
19218;9.2;-68.3;6.19;0.2;Negativno;Ne
19219;10.3;-47.2;4.59;0.13;Negativno;Ne
19220;2.4;-56.3;5.55;0.7;Negativno;Ne
19221;1.2;-57.2;5.56;0.33;Negativno;Ne
19222;6.4;-52.2;9.03;1.09;Negativno;Ne
19223;0.5;-45.2;4.03;0.17;Negativno;Ne
19224;2.3;-67.1;7.23;0.69;Negativno;Ne
19225;4.0;-57.4;7.18;0.3;Negativno;Ne
19226;8.7;-65.3;8.29;0.06;Negativno;Ne
19227;9.7;-50.3;8.63;0.35;Negativno;Ne
19228;2.3;-68.9;8.42;0.66;Negativno;Ne
19229;8.1;-43.5;7.82;0.06;Negativno;Ne
19230;1.4;-58.3;5.31;2.62;Negativno;Ne
19231;3.7;-39.8;6.98;2.54;Negativno;Ne
19232;3.4;-58.0;9.76;0.55;Negativno;Ne
19233;2.6;-71.5;6.14;0.08;Negativno;Ne
19234;23.7;-63.7;7.16;0.24;Negativno;Ne
19235;7.7;-55.7;5.38;0.18;Negativno;Ne
19236;0.6;-61.2;10.31;0.06;Negativno;Ne
19237;2.2;-61.2;6.01;0.77;Negativno;Ne
19238;7.8;-52.2;10.12;0.37;Negativno;Ne
19239;0.7;-70.4;4.69;0.3;Negativno;Ne
19240;10.3;-59.1;4.67;0.3;Negativno;Ne
19241;9.0;-55.9;5.46;0.03;Negativno;Ne
19242;7.6;-69.8;10.67;0.05;Negativno;Ne
19243;24.1;-58.1;3.75;1.52;Negativno;Ne
19244;24.3;-61.1;6.3;0.36;Negativno;Ne
19245;4.0;-64.8;4.73;1.42;Negativno;Ne
19246;6.1;-85.2;6.35;0.09;Negativno;Ne
19247;10.2;-81.9;9.09;1.0;Negativno;Ne
19248;8.5;-53.4;4.08;0.48;Negativno;Ne
19249;1.8;-41.1;7.32;0.4;Negativno;Ne
19250;4.0;-42.6;7.88;0.23;Negativno;Ne
19251;1.7;-64.6;8.15;0.66;Negativno;Ne
19252;4.1;-68.8;5.9;0.87;Negativno;Ne
19253;15.7;-61.4;4.67;1.53;Negativno;Ne
19254;0.2;-62.6;8.19;0.24;Negativno;Ne
19255;0.3;-72.0;6.97;0.32;Negativno;Ne
19256;10.9;-59.7;8.95;0.42;Negativno;Ne
19257;8.2;-66.5;5.18;0.33;Negativno;Ne
19258;1.8;-75.3;10.49;0.9;Negativno;Ne
19259;0.7;-68.3;4.02;1.2;Negativno;Ne
19260;4.8;-56.4;11.79;2.9;Negativno;Ne
19261;4.6;-57.5;8.81;1.78;Negativno;Ne
19262;0.8;-42.7;5.87;1.2;Negativno;Ne
19263;2.9;-59.4;3.8;0.43;Negativno;Ne
19264;8.2;-72.1;4.75;0.25;Negativno;Ne
19265;0.3;-55.9;5.53;0.48;Negativno;Ne
19266;12.4;-49.0;5.09;0.47;Negativno;Ne
19267;3.5;-60.1;6.2;0.21;Negativno;Ne
19268;2.1;-52.3;4.49;0.55;Negativno;Ne
19269;7.9;-68.1;4.49;0.11;Negativno;Ne
19270;0.5;-71.2;7.49;0.08;Negativno;Ne
19271;6.7;-71.9;4.35;0.05;Negativno;Ne
19272;1.3;-69.0;7.64;0.57;Negativno;Ne
19273;2.2;-59.3;7.84;0.43;Negativno;Ne
19274;3.9;-77.4;4.49;0.85;Negativno;Ne
19275;3.7;-60.5;9.12;1.37;Negativno;Ne
19276;4.9;-50.9;9.15;1.45;Negativno;Ne
19277;3.1;-65.3;8.21;0.16;Negativno;Ne
19278;8.4;-75.1;9.53;0.27;Negativno;Ne
19279;0.0;-65.6;10.85;0.02;Negativno;Ne
19280;20.0;-60.5;8.68;1.14;Negativno;Ne
19281;1.1;-54.5;8.18;0.57;Negativno;Ne
19282;3.2;-35.4;8.88;0.08;Negativno;Ne
19283;1.3;-49.3;11.29;0.05;Negativno;Ne
19284;13.1;-40.1;7.15;0.45;Negativno;Ne
19285;0.7;-55.9;7.17;0.25;Negativno;Ne
19286;6.3;-62.0;4.77;0.35;Negativno;Ne
19287;6.4;-51.2;5.64;0.34;Negativno;Ne
19288;1.1;-71.4;10.72;0.18;Negativno;Ne
19289;1.0;-53.9;7.76;0.17;Negativno;Ne
19290;13.1;-57.9;7.32;1.16;Negativno;Ne
19291;1.5;-61.3;4.64;0.51;Pozitivno;Ne
19292;2.1;-77.6;7.85;1.31;Negativno;Ne
19293;1.0;-50.4;6.14;1.05;Negativno;Ne
19294;2.4;-55.1;6.15;1.08;Negativno;Ne
19295;4.0;-45.3;7.19;0.28;Negativno;Ne
19296;2.5;-57.7;7.57;0.69;Negativno;Ne
19297;1.1;-63.1;2.72;0.22;Negativno;Ne
19298;3.7;-68.7;9.78;0.37;Negativno;Ne
19299;0.7;-58.5;9.06;0.74;Negativno;Ne
19300;13.1;-43.5;4.69;0.12;Negativno;Ne
19301;5.0;-45.5;9.04;0.07;Negativno;Ne
19302;2.6;-55.7;7.44;0.12;Negativno;Ne
19303;2.7;-67.4;9.63;0.2;Pozitivno;Ne
19304;0.0;-48.2;10.67;0.7;Negativno;Ne
19305;3.6;-45.4;8.12;0.06;Negativno;Ne
19306;7.3;-58.1;6.29;0.23;Negativno;Ne
19307;10.6;-60.2;9.22;0.09;Negativno;Ne
19308;7.0;-64.4;9.06;0.39;Negativno;Ne
19309;2.9;-47.4;4.9;0.01;Negativno;Ne
19310;0.6;-46.1;4.11;0.12;Negativno;Ne
19311;3.6;-76.6;9.09;1.39;Negativno;Ne
19312;8.5;-62.0;8.19;0.11;Negativno;Ne
19313;0.4;-59.4;6.58;0.34;Negativno;Ne
19314;2.2;-59.5;7.9;0.8;Negativno;Ne
19315;1.1;-58.3;5.36;0.78;Negativno;Ne
19316;0.5;-47.5;2.77;0.07;Negativno;Ne
19317;10.1;-69.8;6.04;0.06;Negativno;Ne
19318;17.5;-52.6;10.04;0.18;Negativno;Ne
19319;2.2;-69.1;9.53;0.51;Negativno;Ne
19320;5.6;-64.2;7.61;0.43;Negativno;Ne
19321;6.9;-57.9;8.34;0.26;Negativno;Ne
19322;2.5;-49.7;9.32;1.13;Negativno;Ne
19323;5.7;-94.1;10.43;0.02;Negativno;Ne
19324;1.9;-66.9;5.12;0.17;Negativno;Ne
19325;3.0;-69.0;7.83;0.48;Negativno;Ne
19326;2.7;-69.4;9.34;0.34;Negativno;Ne
19327;1.8;-37.1;9.42;0.31;Negativno;Ne
19328;4.0;-66.2;11.09;0.52;Negativno;Ne
19329;4.4;-48.6;8.15;0.68;Negativno;Ne
19330;0.9;-61.3;8.62;0.02;Negativno;Ne
19331;5.7;-71.3;5.57;0.12;Negativno;Ne
19332;0.6;-62.5;7.87;0.25;Negativno;Ne
19333;8.1;-58.3;6.97;1.54;Negativno;Ne
19334;0.5;-54.5;5.22;1.08;Negativno;Ne
19335;0.7;-55.4;5.99;0.02;Negativno;Ne
19336;6.8;-69.9;5.54;0.43;Negativno;Ne
19337;4.8;-60.0;4.22;1.13;Negativno;Ne
19338;1.9;-71.0;7.58;0.58;Negativno;Ne
19339;8.0;-73.4;8.73;0.29;Negativno;Ne
19340;3.2;-59.1;4.55;0.12;Negativno;Ne
19341;21.2;-45.9;5.61;0.98;Negativno;Ne
19342;2.1;-54.0;5.9;0.36;Negativno;Ne
19343;11.6;-58.2;7.02;0.45;Negativno;Ne
19344;5.8;-75.9;7.19;0.05;Negativno;Ne
19345;4.2;-60.7;7.14;0.6;Negativno;Ne
19346;6.6;-58.3;5.94;0.06;Negativno;Ne
19347;2.7;-66.6;5.77;0.98;Negativno;Ne
19348;4.7;-70.0;5.38;0.09;Negativno;Ne
19349;22.0;-64.9;10.46;0.4;Negativno;Ne
19350;5.2;-44.1;7.9;0.2;Negativno;Ne
19351;4.1;-53.2;8.9;0.46;Negativno;Ne
19352;3.6;-56.3;6.52;0.03;Negativno;Ne
19353;4.5;-67.4;7.56;0.92;Negativno;Ne
19354;8.9;-55.3;9.72;0.89;Negativno;Ne
19355;0.3;-63.1;5.67;0.11;Negativno;Ne
19356;13.5;-71.1;7.56;0.37;Negativno;Ne
19357;0.8;-64.0;6.62;0.28;Negativno;Ne
19358;2.8;-66.2;5.99;0.4;Negativno;Ne
19359;1.7;-67.0;8.66;0.05;Negativno;Ne
19360;0.0;-54.6;6.99;0.46;Negativno;Ne
19361;4.1;-79.8;10.14;0.14;Negativno;Ne
19362;4.6;-67.2;4.18;1.22;Negativno;Ne
19363;2.3;-51.5;6.13;0.59;Negativno;Ne
19364;4.1;-70.6;8.87;0.0;Negativno;Ne
19365;1.2;-59.9;5.06;0.32;Negativno;Ne
19366;0.9;-70.7;7.45;0.04;Negativno;Ne
19367;2.1;-48.1;4.62;0.41;Negativno;Ne
19368;0.0;-57.7;5.98;0.09;Negativno;Ne
19369;2.4;-53.2;7.21;0.3;Negativno;Ne
19370;3.0;-67.3;7.11;0.02;Negativno;Ne
19371;1.8;-57.4;6.17;0.73;Negativno;Ne
19372;19.5;-60.5;4.14;0.19;Negativno;Ne
19373;4.2;-67.0;6.56;0.27;Negativno;Ne
19374;3.0;-62.1;7.43;0.09;Negativno;Ne
19375;0.4;-62.7;5.31;0.04;Negativno;Ne
19376;1.8;-73.0;7.04;0.21;Negativno;Ne
19377;1.9;-62.9;3.32;1.18;Negativno;Ne
19378;0.2;-83.2;5.16;0.23;Negativno;Ne
19379;10.1;-52.9;5.21;0.44;Negativno;Ne
19380;2.7;-59.5;7.63;0.26;Negativno;Ne
19381;4.2;-57.7;4.9;0.46;Negativno;Ne
19382;0.0;-73.6;7.86;0.84;Negativno;Ne
19383;0.3;-62.0;6.16;0.64;Negativno;Ne
19384;2.3;-42.1;7.09;0.76;Negativno;Ne
19385;1.2;-62.2;9.43;0.06;Negativno;Ne
19386;0.1;-61.5;9.45;7.11;Negativno;Ne
19387;4.9;-71.5;5.51;0.87;Negativno;Ne
19388;2.2;-66.7;6.82;0.27;Negativno;Ne
19389;2.1;-62.2;7.43;1.03;Negativno;Ne
19390;0.9;-76.6;6.58;0.63;Negativno;Ne
19391;13.4;-73.2;3.49;0.05;Negativno;Ne
19392;3.3;-45.5;2.79;0.06;Negativno;Ne
19393;6.9;-64.3;3.78;0.0;Negativno;Ne
19394;7.6;-64.3;8.82;0.21;Negativno;Ne
19395;4.6;-61.5;6.3;1.45;Negativno;Ne
19396;5.5;-87.9;6.67;0.22;Negativno;Ne
19397;0.9;-52.7;9.56;2.98;Negativno;Ne
19398;7.9;-48.4;9.27;0.25;Negativno;Ne
19399;1.0;-61.5;6.0;0.01;Negativno;Ne
19400;3.3;-71.7;6.34;0.0;Negativno;Ne
19401;5.0;-50.4;8.05;0.12;Negativno;Ne
19402;0.9;-63.1;9.38;0.53;Negativno;Ne
19403;1.6;-68.2;6.74;0.13;Negativno;Ne
19404;0.8;-71.5;5.2;0.14;Negativno;Ne
19405;7.7;-71.2;10.84;0.0;Negativno;Ne
19406;12.2;-43.1;5.93;0.36;Negativno;Ne
19407;2.1;-40.8;8.99;0.93;Negativno;Ne
19408;11.7;-58.9;8.16;0.09;Negativno;Ne
19409;6.8;-71.0;1.17;0.37;Negativno;Ne
19410;20.8;-67.0;9.18;1.37;Negativno;Ne
19411;23.8;-81.5;5.31;1.49;Negativno;Ne
19412;3.6;-50.4;4.72;0.0;Negativno;Ne
19413;0.6;-64.8;6.94;0.09;Negativno;Ne
19414;2.0;-63.1;3.6;0.84;Negativno;Ne
19415;6.3;-42.1;4.85;0.06;Negativno;Ne
19416;15.0;-59.0;6.66;0.58;Negativno;Ne
19417;6.3;-69.4;8.49;0.44;Negativno;Ne
19418;5.3;-68.6;6.12;0.21;Negativno;Ne
19419;10.0;-57.7;7.92;0.1;Negativno;Ne
19420;1.6;-54.3;9.36;0.28;Negativno;Ne
19421;2.9;-56.8;8.05;0.3;Negativno;Ne
19422;9.1;-62.7;10.03;0.18;Negativno;Ne
19423;0.6;-64.1;7.25;0.5;Negativno;Ne
19424;2.1;-44.0;6.45;0.16;Negativno;Ne
19425;6.5;-62.1;4.23;0.42;Negativno;Ne
19426;13.9;-47.2;5.09;0.13;Negativno;Ne
19427;0.8;-53.2;5.49;0.83;Negativno;Ne
19428;9.6;-64.2;2.74;0.42;Negativno;Ne
19429;4.9;-69.8;5.38;0.32;Negativno;Ne
19430;1.3;-51.5;9.16;0.87;Negativno;Ne
19431;1.4;-50.9;6.61;0.58;Negativno;Ne
19432;0.5;-47.8;7.76;0.01;Negativno;Ne
19433;1.9;-62.3;8.59;0.94;Negativno;Ne
19434;14.6;-51.4;10.86;0.3;Negativno;Ne
19435;5.3;-62.3;6.92;0.31;Negativno;Ne
19436;9.9;-79.2;10.31;0.06;Negativno;Ne
19437;3.0;-35.5;5.02;0.29;Negativno;Ne
19438;1.7;-76.4;9.48;0.29;Negativno;Ne
19439;1.6;-38.1;5.67;0.21;Negativno;Ne
19440;8.5;-62.2;5.57;0.07;Negativno;Ne
19441;4.9;-63.1;4.81;0.17;Negativno;Ne
19442;1.9;-67.4;10.47;0.31;Negativno;Ne
19443;1.9;-48.5;9.23;0.1;Negativno;Ne
19444;10.3;-58.0;5.8;0.77;Negativno;Ne
19445;3.1;-62.2;9.63;0.52;Negativno;Ne
19446;1.2;-53.3;4.4;0.08;Negativno;Ne
19447;2.6;-59.2;6.74;0.05;Negativno;Ne
19448;4.5;-60.9;7.47;0.65;Negativno;Ne
19449;6.0;-69.7;8.64;0.56;Negativno;Ne
19450;10.2;-74.0;7.96;0.77;Negativno;Ne
19451;0.4;-62.9;6.38;1.29;Negativno;Ne
19452;2.8;-64.6;9.39;0.18;Negativno;Ne
19453;3.1;-48.3;10.01;0.76;Negativno;Ne
19454;1.3;-71.2;6.6;0.31;Negativno;Ne
19455;8.4;-65.4;8.24;0.49;Negativno;Ne
19456;8.9;-73.8;8.9;0.4;Negativno;Ne
19457;1.5;-53.9;6.33;0.38;Negativno;Ne
19458;9.3;-52.6;7.23;0.09;Negativno;Ne
19459;3.2;-54.5;8.13;1.09;Negativno;Ne
19460;10.0;-63.5;6.34;0.62;Negativno;Ne
19461;1.5;-51.0;7.26;0.13;Negativno;Ne
19462;10.8;-64.1;4.45;0.46;Negativno;Ne
19463;0.2;-70.3;11.08;0.03;Negativno;Ne
19464;0.5;-56.4;10.55;1.09;Negativno;Ne
19465;1.1;-72.6;6.86;1.26;Negativno;Ne
19466;0.9;-65.2;3.15;0.14;Negativno;Ne
19467;3.1;-66.5;8.29;0.46;Negativno;Ne
19468;13.4;-56.6;7.94;0.98;Negativno;Ne
19469;2.2;-74.4;6.93;0.05;Negativno;Ne
19470;2.4;-48.9;6.02;0.31;Negativno;Ne
19471;5.4;-72.7;6.23;0.22;Negativno;Ne
19472;4.8;-44.8;4.98;0.8;Negativno;Ne
19473;7.4;-45.9;6.07;0.87;Negativno;Ne
19474;0.8;-51.7;5.02;0.71;Negativno;Ne
19475;1.4;-35.0;2.47;0.12;Negativno;Ne
19476;1.6;-57.1;5.87;1.06;Negativno;Ne
19477;5.5;-56.3;6.04;0.13;Negativno;Ne
19478;1.5;-65.0;8.43;0.61;Negativno;Ne
19479;1.7;-72.8;6.61;0.46;Negativno;Ne
19480;10.4;-60.0;6.16;0.03;Negativno;Ne
19481;12.0;-57.5;3.61;1.21;Negativno;Ne
19482;4.4;-44.5;7.34;0.39;Negativno;Ne
19483;6.3;-73.3;4.18;0.16;Negativno;Ne
19484;7.7;-45.9;10.33;0.23;Negativno;Ne
19485;0.5;-53.1;9.44;0.31;Negativno;Ne
19486;5.3;-72.9;8.34;0.08;Negativno;Ne
19487;1.5;-55.1;5.67;0.92;Negativno;Ne
19488;1.6;-75.0;8.03;1.46;Negativno;Ne
19489;5.3;-65.8;7.8;0.08;Negativno;Ne
19490;8.2;-67.5;4.5;0.05;Negativno;Ne
19491;1.2;-45.4;5.72;0.02;Negativno;Ne
19492;4.1;-60.4;3.53;0.0;Negativno;Ne
19493;7.9;-80.5;4.35;0.6;Negativno;Ne
19494;1.7;-56.6;11.07;0.47;Negativno;Ne
19495;3.9;-58.3;4.57;1.06;Negativno;Ne
19496;1.0;-55.8;8.02;0.24;Negativno;Ne
19497;10.5;-55.2;4.9;0.4;Negativno;Ne
19498;3.5;-49.8;5.6;0.66;Negativno;Ne
19499;3.0;-72.7;7.39;0.13;Negativno;Ne
19500;8.8;-47.9;7.96;0.2;Negativno;Ne
19501;2.3;-63.4;4.63;0.14;Negativno;Ne
19502;2.4;-68.1;8.51;0.06;Negativno;Ne
19503;6.3;-83.9;7.1;0.78;Negativno;Ne
19504;0.9;-66.1;7.07;0.59;Negativno;Ne
19505;4.2;-64.7;8.7;0.37;Negativno;Ne
19506;1.4;-61.2;7.99;0.31;Negativno;Ne
19507;4.2;-71.7;7.04;0.13;Negativno;Ne
19508;0.4;-55.3;9.1;0.39;Negativno;Ne
19509;9.0;-67.7;8.29;0.33;Negativno;Ne
19510;3.1;-69.6;11.09;0.52;Negativno;Ne
19511;0.7;-61.5;8.31;0.6;Negativno;Ne
19512;0.3;-70.5;6.54;0.38;Negativno;Ne
19513;2.9;-36.7;10.23;0.18;Negativno;Ne
19514;20.4;-59.7;2.22;0.42;Negativno;Ne
19515;0.1;-71.0;6.3;0.17;Negativno;Ne
19516;16.7;-62.6;4.77;0.89;Negativno;Ne
19517;16.0;-60.9;8.14;0.42;Pozitivno;Ne
19518;1.3;-64.5;10.37;0.47;Negativno;Ne
19519;3.4;-48.6;8.43;0.3;Negativno;Ne
19520;4.8;-69.2;7.53;0.01;Negativno;Ne
19521;0.7;-51.5;2.37;0.05;Negativno;Ne
19522;8.0;-57.5;7.29;1.21;Negativno;Ne
19523;4.3;-56.4;7.66;0.24;Negativno;Ne
19524;1.0;-70.7;7.12;2.23;Negativno;Ne
19525;9.2;-50.9;6.33;0.3;Negativno;Ne
19526;1.6;-76.8;2.76;0.07;Negativno;Ne
19527;3.3;-81.1;8.8;0.22;Negativno;Ne
19528;3.1;-60.6;7.51;1.91;Negativno;Ne
19529;13.1;-73.3;7.57;0.79;Negativno;Ne
19530;3.3;-67.4;7.96;0.37;Negativno;Ne
19531;1.5;-66.1;9.93;0.12;Negativno;Ne
19532;2.5;-57.7;8.73;1.09;Negativno;Ne
19533;4.0;-52.9;10.55;0.17;Negativno;Ne
19534;9.4;-71.7;4.99;0.03;Negativno;Ne
19535;0.7;-67.6;6.89;0.79;Negativno;Ne
19536;5.7;-66.6;5.54;0.11;Negativno;Ne
19537;3.6;-48.4;6.65;0.17;Negativno;Ne
19538;6.3;-66.7;6.0;1.0;Negativno;Ne
19539;4.4;-77.6;11.04;0.09;Negativno;Ne
19540;2.4;-69.7;8.29;0.25;Negativno;Ne
19541;3.4;-63.1;6.09;0.45;Negativno;Ne
19542;0.6;-63.1;8.89;1.9;Negativno;Ne
19543;1.8;-47.0;7.42;0.35;Negativno;Ne
19544;0.3;-66.5;4.24;0.58;Negativno;Ne
19545;4.7;-62.0;6.16;0.97;Negativno;Ne
19546;5.3;-53.6;9.13;0.74;Negativno;Ne
19547;0.7;-80.8;8.34;0.25;Negativno;Ne
19548;25.7;-56.0;5.7;0.02;Negativno;Ne
19549;3.6;-60.5;6.77;0.18;Negativno;Ne
19550;0.4;-68.7;8.74;0.75;Negativno;Ne
19551;7.1;-51.2;6.99;0.35;Negativno;Ne
19552;1.5;-68.2;7.29;1.73;Negativno;Ne
19553;2.7;-62.5;11.01;0.21;Negativno;Ne
19554;5.8;-60.2;5.76;1.31;Negativno;Ne
19555;0.9;-64.9;5.92;0.11;Negativno;Ne
19556;3.3;-81.8;5.39;0.9;Negativno;Ne
19557;9.8;-45.7;8.23;0.28;Negativno;Ne
19558;7.6;-62.3;6.89;0.71;Negativno;Ne
19559;23.5;-39.5;8.89;1.6;Negativno;Ne
19560;0.4;-58.6;10.19;0.57;Negativno;Ne
19561;7.8;-39.3;10.44;0.55;Negativno;Ne
19562;4.4;-58.7;5.87;0.18;Negativno;Ne
19563;0.1;-61.1;6.09;0.35;Negativno;Ne
19564;5.1;-52.5;7.0;0.18;Negativno;Ne
19565;0.8;-55.2;9.11;0.55;Negativno;Ne
19566;2.7;-49.5;6.64;0.57;Negativno;Ne
19567;10.3;-66.4;9.02;0.17;Negativno;Ne
19568;2.5;-68.4;5.97;0.62;Negativno;Ne
19569;2.6;-59.0;9.88;0.04;Negativno;Ne
19570;11.5;-51.1;5.61;0.02;Negativno;Ne
19571;1.3;-74.0;5.36;0.14;Negativno;Ne
19572;10.4;-54.0;5.83;1.24;Negativno;Ne
19573;5.6;-36.6;6.02;0.27;Negativno;Ne
19574;2.0;-47.8;6.39;0.2;Negativno;Ne
19575;1.2;-65.8;9.18;3.08;Negativno;Ne
19576;4.4;-42.9;7.75;0.3;Negativno;Ne
19577;1.4;-66.8;10.47;0.31;Negativno;Ne
19578;6.7;-64.8;5.69;0.11;Negativno;Ne
19579;4.3;-73.9;5.14;0.29;Negativno;Ne
19580;3.7;-47.3;4.95;0.18;Negativno;Ne
19581;2.8;-46.7;7.76;0.61;Negativno;Ne
19582;11.7;-53.5;7.68;0.61;Negativno;Ne
19583;0.5;-47.2;5.81;0.05;Negativno;Ne
19584;0.4;-51.5;5.46;0.45;Negativno;Ne
19585;0.7;-59.8;7.81;0.77;Negativno;Ne
19586;0.1;-68.8;8.35;0.85;Negativno;Ne
19587;0.3;-62.6;6.91;0.08;Negativno;Ne
19588;3.9;-53.1;5.42;0.31;Negativno;Ne
19589;0.2;-56.4;10.75;0.35;Negativno;Ne
19590;1.2;-51.9;4.43;1.79;Negativno;Ne
19591;3.3;-51.1;8.17;0.25;Negativno;Ne
19592;3.0;-71.8;8.46;1.95;Negativno;Ne
19593;0.4;-55.2;5.04;0.03;Negativno;Ne
19594;4.3;-48.8;7.5;0.37;Negativno;Ne
19595;2.2;-58.1;11.87;0.35;Negativno;Ne
19596;9.3;-70.9;8.07;0.13;Negativno;Ne
19597;5.8;-53.8;4.77;0.17;Negativno;Ne
19598;3.6;-70.8;7.58;1.0;Negativno;Ne
19599;7.6;-56.5;6.54;0.02;Negativno;Ne
19600;2.3;-67.2;7.31;0.56;Negativno;Ne
19601;3.3;-62.5;6.6;0.17;Negativno;Ne
19602;5.9;-63.5;6.01;0.04;Negativno;Ne
19603;0.6;-48.6;8.0;2.02;Negativno;Ne
19604;2.0;-64.2;6.58;0.05;Negativno;Ne
19605;0.9;-57.5;10.12;0.48;Negativno;Ne
19606;1.6;-77.2;6.04;1.61;Negativno;Ne
19607;9.3;-71.9;10.52;0.05;Negativno;Ne
19608;7.4;-74.1;7.56;0.03;Negativno;Ne
19609;1.4;-65.3;6.78;0.29;Negativno;Ne
19610;1.3;-37.0;10.25;0.37;Negativno;Ne
19611;0.3;-74.2;8.33;0.28;Negativno;Ne
19612;0.4;-38.2;6.6;1.2;Negativno;Ne
19613;2.3;-64.6;6.36;0.79;Negativno;Ne
19614;6.0;-52.2;6.24;0.52;Negativno;Ne
19615;0.8;-62.4;6.66;0.03;Negativno;Ne
19616;11.7;-66.4;3.6;0.65;Negativno;Ne
19617;4.0;-62.9;6.09;0.12;Negativno;Ne
19618;0.8;-50.0;4.39;0.06;Negativno;Ne
19619;2.8;-56.6;9.01;0.17;Negativno;Ne
19620;1.2;-61.3;7.37;0.28;Negativno;Ne
19621;8.2;-53.4;7.76;0.4;Negativno;Ne
19622;16.0;-61.8;5.04;0.32;Negativno;Ne
19623;0.3;-41.3;8.5;0.02;Negativno;Ne
19624;1.0;-42.7;6.32;0.09;Negativno;Ne
19625;2.4;-58.6;5.07;0.46;Negativno;Ne
19626;2.0;-48.3;4.95;0.08;Negativno;Ne
19627;1.6;-61.7;6.91;0.63;Negativno;Ne
19628;12.7;-69.4;4.3;0.06;Negativno;Ne
19629;1.0;-74.4;4.97;0.58;Negativno;Ne
19630;3.1;-58.2;8.83;0.04;Negativno;Ne
19631;0.4;-53.5;8.94;1.66;Negativno;Ne
19632;11.7;-46.2;9.19;0.18;Negativno;Ne
19633;9.2;-70.4;11.35;0.25;Negativno;Ne
19634;0.3;-71.6;7.84;0.35;Negativno;Ne
19635;6.8;-58.4;6.25;1.09;Negativno;Ne
19636;9.7;-69.8;6.89;0.41;Negativno;Ne
19637;0.1;-55.7;6.48;0.22;Negativno;Ne
19638;4.7;-71.8;9.49;0.28;Negativno;Ne
19639;0.9;-53.5;7.03;0.16;Negativno;Ne
19640;0.9;-75.4;6.33;0.42;Negativno;Ne
19641;5.0;-52.9;7.03;0.87;Negativno;Ne
19642;3.5;-43.0;2.83;2.06;Negativno;Ne
19643;5.1;-43.1;10.54;0.15;Negativno;Ne
19644;2.3;-59.2;9.06;0.43;Negativno;Ne
19645;0.3;-50.7;7.1;2.97;Negativno;Ne
19646;19.7;-67.2;5.03;0.37;Negativno;Ne
19647;1.7;-62.9;8.22;1.46;Negativno;Ne
19648;2.9;-66.6;8.52;2.45;Negativno;Ne
19649;3.3;-65.6;7.46;0.03;Negativno;Ne
19650;10.9;-44.1;8.52;0.58;Negativno;Ne
19651;5.8;-64.4;5.28;0.97;Negativno;Ne
19652;7.1;-54.1;5.69;0.05;Negativno;Ne
19653;0.2;-57.7;8.86;0.3;Negativno;Ne
19654;1.3;-61.3;7.5;0.07;Negativno;Ne
19655;2.2;-46.4;7.43;0.6;Negativno;Ne
19656;19.3;-58.3;5.98;0.8;Negativno;Ne
19657;3.9;-49.9;5.79;0.08;Negativno;Ne
19658;0.3;-70.0;7.42;0.26;Negativno;Ne
19659;9.4;-51.7;8.75;0.1;Negativno;Ne
19660;6.2;-54.6;5.97;0.33;Negativno;Ne
19661;0.7;-57.5;4.41;0.13;Negativno;Ne
19662;5.6;-45.8;6.8;1.11;Negativno;Ne
19663;11.7;-74.7;8.07;1.04;Negativno;Ne
19664;1.2;-63.5;6.69;0.28;Negativno;Ne
19665;0.0;-71.5;9.75;0.0;Negativno;Ne
19666;5.1;-30.6;6.59;0.4;Negativno;Ne
19667;13.6;-60.5;6.92;0.32;Negativno;Ne
19668;10.5;-68.1;3.43;0.44;Negativno;Ne
19669;9.6;-45.2;4.33;0.49;Negativno;Ne
19670;3.5;-55.2;7.2;0.26;Negativno;Ne
19671;6.9;-64.2;6.33;0.36;Negativno;Ne
19672;7.4;-55.5;4.86;0.34;Negativno;Ne
19673;3.8;-58.9;4.95;0.77;Negativno;Ne
19674;5.5;-57.8;7.74;0.14;Negativno;Ne
19675;5.2;-50.1;8.0;0.11;Negativno;Ne
19676;2.1;-55.2;9.29;0.62;Negativno;Ne
19677;3.6;-59.6;9.63;0.56;Negativno;Ne
19678;0.5;-44.8;6.11;0.06;Negativno;Ne
19679;4.0;-46.7;6.41;0.08;Negativno;Ne
19680;3.5;-62.0;5.98;0.14;Negativno;Ne
19681;0.4;-61.8;7.43;1.62;Negativno;Ne
19682;11.0;-51.6;6.82;0.56;Negativno;Ne
19683;4.5;-40.0;9.45;0.28;Negativno;Ne
19684;4.1;-49.7;1.83;0.01;Negativno;Ne
19685;0.8;-65.6;9.4;0.32;Negativno;Ne
19686;2.3;-56.1;7.27;1.29;Negativno;Ne
19687;5.5;-64.3;6.03;0.0;Negativno;Ne
19688;12.4;-62.0;9.56;0.48;Negativno;Ne
19689;0.7;-80.0;6.38;0.53;Negativno;Ne
19690;6.2;-62.6;8.38;0.43;Negativno;Ne
19691;8.2;-62.3;7.08;0.09;Negativno;Ne
19692;0.3;-58.4;7.08;0.03;Negativno;Ne
19693;1.3;-61.6;4.98;0.16;Negativno;Ne
19694;1.2;-65.5;5.83;0.05;Negativno;Ne
19695;11.1;-62.5;12.33;0.21;Negativno;Ne
19696;6.0;-55.1;4.64;0.09;Negativno;Ne
19697;0.9;-64.6;6.88;0.09;Negativno;Ne
19698;5.8;-59.7;5.86;0.26;Negativno;Ne
19699;3.4;-42.5;1.35;0.45;Negativno;Ne
19700;7.0;-58.5;7.38;0.5;Negativno;Ne
19701;1.8;-63.2;8.79;0.2;Negativno;Ne
19702;10.3;-71.6;6.95;0.14;Negativno;Ne
19703;7.7;-64.6;5.26;0.63;Negativno;Ne
19704;0.8;-58.0;5.52;0.12;Negativno;Ne
19705;2.8;-65.2;7.42;0.24;Negativno;Ne
19706;0.3;-55.7;7.45;0.18;Negativno;Ne
19707;13.3;-63.8;6.82;2.95;Negativno;Ne
19708;1.3;-52.4;6.8;0.05;Negativno;Ne
19709;4.9;-62.6;6.65;0.72;Negativno;Ne
19710;1.4;-55.2;8.94;0.05;Negativno;Ne
19711;0.6;-63.9;4.82;0.13;Negativno;Ne
19712;3.7;-64.0;7.73;1.02;Negativno;Ne
19713;2.4;-41.9;10.48;1.24;Negativno;Ne
19714;6.5;-60.7;9.22;0.44;Negativno;Ne
19715;1.1;-47.4;2.55;0.28;Negativno;Ne
19716;20.2;-72.0;9.04;0.03;Negativno;Ne
19717;9.7;-65.2;4.93;0.25;Negativno;Ne
19718;1.7;-77.0;12.98;0.36;Negativno;Ne
19719;1.9;-64.4;2.32;1.25;Negativno;Ne
19720;4.6;-60.3;4.46;0.08;Negativno;Ne
19721;3.7;-52.7;5.93;0.95;Negativno;Ne
19722;6.6;-71.2;9.61;0.26;Negativno;Ne
19723;3.4;-32.4;5.63;0.24;Negativno;Ne
19724;0.7;-72.2;8.79;0.74;Negativno;Ne
19725;6.6;-78.7;8.3;0.29;Negativno;Ne
19726;0.8;-58.7;5.68;0.19;Negativno;Ne
19727;1.4;-49.1;4.88;0.63;Negativno;Ne
19728;3.9;-43.6;4.61;0.45;Negativno;Ne
19729;2.9;-71.6;7.91;0.83;Negativno;Ne
19730;17.9;-50.0;7.15;0.67;Negativno;Ne
19731;11.2;-67.4;3.98;0.04;Negativno;Ne
19732;6.0;-55.7;7.76;0.09;Negativno;Ne
19733;3.4;-48.0;6.9;0.18;Negativno;Ne
19734;9.3;-61.6;9.25;0.12;Negativno;Ne
19735;14.0;-66.2;6.92;0.08;Negativno;Ne
19736;8.0;-67.8;6.67;0.19;Negativno;Ne
19737;20.5;-64.9;5.84;0.36;Negativno;Ne
19738;5.6;-77.9;7.94;0.18;Negativno;Ne
19739;11.0;-68.7;8.6;0.86;Negativno;Ne
19740;4.8;-67.4;5.01;1.32;Negativno;Ne
19741;3.0;-70.8;4.37;0.17;Negativno;Ne
19742;2.9;-53.6;7.49;0.18;Negativno;Ne
19743;4.5;-71.7;5.39;0.04;Negativno;Ne
19744;2.8;-43.1;9.27;0.85;Negativno;Ne
19745;0.4;-67.5;8.96;0.05;Negativno;Ne
19746;3.0;-50.1;6.29;0.12;Negativno;Ne
19747;7.6;-69.7;6.76;0.17;Negativno;Ne
19748;5.0;-62.8;7.09;0.2;Negativno;Ne
19749;21.7;-62.3;7.99;0.61;Negativno;Ne
19750;4.8;-56.0;6.89;0.27;Negativno;Ne
19751;6.0;-50.7;7.36;0.78;Negativno;Ne
19752;11.0;-57.1;8.76;1.3;Negativno;Ne
19753;6.2;-42.7;6.88;0.59;Negativno;Ne
19754;5.4;-65.3;12.03;0.38;Negativno;Ne
19755;3.8;-68.5;5.66;0.88;Negativno;Ne
19756;6.7;-79.2;8.43;1.77;Negativno;Ne
19757;10.0;-60.6;5.46;0.46;Negativno;Ne
19758;14.1;-68.5;7.36;0.57;Negativno;Ne
19759;5.7;-46.7;9.03;0.25;Negativno;Ne
19760;14.4;-63.1;7.8;2.96;Negativno;Ne
19761;3.3;-68.6;6.77;1.26;Negativno;Ne
19762;11.5;-66.9;9.89;0.23;Negativno;Ne
19763;2.1;-57.2;6.03;0.2;Negativno;Ne
19764;0.9;-73.9;6.51;1.14;Negativno;Ne
19765;15.4;-61.5;6.91;0.45;Negativno;Ne
19766;0.3;-48.9;3.81;1.28;Negativno;Ne
19767;0.3;-66.9;9.97;0.23;Negativno;Ne
19768;1.8;-40.9;4.85;0.33;Negativno;Ne
19769;0.4;-50.2;6.02;0.87;Negativno;Ne
19770;0.2;-63.8;6.34;0.19;Negativno;Ne
19771;3.4;-65.0;7.81;0.86;Negativno;Ne
19772;23.9;-93.6;9.67;0.06;Negativno;Ne
19773;1.3;-52.5;6.75;0.61;Negativno;Ne
19774;0.4;-64.3;7.61;0.04;Negativno;Ne
19775;1.2;-61.7;7.58;0.61;Negativno;Ne
19776;2.3;-65.8;5.96;0.4;Negativno;Ne
19777;10.9;-46.8;4.31;0.09;Negativno;Ne
19778;7.3;-43.1;4.61;0.47;Negativno;Ne
19779;13.0;-83.7;2.05;0.15;Negativno;Ne
19780;2.1;-61.6;11.21;0.01;Negativno;Ne
19781;12.4;-53.0;7.2;0.5;Negativno;Ne
19782;1.3;-56.8;0.91;0.42;Negativno;Ne
19783;3.3;-71.1;4.7;0.0;Negativno;Ne
19784;0.2;-66.3;6.31;0.18;Negativno;Ne
19785;11.8;-64.5;4.2;0.29;Negativno;Ne
19786;0.5;-58.9;9.19;1.22;Negativno;Ne
19787;1.6;-62.8;6.23;0.09;Negativno;Ne
19788;6.4;-64.5;7.86;0.12;Negativno;Ne
19789;8.2;-66.2;4.01;0.62;Negativno;Ne
19790;4.2;-59.8;6.94;0.72;Negativno;Ne
19791;8.3;-71.0;6.92;0.03;Negativno;Ne
19792;3.4;-70.4;7.31;1.52;Negativno;Ne
19793;15.6;-59.8;6.49;0.53;Negativno;Ne
19794;4.5;-76.5;5.96;0.17;Negativno;Ne
19795;6.2;-51.1;7.82;0.06;Negativno;Ne
19796;7.6;-55.3;8.93;0.19;Negativno;Ne
19797;2.8;-72.5;6.54;0.2;Negativno;Ne
19798;6.0;-39.6;8.04;3.72;Negativno;Ne
19799;3.0;-51.2;5.61;1.18;Negativno;Ne
19800;6.2;-52.1;5.49;0.45;Negativno;Ne
19801;0.3;-60.1;8.38;0.37;Pozitivno;Ne
19802;0.9;-57.2;6.94;0.58;Negativno;Ne
19803;2.3;-62.7;8.42;0.24;Negativno;Ne
19804;14.9;-66.5;7.07;0.0;Negativno;Ne
19805;0.6;-49.3;3.65;0.57;Negativno;Ne
19806;7.8;-62.4;6.58;1.33;Negativno;Ne
19807;1.1;-55.3;3.59;0.28;Negativno;Ne
19808;6.5;-70.2;8.87;0.1;Negativno;Ne
19809;1.1;-72.5;6.84;0.57;Negativno;Ne
19810;7.5;-65.2;8.37;0.1;Negativno;Ne
19811;16.1;-49.6;5.61;0.45;Negativno;Ne
19812;4.0;-46.4;4.76;0.23;Negativno;Ne
19813;9.5;-44.5;7.68;0.39;Negativno;Ne
19814;3.3;-61.3;4.54;1.03;Negativno;Ne
19815;1.2;-55.6;9.3;1.04;Negativno;Ne
19816;1.3;-54.5;8.38;0.36;Negativno;Ne
19817;7.2;-63.0;6.01;0.59;Negativno;Ne
19818;0.8;-77.0;4.95;0.46;Negativno;Ne
19819;2.4;-70.0;6.37;0.5;Negativno;Ne
19820;2.5;-65.3;5.63;0.39;Negativno;Ne
19821;6.6;-59.3;5.01;0.38;Negativno;Ne
19822;3.0;-63.0;4.63;0.37;Negativno;Ne
19823;3.2;-72.4;10.52;0.32;Negativno;Ne
19824;2.7;-60.6;6.88;0.72;Negativno;Ne
19825;5.9;-79.8;12.16;0.29;Negativno;Ne
19826;2.2;-53.3;6.26;0.03;Negativno;Ne
19827;1.8;-80.6;8.1;0.89;Negativno;Ne
19828;0.2;-43.2;7.85;0.25;Negativno;Ne
19829;0.1;-69.5;5.17;0.43;Negativno;Ne
19830;4.4;-55.5;8.85;0.72;Negativno;Ne
19831;1.7;-58.0;3.09;0.32;Negativno;Ne
19832;1.3;-61.3;4.07;0.04;Negativno;Ne
19833;0.5;-44.2;10.36;0.62;Negativno;Ne
19834;0.2;-51.4;3.56;1.52;Negativno;Ne
19835;1.2;-52.6;5.09;0.77;Negativno;Ne
19836;6.0;-70.4;5.1;0.98;Negativno;Ne
19837;8.5;-65.2;8.4;0.24;Negativno;Ne
19838;0.6;-67.4;8.85;0.27;Negativno;Ne
19839;11.9;-51.5;3.87;0.76;Negativno;Ne
19840;1.5;-66.1;11.0;1.92;Negativno;Ne
19841;7.3;-63.2;2.03;1.03;Negativno;Ne
19842;5.4;-62.5;10.29;0.19;Negativno;Ne
19843;9.0;-44.8;5.62;0.2;Negativno;Ne
19844;2.9;-71.6;6.38;0.07;Negativno;Ne
19845;2.8;-54.5;10.04;0.79;Negativno;Ne
19846;0.4;-59.6;5.04;0.21;Negativno;Ne
19847;2.2;-66.6;10.19;0.02;Negativno;Ne
19848;8.4;-52.4;7.24;0.1;Negativno;Ne
19849;1.7;-62.4;7.28;0.81;Negativno;Ne
19850;1.2;-48.1;8.58;1.94;Negativno;Ne
19851;3.0;-64.4;6.65;0.47;Negativno;Ne
19852;1.9;-66.6;5.56;0.76;Negativno;Ne
19853;3.7;-67.9;4.71;0.03;Negativno;Ne
19854;18.9;-64.8;5.16;0.44;Negativno;Ne
19855;3.2;-62.4;5.14;0.02;Negativno;Ne
19856;0.5;-57.5;7.71;0.45;Negativno;Ne
19857;3.3;-60.2;6.63;0.68;Negativno;Ne
19858;5.2;-61.0;3.63;0.16;Negativno;Ne
19859;2.2;-52.1;2.84;0.86;Negativno;Ne
19860;1.6;-59.6;3.88;0.1;Negativno;Ne
19861;4.2;-69.0;4.4;0.07;Negativno;Ne
19862;0.4;-53.8;9.23;0.03;Negativno;Ne
19863;2.8;-69.7;6.71;0.69;Negativno;Ne
19864;1.8;-57.7;7.99;0.01;Negativno;Ne
19865;0.3;-66.0;4.7;0.01;Negativno;Ne
19866;0.0;-48.4;7.15;0.38;Negativno;Ne
19867;0.3;-31.9;6.36;0.95;Negativno;Ne
19868;5.3;-59.7;7.2;0.62;Negativno;Ne
19869;8.3;-63.2;5.82;2.33;Negativno;Ne
19870;4.1;-69.3;6.48;0.93;Negativno;Ne
19871;4.4;-65.4;8.37;0.04;Negativno;Ne
19872;3.8;-58.7;7.85;0.04;Negativno;Ne
19873;5.9;-76.4;9.08;0.29;Negativno;Ne
19874;1.3;-74.8;9.38;0.14;Negativno;Ne
19875;0.8;-47.3;5.4;0.31;Negativno;Ne
19876;8.7;-50.4;5.93;0.19;Negativno;Ne
19877;7.4;-56.1;8.57;0.36;Negativno;Ne
19878;8.6;-45.0;3.47;0.09;Negativno;Ne
19879;2.9;-66.9;9.29;0.57;Negativno;Ne
19880;4.2;-64.6;8.77;0.24;Negativno;Ne
19881;1.6;-64.5;11.26;0.77;Negativno;Ne
19882;3.3;-52.3;4.24;0.38;Negativno;Ne
19883;5.5;-49.8;3.17;1.13;Negativno;Ne
19884;6.2;-65.7;5.29;0.01;Negativno;Ne
19885;4.3;-50.2;6.89;0.45;Negativno;Ne
19886;4.9;-56.0;4.95;0.22;Negativno;Ne
19887;1.8;-74.9;5.47;0.32;Negativno;Ne
19888;11.8;-57.5;7.88;0.66;Negativno;Ne
19889;4.0;-59.8;6.94;0.51;Negativno;Ne
19890;4.4;-62.2;7.13;0.65;Negativno;Ne
19891;8.5;-61.1;2.09;0.97;Negativno;Ne
19892;0.1;-57.8;7.68;0.08;Negativno;Ne
19893;6.7;-73.1;4.89;0.56;Negativno;Ne
19894;0.5;-68.1;7.09;0.53;Negativno;Ne
19895;1.9;-63.3;8.02;0.29;Negativno;Ne
19896;6.5;-63.1;2.48;0.94;Negativno;Ne
19897;0.0;-57.0;6.41;0.88;Negativno;Ne
19898;5.2;-39.2;8.12;0.1;Negativno;Ne
19899;2.8;-58.6;8.35;0.28;Negativno;Ne
19900;1.7;-64.5;3.96;0.58;Negativno;Ne
19901;2.8;-72.4;8.94;1.72;Negativno;Ne
19902;8.1;-43.9;9.77;0.89;Negativno;Ne
19903;13.5;-63.3;11.42;0.08;Negativno;Ne
19904;13.5;-76.1;10.65;0.04;Negativno;Ne
19905;14.9;-59.7;5.98;0.51;Negativno;Ne
19906;2.0;-61.5;7.5;0.22;Negativno;Ne
19907;7.0;-57.5;7.42;0.27;Negativno;Ne
19908;2.3;-79.7;8.66;3.24;Negativno;Ne
19909;1.0;-41.0;8.49;2.23;Negativno;Ne
19910;2.6;-57.7;8.95;0.05;Negativno;Ne
19911;1.3;-64.1;4.72;0.01;Negativno;Ne
19912;4.0;-64.9;9.1;0.05;Negativno;Ne
19913;3.0;-38.8;8.49;0.0;Negativno;Ne
19914;0.5;-62.2;6.87;1.62;Negativno;Ne
19915;1.0;-61.7;6.12;0.52;Negativno;Ne
19916;5.3;-59.6;8.06;0.11;Negativno;Ne
19917;1.2;-59.5;4.71;0.4;Negativno;Ne
19918;7.4;-79.3;11.24;0.04;Negativno;Ne
19919;5.4;-69.9;8.38;0.31;Negativno;Ne
19920;0.5;-77.8;8.28;0.19;Negativno;Ne
19921;1.1;-60.7;9.13;1.11;Negativno;Ne
19922;8.9;-51.0;8.63;2.86;Negativno;Ne
19923;1.4;-46.6;3.6;0.13;Negativno;Ne
19924;3.6;-67.4;3.29;0.06;Negativno;Ne
19925;1.6;-62.4;7.37;0.28;Negativno;Ne
19926;6.1;-56.1;8.06;0.4;Negativno;Ne
19927;4.7;-49.3;8.71;0.04;Negativno;Ne
19928;5.3;-57.9;5.31;0.66;Negativno;Ne
19929;2.8;-55.8;6.89;0.19;Negativno;Ne
19930;14.8;-46.5;5.11;0.27;Negativno;Ne
19931;6.1;-37.0;7.45;0.18;Negativno;Ne
19932;7.0;-49.7;7.03;0.69;Negativno;Ne
19933;9.2;-64.2;5.1;0.46;Negativno;Ne
19934;1.9;-54.1;5.41;0.53;Negativno;Ne
19935;2.7;-49.4;3.55;0.31;Negativno;Ne
19936;1.5;-55.9;7.34;0.15;Negativno;Ne
19937;3.4;-69.4;6.58;1.0;Negativno;Ne
19938;0.7;-73.3;7.81;0.16;Negativno;Ne
19939;3.3;-50.3;3.0;0.04;Negativno;Ne
19940;3.7;-64.9;6.3;0.01;Negativno;Ne
19941;2.9;-69.6;5.95;0.26;Negativno;Ne
19942;5.8;-64.0;7.72;0.15;Negativno;Ne
19943;0.3;-81.1;10.2;0.06;Negativno;Ne
19944;1.9;-50.7;10.41;0.47;Negativno;Ne
19945;1.1;-54.0;8.36;0.1;Negativno;Ne
19946;3.6;-51.7;8.31;0.19;Negativno;Ne
19947;17.4;-68.6;3.32;1.21;Negativno;Ne
19948;17.0;-63.5;6.06;1.0;Negativno;Ne
19949;2.1;-67.9;4.35;0.41;Negativno;Ne
19950;1.1;-51.1;4.32;0.54;Negativno;Ne
19951;2.6;-30.2;7.15;0.19;Negativno;Ne
19952;9.1;-70.5;5.71;0.75;Negativno;Ne
19953;0.8;-44.8;5.43;0.18;Negativno;Ne
19954;3.4;-86.1;7.41;0.26;Negativno;Ne
19955;12.4;-62.2;2.96;0.58;Negativno;Ne
19956;0.5;-63.5;9.9;0.02;Negativno;Ne
19957;1.4;-60.5;5.85;0.79;Negativno;Ne
19958;13.2;-49.7;5.37;0.06;Pozitivno;Ne
19959;2.3;-73.1;9.54;0.31;Negativno;Ne
19960;4.6;-36.0;1.73;1.09;Negativno;Ne
19961;2.6;-52.0;10.49;0.35;Negativno;Ne
19962;0.8;-50.9;8.58;0.07;Negativno;Ne
19963;5.8;-72.5;6.52;1.55;Negativno;Ne
19964;7.3;-63.4;8.2;0.95;Negativno;Ne
19965;1.7;-65.0;6.33;0.29;Negativno;Ne
19966;6.0;-71.7;6.93;0.11;Negativno;Ne
19967;1.1;-58.8;12.37;0.3;Negativno;Ne
19968;1.4;-58.3;6.67;0.22;Negativno;Ne
19969;0.6;-56.7;5.09;0.88;Negativno;Ne
19970;0.4;-51.1;7.49;0.1;Negativno;Ne
19971;4.2;-60.1;11.89;0.3;Negativno;Ne
19972;4.2;-54.0;3.73;0.89;Negativno;Ne
19973;3.5;-75.1;8.68;0.01;Negativno;Ne
19974;5.8;-68.1;7.49;1.43;Negativno;Ne
19975;0.2;-59.5;9.55;0.32;Negativno;Ne
19976;3.0;-63.3;7.99;0.11;Negativno;Ne
19977;7.0;-40.3;4.79;0.26;Negativno;Ne
19978;22.9;-60.8;6.24;0.08;Negativno;Ne
19979;7.3;-70.5;9.51;0.1;Negativno;Ne
19980;3.5;-51.7;3.98;0.8;Negativno;Ne
19981;1.1;-58.5;8.98;0.01;Negativno;Ne
19982;4.7;-66.6;8.31;0.01;Negativno;Ne
19983;2.9;-78.4;7.27;1.72;Negativno;Ne
19984;5.9;-41.2;12.33;0.31;Negativno;Ne
19985;2.1;-59.4;6.35;0.65;Negativno;Ne
19986;1.6;-69.1;6.06;0.28;Negativno;Ne
19987;4.7;-75.8;8.36;1.24;Negativno;Ne
19988;1.2;-45.4;9.3;0.01;Negativno;Ne
19989;0.5;-62.3;4.46;0.56;Negativno;Ne
19990;10.6;-36.9;7.94;0.37;Negativno;Ne
19991;9.8;-43.7;10.99;0.4;Negativno;Ne
19992;0.7;-51.1;7.42;0.35;Negativno;Ne
19993;5.7;-64.9;6.21;0.12;Negativno;Ne
19994;0.7;-62.2;6.46;0.6;Negativno;Ne
19995;0.4;-59.2;7.81;0.73;Negativno;Ne
19996;11.1;-54.7;7.76;0.71;Negativno;Ne
19997;16.5;-72.2;5.88;2.57;Negativno;Ne
19998;0.1;-70.9;7.32;0.08;Negativno;Ne
19999;4.0;-57.6;7.34;0.44;Negativno;Ne
20000;20.6;-71.8;4.45;1.93;Negativno;Ne
