ID_Uzorka;GPS_LAT;GPS_LONG
1;18.490504;77.389842
2;18.494941;77.392955
3;18.475534;77.385066
4;18.491945;77.399319
5;18.484115;77.381353
6;18.477689;77.390414
7;18.481065;77.396571
8;18.474514;77.389486
9;18.48207;77.379807
10;18.48687;77.381521
11;18.494247;77.388705
12;18.489256;77.392833
13;18.48065;77.383204
14;18.4823;77.388859
15;18.488119;77.390338
16;18.479139;77.397135
17;18.484714;77.389106
18;18.485195;77.388244
19;18.480151;77.39583
20;18.481072;77.389134
21;18.484978;77.388274
22;18.489564;77.388944
23;18.486024;77.379986
24;18.482327;77.383618
25;18.478803;77.381724
26;18.488453;77.39991
27;18.486388;77.391351
28;18.483572;77.389859
29;18.483952;77.385704
30;18.487301;77.395026
31;18.488401;77.39192
32;18.467096;77.387374
33;18.484387;77.387085
34;18.48747;77.390905
35;18.475341;77.388218
36;18.489472;77.401609
37;18.478091;77.382356
38;18.487556;77.396404
39;18.476893;77.390704
40;18.479245;77.390131
41;18.49195;77.390906
42;18.483826;77.38665
43;18.488343;77.389949
44;18.498531;77.392015
45;18.48386;77.385443
46;18.482634;77.389627
47;18.483021;77.390522
48;18.477257;77.387765
49;18.478629;77.395789
50;18.472746;77.390073
51;18.487531;77.389392
52;18.490412;77.384814
53;18.482338;77.390913
54;18.489784;77.391924
55;18.478671;77.381879
56;18.480828;77.378317
57;18.483094;77.396873
58;18.489257;77.396712
59;18.484286;77.391341
60;18.490983;77.39907
61;18.487185;77.39366
62;18.490192;77.392087
63;18.486463;77.401382
64;18.487463;77.397367
65;18.485787;77.401114
66;18.483272;77.380114
67;18.490066;77.386137
68;18.490477;77.38632
69;18.491904;77.385535
70;18.487385;77.384637
71;18.489748;77.389449
72;18.487031;77.383035
73;18.478073;77.391924
74;18.48102;77.390741
75;18.47897;77.393499
76;18.476044;77.39126
77;18.483911;77.393911
78;18.488315;77.391914
79;18.490908;77.392565
80;18.48487;77.386359
81;18.485962;77.383456
82;18.479684;77.390746
83;18.487116;77.397465
84;18.488907;77.388879
85;18.476721;77.395605
86;18.485129;77.39058
87;18.485004;77.388705
88;18.474432;77.389478
89;18.479695;77.392208
90;18.486343;77.388036
91;18.480721;77.381828
92;18.48568;77.39531
93;18.480092;77.386911
94;18.486574;77.388021
95;18.49121;77.38652
96;18.485887;77.381095
97;18.483356;77.381379
98;18.483751;77.397081
99;18.478504;77.393395
100;18.48393;77.399411
101;18.482875;77.402341
102;18.48904;77.395718
103;18.488677;77.391544
104;18.494984;77.38963
105;18.489496;77.393265
106;18.484239;77.384823
107;18.489195;77.393819
108;18.495958;77.395066
109;18.488298;77.391189
110;18.487141;77.387257
111;18.487634;77.390491
112;18.489453;77.389728
113;18.483854;77.387727
114;18.483113;77.395321
115;18.481893;77.392746
116;18.479121;77.403078
117;18.482295;77.392417
118;18.480843;77.389819
119;18.486688;77.387298
120;18.482621;77.391097
121;18.479656;77.3894
122;18.471185;77.382619
123;18.491546;77.38743
124;18.486853;77.389025
125;18.475664;77.385374
126;18.478615;77.390774
127;18.485511;77.391031
128;18.486863;77.387206
129;18.492161;77.394322
130;18.491924;77.387422
131;18.480911;77.392686
132;18.492398;77.393321
133;18.480692;77.391794
134;18.480534;77.390507
135;18.476076;77.392321
136;18.486886;77.389811
137;18.480213;77.388045
138;18.488143;77.392522
139;18.484812;77.388982
140;18.492001;77.400471
141;18.48199;77.397552
142;18.484947;77.395467
143;18.478148;77.387048
144;18.496196;77.39193
145;18.486498;77.393707
146;18.486979;77.395648
147;18.47311;77.38486
148;18.488483;77.389336
149;18.4828;77.39958
150;18.482541;77.388737
151;18.484503;77.389665
152;18.49206;77.393112
153;18.488417;77.3944
154;18.484253;77.393747
155;18.48738;77.395488
156;18.481205;77.390661
157;18.479795;77.388909
158;18.482721;77.387181
159;18.490414;77.383693
160;18.48273;77.386044
161;18.483923;77.38498
162;18.489182;77.386398
163;18.486673;77.388176
164;18.476986;77.383374
165;18.490855;77.393046
166;18.474371;77.396596
167;18.480398;77.392066
168;18.486605;77.395254
169;18.481672;77.393303
170;18.483116;77.383944
171;18.493094;77.392031
172;18.46987;77.396921
173;18.490051;77.39082
174;18.489066;77.384323
175;18.484695;77.391869
176;18.484495;77.392155
177;18.478555;77.388574
178;18.490631;77.388428
179;18.492525;77.384765
180;18.484695;77.392052
181;18.485024;77.385671
182;18.484467;77.388964
183;18.483244;77.387328
184;18.484017;77.387694
185;18.479961;77.388
186;18.486918;77.39255
187;18.478882;77.396976
188;18.487348;77.383705
189;18.484629;77.390295
190;18.487292;77.394704
191;18.491789;77.383456
192;18.482563;77.385864
193;18.488805;77.392776
194;18.487101;77.394297
195;18.485022;77.393682
196;18.485675;77.378382
197;18.486755;77.396006
198;18.483813;77.389952
199;18.485679;77.385799
200;18.486026;77.397062
201;18.481294;77.377028
202;18.491266;77.399258
203;18.482602;77.401252
204;18.483642;77.385358
205;18.478756;77.388445
206;18.481545;77.38362
207;18.488086;77.392793
208;18.489891;77.395389
209;18.480991;77.387065
210;18.482841;77.387124
211;18.481282;77.394949
212;18.487288;77.391719
213;18.488903;77.396953
214;18.477994;77.404709
215;18.48371;77.398863
216;18.490589;77.387081
217;18.490646;77.394603
218;18.489426;77.406957
219;18.488467;77.396217
220;18.491695;77.386852
221;18.489522;77.393541
222;18.488575;77.386704
223;18.480006;77.393055
224;18.480102;77.378547
225;18.488986;77.382074
226;18.482874;77.393761
227;18.485381;77.391084
228;18.483345;77.390026
229;18.491617;77.393804
230;18.486691;77.382486
231;18.487676;77.38671
232;18.488672;77.39229
233;18.480865;77.398453
234;18.480475;77.382947
235;18.486587;77.389922
236;18.483561;77.402185
237;18.488008;77.398713
238;18.479031;77.39059
239;18.487552;77.393215
240;18.486358;77.396034
241;18.489267;77.395417
242;18.48009;77.390199
243;18.483963;77.387831
244;18.491953;77.399071
245;18.483812;77.386964
246;18.482128;77.391557
247;18.481633;77.39653
248;18.484852;77.38019
249;18.474993;77.394228
250;18.491842;77.396283
251;18.490461;77.331249
252;18.501609;77.32863
253;18.49241;77.334369
254;18.49127;77.328171
255;18.496203;77.333793
256;18.492024;77.337052
257;18.493281;77.328725
258;18.502542;77.332769
259;18.495533;77.333673
260;18.501288;77.332878
261;18.486783;77.340864
262;18.494827;77.336957
263;18.492218;77.32393
264;18.493692;77.330512
265;18.494112;77.337954
266;18.496402;77.341783
267;18.494433;77.336128
268;18.499217;77.333079
269;18.503296;77.335749
270;18.499991;77.33146
271;18.48959;77.327145
272;18.489566;77.324524
273;18.501985;77.336769
274;18.49375;77.331852
275;18.491561;77.333008
276;18.487934;77.339185
277;18.497949;77.333894
278;18.490197;77.331937
279;18.503855;77.318182
280;18.493086;77.327813
281;18.492894;77.331178
282;18.495737;77.32821
283;18.493145;77.335276
284;18.49123;77.32438
285;18.490432;77.329597
286;18.507568;77.335023
287;18.499799;77.322241
288;18.505656;77.339716
289;18.489752;77.331231
290;18.499009;77.33401
291;18.492056;77.325644
292;18.499074;77.328475
293;18.498857;77.335358
294;18.50011;77.33158
295;18.491091;77.330372
296;18.494175;77.331747
297;18.491992;77.326563
298;18.493935;77.327176
299;18.489174;77.324726
300;18.494045;77.334069
301;18.495362;77.337432
302;18.489866;77.335285
303;18.495468;77.329224
304;18.50069;77.332868
305;18.49355;77.332834
306;18.493424;77.331041
307;18.493287;77.326089
308;18.500402;77.332581
309;18.492161;77.329833
310;18.492729;77.328971
311;18.495836;77.328185
312;18.498299;77.322617
313;18.495943;77.330417
314;18.495971;77.322917
315;18.500953;77.331748
316;18.496736;77.33239
317;18.506043;77.321799
318;18.487968;77.333848
319;18.494322;77.326363
320;18.496731;77.320961
321;18.486867;77.341661
322;18.500196;77.329452
323;18.496563;77.329963
324;18.484193;77.339897
325;18.493584;77.33638
326;18.485969;77.327357
327;18.491224;77.333054
328;18.494814;77.320699
329;18.501668;77.336956
330;18.500563;77.33205
331;18.50313;77.329477
332;18.489368;77.329879
333;18.490798;77.332403
334;18.499906;77.327911
335;18.489654;77.324536
336;18.502865;77.330943
337;18.501463;77.324799
338;18.495408;77.314334
339;18.492442;77.330737
340;18.498732;77.328453
341;18.498743;77.328581
342;18.505337;77.333229
343;18.490193;77.327984
344;18.48909;77.329664
345;18.497805;77.335227
346;18.5037;77.324749
347;18.492688;77.330114
348;18.495872;77.330159
349;18.493542;77.328246
350;18.498882;77.324656
351;18.493265;77.335571
352;18.493077;77.325557
353;18.485524;77.335964
354;18.504161;77.331136
355;18.501922;77.331902
356;18.493498;77.332572
357;18.492278;77.328622
358;18.496499;77.320063
359;18.496369;77.333802
360;18.493279;77.324328
361;18.501361;77.333529
362;18.495449;77.337836
363;18.49668;77.335236
364;18.498072;77.326253
365;18.504176;77.332113
366;18.494385;77.333135
367;18.503514;77.323015
368;18.500256;77.333576
369;18.494481;77.326061
370;18.501815;77.329964
371;18.498453;77.329778
372;18.488541;77.330816
373;18.490357;77.33079
374;18.489529;77.331773
375;18.495278;77.324856
376;18.490462;77.327242
377;18.501584;77.335188
378;18.489939;77.330893
379;18.497794;77.323776
380;18.496383;77.327255
381;18.494684;77.330364
382;18.487238;77.331382
383;18.494477;77.3286
384;18.503342;77.333012
385;18.487114;77.333662
386;18.49223;77.335109
387;18.491758;77.333146
388;18.490252;77.340386
389;18.491143;77.321443
390;18.494639;77.336216
391;18.489619;77.332379
392;18.495484;77.339669
393;18.488526;77.330423
394;18.497056;77.334339
395;18.492499;77.336128
396;18.500923;77.330275
397;18.495952;77.331766
398;18.492235;77.330922
399;18.497891;77.318485
400;18.490858;77.32618
401;18.492933;77.330289
402;18.492074;77.330008
403;18.49144;77.32289
404;18.501307;77.330231
405;18.495262;77.335704
406;18.497579;77.33053
407;18.500548;77.329993
408;18.494554;77.328447
409;18.486157;77.33431
410;18.489392;77.327902
411;18.498323;77.32543
412;18.497208;77.343397
413;18.497868;77.334529
414;18.489691;77.32991
415;18.485934;77.32818
416;18.491467;77.332011
417;18.488859;77.33014
418;18.49443;77.323657
419;18.491749;77.322356
420;18.496805;77.326387
421;18.490757;77.337496
422;18.492157;77.33808
423;18.490606;77.338618
424;18.495264;77.332436
425;18.488738;77.326231
426;18.497318;77.33769
427;18.491647;77.324933
428;18.499524;77.335695
429;18.492839;77.323612
430;18.487905;77.33447
431;18.489257;77.331892
432;18.496922;77.328971
433;18.490904;77.326166
434;18.495156;77.325149
435;18.481609;77.334844
436;18.48916;77.334494
437;18.489882;77.334629
438;18.494705;77.329971
439;18.494225;77.331294
440;18.496386;77.331929
441;18.49783;77.328665
442;18.498466;77.335782
443;18.496635;77.319074
444;18.494956;77.333643
445;18.504496;77.335549
446;18.494657;77.331139
447;18.49867;77.324802
448;18.500886;77.327827
449;18.495485;77.328504
450;18.488308;77.322091
451;18.316169;77.572809
452;18.324158;77.570991
453;18.330053;77.572482
454;18.324617;77.568695
455;18.327919;77.562091
456;18.318169;77.564594
457;18.318917;77.57783
458;18.327507;77.564919
459;18.333187;77.568606
460;18.324321;77.566454
461;18.32243;77.563927
462;18.322605;77.573004
463;18.318799;77.565448
464;18.320984;77.56642
465;18.324616;77.575647
466;18.318254;77.573338
467;18.320267;77.577171
468;18.327008;77.573828
469;18.329059;77.569984
470;18.324662;77.560395
471;18.325991;77.564006
472;18.34267;77.575663
473;18.326159;77.571807
474;18.318461;77.565121
475;18.325185;77.567403
476;18.327833;77.571099
477;18.329243;77.564221
478;18.318376;77.572159
479;18.32757;77.566782
480;18.316147;77.574144
481;18.320755;77.566676
482;18.326871;77.573866
483;18.316557;77.581039
484;18.320551;77.574756
485;18.327281;77.570164
486;18.323009;77.5746
487;18.333093;77.569762
488;18.32489;77.578049
489;18.317282;77.574566
490;18.32554;77.571803
491;18.321367;77.566591
492;18.315337;77.583093
493;18.330897;77.57018
494;18.318893;77.564719
495;18.327007;77.564155
496;18.338069;77.564554
497;18.32381;77.573595
498;18.325338;77.567269
499;18.322297;77.56852
500;18.333008;77.57386
501;18.328314;77.568066
502;18.322076;77.566769
503;18.329529;77.574758
504;18.327787;77.571693
505;18.322378;77.563881
506;18.334282;77.571595
507;18.316715;77.570656
508;18.325486;77.57499
509;18.326957;77.572518
510;18.324781;77.567772
511;18.331542;77.563443
512;18.327055;77.563886
513;18.315386;77.56519
514;18.320563;77.574814
515;18.324036;77.557138
516;18.328067;77.567661
517;18.320726;77.565235
518;18.322663;77.575759
519;18.322182;77.569221
520;18.3207;77.563814
521;18.327433;77.569056
522;18.325327;77.57125
523;18.329936;77.567664
524;18.321216;77.57673
525;18.334361;77.566307
526;18.329102;77.56613
527;18.325093;77.571929
528;18.323533;77.582588
529;18.31996;77.572832
530;18.323375;77.569418
531;18.318446;77.572993
532;18.319876;77.5704
533;18.323606;77.571525
534;18.327012;77.576522
535;18.321503;77.56457
536;18.318298;77.578174
537;18.324256;77.57429
538;18.322377;77.571977
539;18.318836;77.576325
540;18.310964;77.573185
541;18.327845;77.575229
542;18.316129;77.574121
543;18.327236;77.576325
544;18.327712;77.564028
545;18.327681;77.570539
546;18.325275;77.57492
547;18.32974;77.569734
548;18.321736;77.568911
549;18.32381;77.565963
550;18.3223;77.572952
551;18.311333;77.577669
552;18.326021;77.562045
553;18.317828;77.574666
554;18.319539;77.563437
555;18.332726;77.571646
556;18.326747;77.583715
557;18.324745;77.566987
558;18.324298;77.566629
559;18.314854;77.579421
560;18.321245;77.578965
561;18.328511;77.569642
562;18.322899;77.574963
563;18.321609;77.571472
564;18.317806;77.577663
565;18.329675;77.571878
566;18.325398;77.569319
567;18.321342;77.565105
568;18.320158;77.568369
569;18.324377;77.570373
570;18.326185;77.567022
571;18.322677;77.57591
572;18.325674;77.571193
573;18.322644;77.584443
574;18.333317;77.568082
575;18.328042;77.573757
576;18.323048;77.571373
577;18.327612;77.568775
578;18.325625;77.574028
579;18.333455;77.567723
580;18.321121;77.571084
581;18.322666;77.574832
582;18.328519;77.573895
583;18.327263;77.571392
584;18.331241;77.571541
585;18.331732;77.56999
586;18.322254;77.582347
587;18.327373;77.572716
588;18.323736;77.577956
589;18.326196;77.574201
590;18.323252;77.568721
591;18.323651;77.575715
592;18.322454;77.562838
593;18.324437;77.579859
594;18.324615;77.561131
595;18.309886;77.569457
596;18.331648;77.577232
597;18.327336;77.567538
598;18.328714;77.57012
599;18.324657;77.569993
600;18.326091;77.565667
601;18.321215;77.569457
602;18.319601;77.567951
603;18.320742;77.566892
604;18.325918;77.573023
605;18.325818;77.566691
606;18.322984;77.567365
607;18.322263;77.56761
608;18.325239;77.572949
609;18.329694;77.570009
610;18.327846;77.579929
611;18.323573;77.569314
612;18.328546;77.570839
613;18.327482;77.583212
614;18.320167;77.571307
615;18.33688;77.571907
616;18.334326;77.565857
617;18.323433;77.557109
618;18.317605;77.569347
619;18.327859;77.566126
620;18.328318;77.564347
621;18.325082;77.566753
622;18.328498;77.572718
623;18.323327;77.570589
624;18.322604;77.567605
625;18.324717;77.581234
626;18.317504;77.575335
627;18.32592;77.565156
628;18.329895;77.571172
629;18.320747;77.575972
630;18.321298;77.567468
631;18.318025;77.568977
632;18.325628;77.57356
633;18.333557;77.570299
634;18.321219;77.573122
635;18.320471;77.577363
636;18.331586;77.576684
637;18.331007;77.570463
638;18.322975;77.571075
639;18.318334;77.565216
640;18.330602;77.567313
641;18.320001;77.57458
642;18.324597;77.566787
643;18.325567;77.573748
644;18.326727;77.568622
645;18.333048;77.57272
646;18.328337;77.566379
647;18.322846;77.577185
648;18.328959;77.567408
649;18.320069;77.57541
650;18.331826;77.582978
651;18.318229;77.570771
652;18.329393;77.568007
653;18.327663;77.563911
654;18.329712;77.576784
655;18.333014;77.569886
656;18.320973;77.578589
657;18.326857;77.572714
658;18.32201;77.572628
659;18.329378;77.576906
660;18.323338;77.571898
661;18.321474;77.5845
662;18.323186;77.563852
663;18.32859;77.568681
664;18.32668;77.57178
665;18.324829;77.577127
666;18.319769;77.57134
667;18.330398;77.569017
668;18.327217;77.576972
669;18.324956;77.565911
670;18.320538;77.561261
671;18.321356;77.570462
672;18.332791;77.569249
673;18.328556;77.574723
674;18.327199;77.573032
675;18.334343;77.569152
676;18.325741;77.575416
677;18.323603;77.570898
678;18.327884;77.57664
679;18.318868;77.572179
680;18.323663;77.566886
681;18.330023;77.56899
682;18.324263;77.571232
683;18.32567;77.569673
684;18.327382;77.564831
685;18.317004;77.569803
686;18.328839;77.561648
687;18.325304;77.567358
688;18.32757;77.5678
689;18.320124;77.57771
690;18.334057;77.572899
691;18.322891;77.569022
692;18.327312;77.573523
693;18.327697;77.57424
694;18.330612;77.567079
695;18.330859;77.569303
696;18.325256;77.561655
697;18.325412;77.567058
698;18.321006;77.570305
699;18.324382;77.574336
700;18.32967;77.57433
701;18.326615;77.571954
702;18.327441;77.567668
703;18.321762;77.584113
704;18.31973;77.572564
705;18.328756;77.563525
706;18.322876;77.578482
707;18.321818;77.577264
708;18.327331;77.579757
709;18.321809;77.565368
710;18.326176;77.566416
711;18.317938;77.56498
712;18.322761;77.574511
713;18.325435;77.574127
714;18.322471;77.569686
715;18.322377;77.570802
716;18.332084;77.569508
717;18.327801;77.568122
718;18.330501;77.559442
719;18.326064;77.57412
720;18.318396;77.580165
721;18.317334;77.569537
722;18.318379;77.568866
723;18.320484;77.577996
724;18.330974;77.571268
725;18.328086;77.570259
726;18.338167;77.563736
727;18.3306;77.572445
728;18.324007;77.566711
729;18.319798;77.571198
730;18.33261;77.570725
731;18.327826;77.575446
732;18.320207;77.564872
733;18.316502;77.564313
734;18.335814;77.581519
735;18.324643;77.56852
736;18.327623;77.560613
737;18.31459;77.576026
738;18.323424;77.567744
739;18.330187;77.576387
740;18.324791;77.563234
741;18.324137;77.562187
742;18.311628;77.567481
743;18.333119;77.567689
744;18.323953;77.573441
745;18.326377;77.566471
746;18.318371;77.569428
747;18.324617;77.569309
748;18.323599;77.56441
749;18.317021;77.574923
750;18.325207;77.565776
751;18.379043;77.489555
752;18.419514;77.473107
753;18.416786;77.467126
754;18.429001;77.522713
755;18.472526;77.398843
756;18.504448;77.376142
757;18.432221;77.475137
758;18.460042;77.531605
759;18.533518;77.450303
760;18.481035;77.355076
761;18.473927;77.346869
762;18.402495;77.426677
763;18.418431;77.361619
764;18.478672;77.430189
765;18.416212;77.393685
766;18.465146;77.465397
767;18.439506;77.52951
768;18.507857;77.429649
769;18.455472;77.514503
770;18.514312;77.484926
771;18.414121;77.422506
772;18.557195;77.464865
773;18.488027;77.470802
774;18.441574;77.414381
775;18.414165;77.466981
776;18.446465;77.436821
777;18.538829;77.4524
778;18.503039;77.428116
779;18.372551;77.424837
780;18.456685;77.529144
781;18.419879;77.446966
782;18.482152;77.519128
783;18.477867;77.429399
784;18.45801;77.457405
785;18.482673;77.492482
786;18.505673;77.427649
787;18.441407;77.449192
788;18.349287;77.421679
789;18.474291;77.431718
790;18.483796;77.42244
791;18.502553;77.479867
792;18.335614;77.36147
793;18.459067;77.491496
794;18.425975;77.364471
795;18.479267;77.47888
796;18.400455;77.403672
797;18.32989;77.404756
798;18.399526;77.472322
799;18.477242;77.36036
800;18.513084;77.462484
801;18.400423;77.454956
802;18.489645;77.4852
803;18.473833;77.418839
804;18.406235;77.302595
805;18.388627;77.474764
806;18.487397;77.402119
807;18.380014;77.457007
808;18.517685;77.384905
809;18.396497;77.423322
810;18.505766;77.477936
811;18.466182;77.456496
812;18.496485;77.533445
813;18.456776;77.394395
814;18.466084;77.420721
815;18.520302;77.462898
816;18.429509;77.477047
817;18.442276;77.420997
818;18.480318;77.431638
819;18.492698;77.428908
820;18.538184;77.40882
821;18.406484;77.469664
822;18.444377;77.491238
823;18.484384;77.422301
824;18.439247;77.511425
825;18.460099;77.482357
826;18.437665;77.388191
827;18.327049;77.48729
828;18.411262;77.494054
829;18.459532;77.383415
830;18.47863;77.483177
831;18.373653;77.515527
832;18.495131;77.434067
833;18.536586;77.475261
834;18.40738;77.435892
835;18.446118;77.461067
836;18.512687;77.395578
837;18.362618;77.425736
838;18.46438;77.458406
839;18.394809;77.458966
840;18.437546;77.385815
841;18.426081;77.452228
842;18.422884;77.451092
843;18.487016;77.47429
844;18.446092;77.421465
845;18.440971;77.471028
846;18.44332;77.523675
847;18.440252;77.369796
848;18.434567;77.427448
849;18.502511;77.419253
850;18.37694;77.482838
851;18.403146;77.506773
852;18.428398;77.366905
853;18.450968;77.439777
854;18.451903;77.454718
855;18.432056;77.436234
856;18.408684;77.523166
857;18.43451;77.511315
858;18.503854;77.55377
859;18.388872;77.491261
860;18.366942;77.499897
861;18.450315;77.49254
862;18.481747;77.481168
863;18.45363;77.491401
864;18.441621;77.386015
865;18.422401;77.492567
866;18.377642;77.49901
867;18.366514;77.533127
868;18.396814;77.464475
869;18.450431;77.491245
870;18.462857;77.433877
871;18.527459;77.381513
872;18.374702;77.417401
873;18.455215;77.50953
874;18.391947;77.448994
875;18.511276;77.389663
876;18.416196;77.494636
877;18.420924;77.488697
878;18.476361;77.428168
879;18.535835;77.375368
880;18.308152;77.431752
881;18.317988;77.491762
882;18.430314;77.492537
883;18.385843;77.452842
884;18.464968;77.489104
885;18.459584;77.486755
886;18.36716;77.540953
887;18.372394;77.471789
888;18.412561;77.442703
889;18.4518;77.435873
890;18.547656;77.496056
891;18.422;77.398289
892;18.4293;77.412424
893;18.405584;77.493144
894;18.357074;77.464048
895;18.527004;77.467754
896;18.426744;77.475539
897;18.396282;77.466426
898;18.446866;77.454977
899;18.429514;77.439311
900;18.403661;77.432277
901;18.359729;77.398974
902;18.413342;77.553559
903;18.442;77.38238
904;18.417261;77.388135
905;18.474171;77.502266
906;18.44271;77.456216
907;18.453415;77.389553
908;18.443302;77.379789
909;18.433977;77.392615
910;18.403525;77.441364
911;18.491913;77.496342
912;18.47473;77.416669
913;18.383214;77.393031
914;18.388658;77.471394
915;18.485102;77.368416
916;18.442667;77.382825
917;18.46107;77.467427
918;18.428614;77.476264
919;18.421811;77.455325
920;18.400673;77.430364
921;18.411472;77.42566
922;18.39535;77.516648
923;18.479437;77.373031
924;18.494502;77.525715
925;18.503686;77.431066
926;18.47616;77.471762
927;18.411871;77.506064
928;18.423363;77.400941
929;18.436051;77.35821
930;18.400654;77.459088
931;18.498462;77.54175
932;18.502533;77.423857
933;18.519643;77.40905
934;18.441335;77.352914
935;18.384424;77.429475
936;18.475107;77.463662
937;18.405752;77.441524
938;18.414551;77.435756
939;18.51314;77.494607
940;18.474089;77.450191
941;18.441478;77.378804
942;18.474587;77.455278
943;18.485382;77.472055
944;18.372282;77.42866
945;18.454539;77.486219
946;18.450241;77.550327
947;18.48493;77.465535
948;18.370375;77.473149
949;18.410427;77.513396
950;18.480053;77.420895
951;18.410098;77.508765
952;18.491114;77.50713
953;18.360265;77.369691
954;18.514362;77.406408
955;18.542763;77.424347
956;18.422867;77.400984
957;18.404866;77.513256
958;18.4002;77.410025
959;18.416727;77.462854
960;18.535459;77.454483
961;18.420732;77.398574
962;18.452411;77.363709
963;18.402349;77.491223
964;18.384565;77.467086
965;18.454893;77.469318
966;18.551055;77.446006
967;18.403365;77.461578
968;18.357316;77.489508
969;18.402605;77.405364
970;18.415416;77.491065
971;18.471302;77.535251
972;18.446452;77.411933
973;18.420359;77.501787
974;18.462079;77.45996
975;18.493663;77.39945
976;18.389272;77.444254
977;18.434162;77.475241
978;18.433597;77.557758
979;18.391969;77.458434
980;18.497938;77.30582
981;18.477711;77.513733
982;18.511508;77.426995
983;18.440534;77.366359
984;18.516803;77.412343
985;18.41312;77.461518
986;18.429854;77.456907
987;18.448057;77.400348
988;18.422202;77.492574
989;18.416493;77.453137
990;18.381128;77.460261
991;18.476038;77.3931
992;18.46852;77.493779
993;18.463983;77.409722
994;18.431385;77.450323
995;18.475018;77.507174
996;18.412583;77.475406
997;18.39919;77.380601
998;18.428465;77.421617
999;18.479291;77.390202
1000;18.429536;77.501358
1001;18.429308;77.484536
1002;18.439531;77.460202
1003;18.410389;77.383298
1004;18.38488;77.51282
1005;18.469471;77.456857
1006;18.397969;77.509836
1007;18.406519;77.50075
1008;18.408194;77.375407
1009;18.428527;77.482298
1010;18.390633;77.455891
1011;18.549551;77.376121
1012;18.489987;77.572785
1013;18.419041;77.550442
1014;18.365528;77.410283
1015;18.46239;77.465047
1016;18.439739;77.456675
1017;18.308776;77.452825
1018;18.44314;77.39042
1019;18.533263;77.450716
1020;18.490412;77.431475
1021;18.409176;77.500337
1022;18.472527;77.412549
1023;18.443041;77.437956
1024;18.462748;77.384454
1025;18.437994;77.476009
1026;18.406386;77.453203
1027;18.401576;77.559344
1028;18.433008;77.477243
1029;18.471406;77.457394
1030;18.355787;77.515841
1031;18.410833;77.40203
1032;18.521226;77.384429
1033;18.485852;77.486373
1034;18.42845;77.504896
1035;18.51032;77.284958
1036;18.391035;77.339433
1037;18.489506;77.382923
1038;18.416796;77.5031
1039;18.42297;77.402438
1040;18.47758;77.431743
1041;18.546548;77.448295
1042;18.408047;77.474721
1043;18.489233;77.386106
1044;18.500719;77.494676
1045;18.56903;77.48503
1046;18.469127;77.383312
1047;18.43261;77.383578
1048;18.449924;77.441489
1049;18.469955;77.499161
1050;18.440853;77.44846
1051;18.468701;77.359156
1052;18.491763;77.422737
1053;18.413813;77.461304
1054;18.597101;77.429442
1055;18.400599;77.466578
1056;18.469584;77.480863
1057;18.51245;77.475583
1058;18.450873;77.454541
1059;18.510306;77.447053
1060;18.404319;77.347412
1061;18.421867;77.380469
1062;18.483748;77.457175
1063;18.412965;77.4597
1064;18.460433;77.399435
1065;18.543151;77.447584
1066;18.446251;77.376286
1067;18.378864;77.372501
1068;18.381485;77.554537
1069;18.464906;77.490998
1070;18.457046;77.417331
1071;18.384761;77.475941
1072;18.427615;77.466694
1073;18.394477;77.464132
1074;18.457966;77.407962
1075;18.463797;77.608443
1076;18.459405;77.48928
1077;18.416071;77.471816
1078;18.388361;77.471986
1079;18.52173;77.533798
1080;18.471018;77.423488
1081;18.446957;77.460799
1082;18.478751;77.521061
1083;18.467746;77.473656
1084;18.451455;77.435886
1085;18.478691;77.442658
1086;18.378782;77.429646
1087;18.433821;77.500606
1088;18.473323;77.51023
1089;18.387976;77.519724
1090;18.424474;77.487465
1091;18.466418;77.478511
1092;18.356698;77.551739
1093;18.48795;77.375614
1094;18.457863;77.416095
1095;18.387732;77.404122
1096;18.394352;77.463776
1097;18.525184;77.362535
1098;18.468742;77.518324
1099;18.380774;77.437311
1100;18.449692;77.469039
1101;18.408231;77.383546
1102;18.423402;77.444478
1103;18.541172;77.417316
1104;18.445954;77.489236
1105;18.459137;77.404677
1106;18.405852;77.53157
1107;18.407396;77.568243
1108;18.509659;77.45757
1109;18.439387;77.45736
1110;18.489328;77.402052
1111;18.422985;77.360829
1112;18.411372;77.356404
1113;18.509238;77.402098
1114;18.44559;77.480202
1115;18.491155;77.40622
1116;18.48781;77.420185
1117;18.497232;77.460435
1118;18.423956;77.563806
1119;18.36004;77.466068
1120;18.489543;77.392807
1121;18.362326;77.382929
1122;18.506417;77.45882
1123;18.404864;77.501028
1124;18.433377;77.444651
1125;18.522438;77.59189
1126;18.373186;77.4289
1127;18.424778;77.459797
1128;18.480358;77.423663
1129;18.400236;77.463128
1130;18.468985;77.557042
1131;18.428713;77.400468
1132;18.421645;77.330928
1133;18.474661;77.52908
1134;18.42711;77.358515
1135;18.484516;77.521033
1136;18.459885;77.371027
1137;18.403956;77.479404
1138;18.460073;77.4337
1139;18.459031;77.357738
1140;18.502211;77.47113
1141;18.424254;77.54196
1142;18.360551;77.485234
1143;18.474974;77.428882
1144;18.478419;77.423911
1145;18.3991;77.362087
1146;18.430402;77.505995
1147;18.432651;77.46584
1148;18.41882;77.47702
1149;18.425214;77.361385
1150;18.490674;77.517951
1151;18.44602;77.502989
1152;18.43525;77.458558
1153;18.538057;77.370065
1154;18.454974;77.443623
1155;18.484991;77.422191
1156;18.518897;77.426022
1157;18.414701;77.449792
1158;18.378899;77.360729
1159;18.431313;77.402083
1160;18.395955;77.453929
1161;18.484035;77.419505
1162;18.522899;77.454708
1163;18.451709;77.423636
1164;18.492263;77.499192
1165;18.424543;77.434942
1166;18.486995;77.526111
1167;18.519532;77.456415
1168;18.482712;77.437996
1169;18.454351;77.467458
1170;18.498006;77.480978
1171;18.415525;77.420837
1172;18.503323;77.470344
1173;18.456279;77.512242
1174;18.402558;77.44281
1175;18.391353;77.402342
1176;18.39217;77.389577
1177;18.458229;77.482211
1178;18.478517;77.446729
1179;18.494197;77.55054
1180;18.467756;77.454182
1181;18.483686;77.483843
1182;18.456759;77.510063
1183;18.467729;77.440884
1184;18.408006;77.418128
1185;18.443945;77.498942
1186;18.388226;77.527968
1187;18.385736;77.495532
1188;18.442613;77.443771
1189;18.364914;77.503042
1190;18.523272;77.475896
1191;18.440578;77.508908
1192;18.405215;77.417966
1193;18.433164;77.351572
1194;18.477252;77.503399
1195;18.512155;77.477056
1196;18.404857;77.516364
1197;18.429219;77.489653
1198;18.470437;77.482915
1199;18.357473;77.451762
1200;18.478932;77.388413
1201;18.398434;77.429208
1202;18.463305;77.490262
1203;18.386537;77.377152
1204;18.403376;77.505176
1205;18.468294;77.386108
1206;18.436657;77.371879
1207;18.384178;77.429011
1208;18.37277;77.335584
1209;18.474328;77.508045
1210;18.383362;77.515715
1211;18.40748;77.431775
1212;18.391754;77.337706
1213;18.469027;77.422613
1214;18.458245;77.490671
1215;18.427153;77.343813
1216;18.407948;77.380455
1217;18.450367;77.414949
1218;18.390391;77.523912
1219;18.46973;77.432061
1220;18.491707;77.40261
1221;18.434219;77.425285
1222;18.444396;77.370724
1223;18.371137;77.451797
1224;18.426114;77.484959
1225;18.401793;77.360232
1226;18.471512;77.496104
1227;18.4658;77.410293
1228;18.500105;77.449823
1229;18.440862;77.44181
1230;18.486891;77.442644
1231;18.433451;77.482515
1232;18.47004;77.487879
1233;18.426299;77.377114
1234;18.469535;77.422589
1235;18.511384;77.414317
1236;18.504785;77.522842
1237;18.358077;77.325757
1238;18.399903;77.437331
1239;18.371586;77.452935
1240;18.396477;77.509825
1241;18.393796;77.435711
1242;18.412139;77.425372
1243;18.458009;77.496263
1244;18.44333;77.375867
1245;18.357065;77.475935
1246;18.477004;77.410996
1247;18.450484;77.371915
1248;18.431683;77.442908
1249;18.465294;77.480976
1250;18.491386;77.47987
1251;18.396244;77.438101
1252;18.453099;77.469708
1253;18.406825;77.421815
1254;18.410024;77.490193
1255;18.519716;77.462937
1256;18.417493;77.485457
1257;18.369226;77.504675
1258;18.329401;77.492294
1259;18.412475;77.464293
1260;18.455075;77.436212
1261;18.430448;77.44617
1262;18.414508;77.422331
1263;18.430968;77.395108
1264;18.441467;77.349539
1265;18.45488;77.355076
1266;18.456604;77.412736
1267;18.448318;77.507097
1268;18.507275;77.459181
1269;18.492757;77.458148
1270;18.367385;77.443671
1271;18.435918;77.539
1272;18.436507;77.444242
1273;18.515821;77.467583
1274;18.53921;77.448163
1275;18.403387;77.501749
1276;18.474679;77.455041
1277;18.449335;77.423644
1278;18.518376;77.430275
1279;18.445759;77.296388
1280;18.460244;77.413177
1281;18.497688;77.418934
1282;18.458709;77.458415
1283;18.508996;77.487308
1284;18.393868;77.48531
1285;18.429026;77.462014
1286;18.462548;77.360654
1287;18.487685;77.464121
1288;18.435496;77.521136
1289;18.402594;77.430917
1290;18.420063;77.393347
1291;18.394662;77.498304
1292;18.478858;77.489391
1293;18.463338;77.375613
1294;18.488368;77.470219
1295;18.516728;77.488686
1296;18.389164;77.345916
1297;18.444438;77.494099
1298;18.497913;77.36144
1299;18.436243;77.511123
1300;18.421734;77.426449
1301;18.533994;77.484731
1302;18.402577;77.415373
1303;18.41518;77.477241
1304;18.443153;77.412572
1305;18.438685;77.480063
1306;18.512509;77.451348
1307;18.447281;77.480801
1308;18.475707;77.442397
1309;18.35841;77.501731
1310;18.482607;77.417767
1311;18.402347;77.426145
1312;18.45883;77.466689
1313;18.472118;77.477447
1314;18.456298;77.49301
1315;18.464098;77.367136
1316;18.47811;77.447596
1317;18.476312;77.549456
1318;18.468687;77.450859
1319;18.407653;77.395487
1320;18.392881;77.483236
1321;18.478368;77.541086
1322;18.412335;77.434663
1323;18.445796;77.466901
1324;18.55398;77.540136
1325;18.443172;77.422348
1326;18.452697;77.399543
1327;18.424179;77.483661
1328;18.465242;77.491898
1329;18.377804;77.43862
1330;18.42097;77.346111
1331;18.474357;77.41464
1332;18.482613;77.398242
1333;18.398805;77.454692
1334;18.465694;77.468868
1335;18.544823;77.431546
1336;18.380239;77.493054
1337;18.347611;77.377495
1338;18.487212;77.417306
1339;18.500685;77.363398
1340;18.521193;77.417717
1341;18.503173;77.473907
1342;18.442072;77.441095
1343;18.445116;77.48073
1344;18.389024;77.519756
1345;18.476804;77.443802
1346;18.463814;77.45333
1347;18.495665;77.325188
1348;18.493537;77.506973
1349;18.402334;77.513167
1350;18.439139;77.378468
1351;18.403362;77.405561
1352;18.368966;77.408988
1353;18.391038;77.438931
1354;18.372295;77.465061
1355;18.476194;77.405259
1356;18.558544;77.473421
1357;18.46598;77.5201
1358;18.468114;77.450568
1359;18.432975;77.425609
1360;18.435175;77.51858
1361;18.51174;77.482682
1362;18.49331;77.443784
1363;18.477204;77.430585
1364;18.535126;77.459271
1365;18.509157;77.509905
1366;18.381276;77.395545
1367;18.409266;77.419338
1368;18.486735;77.472183
1369;18.513757;77.398337
1370;18.509515;77.476381
1371;18.439065;77.496572
1372;18.478041;77.450056
1373;18.481248;77.355101
1374;18.554592;77.466646
1375;18.452642;77.529899
1376;18.416869;77.491538
1377;18.541698;77.39281
1378;18.433518;77.469105
1379;18.511205;77.485334
1380;18.48726;77.485016
1381;18.39405;77.394328
1382;18.398256;77.46861
1383;18.52909;77.375022
1384;18.522333;77.452861
1385;18.383199;77.437758
1386;18.37582;77.48547
1387;18.430645;77.36098
1388;18.477622;77.487115
1389;18.439825;77.4623
1390;18.422204;77.442641
1391;18.426649;77.536524
1392;18.441681;77.423581
1393;18.452817;77.453523
1394;18.451661;77.538294
1395;18.503682;77.483805
1396;18.477997;77.560645
1397;18.496999;77.410854
1398;18.405847;77.470061
1399;18.469602;77.51583
1400;18.435646;77.560379
1401;18.365051;77.430384
1402;18.43354;77.429601
1403;18.47082;77.387506
1404;18.377271;77.371294
1405;18.483436;77.458193
1406;18.397455;77.48903
1407;18.41828;77.449983
1408;18.399607;77.405499
1409;18.481873;77.516044
1410;18.469634;77.450537
1411;18.471506;77.425459
1412;18.471562;77.449211
1413;18.572361;77.446159
1414;18.462958;77.400814
1415;18.430741;77.387779
1416;18.41619;77.398953
1417;18.536483;77.463632
1418;18.420785;77.467064
1419;18.406916;77.479719
1420;18.416275;77.453391
1421;18.426787;77.396364
1422;18.423783;77.47705
1423;18.37184;77.456799
1424;18.454316;77.392299
1425;18.468272;77.48217
1426;18.386302;77.447019
1427;18.412435;77.3853
1428;18.326088;77.483524
1429;18.532555;77.411579
1430;18.414165;77.52425
1431;18.565789;77.390171
1432;18.50553;77.437701
1433;18.488225;77.38276
1434;18.42839;77.474181
1435;18.419908;77.488929
1436;18.420735;77.526572
1437;18.500371;77.463911
1438;18.454298;77.469937
1439;18.457664;77.440387
1440;18.480285;77.42993
1441;18.40855;77.472657
1442;18.482804;77.455189
1443;18.386803;77.414496
1444;18.392788;77.489206
1445;18.428282;77.529814
1446;18.494494;77.460767
1447;18.407364;77.498644
1448;18.489608;77.392878
1449;18.393215;77.456516
1450;18.506894;77.49855
1451;18.427958;77.49153
1452;18.528173;77.455193
1453;18.469882;77.445343
1454;18.401972;77.427104
1455;18.543941;77.51106
1456;18.472103;77.387164
1457;18.478603;77.432186
1458;18.475486;77.4772
1459;18.39286;77.423956
1460;18.511968;77.401547
1461;18.396726;77.465817
1462;18.475715;77.335583
1463;18.401593;77.474984
1464;18.516454;77.45893
1465;18.386356;77.379417
1466;18.438957;77.430264
1467;18.514056;77.463424
1468;18.347979;77.481089
1469;18.460345;77.467283
1470;18.464271;77.431451
1471;18.50565;77.451146
1472;18.434511;77.41984
1473;18.488066;77.475917
1474;18.507735;77.434267
1475;18.399065;77.481949
1476;18.445626;77.481864
1477;18.484347;77.534461
1478;18.393913;77.550912
1479;18.442902;77.444948
1480;18.425762;77.444955
1481;18.41369;77.561004
1482;18.377553;77.473751
1483;18.430459;77.397509
1484;18.483489;77.470931
1485;18.521217;77.443835
1486;18.380054;77.487737
1487;18.52098;77.364412
1488;18.426155;77.424534
1489;18.337687;77.504702
1490;18.506974;77.532438
1491;18.491283;77.386107
1492;18.487075;77.474104
1493;18.440352;77.531222
1494;18.474209;77.432277
1495;18.484596;77.408175
1496;18.493237;77.484538
1497;18.472482;77.400003
1498;18.483062;77.505631
1499;18.432632;77.421529
1500;18.405074;77.424174
1501;18.419551;77.446991
1502;18.471236;77.437987
1503;18.378543;77.463102
1504;18.496277;77.486862
1505;18.422388;77.397665
1506;18.414063;77.397568
1507;18.466236;77.46226
1508;18.401322;77.449546
1509;18.50407;77.384459
1510;18.46026;77.43704
1511;18.439058;77.449454
1512;18.444943;77.560818
1513;18.513684;77.464476
1514;18.433532;77.471029
1515;18.488581;77.431329
1516;18.538573;77.389266
1517;18.44258;77.424342
1518;18.488687;77.427206
1519;18.483427;77.47617
1520;18.425226;77.405019
1521;18.439205;77.463034
1522;18.344855;77.47565
1523;18.406943;77.490475
1524;18.483187;77.400808
1525;18.458284;77.410094
1526;18.447883;77.500729
1527;18.495769;77.488676
1528;18.453084;77.479966
1529;18.407263;77.377363
1530;18.496625;77.472319
1531;18.388343;77.515981
1532;18.440965;77.424893
1533;18.379831;77.423388
1534;18.479865;77.350524
1535;18.384791;77.395797
1536;18.376383;77.463604
1537;18.517219;77.436757
1538;18.452931;77.521473
1539;18.391251;77.507316
1540;18.429272;77.474668
1541;18.446359;77.471951
1542;18.441144;77.474529
1543;18.360737;77.462954
1544;18.42643;77.443846
1545;18.47812;77.416584
1546;18.362695;77.468092
1547;18.395712;77.426674
1548;18.424989;77.453133
1549;18.42556;77.431373
1550;18.545432;77.501791
1551;18.465312;77.47082
1552;18.495711;77.419739
1553;18.431488;77.405126
1554;18.415922;77.399797
1555;18.351631;77.439944
1556;18.440251;77.46953
1557;18.462461;77.43193
1558;18.386489;77.437389
1559;18.431749;77.432637
1560;18.429618;77.441571
1561;18.502469;77.497119
1562;18.473236;77.383559
1563;18.42201;77.359677
1564;18.517341;77.390554
1565;18.447568;77.467857
1566;18.449211;77.532273
1567;18.541013;77.472103
1568;18.463679;77.3809
1569;18.403348;77.490438
1570;18.341937;77.580592
1571;18.420233;77.453306
1572;18.381699;77.498784
1573;18.498127;77.448128
1574;18.546286;77.576314
1575;18.469419;77.439561
1576;18.357545;77.452444
1577;18.465404;77.423892
1578;18.399978;77.468447
1579;18.449509;77.450371
1580;18.466432;77.494117
1581;18.557016;77.425817
1582;18.478503;77.527384
1583;18.49815;77.446684
1584;18.3403;77.449795
1585;18.40694;77.488115
1586;18.470533;77.548516
1587;18.419536;77.506398
1588;18.425269;77.557227
1589;18.336242;77.460615
1590;18.529196;77.422038
1591;18.421434;77.331588
1592;18.409949;77.51394
1593;18.434824;77.452189
1594;18.440924;77.481286
1595;18.369321;77.493433
1596;18.441224;77.560844
1597;18.484554;77.521062
1598;18.51905;77.564343
1599;18.427397;77.414971
1600;18.473066;77.412009
1601;18.470458;77.466883
1602;18.494983;77.439105
1603;18.450696;77.367935
1604;18.393212;77.45686
1605;18.497997;77.551236
1606;18.421258;77.462981
1607;18.455729;77.322428
1608;18.346684;77.464393
1609;18.377077;77.355791
1610;18.422063;77.448014
1611;18.409222;77.407652
1612;18.455273;77.456328
1613;18.507403;77.465781
1614;18.430584;77.516244
1615;18.479521;77.490733
1616;18.435407;77.402042
1617;18.348579;77.529166
1618;18.486517;77.440214
1619;18.395731;77.483087
1620;18.49053;77.357903
1621;18.432132;77.477756
1622;18.445438;77.382183
1623;18.353199;77.53235
1624;18.401415;77.505459
1625;18.492198;77.604075
1626;18.467938;77.40102
1627;18.436672;77.422319
1628;18.367908;77.300714
1629;18.451602;77.403325
1630;18.463091;77.447112
1631;18.525618;77.430699
1632;18.462786;77.408083
1633;18.496277;77.451017
1634;18.431918;77.412988
1635;18.483618;77.427511
1636;18.382578;77.465919
1637;18.431061;77.31764
1638;18.538443;77.407897
1639;18.452401;77.470027
1640;18.378744;77.406338
1641;18.429266;77.373745
1642;18.477124;77.43659
1643;18.422099;77.387728
1644;18.423363;77.447638
1645;18.526568;77.491822
1646;18.494998;77.515081
1647;18.483763;77.467327
1648;18.466252;77.436638
1649;18.472444;77.43558
1650;18.505142;77.466497
1651;18.354912;77.399883
1652;18.394447;77.450344
1653;18.476511;77.518382
1654;18.425968;77.487073
1655;18.395636;77.299007
1656;18.504892;77.560871
1657;18.494486;77.385931
1658;18.483464;77.468378
1659;18.423025;77.459252
1660;18.526633;77.408176
1661;18.295415;77.538939
1662;18.394763;77.460699
1663;18.400236;77.515232
1664;18.484833;77.509714
1665;18.409786;77.452244
1666;18.508383;77.419813
1667;18.397037;77.390537
1668;18.487614;77.41068
1669;18.477546;77.540392
1670;18.394928;77.36631
1671;18.492915;77.452023
1672;18.36412;77.429674
1673;18.385116;77.352067
1674;18.416957;77.421608
1675;18.48385;77.485967
1676;18.472169;77.504869
1677;18.453321;77.575547
1678;18.466321;77.45946
1679;18.561208;77.371333
1680;18.398524;77.485309
1681;18.473947;77.473404
1682;18.419972;77.4625
1683;18.559727;77.488822
1684;18.402331;77.525075
1685;18.427193;77.468424
1686;18.454984;77.547461
1687;18.44343;77.554459
1688;18.475364;77.449091
1689;18.442467;77.451782
1690;18.448004;77.481144
1691;18.43352;77.489685
1692;18.433861;77.449855
1693;18.406306;77.507615
1694;18.416869;77.37365
1695;18.446893;77.481952
1696;18.451362;77.354396
1697;18.405251;77.374564
1698;18.476965;77.459537
1699;18.443933;77.484465
1700;18.417218;77.570585
1701;18.401805;77.457516
1702;18.500661;77.492921
1703;18.455395;77.457239
1704;18.438995;77.513328
1705;18.486211;77.436048
1706;18.441054;77.499427
1707;18.494683;77.513646
1708;18.428009;77.391612
1709;18.408899;77.408385
1710;18.447296;77.452786
1711;18.45543;77.487984
1712;18.346312;77.525189
1713;18.393279;77.456109
1714;18.435999;77.580983
1715;18.474736;77.425349
1716;18.47976;77.371694
1717;18.42702;77.433233
1718;18.474194;77.468947
1719;18.451665;77.468568
1720;18.464353;77.471564
1721;18.350971;77.427942
1722;18.39964;77.37345
1723;18.431168;77.535469
1724;18.462763;77.466904
1725;18.401227;77.525615
1726;18.443969;77.516479
1727;18.454696;77.453241
1728;18.441927;77.425465
1729;18.515061;77.524338
1730;18.403469;77.535381
1731;18.4079;77.310365
1732;18.42503;77.435283
1733;18.450986;77.428996
1734;18.47196;77.454862
1735;18.471189;77.441551
1736;18.417871;77.507862
1737;18.452738;77.421992
1738;18.433491;77.462585
1739;18.410737;77.439289
1740;18.369705;77.524015
1741;18.423082;77.491542
1742;18.341395;77.591637
1743;18.475257;77.353876
1744;18.462489;77.512563
1745;18.513113;77.41744
1746;18.486886;77.437466
1747;18.514572;77.385205
1748;18.475761;77.348144
1749;18.370786;77.442043
1750;18.49236;77.389348
1751;18.512558;77.514136
1752;18.465312;77.432179
1753;18.544638;77.405005
1754;18.506293;77.42543
1755;18.443252;77.477372
1756;18.49026;77.438497
1757;18.397037;77.426711
1758;18.414739;77.468871
1759;18.528708;77.440778
1760;18.400209;77.548602
1761;18.459341;77.532126
1762;18.469726;77.498593
1763;18.56158;77.382547
1764;18.439214;77.481242
1765;18.435191;77.483162
1766;18.528447;77.467486
1767;18.377511;77.546465
1768;18.480467;77.447545
1769;18.434657;77.417576
1770;18.444383;77.465464
1771;18.545241;77.368743
1772;18.476599;77.45653
1773;18.423813;77.58555
1774;18.479115;77.388866
1775;18.430913;77.555988
1776;18.358907;77.432587
1777;18.43045;77.478368
1778;18.487731;77.431865
1779;18.420427;77.47212
1780;18.510781;77.516298
1781;18.349214;77.486951
1782;18.457094;77.452314
1783;18.453122;77.483915
1784;18.535999;77.486613
1785;18.346744;77.360674
1786;18.368848;77.511484
1787;18.468851;77.423626
1788;18.490922;77.431171
1789;18.476639;77.410089
1790;18.434134;77.429995
1791;18.445348;77.439896
1792;18.454507;77.366651
1793;18.530927;77.452786
1794;18.422375;77.354797
1795;18.486506;77.466054
1796;18.539238;77.347587
1797;18.455207;77.461494
1798;18.355883;77.497197
1799;18.395255;77.395421
1800;18.436426;77.437976
1801;18.487969;77.459678
1802;18.483511;77.453135
1803;18.469606;77.468581
1804;18.529302;77.514218
1805;18.429222;77.388228
1806;18.501542;77.494943
1807;18.447963;77.491919
1808;18.4621;77.603821
1809;18.495996;77.396087
1810;18.445637;77.431185
1811;18.392689;77.412762
1812;18.389975;77.388061
1813;18.505126;77.424214
1814;18.508657;77.5143
1815;18.498213;77.338214
1816;18.477639;77.471255
1817;18.425696;77.395048
1818;18.354407;77.490299
1819;18.448544;77.45094
1820;18.398529;77.472826
1821;18.540755;77.397917
1822;18.441262;77.456855
1823;18.455218;77.404342
1824;18.489146;77.421702
1825;18.495206;77.485637
1826;18.460568;77.412442
1827;18.459111;77.428028
1828;18.538265;77.533991
1829;18.445369;77.51154
1830;18.435144;77.415522
1831;18.402693;77.584737
1832;18.460818;77.370152
1833;18.489013;77.41001
1834;18.379153;77.501641
1835;18.393882;77.441714
1836;18.464846;77.447348
1837;18.463474;77.411575
1838;18.459281;77.439328
1839;18.538945;77.45611
1840;18.462156;77.525161
1841;18.456923;77.529709
1842;18.460657;77.495875
1843;18.476314;77.368017
1844;18.506512;77.429614
1845;18.412762;77.425404
1846;18.521711;77.391276
1847;18.391925;77.48623
1848;18.469543;77.344594
1849;18.403798;77.437403
1850;18.417053;77.43043
1851;18.465329;77.350497
1852;18.353961;77.449279
1853;18.392942;77.425822
1854;18.441657;77.402369
1855;18.467845;77.505376
1856;18.420033;77.402863
1857;18.400267;77.531591
1858;18.395915;77.44102
1859;18.401253;77.486304
1860;18.472348;77.477527
1861;18.420996;77.504341
1862;18.477581;77.3637
1863;18.4077;77.448724
1864;18.448688;77.479473
1865;18.479376;77.435322
1866;18.390886;77.457578
1867;18.431586;77.552096
1868;18.410737;77.440878
1869;18.509183;77.499534
1870;18.405632;77.389174
1871;18.478012;77.448697
1872;18.442964;77.413083
1873;18.396676;77.377047
1874;18.366149;77.41927
1875;18.348992;77.33682
1876;18.500066;77.443625
1877;18.395702;77.490622
1878;18.429583;77.450378
1879;18.486377;77.496441
1880;18.468601;77.497163
1881;18.390534;77.490143
1882;18.464344;77.456832
1883;18.45946;77.439085
1884;18.399642;77.476863
1885;18.469299;77.479372
1886;18.318971;77.37062
1887;18.426184;77.395678
1888;18.434998;77.470945
1889;18.452825;77.50459
1890;18.409014;77.48312
1891;18.509155;77.485592
1892;18.528407;77.409107
1893;18.394421;77.400845
1894;18.526753;77.483307
1895;18.418896;77.549729
1896;18.43941;77.590983
1897;18.457155;77.463037
1898;18.355185;77.343355
1899;18.491656;77.395306
1900;18.414069;77.389971
1901;18.459831;77.441165
1902;18.425248;77.462739
1903;18.48496;77.421076
1904;18.466848;77.520702
1905;18.472204;77.473297
1906;18.363488;77.41522
1907;18.365602;77.483825
1908;18.397287;77.486796
1909;18.405915;77.494719
1910;18.454669;77.470403
1911;18.455045;77.461786
1912;18.433927;77.403492
1913;18.456651;77.454881
1914;18.360981;77.450809
1915;18.456973;77.430089
1916;18.488257;77.456904
1917;18.415566;77.532748
1918;18.398718;77.501504
1919;18.510001;77.476403
1920;18.442186;77.510763
1921;18.457699;77.432645
1922;18.409652;77.451169
1923;18.467978;77.494494
1924;18.43791;77.482388
1925;18.4005;77.4628
1926;18.476367;77.484066
1927;18.442629;77.465459
1928;18.461389;77.391382
1929;18.469778;77.416796
1930;18.484013;77.413035
1931;18.453432;77.506768
1932;18.502596;77.418514
1933;18.431725;77.437287
1934;18.334807;77.498832
1935;18.432575;77.425838
1936;18.463406;77.391421
1937;18.452943;77.474295
1938;18.386528;77.436806
1939;18.467529;77.545702
1940;18.459942;77.473445
1941;18.383174;77.378788
1942;18.436429;77.48284
1943;18.477189;77.365207
1944;18.432642;77.464649
1945;18.449485;77.580023
1946;18.480566;77.455328
1947;18.394595;77.408285
1948;18.418207;77.406504
1949;18.495851;77.415701
1950;18.41681;77.484276
1951;18.465384;77.396159
1952;18.346263;77.311424
1953;18.464189;77.478306
1954;18.495413;77.36838
1955;18.396837;77.478417
1956;18.523355;77.546524
1957;18.524506;77.455515
1958;18.464583;77.418577
1959;18.396549;77.500986
1960;18.467892;77.447529
1961;18.459397;77.515705
1962;18.444557;77.41658
1963;18.504908;77.454839
1964;18.523369;77.432309
1965;18.474016;77.468037
1966;18.436131;77.379575
1967;18.411711;77.503423
1968;18.490267;77.457656
1969;18.413778;77.452405
1970;18.386442;77.480374
1971;18.344653;77.475028
1972;18.531258;77.400052
1973;18.554023;77.442374
1974;18.429991;77.448819
1975;18.401511;77.474306
1976;18.37142;77.490387
1977;18.485985;77.42338
1978;18.474934;77.524607
1979;18.458748;77.41239
1980;18.390276;77.486566
1981;18.386353;77.43496
1982;18.418822;77.502565
1983;18.374875;77.417761
1984;18.415346;77.456209
1985;18.510519;77.446974
1986;18.417949;77.557274
1987;18.506663;77.46666
1988;18.43258;77.399657
1989;18.392306;77.465801
1990;18.509619;77.432723
1991;18.372427;77.428573
1992;18.502328;77.557504
1993;18.438629;77.502259
1994;18.497723;77.515164
1995;18.469049;77.464854
1996;18.444608;77.435647
1997;18.432262;77.491425
1998;18.393321;77.465019
1999;18.475752;77.413288
2000;18.441499;77.476929
2001;18.448158;77.455335
2002;18.507248;77.44438
2003;18.462579;77.542169
2004;18.482924;77.484937
2005;18.398983;77.435162
2006;18.459588;77.463342
2007;18.449423;77.452034
2008;18.458142;77.457956
2009;18.507095;77.480804
2010;18.37723;77.44834
2011;18.427362;77.467187
2012;18.367091;77.462469
2013;18.465042;77.463581
2014;18.454784;77.387222
2015;18.394128;77.404706
2016;18.331468;77.485831
2017;18.407554;77.457239
2018;18.47756;77.430498
2019;18.441562;77.550896
2020;18.472899;77.510179
2021;18.421361;77.41115
2022;18.443969;77.503547
2023;18.463317;77.470063
2024;18.380293;77.399418
2025;18.405833;77.457447
2026;18.443893;77.38242
2027;18.482481;77.355214
2028;18.413905;77.405634
2029;18.529159;77.437707
2030;18.52313;77.470247
2031;18.466122;77.348004
2032;18.512508;77.29796
2033;18.419462;77.471561
2034;18.433235;77.452327
2035;18.402604;77.470134
2036;18.396734;77.421766
2037;18.51322;77.406856
2038;18.40767;77.394538
2039;18.436952;77.465436
2040;18.405128;77.422609
2041;18.405345;77.442332
2042;18.483702;77.420191
2043;18.382161;77.533044
2044;18.490617;77.47165
2045;18.416271;77.351892
2046;18.458638;77.37407
2047;18.323692;77.492159
2048;18.396386;77.349011
2049;18.390952;77.357049
2050;18.48998;77.445134
2051;18.408113;77.392469
2052;18.443432;77.496982
2053;18.513218;77.395045
2054;18.484138;77.422822
2055;18.424269;77.411363
2056;18.429946;77.381381
2057;18.494489;77.427251
2058;18.573512;77.450626
2059;18.424014;77.382591
2060;18.483837;77.44849
2061;18.499397;77.465701
2062;18.480643;77.493089
2063;18.453737;77.367573
2064;18.417906;77.408854
2065;18.44674;77.465238
2066;18.327537;77.390305
2067;18.444811;77.420326
2068;18.454119;77.430302
2069;18.471148;77.479994
2070;18.454232;77.483049
2071;18.475774;77.43146
2072;18.474402;77.450791
2073;18.448091;77.499191
2074;18.489368;77.470414
2075;18.406458;77.525769
2076;18.370762;77.442066
2077;18.416945;77.423462
2078;18.491427;77.497377
2079;18.571001;77.387708
2080;18.533548;77.337343
2081;18.454;77.46989
2082;18.551181;77.458032
2083;18.398151;77.363522
2084;18.409598;77.414053
2085;18.401764;77.496357
2086;18.427345;77.421659
2087;18.387648;77.473298
2088;18.468416;77.529351
2089;18.453334;77.51659
2090;18.484588;77.413373
2091;18.435873;77.331188
2092;18.428186;77.535766
2093;18.388566;77.436484
2094;18.383253;77.430103
2095;18.540673;77.501966
2096;18.500373;77.472602
2097;18.502497;77.548978
2098;18.510951;77.464487
2099;18.403874;77.436996
2100;18.47389;77.509179
2101;18.550471;77.509928
2102;18.478791;77.445067
2103;18.577915;77.442084
2104;18.442228;77.420942
2105;18.44958;77.516296
2106;18.516901;77.442163
2107;18.399979;77.480856
2108;18.482439;77.430403
2109;18.526822;77.476473
2110;18.455962;77.441577
2111;18.580954;77.458885
2112;18.341991;77.478091
2113;18.476339;77.456503
2114;18.505602;77.368605
2115;18.485339;77.470249
2116;18.410966;77.446398
2117;18.537731;77.391106
2118;18.389089;77.413401
2119;18.570236;77.360991
2120;18.469626;77.483603
2121;18.482004;77.409928
2122;18.421086;77.496125
2123;18.541668;77.446626
2124;18.459709;77.459515
2125;18.421266;77.44032
2126;18.418899;77.488014
2127;18.491705;77.392148
2128;18.458487;77.418367
2129;18.361673;77.426766
2130;18.458282;77.486211
2131;18.480992;77.480894
2132;18.379145;77.496463
2133;18.456727;77.518553
2134;18.442834;77.402313
2135;18.41602;77.452121
2136;18.461015;77.434088
2137;18.465676;77.471389
2138;18.383331;77.502359
2139;18.456758;77.406765
2140;18.450405;77.414985
2141;18.473419;77.481342
2142;18.450329;77.378424
2143;18.449459;77.416771
2144;18.3475;77.408584
2145;18.429153;77.516872
2146;18.490648;77.351408
2147;18.461974;77.384033
2148;18.458273;77.482244
2149;18.347074;77.538822
2150;18.400487;77.47188
2151;18.375304;77.395193
2152;18.44242;77.508218
2153;18.386759;77.395763
2154;18.415108;77.493577
2155;18.537001;77.427026
2156;18.508614;77.480399
2157;18.355096;77.480054
2158;18.399629;77.380811
2159;18.511346;77.409757
2160;18.425018;77.476787
2161;18.414043;77.449492
2162;18.353107;77.404071
2163;18.389866;77.401453
2164;18.436716;77.451737
2165;18.426153;77.382673
2166;18.441998;77.383985
2167;18.402887;77.418662
2168;18.499538;77.560432
2169;18.497543;77.40654
2170;18.452399;77.494728
2171;18.457641;77.535678
2172;18.406681;77.48913
2173;18.410473;77.477199
2174;18.452924;77.485724
2175;18.392925;77.42086
2176;18.420058;77.433492
2177;18.329282;77.392986
2178;18.427345;77.449088
2179;18.498324;77.498974
2180;18.417405;77.526299
2181;18.422055;77.374554
2182;18.496761;77.474808
2183;18.517818;77.399993
2184;18.438176;77.393955
2185;18.463013;77.447807
2186;18.459;77.483418
2187;18.450491;77.315509
2188;18.366357;77.521104
2189;18.481685;77.494385
2190;18.446808;77.500593
2191;18.453388;77.444903
2192;18.363911;77.432638
2193;18.423407;77.465778
2194;18.433088;77.487874
2195;18.431372;77.460244
2196;18.48615;77.495323
2197;18.378343;77.480584
2198;18.497683;77.455689
2199;18.547138;77.416059
2200;18.464518;77.469828
2201;18.477814;77.481675
2202;18.413279;77.440061
2203;18.407638;77.479244
2204;18.533738;77.479107
2205;18.450224;77.472801
2206;18.446066;77.424091
2207;18.432622;77.41984
2208;18.42255;77.41134
2209;18.380345;77.489733
2210;18.364161;77.443044
2211;18.434859;77.439222
2212;18.466934;77.449699
2213;18.465976;77.477454
2214;18.435579;77.387305
2215;18.411404;77.469084
2216;18.454849;77.486832
2217;18.377642;77.407919
2218;18.502716;77.353183
2219;18.445769;77.477464
2220;18.407467;77.475733
2221;18.478602;77.437117
2222;18.436563;77.366847
2223;18.441402;77.388683
2224;18.387291;77.447034
2225;18.44305;77.48367
2226;18.449786;77.454719
2227;18.450705;77.419707
2228;18.47375;77.412617
2229;18.407611;77.437062
2230;18.365684;77.396718
2231;18.430872;77.406773
2232;18.423683;77.330485
2233;18.365386;77.435099
2234;18.388051;77.488879
2235;18.360237;77.529761
2236;18.458015;77.43836
2237;18.473595;77.424549
2238;18.452382;77.434228
2239;18.439049;77.456166
2240;18.359136;77.511166
2241;18.320442;77.468788
2242;18.552245;77.483832
2243;18.471849;77.380846
2244;18.424306;77.474726
2245;18.479242;77.42383
2246;18.44599;77.351558
2247;18.504501;77.452819
2248;18.46781;77.409867
2249;18.442168;77.42136
2250;18.501161;77.48144
2251;18.446774;77.455075
2252;18.375305;77.52813
2253;18.473167;77.493315
2254;18.404681;77.411126
2255;18.450196;77.512937
2256;18.407227;77.378997
2257;18.392028;77.399825
2258;18.431237;77.476008
2259;18.548438;77.486059
2260;18.512678;77.47688
2261;18.404947;77.443526
2262;18.371353;77.458037
2263;18.399931;77.430969
2264;18.387735;77.456931
2265;18.514247;77.490958
2266;18.523198;77.421294
2267;18.508799;77.286144
2268;18.469115;77.399374
2269;18.398854;77.500197
2270;18.397369;77.431911
2271;18.535623;77.461843
2272;18.477352;77.308754
2273;18.440827;77.452903
2274;18.49296;77.396673
2275;18.48064;77.451647
2276;18.426825;77.391219
2277;18.498523;77.43962
2278;18.47689;77.444802
2279;18.422403;77.479609
2280;18.435238;77.534215
2281;18.402904;77.338158
2282;18.409639;77.404295
2283;18.365739;77.463517
2284;18.39367;77.495421
2285;18.469819;77.449177
2286;18.479812;77.446802
2287;18.514499;77.512531
2288;18.381559;77.351775
2289;18.486098;77.468347
2290;18.470087;77.435936
2291;18.508682;77.335031
2292;18.435772;77.394737
2293;18.53719;77.452604
2294;18.481746;77.3872
2295;18.387803;77.605837
2296;18.456703;77.486962
2297;18.439478;77.402436
2298;18.453483;77.426196
2299;18.513126;77.451666
2300;18.489452;77.439034
2301;18.441847;77.477471
2302;18.385661;77.407533
2303;18.516025;77.517171
2304;18.426186;77.507483
2305;18.489859;77.451421
2306;18.519101;77.428079
2307;18.458512;77.497978
2308;18.454103;77.471729
2309;18.496621;77.476133
2310;18.442394;77.466304
2311;18.472895;77.458564
2312;18.474042;77.506871
2313;18.508533;77.434357
2314;18.422616;77.429912
2315;18.45712;77.527273
2316;18.51835;77.427534
2317;18.446913;77.4359
2318;18.483074;77.43574
2319;18.47288;77.487399
2320;18.368895;77.35061
2321;18.424093;77.444005
2322;18.545591;77.41476
2323;18.39825;77.42896
2324;18.479181;77.384276
2325;18.413578;77.459441
2326;18.507651;77.462741
2327;18.461928;77.472907
2328;18.4758;77.473316
2329;18.438635;77.430582
2330;18.418984;77.405709
2331;18.439815;77.36516
2332;18.459888;77.50367
2333;18.437869;77.468683
2334;18.40856;77.392372
2335;18.400078;77.481398
2336;18.494829;77.410824
2337;18.440862;77.419334
2338;18.432489;77.52734
2339;18.382303;77.488663
2340;18.469753;77.462236
2341;18.386641;77.430575
2342;18.386426;77.449961
2343;18.458685;77.431154
2344;18.550547;77.420509
2345;18.419768;77.446904
2346;18.423013;77.438163
2347;18.525383;77.443361
2348;18.568582;77.389624
2349;18.446769;77.456531
2350;18.424171;77.490853
2351;18.40253;77.525908
2352;18.449728;77.480912
2353;18.346277;77.478795
2354;18.48387;77.43422
2355;18.38007;77.427615
2356;18.420347;77.489987
2357;18.536105;77.429475
2358;18.518722;77.431803
2359;18.49201;77.393568
2360;18.386362;77.474736
2361;18.354062;77.499596
2362;18.479213;77.434965
2363;18.394545;77.468221
2364;18.417779;77.395111
2365;18.439152;77.491765
2366;18.415842;77.498312
2367;18.442502;77.4527
2368;18.474791;77.482054
2369;18.514763;77.496069
2370;18.338319;77.463841
2371;18.388823;77.471997
2372;18.477071;77.427047
2373;18.527343;77.487931
2374;18.430817;77.49223
2375;18.393126;77.507135
2376;18.367991;77.582561
2377;18.487538;77.414083
2378;18.318543;77.552802
2379;18.421206;77.408859
2380;18.396881;77.427511
2381;18.389063;77.430543
2382;18.470863;77.38001
2383;18.413718;77.470899
2384;18.488754;77.347038
2385;18.405942;77.408457
2386;18.514778;77.539107
2387;18.439248;77.512989
2388;18.368817;77.467179
2389;18.439012;77.539443
2390;18.470212;77.392982
2391;18.417552;77.506959
2392;18.410644;77.474541
2393;18.484831;77.401814
2394;18.393382;77.445758
2395;18.376687;77.337996
2396;18.54141;77.461647
2397;18.429185;77.34679
2398;18.402121;77.50555
2399;18.493913;77.371424
2400;18.454;77.437728
2401;18.356338;77.517253
2402;18.568597;77.457778
2403;18.435754;77.472655
2404;18.363703;77.389795
2405;18.378575;77.523899
2406;18.458816;77.372002
2407;18.441049;77.498068
2408;18.413272;77.3482
2409;18.472837;77.413368
2410;18.451878;77.448461
2411;18.339496;77.423095
2412;18.427282;77.513478
2413;18.41776;77.421509
2414;18.466191;77.509152
2415;18.47696;77.439291
2416;18.41744;77.367455
2417;18.40709;77.386283
2418;18.435763;77.396518
2419;18.467413;77.460494
2420;18.43148;77.454691
2421;18.412333;77.501297
2422;18.440049;77.454307
2423;18.477151;77.435503
2424;18.415291;77.428203
2425;18.454333;77.556015
2426;18.415985;77.46506
2427;18.408056;77.428373
2428;18.468068;77.405936
2429;18.48029;77.364609
2430;18.447395;77.403855
2431;18.5166;77.451917
2432;18.455244;77.393047
2433;18.473221;77.361787
2434;18.423968;77.397779
2435;18.418244;77.4475
2436;18.388381;77.42622
2437;18.434265;77.548021
2438;18.404796;77.472384
2439;18.408093;77.542923
2440;18.431375;77.448882
2441;18.442902;77.423617
2442;18.421185;77.455791
2443;18.502075;77.483469
2444;18.439904;77.421274
2445;18.476349;77.380828
2446;18.509604;77.409828
2447;18.387162;77.386154
2448;18.439128;77.485284
2449;18.436649;77.435694
2450;18.408076;77.351171
2451;18.44454;77.455288
2452;18.469788;77.498309
2453;18.573198;77.421399
2454;18.398272;77.427671
2455;18.43693;77.527924
2456;18.399094;77.53352
2457;18.429854;77.36974
2458;18.460558;77.395303
2459;18.356773;77.474496
2460;18.445678;77.527633
2461;18.414852;77.346296
2462;18.458809;77.439774
2463;18.446948;77.400457
2464;18.532673;77.450985
2465;18.427535;77.444027
2466;18.408604;77.46989
2467;18.47104;77.398821
2468;18.394294;77.389626
2469;18.333308;77.48829
2470;18.458906;77.464547
2471;18.480383;77.453721
2472;18.413493;77.470629
2473;18.544334;77.467839
2474;18.542472;77.486419
2475;18.478635;77.36994
2476;18.438364;77.496327
2477;18.461979;77.435295
2478;18.391877;77.461971
2479;18.385289;77.409359
2480;18.500932;77.519897
2481;18.434578;77.495069
2482;18.405166;77.411717
2483;18.382867;77.438413
2484;18.508972;77.455724
2485;18.37134;77.471825
2486;18.541196;77.527822
2487;18.489061;77.447633
2488;18.35194;77.416675
2489;18.385244;77.431642
2490;18.440553;77.446477
2491;18.461823;77.350866
2492;18.440714;77.500263
2493;18.398141;77.48574
2494;18.376545;77.415451
2495;18.487308;77.460369
2496;18.482262;77.474888
2497;18.462;77.486162
2498;18.419652;77.535662
2499;18.443847;77.520265
2500;18.436464;77.370618
2501;18.443013;77.490854
2502;18.486975;77.430651
2503;18.463262;77.496881
2504;18.393372;77.504719
2505;18.456992;77.533812
2506;18.467784;77.485255
2507;18.384771;77.554588
2508;18.418115;77.501146
2509;18.489188;77.436209
2510;18.439113;77.472513
2511;18.490202;77.455787
2512;18.428371;77.47659
2513;18.428901;77.367977
2514;18.431739;77.451928
2515;18.48295;77.440225
2516;18.48844;77.431327
2517;18.445595;77.463875
2518;18.48867;77.454277
2519;18.399132;77.465098
2520;18.38325;77.478355
2521;18.458236;77.408576
2522;18.50487;77.505826
2523;18.369048;77.498725
2524;18.544858;77.431782
2525;18.423898;77.47653
2526;18.44738;77.462175
2527;18.429998;77.482997
2528;18.496485;77.427334
2529;18.362963;77.390187
2530;18.521228;77.450438
2531;18.408066;77.415614
2532;18.435861;77.429348
2533;18.319556;77.454756
2534;18.370697;77.451868
2535;18.338663;77.426578
2536;18.426919;77.482361
2537;18.425431;77.472192
2538;18.465373;77.439086
2539;18.401643;77.469885
2540;18.350553;77.503464
2541;18.392686;77.340525
2542;18.429335;77.457832
2543;18.41735;77.38199
2544;18.442503;77.482231
2545;18.556243;77.430378
2546;18.400454;77.414957
2547;18.45879;77.509078
2548;18.520696;77.522931
2549;18.396139;77.473267
2550;18.449652;77.434936
2551;18.454053;77.442829
2552;18.351713;77.405898
2553;18.406905;77.410637
2554;18.468491;77.461419
2555;18.407938;77.47502
2556;18.403789;77.413132
2557;18.360219;77.440512
2558;18.432529;77.438247
2559;18.488686;77.432293
2560;18.368757;77.387343
2561;18.459859;77.47155
2562;18.511264;77.421512
2563;18.411773;77.437027
2564;18.454572;77.481475
2565;18.544626;77.380046
2566;18.456164;77.461439
2567;18.438052;77.438095
2568;18.384215;77.42393
2569;18.377672;77.460283
2570;18.473279;77.436322
2571;18.399121;77.445258
2572;18.428072;77.473815
2573;18.442263;77.41567
2574;18.473047;77.478425
2575;18.316633;77.46172
2576;18.404108;77.415078
2577;18.475292;77.413287
2578;18.372132;77.458889
2579;18.446742;77.468483
2580;18.489886;77.473166
2581;18.351874;77.459476
2582;18.458539;77.456478
2583;18.427169;77.543192
2584;18.427131;77.474317
2585;18.454679;77.390754
2586;18.381262;77.434911
2587;18.456277;77.382899
2588;18.367968;77.398374
2589;18.436741;77.48639
2590;18.430392;77.46911
2591;18.464783;77.514404
2592;18.463934;77.405412
2593;18.42166;77.450763
2594;18.4711;77.376852
2595;18.45567;77.417743
2596;18.391582;77.408071
2597;18.52707;77.477556
2598;18.390074;77.356805
2599;18.464442;77.453574
2600;18.448381;77.42821
2601;18.508377;77.461783
2602;18.513704;77.395932
2603;18.469691;77.54017
2604;18.446442;77.457877
2605;18.400122;77.444765
2606;18.454641;77.430522
2607;18.525677;77.522906
2608;18.400043;77.442031
2609;18.458732;77.474516
2610;18.498506;77.459419
2611;18.553019;77.404108
2612;18.395114;77.361835
2613;18.509472;77.492352
2614;18.408472;77.409355
2615;18.479302;77.449065
2616;18.478767;77.480724
2617;18.455103;77.420642
2618;18.43613;77.422646
2619;18.432175;77.47164
2620;18.437708;77.4078
2621;18.488003;77.435085
2622;18.591619;77.411878
2623;18.358476;77.439154
2624;18.365809;77.474527
2625;18.472356;77.477232
2626;18.384325;77.577247
2627;18.419897;77.431125
2628;18.459084;77.413398
2629;18.411579;77.368873
2630;18.422959;77.46779
2631;18.478201;77.529065
2632;18.555925;77.41042
2633;18.396542;77.387253
2634;18.471314;77.514553
2635;18.42936;77.487942
2636;18.436067;77.512437
2637;18.542915;77.398104
2638;18.481783;77.444373
2639;18.474802;77.509736
2640;18.445015;77.517375
2641;18.370659;77.38894
2642;18.387384;77.50695
2643;18.43384;77.515849
2644;18.386228;77.395222
2645;18.589688;77.441758
2646;18.473879;77.44633
2647;18.54463;77.324004
2648;18.402663;77.516632
2649;18.339912;77.495197
2650;18.456608;77.412917
2651;18.40649;77.467025
2652;18.443867;77.422679
2653;18.48284;77.438964
2654;18.55475;77.469951
2655;18.501608;77.444289
2656;18.387397;77.478825
2657;18.551238;77.439993
2658;18.488525;77.473981
2659;18.453346;77.536341
2660;18.449514;77.441784
2661;18.49094;77.355427
2662;18.453079;77.374389
2663;18.476125;77.475707
2664;18.405647;77.397229
2665;18.509506;77.550325
2666;18.463138;77.542342
2667;18.500936;77.431515
2668;18.378773;77.525306
2669;18.440843;77.453191
2670;18.306463;77.498427
2671;18.452796;77.437333
2672;18.478393;77.459186
2673;18.492043;77.493309
2674;18.440226;77.392666
2675;18.345666;77.490674
2676;18.407282;77.470657
2677;18.511544;77.488981
2678;18.497552;77.514116
2679;18.491306;77.475272
2680;18.550336;77.268167
2681;18.413602;77.43468
2682;18.375345;77.439997
2683;18.400254;77.515967
2684;18.430974;77.487555
2685;18.334054;77.442701
2686;18.434231;77.508854
2687;18.441122;77.51283
2688;18.463629;77.404906
2689;18.446758;77.458448
2690;18.384855;77.549369
2691;18.493383;77.453218
2692;18.388575;77.506019
2693;18.448968;77.420005
2694;18.389502;77.48947
2695;18.520196;77.472834
2696;18.467062;77.419801
2697;18.398247;77.327568
2698;18.438107;77.429206
2699;18.427588;77.399965
2700;18.453616;77.452852
2701;18.440892;77.450864
2702;18.416394;77.422118
2703;18.44197;77.475662
2704;18.443247;77.531576
2705;18.447258;77.587243
2706;18.402867;77.450074
2707;18.346464;77.460347
2708;18.490799;77.420677
2709;18.390494;77.45233
2710;18.523089;77.469679
2711;18.410529;77.51153
2712;18.4484;77.49085
2713;18.498562;77.449312
2714;18.516573;77.392577
2715;18.416718;77.367552
2716;18.393272;77.43056
2717;18.42861;77.372375
2718;18.502222;77.441601
2719;18.381502;77.494704
2720;18.483117;77.513399
2721;18.489221;77.444854
2722;18.484418;77.472172
2723;18.398305;77.442505
2724;18.468309;77.420893
2725;18.317844;77.388692
2726;18.447282;77.377176
2727;18.425284;77.522552
2728;18.408408;77.473452
2729;18.436248;77.472131
2730;18.388386;77.427548
2731;18.458538;77.46142
2732;18.444807;77.450389
2733;18.363646;77.495035
2734;18.469808;77.421166
2735;18.452155;77.434417
2736;18.385086;77.473292
2737;18.410869;77.417775
2738;18.428034;77.460845
2739;18.480732;77.487456
2740;18.470844;77.483709
2741;18.464476;77.390317
2742;18.425355;77.404132
2743;18.388406;77.488447
2744;18.486942;77.490519
2745;18.528889;77.500617
2746;18.466378;77.491745
2747;18.474168;77.458116
2748;18.465304;77.432143
2749;18.43319;77.50567
2750;18.536145;77.443307
2751;18.464582;77.451158
2752;18.421027;77.385982
2753;18.602101;77.39412
2754;18.528415;77.423177
2755;18.432928;77.442997
2756;18.41085;77.402271
2757;18.419767;77.426036
2758;18.441876;77.476791
2759;18.424478;77.472301
2760;18.446347;77.513422
2761;18.453107;77.49892
2762;18.476425;77.481604
2763;18.483815;77.439165
2764;18.449912;77.431297
2765;18.389302;77.499049
2766;18.423026;77.435713
2767;18.469166;77.507102
2768;18.458154;77.479291
2769;18.386305;77.404113
2770;18.441322;77.515837
2771;18.489827;77.497821
2772;18.543322;77.534609
2773;18.435602;77.483535
2774;18.409638;77.532846
2775;18.471684;77.456226
2776;18.495482;77.43346
2777;18.360889;77.397824
2778;18.330912;77.466766
2779;18.455315;77.467251
2780;18.423056;77.478726
2781;18.428593;77.432149
2782;18.372274;77.472169
2783;18.370372;77.454862
2784;18.398345;77.482738
2785;18.441278;77.49094
2786;18.384634;77.42378
2787;18.481294;77.402353
2788;18.392743;77.469928
2789;18.470155;77.40111
2790;18.519368;77.452198
2791;18.404592;77.482431
2792;18.428381;77.449532
2793;18.417966;77.504254
2794;18.412907;77.472126
2795;18.393528;77.44872
2796;18.424002;77.387953
2797;18.543601;77.470521
2798;18.460566;77.442158
2799;18.505516;77.394331
2800;18.395493;77.461137
2801;18.414728;77.546407
2802;18.452606;77.423774
2803;18.462094;77.393396
2804;18.403597;77.522459
2805;18.411358;77.441112
2806;18.520892;77.449242
2807;18.458448;77.498353
2808;18.443115;77.523978
2809;18.501133;77.43886
2810;18.413156;77.494454
2811;18.453589;77.536077
2812;18.463005;77.450306
2813;18.435312;77.481146
2814;18.427357;77.449333
2815;18.491313;77.475201
2816;18.424882;77.39258
2817;18.476801;77.530364
2818;18.422775;77.457346
2819;18.489262;77.398371
2820;18.385134;77.51858
2821;18.482497;77.451767
2822;18.525105;77.362392
2823;18.473477;77.373289
2824;18.446052;77.398324
2825;18.368035;77.507578
2826;18.534808;77.484346
2827;18.380798;77.388288
2828;18.513885;77.391304
2829;18.458389;77.544218
2830;18.451676;77.438818
2831;18.411474;77.440928
2832;18.578748;77.438452
2833;18.340616;77.429419
2834;18.465611;77.45647
2835;18.462056;77.501044
2836;18.443964;77.370391
2837;18.364328;77.415519
2838;18.46839;77.391072
2839;18.531779;77.48608
2840;18.431788;77.447284
2841;18.426178;77.469763
2842;18.435725;77.380725
2843;18.451446;77.426313
2844;18.414277;77.465188
2845;18.512811;77.467711
2846;18.433548;77.397323
2847;18.469129;77.435202
2848;18.472855;77.492541
2849;18.38243;77.433091
2850;18.368461;77.481392
2851;18.353059;77.482097
2852;18.455572;77.413451
2853;18.471509;77.469976
2854;18.41889;77.497535
2855;18.44484;77.450179
2856;18.400694;77.433312
2857;18.476809;77.470008
2858;18.45629;77.399637
2859;18.478429;77.451352
2860;18.377574;77.516491
2861;18.412511;77.468681
2862;18.448169;77.396507
2863;18.517671;77.517782
2864;18.376171;77.452358
2865;18.478167;77.431266
2866;18.454183;77.448096
2867;18.489382;77.484789
2868;18.444284;77.383722
2869;18.456726;77.437809
2870;18.440057;77.394122
2871;18.523108;77.411561
2872;18.41556;77.462456
2873;18.44723;77.352891
2874;18.361699;77.405809
2875;18.470916;77.478473
2876;18.42997;77.468291
2877;18.415072;77.46868
2878;18.498339;77.471228
2879;18.445157;77.489521
2880;18.400315;77.485582
2881;18.374583;77.401905
2882;18.417904;77.442661
2883;18.480889;77.482069
2884;18.531247;77.441806
2885;18.402236;77.418578
2886;18.416294;77.425368
2887;18.416768;77.428054
2888;18.389529;77.478583
2889;18.427096;77.466102
2890;18.465035;77.445547
2891;18.360293;77.49224
2892;18.437441;77.505409
2893;18.394047;77.368798
2894;18.434914;77.449313
2895;18.412983;77.532556
2896;18.480935;77.446642
2897;18.512371;77.443984
2898;18.337297;77.483194
2899;18.477012;77.441548
2900;18.570618;77.482284
2901;18.380138;77.53186
2902;18.462516;77.494176
2903;18.445439;77.364391
2904;18.472627;77.474784
2905;18.448168;77.56742
2906;18.487532;77.456308
2907;18.401298;77.419141
2908;18.403576;77.451541
2909;18.407625;77.491583
2910;18.420635;77.346932
2911;18.441081;77.300666
2912;18.37909;77.525984
2913;18.473028;77.588249
2914;18.436897;77.543778
2915;18.435137;77.528241
2916;18.49236;77.362977
2917;18.378885;77.418647
2918;18.415039;77.384836
2919;18.540836;77.44897
2920;18.446608;77.377616
2921;18.546373;77.447381
2922;18.396711;77.43392
2923;18.471538;77.51948
2924;18.513903;77.488533
2925;18.380512;77.493875
2926;18.423743;77.39165
2927;18.476252;77.460888
2928;18.379425;77.453789
2929;18.431012;77.470452
2930;18.413972;77.492085
2931;18.449724;77.472278
2932;18.464839;77.450438
2933;18.414739;77.471569
2934;18.499516;77.545486
2935;18.43748;77.348344
2936;18.388021;77.475373
2937;18.428464;77.489421
2938;18.463124;77.404781
2939;18.417557;77.466077
2940;18.422256;77.426384
2941;18.387799;77.434618
2942;18.402431;77.484004
2943;18.39118;77.391206
2944;18.477158;77.417607
2945;18.416247;77.346963
2946;18.463922;77.466567
2947;18.415295;77.364238
2948;18.50317;77.421608
2949;18.510002;77.434804
2950;18.477933;77.463147
2951;18.446918;77.427034
2952;18.404762;77.393098
2953;18.377665;77.428642
2954;18.374954;77.455824
2955;18.492597;77.483446
2956;18.441107;77.410735
2957;18.506541;77.52942
2958;18.504801;77.491228
2959;18.529314;77.569067
2960;18.473855;77.509316
2961;18.494483;77.429282
2962;18.440734;77.520866
2963;18.437247;77.415019
2964;18.463542;77.482875
2965;18.453737;77.389969
2966;18.401443;77.466408
2967;18.414081;77.423181
2968;18.41781;77.464223
2969;18.488236;77.492235
2970;18.453866;77.406317
2971;18.452792;77.507228
2972;18.441422;77.465848
2973;18.491842;77.471669
2974;18.407761;77.407981
2975;18.413953;77.46681
2976;18.473477;77.473738
2977;18.364612;77.477013
2978;18.503392;77.374047
2979;18.402564;77.457527
2980;18.467121;77.450661
2981;18.482596;77.462392
2982;18.547087;77.471784
2983;18.486457;77.364289
2984;18.511288;77.433562
2985;18.41961;77.536781
2986;18.455662;77.377811
2987;18.39457;77.391369
2988;18.449895;77.512011
2989;18.499838;77.389194
2990;18.372455;77.496676
2991;18.477301;77.429384
2992;18.452151;77.435925
2993;18.42547;77.447328
2994;18.442235;77.384444
2995;18.484718;77.488786
2996;18.485027;77.499637
2997;18.432348;77.497955
2998;18.428666;77.408268
2999;18.439904;77.457996
3000;18.38605;77.51296
3001;18.490071;77.419369
3002;18.456034;77.407781
3003;18.41908;77.364996
3004;18.414449;77.445754
3005;18.412913;77.514593
3006;18.376104;77.464904
3007;18.443773;77.46319
3008;18.439211;77.49261
3009;18.466902;77.449892
3010;18.375663;77.413364
3011;18.446394;77.484203
3012;18.490819;77.41723
3013;18.430044;77.462878
3014;18.445518;77.504887
3015;18.443672;77.417625
3016;18.451768;77.403926
3017;18.426302;77.318092
3018;18.405519;77.465679
3019;18.409827;77.422306
3020;18.427098;77.510947
3021;18.384251;77.422254
3022;18.383945;77.429706
3023;18.379982;77.431086
3024;18.494044;77.488643
3025;18.42721;77.470424
3026;18.399728;77.426192
3027;18.45233;77.456284
3028;18.45228;77.397766
3029;18.512421;77.493375
3030;18.415846;77.430254
3031;18.455647;77.461934
3032;18.496216;77.482904
3033;18.386606;77.455831
3034;18.392;77.467239
3035;18.423011;77.360818
3036;18.440207;77.403009
3037;18.432156;77.45774
3038;18.442523;77.382562
3039;18.394086;77.492038
3040;18.454218;77.350408
3041;18.495326;77.438322
3042;18.458896;77.361208
3043;18.518109;77.469865
3044;18.377352;77.520816
3045;18.387047;77.489866
3046;18.48363;77.393812
3047;18.476943;77.371584
3048;18.479504;77.49524
3049;18.447077;77.390296
3050;18.38675;77.450046
3051;18.416011;77.470147
3052;18.410305;77.389698
3053;18.402251;77.516839
3054;18.393578;77.484442
3055;18.463625;77.430914
3056;18.420169;77.464037
3057;18.375638;77.456721
3058;18.416321;77.418634
3059;18.419716;77.462818
3060;18.448857;77.552445
3061;18.420308;77.432828
3062;18.324133;77.451218
3063;18.49154;77.369455
3064;18.437667;77.363502
3065;18.48892;77.436533
3066;18.44214;77.470891
3067;18.455376;77.376324
3068;18.502694;77.449947
3069;18.487329;77.441058
3070;18.410202;77.451293
3071;18.472361;77.397732
3072;18.487775;77.432369
3073;18.452595;77.526436
3074;18.437108;77.421578
3075;18.401405;77.421312
3076;18.423584;77.425263
3077;18.434408;77.467666
3078;18.450032;77.396444
3079;18.45696;77.425074
3080;18.39029;77.529986
3081;18.416368;77.480012
3082;18.484334;77.515466
3083;18.452278;77.415779
3084;18.464792;77.456163
3085;18.414644;77.46009
3086;18.363037;77.463709
3087;18.480308;77.387072
3088;18.428259;77.369552
3089;18.450864;77.483824
3090;18.471987;77.530193
3091;18.501706;77.479807
3092;18.426587;77.575684
3093;18.339688;77.471846
3094;18.459941;77.477116
3095;18.531581;77.491652
3096;18.41055;77.421358
3097;18.459751;77.4844
3098;18.453039;77.404218
3099;18.409476;77.415097
3100;18.359553;77.492183
3101;18.444886;77.458118
3102;18.507511;77.38728
3103;18.509533;77.508297
3104;18.478266;77.504112
3105;18.415484;77.464851
3106;18.447653;77.433232
3107;18.481178;77.385188
3108;18.466132;77.518619
3109;18.437605;77.408412
3110;18.404295;77.50275
3111;18.473255;77.355991
3112;18.488727;77.509116
3113;18.430927;77.528626
3114;18.460152;77.472268
3115;18.567282;77.361612
3116;18.548884;77.430057
3117;18.433072;77.464218
3118;18.469831;77.475311
3119;18.507763;77.479602
3120;18.429461;77.497927
3121;18.391658;77.514393
3122;18.439362;77.494941
3123;18.418255;77.484302
3124;18.447855;77.375601
3125;18.456963;77.382196
3126;18.431985;77.331182
3127;18.409225;77.465621
3128;18.595971;77.424687
3129;18.406214;77.490235
3130;18.508939;77.445807
3131;18.401978;77.424016
3132;18.336201;77.49019
3133;18.460247;77.46905
3134;18.452459;77.48506
3135;18.443703;77.520102
3136;18.393036;77.458851
3137;18.343598;77.404556
3138;18.442402;77.431941
3139;18.505801;77.40078
3140;18.429658;77.387105
3141;18.416608;77.517577
3142;18.475567;77.391221
3143;18.523847;77.469005
3144;18.432927;77.483238
3145;18.401128;77.518162
3146;18.419291;77.457599
3147;18.376825;77.520339
3148;18.325869;77.504811
3149;18.441596;77.401338
3150;18.458213;77.416863
3151;18.491926;77.499674
3152;18.437102;77.396472
3153;18.380994;77.472886
3154;18.45504;77.462108
3155;18.538082;77.449877
3156;18.49266;77.520482
3157;18.461796;77.49889
3158;18.326144;77.437216
3159;18.510555;77.476982
3160;18.513523;77.375683
3161;18.487643;77.510934
3162;18.458607;77.457937
3163;18.52815;77.456455
3164;18.503696;77.483927
3165;18.376361;77.491256
3166;18.452649;77.425684
3167;18.43991;77.476981
3168;18.438359;77.452271
3169;18.342987;77.378633
3170;18.417978;77.487127
3171;18.404539;77.47745
3172;18.399869;77.48488
3173;18.40351;77.469437
3174;18.44455;77.510583
3175;18.537096;77.412852
3176;18.469541;77.436914
3177;18.487975;77.331468
3178;18.395781;77.430831
3179;18.440557;77.385678
3180;18.468522;77.452444
3181;18.541072;77.466499
3182;18.448695;77.471144
3183;18.438783;77.445407
3184;18.514976;77.431335
3185;18.516758;77.367491
3186;18.385222;77.499504
3187;18.46892;77.411575
3188;18.539989;77.537339
3189;18.476;77.459876
3190;18.401111;77.430302
3191;18.467131;77.409341
3192;18.351351;77.487256
3193;18.450551;77.395678
3194;18.467651;77.502977
3195;18.478595;77.539412
3196;18.516095;77.462683
3197;18.485695;77.546407
3198;18.467378;77.449927
3199;18.403261;77.486536
3200;18.454276;77.47724
3201;18.414479;77.492918
3202;18.431816;77.454835
3203;18.414591;77.484416
3204;18.431721;77.501467
3205;18.50515;77.445007
3206;18.505797;77.374811
3207;18.446273;77.466141
3208;18.511236;77.503518
3209;18.440819;77.475397
3210;18.427679;77.424155
3211;18.541729;77.321523
3212;18.495295;77.422644
3213;18.456283;77.474449
3214;18.392467;77.402096
3215;18.401933;77.350464
3216;18.556798;77.462872
3217;18.498606;77.487682
3218;18.38218;77.459331
3219;18.451146;77.517536
3220;18.473637;77.475326
3221;18.323936;77.496048
3222;18.449107;77.487615
3223;18.4198;77.363302
3224;18.476034;77.449913
3225;18.453892;77.418211
3226;18.472144;77.543468
3227;18.381472;77.370868
3228;18.452502;77.503842
3229;18.438185;77.411637
3230;18.495838;77.351705
3231;18.383509;77.372939
3232;18.455539;77.424602
3233;18.463565;77.436972
3234;18.480448;77.404452
3235;18.346789;77.518435
3236;18.379593;77.351569
3237;18.444713;77.455392
3238;18.381298;77.508332
3239;18.42947;77.398709
3240;18.464061;77.433671
3241;18.48584;77.456313
3242;18.48097;77.424043
3243;18.493801;77.470487
3244;18.501035;77.504114
3245;18.485397;77.381255
3246;18.391288;77.520361
3247;18.455323;77.457736
3248;18.449835;77.413931
3249;18.414337;77.475169
3250;18.438615;77.411961
3251;18.440808;77.501713
3252;18.411526;77.477953
3253;18.422043;77.49292
3254;18.454626;77.434741
3255;18.381126;77.501075
3256;18.462181;77.539882
3257;18.416507;77.38739
3258;18.436748;77.543814
3259;18.509733;77.466928
3260;18.461214;77.411329
3261;18.394499;77.42495
3262;18.386699;77.4947
3263;18.517346;77.477433
3264;18.505683;77.459959
3265;18.387674;77.384439
3266;18.503071;77.378309
3267;18.274962;77.479121
3268;18.423155;77.545633
3269;18.370754;77.500559
3270;18.432345;77.528135
3271;18.437085;77.534296
3272;18.320282;77.472396
3273;18.424535;77.449658
3274;18.494926;77.475408
3275;18.461208;77.49266
3276;18.442788;77.393292
3277;18.46184;77.442392
3278;18.403453;77.431074
3279;18.365442;77.404382
3280;18.45676;77.447287
3281;18.392937;77.3373
3282;18.563435;77.489383
3283;18.397321;77.460649
3284;18.402324;77.497744
3285;18.349294;77.40646
3286;18.394229;77.513549
3287;18.475376;77.433241
3288;18.408482;77.413942
3289;18.456281;77.481098
3290;18.42823;77.4496
3291;18.421928;77.518934
3292;18.454071;77.562311
3293;18.489569;77.586813
3294;18.442432;77.528009
3295;18.441821;77.391689
3296;18.442644;77.4668
3297;18.484831;77.414315
3298;18.452987;77.451162
3299;18.468102;77.450165
3300;18.501303;77.437551
3301;18.429295;77.392643
3302;18.476356;77.492775
3303;18.434518;77.563138
3304;18.361813;77.443198
3305;18.324999;77.386266
3306;18.527566;77.410971
3307;18.44731;77.407367
3308;18.487026;77.46165
3309;18.504901;77.481829
3310;18.443566;77.454872
3311;18.516978;77.396613
3312;18.470253;77.496908
3313;18.481623;77.433632
3314;18.481249;77.427517
3315;18.380091;77.512705
3316;18.461181;77.411406
3317;18.46305;77.433375
3318;18.47286;77.547758
3319;18.453179;77.551802
3320;18.389701;77.408491
3321;18.48644;77.440979
3322;18.477617;77.480608
3323;18.389961;77.333587
3324;18.505088;77.459009
3325;18.41467;77.513033
3326;18.443957;77.48361
3327;18.462309;77.467688
3328;18.374479;77.44329
3329;18.446721;77.405829
3330;18.372679;77.470394
3331;18.485286;77.44748
3332;18.374578;77.470239
3333;18.373717;77.531815
3334;18.466303;77.465015
3335;18.351522;77.455437
3336;18.471452;77.49229
3337;18.335673;77.394048
3338;18.451719;77.477455
3339;18.45031;77.427959
3340;18.439678;77.48309
3341;18.457221;77.347342
3342;18.4197;77.44092
3343;18.442708;77.463191
3344;18.517947;77.356656
3345;18.441943;77.358087
3346;18.418919;77.328013
3347;18.50377;77.416999
3348;18.448908;77.487663
3349;18.347403;77.513965
3350;18.435873;77.548899
3351;18.370426;77.473176
3352;18.486046;77.372945
3353;18.459786;77.347259
3354;18.400165;77.503459
3355;18.397848;77.538035
3356;18.428449;77.476698
3357;18.502514;77.383816
3358;18.421736;77.395992
3359;18.438818;77.422955
3360;18.432024;77.433991
3361;18.503311;77.445724
3362;18.4398;77.502153
3363;18.517505;77.461831
3364;18.444364;77.392806
3365;18.479194;77.477272
3366;18.489153;77.518488
3367;18.39281;77.441197
3368;18.484458;77.527305
3369;18.460142;77.426034
3370;18.510228;77.479113
3371;18.477706;77.45778
3372;18.431443;77.437474
3373;18.379255;77.479255
3374;18.349388;77.40199
3375;18.458361;77.394699
3376;18.530884;77.473535
3377;18.464102;77.470114
3378;18.335605;77.411348
3379;18.496277;77.472992
3380;18.488046;77.367181
3381;18.421388;77.442708
3382;18.360329;77.494947
3383;18.470806;77.489589
3384;18.4544;77.402428
3385;18.413456;77.460461
3386;18.456644;77.440453
3387;18.457316;77.463234
3388;18.515579;77.473761
3389;18.463954;77.374147
3390;18.42506;77.436992
3391;18.449036;77.446345
3392;18.490438;77.426938
3393;18.454247;77.468207
3394;18.487495;77.357191
3395;18.452044;77.46898
3396;18.453019;77.441565
3397;18.484094;77.419339
3398;18.388279;77.427236
3399;18.482112;77.535335
3400;18.44677;77.494577
3401;18.516209;77.437004
3402;18.493783;77.551902
3403;18.375422;77.484513
3404;18.501132;77.538701
3405;18.487269;77.546217
3406;18.449269;77.449006
3407;18.493266;77.43241
3408;18.504551;77.477336
3409;18.437392;77.488536
3410;18.403762;77.474464
3411;18.433607;77.40775
3412;18.388546;77.507164
3413;18.448287;77.480327
3414;18.334195;77.438896
3415;18.421034;77.444482
3416;18.434647;77.454452
3417;18.41312;77.44371
3418;18.448176;77.515761
3419;18.543586;77.47733
3420;18.375687;77.466667
3421;18.491403;77.417846
3422;18.448508;77.470016
3423;18.46451;77.45581
3424;18.437058;77.48583
3425;18.433134;77.470445
3426;18.489948;77.509204
3427;18.421463;77.408022
3428;18.360343;77.39556
3429;18.353281;77.438201
3430;18.417972;77.396581
3431;18.398122;77.551373
3432;18.528133;77.39423
3433;18.502343;77.543688
3434;18.436193;77.451043
3435;18.474561;77.456892
3436;18.533098;77.438472
3437;18.456472;77.577269
3438;18.452352;77.429833
3439;18.517465;77.388442
3440;18.447307;77.378956
3441;18.369037;77.484528
3442;18.39086;77.515912
3443;18.498841;77.439361
3444;18.377759;77.483412
3445;18.502818;77.549501
3446;18.455411;77.384918
3447;18.408353;77.460365
3448;18.472611;77.413646
3449;18.552613;77.343885
3450;18.437537;77.428523
3451;18.47123;77.472692
3452;18.357577;77.473702
3453;18.523097;77.41016
3454;18.42666;77.535553
3455;18.373834;77.445501
3456;18.466372;77.480879
3457;18.426807;77.385561
3458;18.433704;77.546502
3459;18.464518;77.436265
3460;18.407868;77.531035
3461;18.464187;77.460974
3462;18.597018;77.527657
3463;18.550878;77.448741
3464;18.395627;77.34814
3465;18.536648;77.475303
3466;18.434912;77.464051
3467;18.376965;77.442597
3468;18.486987;77.504071
3469;18.433448;77.426286
3470;18.471689;77.486809
3471;18.412231;77.391313
3472;18.485557;77.512083
3473;18.395843;77.361879
3474;18.391627;77.488421
3475;18.45047;77.466905
3476;18.425141;77.500715
3477;18.461252;77.479559
3478;18.463641;77.393884
3479;18.412778;77.529091
3480;18.384765;77.411522
3481;18.500317;77.463012
3482;18.471898;77.36871
3483;18.342786;77.399327
3484;18.461244;77.383018
3485;18.399263;77.428226
3486;18.377928;77.491986
3487;18.490853;77.399207
3488;18.459726;77.466161
3489;18.469593;77.425071
3490;18.395713;77.529034
3491;18.505082;77.498345
3492;18.453379;77.471669
3493;18.429962;77.540377
3494;18.452541;77.432411
3495;18.483892;77.412413
3496;18.457334;77.563061
3497;18.412089;77.518891
3498;18.436785;77.467833
3499;18.451389;77.406533
3500;18.380936;77.417878
3501;18.366541;77.369886
3502;18.412809;77.506057
3503;18.495816;77.438886
3504;18.367915;77.424331
3505;18.519914;77.382111
3506;18.404533;77.376621
3507;18.466982;77.438865
3508;18.40089;77.533728
3509;18.458936;77.510371
3510;18.45508;77.445364
3511;18.399747;77.451548
3512;18.519164;77.460515
3513;18.414031;77.482825
3514;18.422872;77.484229
3515;18.451691;77.504753
3516;18.457946;77.436236
3517;18.459147;77.442634
3518;18.430118;77.36361
3519;18.416073;77.469511
3520;18.490241;77.446532
3521;18.408029;77.448284
3522;18.469998;77.413563
3523;18.42943;77.502964
3524;18.419511;77.441175
3525;18.589063;77.321597
3526;18.456215;77.451384
3527;18.528879;77.422154
3528;18.377516;77.443628
3529;18.46621;77.450588
3530;18.506723;77.469911
3531;18.387529;77.379081
3532;18.499854;77.489191
3533;18.356538;77.4313
3534;18.409702;77.43413
3535;18.48267;77.362929
3536;18.437445;77.47247
3537;18.411746;77.451837
3538;18.329898;77.453879
3539;18.434279;77.472719
3540;18.396425;77.508897
3541;18.393793;77.394505
3542;18.457587;77.493394
3543;18.501476;77.365063
3544;18.394593;77.472578
3545;18.416645;77.50439
3546;18.44032;77.394252
3547;18.362208;77.391536
3548;18.498316;77.489652
3549;18.431269;77.42012
3550;18.474213;77.489305
3551;18.463679;77.411099
3552;18.380823;77.458036
3553;18.422064;77.422305
3554;18.40561;77.438498
3555;18.438643;77.502549
3556;18.316417;77.39952
3557;18.464822;77.406595
3558;18.359708;77.513493
3559;18.417619;77.501701
3560;18.41803;77.407077
3561;18.487734;77.515794
3562;18.421528;77.485269
3563;18.457333;77.451061
3564;18.409138;77.452551
3565;18.470093;77.345196
3566;18.414747;77.457814
3567;18.552822;77.43591
3568;18.495933;77.478188
3569;18.504008;77.3964
3570;18.418045;77.486803
3571;18.376564;77.416121
3572;18.410073;77.476532
3573;18.45888;77.367441
3574;18.565472;77.385631
3575;18.47217;77.524627
3576;18.531296;77.528364
3577;18.448663;77.393024
3578;18.473861;77.533552
3579;18.384192;77.432967
3580;18.326371;77.453534
3581;18.451912;77.476976
3582;18.529254;77.361029
3583;18.414661;77.445683
3584;18.409152;77.372929
3585;18.492328;77.388012
3586;18.441999;77.516036
3587;18.481504;77.30537
3588;18.467377;77.535069
3589;18.393854;77.463586
3590;18.478539;77.426017
3591;18.50863;77.492805
3592;18.479833;77.580894
3593;18.380922;77.41418
3594;18.421775;77.448667
3595;18.42714;77.485281
3596;18.425886;77.499693
3597;18.385244;77.54343
3598;18.341631;77.473897
3599;18.461141;77.431099
3600;18.333503;77.45281
3601;18.381256;77.367198
3602;18.411078;77.385694
3603;18.472008;77.35882
3604;18.390162;77.432428
3605;18.453013;77.445832
3606;18.428622;77.382402
3607;18.476004;77.432021
3608;18.362834;77.494746
3609;18.440637;77.410881
3610;18.437625;77.375638
3611;18.509699;77.464479
3612;18.510795;77.501769
3613;18.478361;77.455959
3614;18.455999;77.383315
3615;18.499627;77.455602
3616;18.458918;77.405857
3617;18.428136;77.522743
3618;18.406901;77.441663
3619;18.46309;77.484409
3620;18.373873;77.401644
3621;18.383732;77.431096
3622;18.435318;77.48025
3623;18.480257;77.48208
3624;18.482588;77.400145
3625;18.393207;77.441087
3626;18.478864;77.480039
3627;18.361719;77.356162
3628;18.416293;77.373903
3629;18.432739;77.460397
3630;18.437048;77.498697
3631;18.3672;77.47265
3632;18.390199;77.47202
3633;18.498482;77.470131
3634;18.37336;77.419046
3635;18.38941;77.48983
3636;18.425228;77.498159
3637;18.428366;77.430298
3638;18.441065;77.428481
3639;18.415174;77.540104
3640;18.4634;77.416057
3641;18.485857;77.48834
3642;18.424736;77.45635
3643;18.398506;77.40417
3644;18.403645;77.409433
3645;18.455622;77.477935
3646;18.4133;77.457755
3647;18.424249;77.361992
3648;18.404946;77.472447
3649;18.462656;77.37479
3650;18.491124;77.41761
3651;18.410906;77.364543
3652;18.435896;77.524544
3653;18.431577;77.422806
3654;18.451819;77.456107
3655;18.431261;77.416911
3656;18.387842;77.41556
3657;18.485907;77.425115
3658;18.452128;77.514983
3659;18.423473;77.447472
3660;18.415654;77.431205
3661;18.499342;77.488925
3662;18.405688;77.480606
3663;18.415966;77.346273
3664;18.424546;77.449507
3665;18.382348;77.42743
3666;18.436094;77.401605
3667;18.495166;77.520136
3668;18.372273;77.483745
3669;18.356014;77.399014
3670;18.425043;77.515276
3671;18.418291;77.457847
3672;18.464772;77.396815
3673;18.355411;77.431149
3674;18.478268;77.462155
3675;18.483427;77.476228
3676;18.435486;77.481952
3677;18.432777;77.459534
3678;18.47645;77.50594
3679;18.457764;77.45114
3680;18.463443;77.520987
3681;18.466056;77.454196
3682;18.493189;77.482901
3683;18.451882;77.50254
3684;18.420536;77.471716
3685;18.362981;77.40956
3686;18.441794;77.453323
3687;18.519465;77.437546
3688;18.459921;77.378167
3689;18.423102;77.405668
3690;18.475667;77.401782
3691;18.481996;77.440296
3692;18.436495;77.528913
3693;18.382482;77.423649
3694;18.478699;77.390048
3695;18.501575;77.435857
3696;18.466651;77.439186
3697;18.453726;77.530655
3698;18.429351;77.464208
3699;18.416242;77.424327
3700;18.533288;77.543042
3701;18.412766;77.431409
3702;18.387062;77.494638
3703;18.452317;77.462866
3704;18.440609;77.452957
3705;18.502435;77.436448
3706;18.447479;77.403907
3707;18.454547;77.467643
3708;18.412299;77.472624
3709;18.411115;77.384106
3710;18.376013;77.466705
3711;18.402223;77.463341
3712;18.392978;77.417684
3713;18.40634;77.454985
3714;18.426617;77.495524
3715;18.507753;77.524442
3716;18.462903;77.42518
3717;18.348096;77.359004
3718;18.48527;77.492018
3719;18.47925;77.434208
3720;18.445729;77.474172
3721;18.380649;77.473359
3722;18.401239;77.395414
3723;18.451315;77.471026
3724;18.481138;77.425297
3725;18.458584;77.453301
3726;18.386638;77.434107
3727;18.531686;77.54637
3728;18.390263;77.355905
3729;18.364786;77.458995
3730;18.476051;77.479697
3731;18.414563;77.424136
3732;18.378095;77.480961
3733;18.367883;77.42956
3734;18.407712;77.445351
3735;18.405027;77.449727
3736;18.510545;77.458499
3737;18.486559;77.460499
3738;18.488063;77.398925
3739;18.445341;77.503933
3740;18.405637;77.428478
3741;18.500413;77.550287
3742;18.529437;77.493208
3743;18.484822;77.461622
3744;18.27992;77.484093
3745;18.423441;77.44601
3746;18.454011;77.453466
3747;18.492624;77.431773
3748;18.518246;77.481665
3749;18.400051;77.368187
3750;18.460349;77.36846
3751;18.468743;77.466094
3752;18.452373;77.443601
3753;18.460668;77.487159
3754;18.420854;77.472338
3755;18.456804;77.47186
3756;18.467894;77.376861
3757;18.555072;77.486507
3758;18.436712;77.407787
3759;18.49392;77.46336
3760;18.377213;77.410897
3761;18.519149;77.537493
3762;18.376198;77.48029
3763;18.583639;77.509864
3764;18.482046;77.456174
3765;18.387786;77.442905
3766;18.479678;77.48592
3767;18.485161;77.448823
3768;18.460113;77.353782
3769;18.440062;77.438556
3770;18.515308;77.383953
3771;18.357493;77.399774
3772;18.428875;77.523586
3773;18.393849;77.513049
3774;18.420506;77.446397
3775;18.447518;77.425191
3776;18.42964;77.469235
3777;18.411235;77.490731
3778;18.355787;77.427685
3779;18.414696;77.508328
3780;18.510468;77.384343
3781;18.483143;77.482478
3782;18.431941;77.432818
3783;18.409616;77.437514
3784;18.520173;77.369266
3785;18.486579;77.462285
3786;18.474536;77.40399
3787;18.491099;77.541389
3788;18.384126;77.440816
3789;18.481389;77.404151
3790;18.48756;77.427501
3791;18.418609;77.49669
3792;18.522908;77.475433
3793;18.401654;77.366628
3794;18.380721;77.490104
3795;18.399633;77.514554
3796;18.462484;77.370377
3797;18.376687;77.443613
3798;18.429801;77.360908
3799;18.488282;77.388358
3800;18.415893;77.44823
3801;18.584211;77.482787
3802;18.394211;77.432266
3803;18.485194;77.45298
3804;18.463548;77.526085
3805;18.413773;77.502609
3806;18.455613;77.427977
3807;18.419577;77.445954
3808;18.467166;77.371317
3809;18.456087;77.401728
3810;18.520382;77.545699
3811;18.465267;77.44958
3812;18.382007;77.481553
3813;18.461496;77.428117
3814;18.358009;77.472448
3815;18.493984;77.502257
3816;18.42119;77.522731
3817;18.431999;77.388098
3818;18.49089;77.467688
3819;18.431272;77.412101
3820;18.44827;77.479661
3821;18.445905;77.461822
3822;18.48747;77.506851
3823;18.51341;77.455987
3824;18.368926;77.384093
3825;18.557571;77.518491
3826;18.426199;77.529833
3827;18.34343;77.547333
3828;18.429906;77.420779
3829;18.45711;77.418175
3830;18.454817;77.406324
3831;18.426471;77.38792
3832;18.410016;77.468014
3833;18.465186;77.453346
3834;18.439432;77.464918
3835;18.37151;77.300642
3836;18.434001;77.410157
3837;18.371828;77.422204
3838;18.449807;77.532084
3839;18.43479;77.424007
3840;18.516234;77.45579
3841;18.472764;77.421957
3842;18.526728;77.41558
3843;18.494076;77.369079
3844;18.439792;77.379808
3845;18.388655;77.380084
3846;18.415301;77.503152
3847;18.494209;77.504992
3848;18.382783;77.468476
3849;18.446943;77.463701
3850;18.512312;77.45319
3851;18.426159;77.471609
3852;18.440727;77.478011
3853;18.489497;77.398461
3854;18.471403;77.443049
3855;18.415794;77.549104
3856;18.455326;77.423042
3857;18.510205;77.497129
3858;18.353707;77.455662
3859;18.404829;77.390154
3860;18.443849;77.527025
3861;18.508972;77.43716
3862;18.474468;77.432675
3863;18.501759;77.454362
3864;18.520545;77.452497
3865;18.469229;77.345008
3866;18.430377;77.408188
3867;18.362003;77.478047
3868;18.41292;77.434166
3869;18.438447;77.458311
3870;18.485789;77.43536
3871;18.432688;77.510022
3872;18.512655;77.480671
3873;18.429101;77.396347
3874;18.390123;77.444929
3875;18.418032;77.460939
3876;18.447612;77.435628
3877;18.408864;77.507331
3878;18.496736;77.435469
3879;18.391883;77.493974
3880;18.445418;77.400479
3881;18.498962;77.514375
3882;18.450767;77.414708
3883;18.375887;77.430599
3884;18.392693;77.45511
3885;18.41869;77.453318
3886;18.393066;77.47525
3887;18.423068;77.373026
3888;18.359766;77.486569
3889;18.502685;77.501661
3890;18.458887;77.449646
3891;18.522137;77.405245
3892;18.509055;77.372025
3893;18.381045;77.445761
3894;18.397967;77.438954
3895;18.412904;77.41036
3896;18.452695;77.390671
3897;18.353138;77.438853
3898;18.446929;77.418991
3899;18.368203;77.468759
3900;18.461778;77.413926
3901;18.493327;77.399245
3902;18.465344;77.444396
3903;18.497429;77.42704
3904;18.450538;77.515505
3905;18.486579;77.416265
3906;18.536629;77.418693
3907;18.4781;77.47363
3908;18.455361;77.445101
3909;18.448808;77.342697
3910;18.47594;77.476269
3911;18.499401;77.432829
3912;18.350209;77.520897
3913;18.453215;77.411581
3914;18.513437;77.414089
3915;18.414964;77.538118
3916;18.422028;77.52028
3917;18.417927;77.430887
3918;18.454061;77.357583
3919;18.371911;77.401311
3920;18.351176;77.397944
3921;18.489258;77.389141
3922;18.450063;77.37888
3923;18.3359;77.463657
3924;18.476187;77.458267
3925;18.462151;77.49484
3926;18.428243;77.43043
3927;18.404624;77.489508
3928;18.455233;77.329423
3929;18.470815;77.447047
3930;18.510849;77.370723
3931;18.441221;77.541858
3932;18.396174;77.410764
3933;18.42556;77.474102
3934;18.505932;77.501693
3935;18.45457;77.405777
3936;18.44167;77.521221
3937;18.381609;77.368053
3938;18.471882;77.38997
3939;18.445289;77.440587
3940;18.40399;77.400255
3941;18.382438;77.364592
3942;18.458159;77.490909
3943;18.44677;77.429054
3944;18.450991;77.453314
3945;18.360395;77.389483
3946;18.537635;77.499002
3947;18.441867;77.401576
3948;18.452711;77.429801
3949;18.494069;77.481429
3950;18.5156;77.412145
3951;18.505095;77.465885
3952;18.522603;77.370331
3953;18.468798;77.551899
3954;18.46863;77.474428
3955;18.475667;77.498488
3956;18.456999;77.468632
3957;18.397881;77.48521
3958;18.450632;77.398042
3959;18.336267;77.542489
3960;18.422216;77.456311
3961;18.544478;77.467649
3962;18.464655;77.437852
3963;18.466975;77.525001
3964;18.430468;77.48407
3965;18.439778;77.467723
3966;18.505787;77.453171
3967;18.524231;77.47868
3968;18.470315;77.408149
3969;18.435274;77.457647
3970;18.458895;77.467343
3971;18.31231;77.423403
3972;18.411492;77.488519
3973;18.442508;77.433937
3974;18.328738;77.496713
3975;18.495134;77.525822
3976;18.471856;77.373166
3977;18.40599;77.423256
3978;18.490372;77.502714
3979;18.410231;77.467025
3980;18.486604;77.518057
3981;18.449663;77.424818
3982;18.532619;77.468207
3983;18.48965;77.440837
3984;18.476481;77.485059
3985;18.435746;77.464512
3986;18.402983;77.451711
3987;18.380996;77.486438
3988;18.469623;77.3965
3989;18.457225;77.495182
3990;18.498923;77.465257
3991;18.414584;77.484276
3992;18.461916;77.45227
3993;18.366973;77.413204
3994;18.500079;77.436753
3995;18.413772;77.504606
3996;18.457737;77.515491
3997;18.423737;77.497729
3998;18.442342;77.484278
3999;18.451304;77.366116
4000;18.466206;77.414787
4001;18.406385;77.476834
4002;18.401967;77.427623
4003;18.392548;77.376224
4004;18.394793;77.506099
4005;18.332283;77.489546
4006;18.40225;77.471777
4007;18.480379;77.461781
4008;18.365071;77.458082
4009;18.492407;77.40927
4010;18.480127;77.434353
4011;18.420881;77.478413
4012;18.420538;77.467907
4013;18.514904;77.493014
4014;18.526731;77.406742
4015;18.518528;77.34757
4016;18.387317;77.432228
4017;18.442232;77.42855
4018;18.392345;77.468333
4019;18.391982;77.465848
4020;18.51117;77.494332
4021;18.467699;77.420377
4022;18.453036;77.465577
4023;18.377878;77.412812
4024;18.470437;77.388589
4025;18.507496;77.495285
4026;18.375494;77.479308
4027;18.490279;77.405014
4028;18.519321;77.448854
4029;18.443743;77.559167
4030;18.428561;77.315915
4031;18.440313;77.478325
4032;18.392164;77.428844
4033;18.395757;77.434926
4034;18.395289;77.426193
4035;18.43015;77.522912
4036;18.380402;77.426553
4037;18.411475;77.520646
4038;18.445069;77.487233
4039;18.423628;77.392783
4040;18.490098;77.484092
4041;18.47696;77.494745
4042;18.444909;77.484692
4043;18.454645;77.503987
4044;18.480275;77.408253
4045;18.511456;77.449307
4046;18.428203;77.390421
4047;18.522698;77.455258
4048;18.392577;77.456329
4049;18.455887;77.422952
4050;18.42595;77.367895
4051;18.435506;77.456155
4052;18.43476;77.404488
4053;18.411015;77.445862
4054;18.423131;77.472287
4055;18.445778;77.421559
4056;18.427634;77.48855
4057;18.479198;77.450007
4058;18.444919;77.479843
4059;18.477979;77.395554
4060;18.489038;77.496343
4061;18.483383;77.51968
4062;18.449112;77.427416
4063;18.413491;77.473485
4064;18.377603;77.549515
4065;18.463355;77.449891
4066;18.425877;77.423891
4067;18.43646;77.444811
4068;18.432463;77.537059
4069;18.4966;77.423565
4070;18.471391;77.417931
4071;18.462712;77.394889
4072;18.544652;77.444617
4073;18.39543;77.511702
4074;18.467735;77.372681
4075;18.379665;77.465679
4076;18.440294;77.410217
4077;18.384512;77.460171
4078;18.513925;77.397726
4079;18.375151;77.453469
4080;18.48428;77.503718
4081;18.400286;77.497755
4082;18.403894;77.470537
4083;18.45558;77.48393
4084;18.502382;77.560655
4085;18.416526;77.493513
4086;18.416875;77.439318
4087;18.495843;77.454065
4088;18.475173;77.478733
4089;18.437286;77.427938
4090;18.484583;77.499309
4091;18.459163;77.457485
4092;18.501625;77.439341
4093;18.459028;77.421736
4094;18.439074;77.406753
4095;18.442237;77.369891
4096;18.519307;77.427381
4097;18.372356;77.431245
4098;18.474235;77.433473
4099;18.408875;77.395648
4100;18.52406;77.492386
4101;18.382547;77.464953
4102;18.527292;77.461821
4103;18.449814;77.401733
4104;18.374209;77.529651
4105;18.52249;77.304209
4106;18.407746;77.527948
4107;18.501671;77.372115
4108;18.418053;77.564819
4109;18.444384;77.498316
4110;18.463462;77.364293
4111;18.480094;77.423207
4112;18.386517;77.475228
4113;18.420809;77.491551
4114;18.418529;77.46354
4115;18.5615;77.489841
4116;18.51885;77.60011
4117;18.508818;77.554158
4118;18.490811;77.51225
4119;18.380707;77.468289
4120;18.374484;77.463744
4121;18.500064;77.450531
4122;18.515627;77.540934
4123;18.507646;77.497368
4124;18.458351;77.433472
4125;18.412236;77.464895
4126;18.4151;77.370967
4127;18.455304;77.368827
4128;18.381803;77.458289
4129;18.451807;77.485909
4130;18.47596;77.518142
4131;18.393294;77.483698
4132;18.339301;77.477345
4133;18.475505;77.442465
4134;18.554476;77.514886
4135;18.454878;77.453467
4136;18.496133;77.515309
4137;18.393017;77.473605
4138;18.506942;77.326706
4139;18.438412;77.447724
4140;18.422775;77.455824
4141;18.364852;77.455743
4142;18.474066;77.486117
4143;18.362539;77.457443
4144;18.499611;77.440588
4145;18.455193;77.510722
4146;18.445192;77.404494
4147;18.379393;77.403726
4148;18.385183;77.407674
4149;18.46958;77.5444
4150;18.564967;77.377163
4151;18.46758;77.436006
4152;18.490822;77.502716
4153;18.435769;77.423619
4154;18.404249;77.438092
4155;18.47177;77.364728
4156;18.466502;77.457462
4157;18.421487;77.377932
4158;18.464038;77.478558
4159;18.450139;77.415734
4160;18.469865;77.458746
4161;18.422592;77.440954
4162;18.42655;77.470444
4163;18.417045;77.517155
4164;18.457052;77.456069
4165;18.400691;77.483727
4166;18.411199;77.402032
4167;18.442481;77.468444
4168;18.465175;77.49428
4169;18.478846;77.494894
4170;18.460821;77.479167
4171;18.410917;77.372869
4172;18.484632;77.427658
4173;18.451404;77.473096
4174;18.449342;77.347503
4175;18.457074;77.468647
4176;18.487589;77.440422
4177;18.460523;77.463753
4178;18.570193;77.50231
4179;18.492307;77.443639
4180;18.396588;77.441093
4181;18.41539;77.364304
4182;18.449259;77.485561
4183;18.480634;77.542244
4184;18.496015;77.441392
4185;18.362135;77.478437
4186;18.443693;77.546817
4187;18.455922;77.452322
4188;18.420928;77.504545
4189;18.436396;77.513694
4190;18.346919;77.417117
4191;18.472546;77.495626
4192;18.400093;77.474669
4193;18.538302;77.536426
4194;18.399636;77.408554
4195;18.515111;77.503991
4196;18.449533;77.467022
4197;18.397699;77.397446
4198;18.436187;77.36089
4199;18.422712;77.363261
4200;18.524508;77.456059
4201;18.365238;77.43683
4202;18.382872;77.420083
4203;18.45294;77.414982
4204;18.462851;77.417004
4205;18.505028;77.467217
4206;18.496349;77.52469
4207;18.421506;77.427634
4208;18.489793;77.440132
4209;18.476927;77.489239
4210;18.536874;77.41785
4211;18.423928;77.46259
4212;18.369121;77.408431
4213;18.468386;77.482479
4214;18.397136;77.49619
4215;18.416613;77.47706
4216;18.477578;77.372168
4217;18.476667;77.434287
4218;18.42542;77.433682
4219;18.385868;77.546473
4220;18.517455;77.455012
4221;18.449274;77.451851
4222;18.400525;77.464858
4223;18.433966;77.441542
4224;18.4574;77.473268
4225;18.445316;77.467975
4226;18.438705;77.484482
4227;18.485345;77.470923
4228;18.353651;77.424112
4229;18.432205;77.475799
4230;18.480153;77.450587
4231;18.436763;77.452388
4232;18.412841;77.444165
4233;18.393621;77.574935
4234;18.435151;77.429384
4235;18.44614;77.448976
4236;18.479763;77.467206
4237;18.461081;77.375266
4238;18.488906;77.446907
4239;18.433359;77.415872
4240;18.366439;77.440291
4241;18.483718;77.478281
4242;18.443058;77.374856
4243;18.426409;77.448741
4244;18.507081;77.447865
4245;18.462031;77.424745
4246;18.388341;77.475578
4247;18.46751;77.428868
4248;18.446992;77.339715
4249;18.535425;77.43425
4250;18.495558;77.409439
4251;18.403684;77.401427
4252;18.420293;77.474104
4253;18.452258;77.365889
4254;18.473742;77.499204
4255;18.400709;77.370826
4256;18.513173;77.465101
4257;18.386237;77.491895
4258;18.436518;77.473025
4259;18.452385;77.41429
4260;18.456083;77.523336
4261;18.471723;77.424582
4262;18.441765;77.46269
4263;18.524736;77.491157
4264;18.403494;77.365188
4265;18.526019;77.415855
4266;18.392068;77.479101
4267;18.392591;77.331924
4268;18.438462;77.56099
4269;18.416596;77.463194
4270;18.434297;77.471229
4271;18.524078;77.411536
4272;18.484544;77.424716
4273;18.453795;77.430817
4274;18.443667;77.47312
4275;18.3515;77.436389
4276;18.496573;77.45975
4277;18.43166;77.436952
4278;18.523895;77.509191
4279;18.502054;77.463267
4280;18.471619;77.53419
4281;18.436676;77.445954
4282;18.449925;77.440859
4283;18.435821;77.457
4284;18.534813;77.422058
4285;18.428272;77.433122
4286;18.395175;77.449053
4287;18.414838;77.452295
4288;18.402517;77.434628
4289;18.503212;77.443358
4290;18.437706;77.377695
4291;18.468895;77.464998
4292;18.411774;77.419364
4293;18.392117;77.417181
4294;18.402566;77.526565
4295;18.467897;77.387348
4296;18.471252;77.42771
4297;18.465602;77.467066
4298;18.359714;77.449364
4299;18.373478;77.471285
4300;18.41842;77.452433
4301;18.393515;77.496478
4302;18.467933;77.40675
4303;18.331237;77.478806
4304;18.427081;77.335685
4305;18.478428;77.415419
4306;18.343322;77.446763
4307;18.470851;77.446313
4308;18.45044;77.34564
4309;18.470761;77.390792
4310;18.458721;77.474124
4311;18.405799;77.391982
4312;18.480671;77.4465
4313;18.457966;77.408691
4314;18.547032;77.508955
4315;18.474421;77.446496
4316;18.518797;77.444848
4317;18.401271;77.380348
4318;18.406474;77.446144
4319;18.480287;77.455375
4320;18.483419;77.498622
4321;18.405343;77.376136
4322;18.494291;77.515534
4323;18.438204;77.376355
4324;18.402231;77.428109
4325;18.398477;77.456045
4326;18.474631;77.439108
4327;18.460873;77.430843
4328;18.454341;77.432645
4329;18.498156;77.465889
4330;18.420325;77.408437
4331;18.450487;77.527594
4332;18.501674;77.388295
4333;18.47922;77.492889
4334;18.471827;77.564766
4335;18.391979;77.402971
4336;18.445278;77.528218
4337;18.527572;77.461942
4338;18.51048;77.372033
4339;18.473509;77.453012
4340;18.429048;77.513572
4341;18.515428;77.379975
4342;18.489884;77.491717
4343;18.448749;77.548239
4344;18.398314;77.498994
4345;18.458255;77.407656
4346;18.412896;77.453573
4347;18.495198;77.441419
4348;18.461282;77.462222
4349;18.49526;77.365599
4350;18.49978;77.409867
4351;18.4454;77.431498
4352;18.38591;77.444062
4353;18.401343;77.469306
4354;18.481968;77.42454
4355;18.390617;77.423987
4356;18.430119;77.415986
4357;18.445679;77.39816
4358;18.504343;77.390371
4359;18.407534;77.470698
4360;18.402762;77.454996
4361;18.382457;77.56118
4362;18.419219;77.455948
4363;18.485819;77.438395
4364;18.436449;77.413049
4365;18.407078;77.455475
4366;18.417329;77.361082
4367;18.440527;77.375539
4368;18.406787;77.438694
4369;18.436033;77.475909
4370;18.47308;77.390137
4371;18.421883;77.364077
4372;18.393291;77.459173
4373;18.484113;77.356819
4374;18.532812;77.463584
4375;18.438498;77.361575
4376;18.3982;77.508342
4377;18.431102;77.457885
4378;18.473629;77.440202
4379;18.455757;77.428578
4380;18.345438;77.425237
4381;18.418293;77.461384
4382;18.41688;77.528041
4383;18.474696;77.567202
4384;18.404062;77.462658
4385;18.411598;77.459501
4386;18.489039;77.471377
4387;18.442887;77.521637
4388;18.463348;77.511115
4389;18.52767;77.530706
4390;18.526574;77.419403
4391;18.49338;77.382878
4392;18.499987;77.39244
4393;18.399808;77.493033
4394;18.43256;77.436784
4395;18.507636;77.459421
4396;18.375569;77.530865
4397;18.472078;77.368719
4398;18.418249;77.388057
4399;18.486748;77.440236
4400;18.430097;77.383895
4401;18.370495;77.396548
4402;18.469793;77.494175
4403;18.460658;77.386012
4404;18.345795;77.420404
4405;18.419879;77.403651
4406;18.515071;77.49073
4407;18.289595;77.435368
4408;18.461796;77.461835
4409;18.426141;77.429762
4410;18.523815;77.478795
4411;18.403674;77.453773
4412;18.448734;77.548315
4413;18.43047;77.437902
4414;18.415774;77.453103
4415;18.468358;77.413247
4416;18.433177;77.523777
4417;18.394435;77.476779
4418;18.545421;77.424953
4419;18.422311;77.451477
4420;18.484075;77.454159
4421;18.443037;77.429318
4422;18.405978;77.472199
4423;18.447406;77.501314
4424;18.427648;77.494528
4425;18.486;77.434971
4426;18.398572;77.457629
4427;18.434247;77.464259
4428;18.390703;77.366353
4429;18.488951;77.488681
4430;18.475232;77.441106
4431;18.439841;77.481307
4432;18.443343;77.481942
4433;18.48325;77.451203
4434;18.477754;77.472378
4435;18.383632;77.456895
4436;18.498454;77.396821
4437;18.435864;77.484254
4438;18.491844;77.486948
4439;18.496144;77.348183
4440;18.461476;77.473998
4441;18.385575;77.455968
4442;18.488508;77.476278
4443;18.509672;77.503168
4444;18.414174;77.468526
4445;18.414374;77.454964
4446;18.478354;77.456734
4447;18.466199;77.471985
4448;18.410683;77.467899
4449;18.419876;77.491768
4450;18.461678;77.497427
4451;18.418112;77.4478
4452;18.503475;77.426497
4453;18.428793;77.460951
4454;18.485935;77.485986
4455;18.5007;77.425412
4456;18.468921;77.489065
4457;18.363653;77.471725
4458;18.476434;77.478435
4459;18.478972;77.48055
4460;18.401761;77.378929
4461;18.423585;77.467588
4462;18.375306;77.505506
4463;18.372546;77.380182
4464;18.478056;77.43596
4465;18.446064;77.506255
4466;18.35022;77.461413
4467;18.430537;77.388717
4468;18.456718;77.48262
4469;18.507156;77.497716
4470;18.409434;77.392518
4471;18.510195;77.418409
4472;18.416067;77.478847
4473;18.437091;77.492805
4474;18.410572;77.424762
4475;18.368706;77.429839
4476;18.425885;77.474669
4477;18.570406;77.50419
4478;18.424983;77.507166
4479;18.348261;77.466565
4480;18.422653;77.482059
4481;18.448383;77.508612
4482;18.489955;77.399497
4483;18.424398;77.489497
4484;18.453043;77.443635
4485;18.361985;77.51866
4486;18.364786;77.450483
4487;18.455814;77.406936
4488;18.507528;77.457258
4489;18.504357;77.49204
4490;18.496175;77.414013
4491;18.429229;77.436173
4492;18.481683;77.556468
4493;18.417268;77.370505
4494;18.387047;77.485993
4495;18.501684;77.373366
4496;18.408881;77.501458
4497;18.461061;77.418656
4498;18.432246;77.518484
4499;18.465554;77.359215
4500;18.311677;77.476242
4501;18.420731;77.48938
4502;18.409232;77.518192
4503;18.457918;77.381438
4504;18.399303;77.498883
4505;18.372699;77.418621
4506;18.388512;77.436253
4507;18.470264;77.444405
4508;18.443884;77.455367
4509;18.40732;77.498201
4510;18.431825;77.447878
4511;18.414471;77.387027
4512;18.392898;77.443881
4513;18.458116;77.478016
4514;18.397618;77.461366
4515;18.509763;77.462587
4516;18.442147;77.478887
4517;18.466446;77.503608
4518;18.342978;77.34688
4519;18.48619;77.454217
4520;18.551576;77.476245
4521;18.383647;77.500228
4522;18.451478;77.527116
4523;18.429892;77.494125
4524;18.408759;77.41819
4525;18.344931;77.552937
4526;18.463119;77.466264
4527;18.419932;77.49794
4528;18.360165;77.317717
4529;18.384675;77.430856
4530;18.513013;77.386971
4531;18.402389;77.478606
4532;18.389276;77.599019
4533;18.403952;77.560174
4534;18.495662;77.527447
4535;18.468366;77.364194
4536;18.466276;77.37456
4537;18.561429;77.413245
4538;18.484603;77.447821
4539;18.403541;77.40671
4540;18.409474;77.467903
4541;18.383059;77.46452
4542;18.338871;77.457031
4543;18.420055;77.379913
4544;18.479547;77.434166
4545;18.5304;77.510928
4546;18.392316;77.417432
4547;18.406624;77.457101
4548;18.600037;77.431155
4549;18.483021;77.435084
4550;18.453671;77.417921
4551;18.385242;77.461025
4552;18.511972;77.474716
4553;18.379978;77.505637
4554;18.508196;77.508258
4555;18.347489;77.411073
4556;18.532077;77.410566
4557;18.428663;77.455257
4558;18.393191;77.545892
4559;18.420251;77.48282
4560;18.53591;77.449322
4561;18.427998;77.426545
4562;18.424655;77.407663
4563;18.369657;77.544126
4564;18.41771;77.469897
4565;18.38287;77.394928
4566;18.461651;77.418801
4567;18.484478;77.478086
4568;18.464381;77.338067
4569;18.476908;77.412095
4570;18.428614;77.471754
4571;18.465301;77.424835
4572;18.465542;77.407833
4573;18.412327;77.474366
4574;18.406167;77.523048
4575;18.447495;77.380222
4576;18.440834;77.551952
4577;18.467367;77.433458
4578;18.383738;77.460961
4579;18.458068;77.461779
4580;18.5;77.500951
4581;18.446675;77.458546
4582;18.448662;77.38632
4583;18.471892;77.482984
4584;18.453868;77.492726
4585;18.505126;77.446585
4586;18.433445;77.451172
4587;18.459534;77.418913
4588;18.4537;77.355832
4589;18.396179;77.451469
4590;18.433386;77.477343
4591;18.406124;77.465088
4592;18.423492;77.371898
4593;18.46452;77.512657
4594;18.420496;77.461911
4595;18.499271;77.519336
4596;18.432544;77.525047
4597;18.396693;77.416722
4598;18.453828;77.448455
4599;18.433982;77.462932
4600;18.550351;77.486041
4601;18.476138;77.45411
4602;18.410293;77.480766
4603;18.443261;77.527335
4604;18.413017;77.488762
4605;18.52119;77.517637
4606;18.466864;77.384153
4607;18.403235;77.413416
4608;18.466698;77.429268
4609;18.391794;77.426708
4610;18.411286;77.475738
4611;18.44896;77.425376
4612;18.437442;77.503225
4613;18.414452;77.524461
4614;18.505995;77.48878
4615;18.471544;77.448044
4616;18.433056;77.456207
4617;18.379717;77.4362
4618;18.43564;77.478638
4619;18.420394;77.4972
4620;18.426192;77.44267
4621;18.449128;77.442223
4622;18.467627;77.438345
4623;18.383874;77.474394
4624;18.482572;77.470926
4625;18.393499;77.456159
4626;18.370533;77.508651
4627;18.475083;77.544798
4628;18.40463;77.473318
4629;18.472121;77.399799
4630;18.39105;77.424741
4631;18.51154;77.45361
4632;18.384331;77.464905
4633;18.40609;77.399433
4634;18.365833;77.354785
4635;18.46742;77.55674
4636;18.376036;77.441695
4637;18.414207;77.503722
4638;18.392941;77.450476
4639;18.460028;77.50414
4640;18.420679;77.361799
4641;18.495361;77.48101
4642;18.374999;77.534712
4643;18.431809;77.430438
4644;18.390192;77.407156
4645;18.411298;77.573038
4646;18.407573;77.414257
4647;18.435036;77.384455
4648;18.411834;77.535127
4649;18.464541;77.464216
4650;18.449366;77.377263
4651;18.370775;77.501346
4652;18.488457;77.470031
4653;18.42955;77.426978
4654;18.412212;77.334992
4655;18.5278;77.42523
4656;18.467085;77.396032
4657;18.523925;77.389339
4658;18.466031;77.50782
4659;18.486127;77.468949
4660;18.372052;77.488596
4661;18.499715;77.543809
4662;18.326186;77.479498
4663;18.418298;77.456446
4664;18.541076;77.465721
4665;18.438856;77.422563
4666;18.478185;77.469471
4667;18.54024;77.484412
4668;18.499765;77.530342
4669;18.43864;77.482716
4670;18.493282;77.407272
4671;18.341946;77.428481
4672;18.49923;77.474519
4673;18.485695;77.46577
4674;18.441432;77.48267
4675;18.494693;77.40505
4676;18.444767;77.423085
4677;18.458176;77.380014
4678;18.416983;77.467448
4679;18.406575;77.451235
4680;18.319441;77.459631
4681;18.484225;77.417738
4682;18.438292;77.414923
4683;18.436501;77.460449
4684;18.451488;77.407089
4685;18.397721;77.488562
4686;18.504942;77.435217
4687;18.409152;77.413962
4688;18.408522;77.468075
4689;18.555804;77.430946
4690;18.51909;77.449921
4691;18.373314;77.408493
4692;18.480053;77.492612
4693;18.523334;77.510226
4694;18.474357;77.41122
4695;18.467122;77.520365
4696;18.407557;77.534175
4697;18.472375;77.471423
4698;18.444895;77.452888
4699;18.44014;77.45235
4700;18.456509;77.469819
4701;18.396348;77.489949
4702;18.459317;77.432678
4703;18.388706;77.386733
4704;18.443539;77.542319
4705;18.434914;77.451909
4706;18.446873;77.430367
4707;18.470493;77.560226
4708;18.434472;77.43083
4709;18.401733;77.426731
4710;18.454972;77.380374
4711;18.498337;77.46553
4712;18.434411;77.430329
4713;18.47145;77.499254
4714;18.373127;77.397575
4715;18.48072;77.398052
4716;18.494548;77.37383
4717;18.480866;77.438231
4718;18.504433;77.361239
4719;18.466632;77.386241
4720;18.42934;77.451807
4721;18.387354;77.454988
4722;18.431059;77.343437
4723;18.458556;77.454236
4724;18.39806;77.400086
4725;18.400477;77.539137
4726;18.502146;77.451
4727;18.3872;77.417729
4728;18.434352;77.382986
4729;18.406976;77.445895
4730;18.448184;77.52944
4731;18.384335;77.428652
4732;18.455079;77.514434
4733;18.453628;77.413585
4734;18.488897;77.43861
4735;18.445907;77.466518
4736;18.428274;77.455451
4737;18.438174;77.410833
4738;18.535612;77.374861
4739;18.488643;77.459387
4740;18.459669;77.451007
4741;18.449283;77.432128
4742;18.515875;77.497417
4743;18.460192;77.527902
4744;18.473074;77.41684
4745;18.484186;77.389095
4746;18.445913;77.482662
4747;18.488687;77.447997
4748;18.383043;77.509471
4749;18.374417;77.377423
4750;18.397149;77.367028
4751;18.417199;77.385097
4752;18.444668;77.492347
4753;18.355642;77.461655
4754;18.472854;77.472426
4755;18.46204;77.364411
4756;18.41954;77.485619
4757;18.427391;77.36386
4758;18.470047;77.508097
4759;18.401;77.377036
4760;18.422235;77.44077
4761;18.44761;77.428335
4762;18.436391;77.51617
4763;18.455445;77.366678
4764;18.502777;77.355699
4765;18.509025;77.44035
4766;18.457318;77.462321
4767;18.365073;77.456684
4768;18.416247;77.406149
4769;18.49487;77.585598
4770;18.414407;77.406044
4771;18.457161;77.454181
4772;18.544435;77.410944
4773;18.472593;77.422027
4774;18.390245;77.452025
4775;18.444589;77.440463
4776;18.417317;77.357895
4777;18.47373;77.524034
4778;18.500879;77.411016
4779;18.541228;77.474043
4780;18.411775;77.554639
4781;18.379495;77.41098
4782;18.505001;77.457394
4783;18.458024;77.537964
4784;18.500201;77.460979
4785;18.443781;77.44166
4786;18.513539;77.519543
4787;18.472729;77.418868
4788;18.493915;77.490547
4789;18.441576;77.464125
4790;18.427508;77.413195
4791;18.429638;77.51362
4792;18.450436;77.348308
4793;18.524641;77.574838
4794;18.464549;77.59282
4795;18.390165;77.475693
4796;18.395824;77.340822
4797;18.491796;77.472982
4798;18.55227;77.4691
4799;18.416167;77.495324
4800;18.408319;77.471701
4801;18.417401;77.360876
4802;18.480372;77.457323
4803;18.449331;77.479985
4804;18.422749;77.37764
4805;18.440298;77.356798
4806;18.42321;77.48356
4807;18.388944;77.37355
4808;18.430838;77.516801
4809;18.483523;77.42602
4810;18.396962;77.378529
4811;18.408557;77.421512
4812;18.449747;77.450412
4813;18.360047;77.432186
4814;18.455709;77.425437
4815;18.433764;77.431665
4816;18.505145;77.394177
4817;18.338279;77.489639
4818;18.461027;77.455669
4819;18.46592;77.50484
4820;18.422462;77.486519
4821;18.466221;77.519609
4822;18.456489;77.528792
4823;18.443281;77.427867
4824;18.507315;77.494529
4825;18.443083;77.399627
4826;18.378711;77.428805
4827;18.437505;77.396787
4828;18.508804;77.543105
4829;18.494686;77.456823
4830;18.42991;77.432295
4831;18.480752;77.395407
4832;18.394807;77.379713
4833;18.492851;77.40753
4834;18.423031;77.447483
4835;18.5569;77.501671
4836;18.400743;77.462644
4837;18.487377;77.514835
4838;18.376666;77.475539
4839;18.401448;77.494275
4840;18.439433;77.418954
4841;18.455275;77.390705
4842;18.476002;77.400009
4843;18.446825;77.505519
4844;18.429918;77.410217
4845;18.439229;77.5424
4846;18.409078;77.456772
4847;18.505029;77.421674
4848;18.437171;77.536601
4849;18.478109;77.497036
4850;18.435675;77.464942
4851;18.516199;77.41881
4852;18.525149;77.413932
4853;18.433848;77.434529
4854;18.349418;77.565026
4855;18.468459;77.43428
4856;18.517743;77.47839
4857;18.483745;77.515323
4858;18.468987;77.487375
4859;18.443769;77.559506
4860;18.484616;77.504729
4861;18.474117;77.410475
4862;18.395381;77.503413
4863;18.577866;77.484598
4864;18.476712;77.509907
4865;18.504429;77.484544
4866;18.492406;77.474655
4867;18.430234;77.415219
4868;18.457648;77.474634
4869;18.487992;77.465134
4870;18.411406;77.402742
4871;18.536814;77.397971
4872;18.459493;77.436571
4873;18.5095;77.439342
4874;18.371822;77.514819
4875;18.461599;77.51783
4876;18.373829;77.451105
4877;18.535714;77.413036
4878;18.422317;77.468113
4879;18.489542;77.483244
4880;18.494822;77.426491
4881;18.424544;77.380771
4882;18.439332;77.371294
4883;18.524816;77.405658
4884;18.501041;77.40624
4885;18.444666;77.481673
4886;18.408846;77.407749
4887;18.516491;77.433144
4888;18.429802;77.428232
4889;18.35887;77.452237
4890;18.471841;77.532746
4891;18.418154;77.467562
4892;18.314926;77.341744
4893;18.519652;77.463329
4894;18.445443;77.361138
4895;18.325077;77.505494
4896;18.37066;77.395524
4897;18.401742;77.407869
4898;18.368425;77.471335
4899;18.460713;77.53179
4900;18.387864;77.450602
4901;18.473323;77.562179
4902;18.372467;77.489291
4903;18.374433;77.458377
4904;18.490181;77.388788
4905;18.494373;77.404099
4906;18.396964;77.445107
4907;18.397126;77.465251
4908;18.381767;77.43419
4909;18.387885;77.401956
4910;18.436461;77.439219
4911;18.540368;77.397357
4912;18.384012;77.507021
4913;18.463527;77.468748
4914;18.489568;77.467749
4915;18.319214;77.479797
4916;18.455719;77.543372
4917;18.349083;77.554245
4918;18.431324;77.524152
4919;18.395881;77.523479
4920;18.479942;77.490142
4921;18.437565;77.474529
4922;18.400814;77.416041
4923;18.410189;77.434375
4924;18.444493;77.484451
4925;18.367898;77.412148
4926;18.383105;77.430937
4927;18.517563;77.412871
4928;18.599024;77.457581
4929;18.409576;77.445246
4930;18.445381;77.378964
4931;18.447245;77.595646
4932;18.405185;77.373896
4933;18.396645;77.430485
4934;18.426246;77.378907
4935;18.391521;77.460358
4936;18.439843;77.46514
4937;18.487622;77.43598
4938;18.44618;77.42032
4939;18.437383;77.435842
4940;18.513979;77.416638
4941;18.396421;77.434542
4942;18.419129;77.452388
4943;18.448946;77.439264
4944;18.465606;77.420185
4945;18.420083;77.435815
4946;18.39147;77.426058
4947;18.48025;77.492019
4948;18.448516;77.452905
4949;18.411729;77.442373
4950;18.439721;77.531901
4951;18.488723;77.424385
4952;18.526226;77.474071
4953;18.472733;77.391255
4954;18.471871;77.52395
4955;18.477426;77.370884
4956;18.467436;77.423778
4957;18.439278;77.394674
4958;18.522334;77.465609
4959;18.39488;77.430258
4960;18.436766;77.398438
4961;18.440243;77.397619
4962;18.510311;77.451913
4963;18.389749;77.45006
4964;18.472094;77.381941
4965;18.474856;77.420401
4966;18.476403;77.494322
4967;18.408102;77.422566
4968;18.438234;77.386557
4969;18.412182;77.539664
4970;18.450688;77.388938
4971;18.485929;77.459611
4972;18.535108;77.496376
4973;18.459796;77.487499
4974;18.36949;77.345259
4975;18.503333;77.382214
4976;18.431484;77.378683
4977;18.368223;77.46358
4978;18.307453;77.421795
4979;18.474693;77.448855
4980;18.399576;77.426637
4981;18.472505;77.392664
4982;18.462852;77.44217
4983;18.391156;77.460173
4984;18.437865;77.371239
4985;18.553013;77.433795
4986;18.475228;77.505407
4987;18.426899;77.451108
4988;18.473005;77.474625
4989;18.465078;77.375963
4990;18.408298;77.546256
4991;18.419703;77.504852
4992;18.474327;77.495342
4993;18.518682;77.422951
4994;18.43325;77.560435
4995;18.505733;77.383847
4996;18.437686;77.435633
4997;18.414206;77.409982
4998;18.441932;77.370618
4999;18.504399;77.442205
5000;18.412953;77.404339
5001;18.462326;77.498591
5002;18.38686;77.40954
5003;18.490754;77.46639
5004;18.453263;77.510659
5005;18.498818;77.554208
5006;18.475882;77.554619
5007;18.546291;77.39235
5008;18.484969;77.472608
5009;18.483492;77.441462
5010;18.420491;77.52103
5011;18.531246;77.500992
5012;18.454774;77.427932
5013;18.441106;77.442368
5014;18.429652;77.483403
5015;18.393963;77.375255
5016;18.514234;77.522935
5017;18.453816;77.480156
5018;18.48797;77.487411
5019;18.503433;77.451095
5020;18.38661;77.401156
5021;18.463998;77.51345
5022;18.510606;77.369808
5023;18.417643;77.524373
5024;18.499816;77.418793
5025;18.385785;77.516479
5026;18.423188;77.471636
5027;18.520664;77.429864
5028;18.39711;77.415895
5029;18.422522;77.448956
5030;18.351713;77.489341
5031;18.428276;77.432748
5032;18.489826;77.457981
5033;18.496572;77.395776
5034;18.523684;77.406352
5035;18.380975;77.483687
5036;18.532242;77.478125
5037;18.49164;77.49361
5038;18.414118;77.481291
5039;18.529946;77.40739
5040;18.446984;77.455213
5041;18.501864;77.55085
5042;18.400351;77.504788
5043;18.505162;77.547626
5044;18.485227;77.432021
5045;18.400841;77.460304
5046;18.3699;77.447009
5047;18.510021;77.47408
5048;18.490404;77.46276
5049;18.461064;77.43832
5050;18.454313;77.436449
5051;18.453986;77.543071
5052;18.504932;77.495268
5053;18.463178;77.489039
5054;18.450581;77.449656
5055;18.478123;77.461407
5056;18.520998;77.4961
5057;18.440352;77.409409
5058;18.487092;77.387818
5059;18.465019;77.411442
5060;18.45928;77.420692
5061;18.48693;77.479442
5062;18.435232;77.464651
5063;18.495784;77.415323
5064;18.434564;77.442423
5065;18.457234;77.411602
5066;18.388097;77.468674
5067;18.429824;77.386068
5068;18.397744;77.365923
5069;18.524529;77.468692
5070;18.412036;77.440395
5071;18.367612;77.437723
5072;18.450445;77.354468
5073;18.54846;77.546979
5074;18.464673;77.449777
5075;18.348741;77.430946
5076;18.39941;77.538627
5077;18.506204;77.436907
5078;18.463485;77.540141
5079;18.481255;77.419109
5080;18.437517;77.385592
5081;18.42859;77.432351
5082;18.535466;77.460872
5083;18.430669;77.454401
5084;18.46066;77.484765
5085;18.502566;77.35696
5086;18.375358;77.467537
5087;18.385236;77.460031
5088;18.430398;77.398057
5089;18.55505;77.464092
5090;18.436892;77.551272
5091;18.380053;77.535595
5092;18.337693;77.388191
5093;18.475973;77.507141
5094;18.418638;77.456216
5095;18.401939;77.340582
5096;18.470506;77.378249
5097;18.466615;77.445361
5098;18.468355;77.455016
5099;18.442421;77.418165
5100;18.446495;77.420781
5101;18.369434;77.41735
5102;18.43048;77.480586
5103;18.440026;77.437115
5104;18.441082;77.474806
5105;18.569562;77.466965
5106;18.401307;77.39204
5107;18.435687;77.44737
5108;18.389431;77.430625
5109;18.467773;77.455088
5110;18.37565;77.41599
5111;18.419759;77.451416
5112;18.398468;77.472153
5113;18.42641;77.386314
5114;18.465486;77.445487
5115;18.491422;77.505196
5116;18.462445;77.453659
5117;18.331067;77.474358
5118;18.395808;77.405735
5119;18.400576;77.439865
5120;18.387944;77.417006
5121;18.413385;77.371039
5122;18.414551;77.477027
5123;18.339255;77.507113
5124;18.370891;77.404491
5125;18.50209;77.51572
5126;18.408979;77.406933
5127;18.436142;77.486841
5128;18.434859;77.462939
5129;18.45867;77.41484
5130;18.539511;77.436654
5131;18.463493;77.399766
5132;18.535003;77.415209
5133;18.477482;77.374352
5134;18.474664;77.488802
5135;18.441691;77.515716
5136;18.431489;77.509289
5137;18.447616;77.427908
5138;18.44245;77.471388
5139;18.433679;77.39753
5140;18.42561;77.465329
5141;18.491214;77.396476
5142;18.509247;77.483635
5143;18.479256;77.431991
5144;18.479443;77.43413
5145;18.417674;77.383915
5146;18.455181;77.519582
5147;18.459748;77.388423
5148;18.455783;77.38917
5149;18.44744;77.38474
5150;18.504753;77.44045
5151;18.479305;77.524691
5152;18.553175;77.490835
5153;18.329369;77.355108
5154;18.418931;77.367228
5155;18.33142;77.484148
5156;18.480293;77.496502
5157;18.461894;77.541092
5158;18.405665;77.383181
5159;18.418152;77.422774
5160;18.40684;77.518459
5161;18.437092;77.472122
5162;18.443429;77.459408
5163;18.453813;77.369935
5164;18.411877;77.509209
5165;18.464207;77.48816
5166;18.41439;77.452355
5167;18.449735;77.498804
5168;18.487777;77.434971
5169;18.403696;77.435704
5170;18.488148;77.495348
5171;18.366032;77.548701
5172;18.444364;77.388637
5173;18.532396;77.480601
5174;18.396412;77.463331
5175;18.505989;77.417586
5176;18.405618;77.414721
5177;18.424303;77.449632
5178;18.446029;77.465038
5179;18.384785;77.432282
5180;18.457637;77.493899
5181;18.394329;77.601164
5182;18.324592;77.499679
5183;18.371878;77.511111
5184;18.450767;77.438616
5185;18.458021;77.41351
5186;18.458023;77.457261
5187;18.394176;77.444409
5188;18.430385;77.369453
5189;18.438083;77.436931
5190;18.390498;77.41348
5191;18.49222;77.459133
5192;18.474554;77.417438
5193;18.495261;77.459377
5194;18.506477;77.486625
5195;18.495067;77.413974
5196;18.529486;77.4195
5197;18.422426;77.41101
5198;18.462095;77.417626
5199;18.467574;77.493535
5200;18.422815;77.480355
5201;18.446663;77.352947
5202;18.407702;77.466486
5203;18.445391;77.429869
5204;18.410047;77.56174
5205;18.391238;77.447043
5206;18.537135;77.517715
5207;18.483383;77.492251
5208;18.426095;77.440107
5209;18.449274;77.407769
5210;18.40027;77.516865
5211;18.427497;77.436026
5212;18.555328;77.467918
5213;18.459513;77.462194
5214;18.483575;77.530751
5215;18.42453;77.428142
5216;18.364637;77.386603
5217;18.447014;77.374353
5218;18.426016;77.424099
5219;18.498182;77.400955
5220;18.39311;77.508889
5221;18.404366;77.470949
5222;18.518226;77.450598
5223;18.504418;77.39968
5224;18.401272;77.403419
5225;18.470101;77.605057
5226;18.51981;77.480344
5227;18.457534;77.5216
5228;18.463058;77.479882
5229;18.467742;77.543074
5230;18.456159;77.516526
5231;18.486487;77.492284
5232;18.426047;77.398521
5233;18.521892;77.437532
5234;18.467213;77.490685
5235;18.431597;77.320235
5236;18.471255;77.542469
5237;18.46528;77.391461
5238;18.413215;77.43845
5239;18.430814;77.526913
5240;18.4383;77.445213
5241;18.521371;77.466697
5242;18.496006;77.419864
5243;18.41482;77.380251
5244;18.445114;77.456289
5245;18.425251;77.489934
5246;18.399152;77.435836
5247;18.489569;77.391196
5248;18.421631;77.509982
5249;18.427109;77.431649
5250;18.48244;77.512493
5251;18.442217;77.561887
5252;18.453515;77.45775
5253;18.453782;77.525366
5254;18.411979;77.501133
5255;18.400837;77.548651
5256;18.371417;77.495157
5257;18.418537;77.455463
5258;18.447518;77.475415
5259;18.396193;77.425541
5260;18.438786;77.50526
5261;18.474778;77.394786
5262;18.386501;77.401456
5263;18.427384;77.509045
5264;18.457705;77.477962
5265;18.428255;77.46338
5266;18.388799;77.497985
5267;18.420232;77.432985
5268;18.506175;77.463285
5269;18.542813;77.50245
5270;18.440783;77.497669
5271;18.381621;77.444678
5272;18.416541;77.405382
5273;18.451257;77.469774
5274;18.382886;77.39067
5275;18.449131;77.425513
5276;18.420713;77.447092
5277;18.42716;77.541926
5278;18.398882;77.439661
5279;18.484503;77.369699
5280;18.416502;77.441912
5281;18.493627;77.378505
5282;18.512134;77.43192
5283;18.480307;77.495687
5284;18.461927;77.53736
5285;18.438044;77.45613
5286;18.445702;77.448258
5287;18.305101;77.469539
5288;18.41842;77.526869
5289;18.367096;77.41496
5290;18.468904;77.460199
5291;18.562222;77.414668
5292;18.424204;77.415845
5293;18.494386;77.535739
5294;18.381491;77.403885
5295;18.400868;77.512742
5296;18.480358;77.437079
5297;18.437124;77.428405
5298;18.425833;77.454534
5299;18.400656;77.466483
5300;18.437238;77.560053
5301;18.494021;77.461316
5302;18.339497;77.401154
5303;18.491081;77.519966
5304;18.480712;77.37478
5305;18.480401;77.500839
5306;18.437167;77.469732
5307;18.492986;77.454432
5308;18.471318;77.467083
5309;18.403284;77.454283
5310;18.486097;77.412288
5311;18.44235;77.50444
5312;18.451856;77.470331
5313;18.47504;77.413464
5314;18.473483;77.453579
5315;18.445193;77.552319
5316;18.382493;77.461948
5317;18.362933;77.419671
5318;18.467071;77.416009
5319;18.346907;77.415811
5320;18.422949;77.563154
5321;18.451009;77.440296
5322;18.36066;77.474783
5323;18.446094;77.506962
5324;18.468434;77.440095
5325;18.422354;77.482043
5326;18.492202;77.497395
5327;18.466721;77.433103
5328;18.475448;77.411165
5329;18.443799;77.480558
5330;18.47957;77.545093
5331;18.357194;77.399744
5332;18.475016;77.5127
5333;18.428657;77.439728
5334;18.426749;77.43962
5335;18.553673;77.456322
5336;18.386191;77.41648
5337;18.539267;77.408154
5338;18.478525;77.457565
5339;18.437823;77.446155
5340;18.46585;77.464267
5341;18.436861;77.397517
5342;18.447507;77.466408
5343;18.527823;77.494592
5344;18.522635;77.496074
5345;18.467521;77.475412
5346;18.476748;77.531052
5347;18.394751;77.423551
5348;18.435394;77.506095
5349;18.529405;77.468978
5350;18.468406;77.474436
5351;18.339258;77.400092
5352;18.407755;77.515881
5353;18.438136;77.472314
5354;18.491822;77.537506
5355;18.495794;77.41155
5356;18.472385;77.506059
5357;18.461369;77.447976
5358;18.454559;77.489815
5359;18.415995;77.437292
5360;18.348774;77.462
5361;18.418668;77.502882
5362;18.428857;77.522459
5363;18.479194;77.397713
5364;18.505854;77.425482
5365;18.402988;77.460115
5366;18.495384;77.508916
5367;18.379058;77.555702
5368;18.538185;77.518798
5369;18.456385;77.400019
5370;18.519222;77.472
5371;18.514873;77.51457
5372;18.348872;77.387468
5373;18.483938;77.497187
5374;18.48635;77.47492
5375;18.391835;77.564448
5376;18.412736;77.571085
5377;18.434101;77.444923
5378;18.428441;77.48985
5379;18.382444;77.4353
5380;18.474386;77.382141
5381;18.410148;77.420513
5382;18.510682;77.446694
5383;18.421652;77.397902
5384;18.415076;77.502288
5385;18.438929;77.47922
5386;18.506007;77.518528
5387;18.378872;77.436319
5388;18.450961;77.528474
5389;18.444186;77.412728
5390;18.45668;77.407026
5391;18.372933;77.511115
5392;18.333814;77.407444
5393;18.434545;77.444509
5394;18.502134;77.410263
5395;18.362275;77.442321
5396;18.472871;77.427477
5397;18.445593;77.434384
5398;18.422003;77.3844
5399;18.39725;77.37672
5400;18.450271;77.422385
5401;18.397209;77.362395
5402;18.437977;77.55552
5403;18.490598;77.413238
5404;18.431145;77.456759
5405;18.460311;77.364491
5406;18.442767;77.460678
5407;18.504465;77.400257
5408;18.420171;77.392963
5409;18.376284;77.441269
5410;18.374582;77.386415
5411;18.413107;77.489487
5412;18.468252;77.443639
5413;18.464615;77.447932
5414;18.459452;77.449686
5415;18.440245;77.37443
5416;18.407991;77.461536
5417;18.54957;77.435523
5418;18.366544;77.409382
5419;18.392481;77.498713
5420;18.471871;77.49077
5421;18.476715;77.415786
5422;18.428898;77.477787
5423;18.420773;77.509724
5424;18.465577;77.390574
5425;18.425378;77.44093
5426;18.42652;77.450421
5427;18.419582;77.530646
5428;18.439924;77.456307
5429;18.460055;77.473398
5430;18.448622;77.464702
5431;18.39541;77.534276
5432;18.466704;77.478472
5433;18.363499;77.499652
5434;18.433919;77.450784
5435;18.385657;77.475549
5436;18.427721;77.379275
5437;18.511828;77.524583
5438;18.388125;77.510414
5439;18.395406;77.458244
5440;18.362277;77.562971
5441;18.459119;77.49961
5442;18.494462;77.428768
5443;18.348544;77.435655
5444;18.359961;77.399343
5445;18.368386;77.511008
5446;18.316134;77.440217
5447;18.425403;77.521948
5448;18.477221;77.455031
5449;18.585992;77.507281
5450;18.430204;77.479508
5451;18.454158;77.452514
5452;18.41434;77.410179
5453;18.486936;77.404375
5454;18.616133;77.400824
5455;18.443759;77.443874
5456;18.396888;77.374306
5457;18.391437;77.402522
5458;18.396362;77.445971
5459;18.477782;77.418586
5460;18.435387;77.425225
5461;18.410633;77.382567
5462;18.43765;77.478981
5463;18.494044;77.416924
5464;18.473744;77.337952
5465;18.396766;77.433323
5466;18.376688;77.490946
5467;18.379812;77.443242
5468;18.383621;77.434712
5469;18.443639;77.398807
5470;18.455064;77.518974
5471;18.508109;77.440684
5472;18.46025;77.464766
5473;18.412609;77.531359
5474;18.439234;77.383767
5475;18.467384;77.473157
5476;18.326593;77.487866
5477;18.414467;77.420885
5478;18.460554;77.425708
5479;18.460015;77.413893
5480;18.416576;77.39618
5481;18.448242;77.426073
5482;18.531011;77.456323
5483;18.414736;77.487434
5484;18.464235;77.389804
5485;18.39995;77.524374
5486;18.43468;77.439758
5487;18.417595;77.457958
5488;18.440864;77.43265
5489;18.507207;77.543371
5490;18.41689;77.533126
5491;18.453225;77.495631
5492;18.441924;77.469356
5493;18.346921;77.415091
5494;18.438466;77.444037
5495;18.435244;77.489812
5496;18.482054;77.329659
5497;18.44201;77.430356
5498;18.452211;77.469314
5499;18.459167;77.560665
5500;18.514055;77.371701
5501;18.491142;77.432744
5502;18.413636;77.44189
5503;18.442339;77.569506
5504;18.504349;77.478687
5505;18.499182;77.502734
5506;18.337728;77.51169
5507;18.507106;77.507767
5508;18.46673;77.47527
5509;18.482028;77.391206
5510;18.428153;77.428829
5511;18.398567;77.471712
5512;18.453495;77.511987
5513;18.350207;77.452181
5514;18.451549;77.448417
5515;18.548686;77.409891
5516;18.411791;77.513106
5517;18.453268;77.417208
5518;18.406451;77.464998
5519;18.447685;77.449423
5520;18.559337;77.409294
5521;18.44178;77.514848
5522;18.424428;77.406127
5523;18.469491;77.447562
5524;18.412565;77.412384
5525;18.489007;77.391619
5526;18.42472;77.499238
5527;18.466132;77.426625
5528;18.455413;77.48588
5529;18.43255;77.542202
5530;18.417719;77.471694
5531;18.395138;77.484785
5532;18.493867;77.43015
5533;18.37181;77.427036
5534;18.439574;77.491306
5535;18.525278;77.416154
5536;18.382209;77.38497
5537;18.522015;77.369625
5538;18.428963;77.369313
5539;18.442049;77.52354
5540;18.475188;77.522819
5541;18.482721;77.432884
5542;18.428561;77.440811
5543;18.505153;77.524933
5544;18.419159;77.461013
5545;18.47008;77.469244
5546;18.428402;77.465263
5547;18.383569;77.495863
5548;18.448365;77.475391
5549;18.399283;77.498486
5550;18.385461;77.432179
5551;18.486576;77.447855
5552;18.408629;77.430708
5553;18.451408;77.509538
5554;18.441015;77.489968
5555;18.390242;77.388103
5556;18.489706;77.455434
5557;18.459205;77.48352
5558;18.466515;77.544808
5559;18.538163;77.437516
5560;18.319237;77.484359
5561;18.378147;77.485554
5562;18.458603;77.525871
5563;18.482243;77.388753
5564;18.381459;77.536916
5565;18.481756;77.352661
5566;18.384308;77.404252
5567;18.473369;77.43909
5568;18.415188;77.448566
5569;18.425161;77.442141
5570;18.426088;77.44474
5571;18.427909;77.371428
5572;18.377607;77.453228
5573;18.37244;77.444276
5574;18.363787;77.422172
5575;18.479531;77.437228
5576;18.442379;77.402358
5577;18.459362;77.411059
5578;18.505599;77.436993
5579;18.419419;77.453665
5580;18.482991;77.472726
5581;18.463979;77.400959
5582;18.49105;77.462831
5583;18.506815;77.522174
5584;18.483196;77.445978
5585;18.473361;77.446075
5586;18.497822;77.463675
5587;18.448894;77.435246
5588;18.400193;77.468556
5589;18.417304;77.44278
5590;18.395792;77.413127
5591;18.495261;77.369646
5592;18.479217;77.422269
5593;18.50804;77.422932
5594;18.509495;77.527138
5595;18.427987;77.441235
5596;18.363892;77.466793
5597;18.477913;77.530336
5598;18.445551;77.463713
5599;18.43426;77.500403
5600;18.428134;77.439257
5601;18.468294;77.437677
5602;18.350163;77.435283
5603;18.437172;77.519702
5604;18.461818;77.422036
5605;18.401937;77.47624
5606;18.461108;77.610495
5607;18.410365;77.477283
5608;18.47168;77.440251
5609;18.42463;77.416518
5610;18.448413;77.422242
5611;18.349764;77.44294
5612;18.36224;77.448953
5613;18.394684;77.465526
5614;18.434866;77.494278
5615;18.430122;77.499708
5616;18.434206;77.423285
5617;18.442098;77.468964
5618;18.440013;77.447055
5619;18.357924;77.475686
5620;18.480801;77.39403
5621;18.394782;77.45779
5622;18.412955;77.379448
5623;18.413532;77.386591
5624;18.414323;77.406425
5625;18.421955;77.39152
5626;18.478609;77.414073
5627;18.413733;77.496966
5628;18.433157;77.408845
5629;18.436593;77.424458
5630;18.367903;77.391129
5631;18.404135;77.410018
5632;18.407147;77.465527
5633;18.415954;77.499628
5634;18.373598;77.528413
5635;18.446296;77.428508
5636;18.463279;77.46148
5637;18.349745;77.431635
5638;18.444973;77.523194
5639;18.409609;77.428195
5640;18.432097;77.437207
5641;18.45451;77.472381
5642;18.418602;77.438013
5643;18.3513;77.363048
5644;18.44364;77.428529
5645;18.406439;77.517155
5646;18.453307;77.41644
5647;18.413665;77.494266
5648;18.436087;77.49223
5649;18.444406;77.485587
5650;18.406526;77.547665
5651;18.382502;77.429815
5652;18.441441;77.471214
5653;18.446564;77.470062
5654;18.475573;77.489391
5655;18.412301;77.471897
5656;18.495714;77.559219
5657;18.419955;77.412665
5658;18.449696;77.474639
5659;18.387905;77.466811
5660;18.490532;77.474028
5661;18.454194;77.407981
5662;18.449241;77.386699
5663;18.424026;77.429946
5664;18.370596;77.426334
5665;18.483821;77.456988
5666;18.45088;77.443521
5667;18.388762;77.415588
5668;18.528962;77.495346
5669;18.489985;77.414716
5670;18.371732;77.42248
5671;18.485315;77.441244
5672;18.443339;77.45349
5673;18.417085;77.403229
5674;18.475357;77.398032
5675;18.549981;77.385936
5676;18.414326;77.467803
5677;18.504798;77.396461
5678;18.47911;77.462306
5679;18.476845;77.441328
5680;18.492814;77.462163
5681;18.468357;77.490848
5682;18.368975;77.394022
5683;18.419508;77.548859
5684;18.474745;77.533705
5685;18.405492;77.42432
5686;18.337631;77.507654
5687;18.505349;77.445764
5688;18.466642;77.383045
5689;18.413283;77.425819
5690;18.381285;77.463682
5691;18.403935;77.455171
5692;18.462536;77.434141
5693;18.487902;77.390444
5694;18.427524;77.450723
5695;18.475315;77.402211
5696;18.455393;77.464592
5697;18.495589;77.466775
5698;18.402576;77.519932
5699;18.377438;77.488696
5700;18.436411;77.447738
5701;18.409581;77.450593
5702;18.422514;77.462025
5703;18.446171;77.453018
5704;18.374642;77.452595
5705;18.480325;77.465965
5706;18.44551;77.351785
5707;18.42292;77.442663
5708;18.372736;77.506463
5709;18.421886;77.464756
5710;18.381322;77.604134
5711;18.465521;77.495434
5712;18.40329;77.479422
5713;18.385819;77.491368
5714;18.476776;77.377295
5715;18.472493;77.493551
5716;18.456098;77.399894
5717;18.465466;77.447207
5718;18.434469;77.436482
5719;18.398498;77.49261
5720;18.478434;77.461449
5721;18.450182;77.510968
5722;18.368711;77.424573
5723;18.460688;77.361932
5724;18.338694;77.421448
5725;18.605469;77.494071
5726;18.462186;77.390115
5727;18.364339;77.407099
5728;18.46864;77.478068
5729;18.40692;77.339295
5730;18.361449;77.501684
5731;18.4393;77.417057
5732;18.387267;77.478969
5733;18.497939;77.487565
5734;18.415491;77.425741
5735;18.417016;77.445633
5736;18.357944;77.40333
5737;18.491857;77.500346
5738;18.51012;77.512424
5739;18.415188;77.515456
5740;18.490063;77.42614
5741;18.388614;77.426288
5742;18.424213;77.488943
5743;18.424238;77.43641
5744;18.565205;77.398784
5745;18.37591;77.455123
5746;18.390905;77.407981
5747;18.449951;77.394474
5748;18.404277;77.478715
5749;18.417218;77.461333
5750;18.378523;77.467685
5751;18.402809;77.447516
5752;18.433434;77.439028
5753;18.476631;77.47082
5754;18.487376;77.48017
5755;18.452239;77.418394
5756;18.435386;77.404696
5757;18.475434;77.409256
5758;18.41913;77.431519
5759;18.447346;77.450812
5760;18.380985;77.475891
5761;18.466617;77.468414
5762;18.436142;77.405809
5763;18.454191;77.43444
5764;18.398711;77.384231
5765;18.386988;77.458026
5766;18.44749;77.40263
5767;18.445391;77.386288
5768;18.43627;77.471177
5769;18.405636;77.439256
5770;18.430732;77.477891
5771;18.494927;77.432807
5772;18.452163;77.434988
5773;18.402455;77.492407
5774;18.457167;77.527735
5775;18.427311;77.436239
5776;18.454178;77.525358
5777;18.505094;77.417456
5778;18.542914;77.402875
5779;18.490148;77.45556
5780;18.42984;77.433926
5781;18.390985;77.468702
5782;18.521714;77.374658
5783;18.503029;77.50075
5784;18.518568;77.496886
5785;18.481515;77.455187
5786;18.419911;77.405092
5787;18.493449;77.458853
5788;18.513772;77.431415
5789;18.457101;77.480837
5790;18.422665;77.45694
5791;18.422438;77.453109
5792;18.436122;77.41832
5793;18.420163;77.396012
5794;18.415343;77.425953
5795;18.50401;77.485173
5796;18.400959;77.427652
5797;18.553806;77.447026
5798;18.477882;77.560918
5799;18.49506;77.432053
5800;18.538863;77.389731
5801;18.440938;77.513149
5802;18.496007;77.500362
5803;18.501162;77.365266
5804;18.454718;77.393573
5805;18.488803;77.440883
5806;18.411057;77.445563
5807;18.515833;77.440617
5808;18.445451;77.444191
5809;18.411781;77.483551
5810;18.420658;77.429769
5811;18.410789;77.515234
5812;18.493298;77.448261
5813;18.469348;77.477211
5814;18.398242;77.445221
5815;18.461514;77.473728
5816;18.445006;77.416941
5817;18.39608;77.435211
5818;18.446643;77.476988
5819;18.412829;77.412872
5820;18.486614;77.552542
5821;18.331482;77.382795
5822;18.4253;77.386331
5823;18.407893;77.433686
5824;18.455769;77.474273
5825;18.418302;77.459996
5826;18.404681;77.446392
5827;18.502207;77.480894
5828;18.494174;77.447954
5829;18.489096;77.362604
5830;18.40671;77.523312
5831;18.540337;77.375022
5832;18.433846;77.488959
5833;18.472274;77.450881
5834;18.466552;77.535231
5835;18.399703;77.412479
5836;18.356913;77.411974
5837;18.465962;77.418534
5838;18.414069;77.448319
5839;18.512733;77.530068
5840;18.382471;77.462944
5841;18.471056;77.422442
5842;18.447172;77.379482
5843;18.405771;77.444318
5844;18.367441;77.403708
5845;18.491004;77.3616
5846;18.458165;77.451876
5847;18.432065;77.409568
5848;18.488618;77.542074
5849;18.434725;77.465845
5850;18.486106;77.419316
5851;18.442327;77.536266
5852;18.40849;77.458623
5853;18.430781;77.403137
5854;18.474133;77.46522
5855;18.531513;77.500949
5856;18.48705;77.438196
5857;18.566146;77.496867
5858;18.418197;77.429244
5859;18.417752;77.39694
5860;18.343518;77.466168
5861;18.450564;77.401477
5862;18.474377;77.508463
5863;18.47888;77.408293
5864;18.457707;77.406368
5865;18.431058;77.467256
5866;18.500951;77.461493
5867;18.430416;77.466184
5868;18.374399;77.427741
5869;18.434391;77.405646
5870;18.53641;77.500902
5871;18.446125;77.46761
5872;18.47287;77.349818
5873;18.404811;77.531868
5874;18.565653;77.476147
5875;18.354393;77.439812
5876;18.433726;77.374129
5877;18.498177;77.497008
5878;18.43369;77.369476
5879;18.420034;77.494858
5880;18.409001;77.502666
5881;18.366871;77.430658
5882;18.416723;77.51116
5883;18.371572;77.471753
5884;18.504192;77.464178
5885;18.492299;77.477909
5886;18.403377;77.346245
5887;18.470086;77.473384
5888;18.462949;77.401477
5889;18.466554;77.375332
5890;18.468587;77.407741
5891;18.462509;77.363047
5892;18.456796;77.471122
5893;18.509175;77.422283
5894;18.50821;77.441379
5895;18.4413;77.439667
5896;18.378889;77.398169
5897;18.401144;77.543827
5898;18.431786;77.437639
5899;18.377195;77.415983
5900;18.468678;77.47831
5901;18.381621;77.481773
5902;18.370615;77.430885
5903;18.437761;77.412134
5904;18.513313;77.469331
5905;18.43746;77.462797
5906;18.521482;77.455093
5907;18.488993;77.480773
5908;18.488445;77.445422
5909;18.465348;77.391292
5910;18.384968;77.519142
5911;18.312504;77.530245
5912;18.474278;77.455057
5913;18.511514;77.557652
5914;18.516265;77.460045
5915;18.481328;77.489614
5916;18.442906;77.492465
5917;18.464573;77.475779
5918;18.434053;77.434487
5919;18.486221;77.545474
5920;18.3693;77.516966
5921;18.511418;77.489794
5922;18.493727;77.488767
5923;18.426889;77.528845
5924;18.443575;77.515497
5925;18.446744;77.514174
5926;18.446251;77.501759
5927;18.51252;77.459454
5928;18.392751;77.488595
5929;18.411581;77.428142
5930;18.458391;77.429806
5931;18.448761;77.39567
5932;18.551923;77.514661
5933;18.396584;77.4076
5934;18.397921;77.470726
5935;18.474532;77.387507
5936;18.533633;77.487247
5937;18.464052;77.450157
5938;18.392481;77.494666
5939;18.493247;77.452571
5940;18.32922;77.449994
5941;18.406007;77.294706
5942;18.393275;77.537967
5943;18.436154;77.35086
5944;18.390456;77.48288
5945;18.571707;77.421484
5946;18.382709;77.421831
5947;18.510051;77.47386
5948;18.52566;77.481297
5949;18.414487;77.492833
5950;18.499868;77.473298
5951;18.414872;77.406114
5952;18.356835;77.452596
5953;18.463702;77.344424
5954;18.446113;77.402308
5955;18.376577;77.470334
5956;18.545855;77.448428
5957;18.464496;77.434068
5958;18.462137;77.476787
5959;18.45181;77.516068
5960;18.494184;77.423162
5961;18.397578;77.496646
5962;18.415161;77.362215
5963;18.388665;77.469522
5964;18.448993;77.412571
5965;18.566777;77.479813
5966;18.391824;77.54633
5967;18.498008;77.55058
5968;18.557092;77.490342
5969;18.437849;77.438545
5970;18.570058;77.400018
5971;18.374915;77.51715
5972;18.408599;77.457182
5973;18.440855;77.440972
5974;18.325355;77.378382
5975;18.360337;77.452714
5976;18.38921;77.487755
5977;18.543339;77.481523
5978;18.473014;77.480251
5979;18.447926;77.425113
5980;18.379291;77.439472
5981;18.495337;77.478069
5982;18.404229;77.368376
5983;18.482562;77.476227
5984;18.420177;77.460858
5985;18.451633;77.513017
5986;18.402762;77.419704
5987;18.40701;77.484542
5988;18.395889;77.413897
5989;18.446163;77.346616
5990;18.539147;77.433304
5991;18.400743;77.455634
5992;18.514967;77.505059
5993;18.51451;77.53669
5994;18.375533;77.464291
5995;18.460923;77.424752
5996;18.413622;77.382817
5997;18.424578;77.463225
5998;18.481394;77.488282
5999;18.412458;77.491699
6000;18.493993;77.40512
6001;18.458971;77.446811
6002;18.486314;77.460184
6003;18.407773;77.480579
6004;18.516439;77.426344
6005;18.44545;77.431567
6006;18.538392;77.439891
6007;18.454431;77.526723
6008;18.554497;77.48451
6009;18.465531;77.43167
6010;18.378076;77.498688
6011;18.351241;77.447907
6012;18.466674;77.497814
6013;18.428031;77.462016
6014;18.427582;77.414834
6015;18.512771;77.462171
6016;18.530903;77.476346
6017;18.449063;77.459209
6018;18.42247;77.429454
6019;18.513222;77.403925
6020;18.383317;77.446107
6021;18.421172;77.529833
6022;18.442906;77.371184
6023;18.460014;77.533979
6024;18.44377;77.426371
6025;18.406076;77.491326
6026;18.518858;77.448455
6027;18.433738;77.491746
6028;18.405282;77.474312
6029;18.39401;77.465311
6030;18.379297;77.506781
6031;18.418059;77.518643
6032;18.391136;77.512761
6033;18.475282;77.327079
6034;18.360315;77.365742
6035;18.471988;77.423955
6036;18.395339;77.491033
6037;18.443039;77.516445
6038;18.529675;77.404877
6039;18.427213;77.514796
6040;18.492108;77.469094
6041;18.378366;77.385939
6042;18.529314;77.482555
6043;18.467061;77.469385
6044;18.442133;77.480444
6045;18.534941;77.41408
6046;18.379381;77.439101
6047;18.3899;77.508993
6048;18.451266;77.467815
6049;18.41834;77.497332
6050;18.45156;77.451304
6051;18.469542;77.53726
6052;18.391798;77.479394
6053;18.471297;77.341597
6054;18.503284;77.466804
6055;18.480581;77.455317
6056;18.436332;77.544617
6057;18.433043;77.483098
6058;18.420327;77.494566
6059;18.464723;77.439663
6060;18.400611;77.461964
6061;18.426443;77.445705
6062;18.461735;77.491287
6063;18.441382;77.406495
6064;18.452007;77.476749
6065;18.527116;77.478512
6066;18.481064;77.428005
6067;18.389248;77.428514
6068;18.406113;77.481414
6069;18.420012;77.41984
6070;18.430306;77.466875
6071;18.442669;77.368021
6072;18.522959;77.387829
6073;18.413823;77.514027
6074;18.405246;77.499893
6075;18.406999;77.463375
6076;18.543273;77.421735
6077;18.395257;77.391256
6078;18.43328;77.406273
6079;18.490072;77.424523
6080;18.409855;77.487226
6081;18.435115;77.46777
6082;18.452871;77.434525
6083;18.472129;77.35335
6084;18.479939;77.508226
6085;18.518294;77.501638
6086;18.361124;77.531751
6087;18.425752;77.490806
6088;18.416365;77.476783
6089;18.409367;77.507511
6090;18.375474;77.47251
6091;18.479218;77.465315
6092;18.381707;77.444792
6093;18.484814;77.400909
6094;18.393339;77.443818
6095;18.379074;77.535484
6096;18.470925;77.407969
6097;18.37828;77.473173
6098;18.408445;77.415337
6099;18.529703;77.45079
6100;18.503522;77.533175
6101;18.350125;77.449293
6102;18.456603;77.455794
6103;18.427352;77.503858
6104;18.408771;77.463436
6105;18.420646;77.45276
6106;18.493314;77.390151
6107;18.442835;77.437003
6108;18.470437;77.478657
6109;18.424198;77.510156
6110;18.480504;77.403144
6111;18.46181;77.455976
6112;18.374966;77.403067
6113;18.469273;77.538368
6114;18.418312;77.444442
6115;18.353408;77.506745
6116;18.575711;77.497431
6117;18.394789;77.510085
6118;18.50967;77.408983
6119;18.411816;77.451123
6120;18.39363;77.409214
6121;18.447824;77.453624
6122;18.498105;77.45808
6123;18.450083;77.431075
6124;18.41642;77.377861
6125;18.369693;77.43124
6126;18.550253;77.44508
6127;18.447796;77.415143
6128;18.395052;77.426201
6129;18.432626;77.373961
6130;18.441077;77.361415
6131;18.464229;77.389352
6132;18.489404;77.470266
6133;18.523347;77.48121
6134;18.400977;77.441615
6135;18.526579;77.383833
6136;18.497664;77.368146
6137;18.445669;77.472854
6138;18.495608;77.435818
6139;18.427353;77.49136
6140;18.538148;77.416479
6141;18.494309;77.41673
6142;18.500122;77.515579
6143;18.477742;77.413898
6144;18.422074;77.48149
6145;18.487721;77.447204
6146;18.430646;77.487595
6147;18.386421;77.555779
6148;18.394214;77.403889
6149;18.428486;77.454563
6150;18.397094;77.498314
6151;18.430766;77.459059
6152;18.387961;77.417397
6153;18.433344;77.51083
6154;18.531931;77.42278
6155;18.408354;77.465091
6156;18.450011;77.439021
6157;18.544756;77.403466
6158;18.434856;77.412442
6159;18.450639;77.462348
6160;18.411772;77.439315
6161;18.418596;77.473874
6162;18.563297;77.401879
6163;18.499055;77.429294
6164;18.463706;77.370066
6165;18.533505;77.428331
6166;18.494083;77.371138
6167;18.459288;77.418954
6168;18.431086;77.436135
6169;18.45702;77.47447
6170;18.460155;77.440736
6171;18.426045;77.486318
6172;18.387283;77.364042
6173;18.41314;77.424813
6174;18.434816;77.34715
6175;18.478115;77.40423
6176;18.426384;77.432393
6177;18.460336;77.420524
6178;18.45316;77.44547
6179;18.503813;77.398689
6180;18.489443;77.463477
6181;18.42947;77.501752
6182;18.445093;77.459288
6183;18.455481;77.393216
6184;18.360312;77.456484
6185;18.437361;77.356554
6186;18.404195;77.482462
6187;18.435927;77.446366
6188;18.382328;77.44825
6189;18.406635;77.514915
6190;18.438813;77.470444
6191;18.433532;77.455692
6192;18.415325;77.399434
6193;18.466819;77.390824
6194;18.418793;77.445105
6195;18.413482;77.457271
6196;18.543777;77.51393
6197;18.501683;77.429815
6198;18.431483;77.452882
6199;18.430458;77.551597
6200;18.408792;77.447719
6201;18.442664;77.454906
6202;18.520743;77.55338
6203;18.557333;77.360591
6204;18.423922;77.521402
6205;18.465004;77.48968
6206;18.465117;77.405149
6207;18.476975;77.417857
6208;18.542013;77.387738
6209;18.40069;77.449088
6210;18.475266;77.504916
6211;18.490994;77.514916
6212;18.419716;77.472696
6213;18.491077;77.512189
6214;18.452124;77.438867
6215;18.511392;77.469665
6216;18.395979;77.574296
6217;18.406606;77.418712
6218;18.471201;77.455068
6219;18.482627;77.3689
6220;18.520728;77.456304
6221;18.544697;77.487181
6222;18.409981;77.398135
6223;18.511147;77.411326
6224;18.490902;77.496559
6225;18.405099;77.523075
6226;18.391194;77.450247
6227;18.538497;77.476474
6228;18.477247;77.385058
6229;18.434391;77.407907
6230;18.492808;77.463505
6231;18.439163;77.412847
6232;18.425487;77.596073
6233;18.445088;77.407757
6234;18.477943;77.483091
6235;18.472108;77.527787
6236;18.507067;77.523901
6237;18.464092;77.398654
6238;18.335341;77.475194
6239;18.498939;77.373329
6240;18.428039;77.477587
6241;18.408023;77.353768
6242;18.449417;77.403665
6243;18.425205;77.490886
6244;18.421009;77.409499
6245;18.377561;77.373052
6246;18.480556;77.487212
6247;18.427389;77.377118
6248;18.401679;77.521308
6249;18.508557;77.477375
6250;18.44498;77.442258
6251;18.423246;77.635868
6252;18.375655;77.417987
6253;18.396607;77.472474
6254;18.454273;77.535774
6255;18.43434;77.409863
6256;18.461418;77.538568
6257;18.360843;77.378076
6258;18.426225;77.453098
6259;18.437419;77.326876
6260;18.465868;77.376485
6261;18.556219;77.504102
6262;18.474927;77.429594
6263;18.450552;77.380075
6264;18.440234;77.444137
6265;18.345274;77.501935
6266;18.43247;77.429973
6267;18.412266;77.506867
6268;18.458543;77.43724
6269;18.504096;77.506714
6270;18.512862;77.459621
6271;18.352539;77.506016
6272;18.476633;77.351057
6273;18.440627;77.434234
6274;18.418292;77.45839
6275;18.432627;77.467834
6276;18.391964;77.434127
6277;18.501092;77.414581
6278;18.356253;77.457288
6279;18.305478;77.409235
6280;18.506434;77.403087
6281;18.380269;77.395776
6282;18.53126;77.521493
6283;18.455435;77.45049
6284;18.409448;77.512388
6285;18.521737;77.3957
6286;18.487528;77.464143
6287;18.449229;77.486596
6288;18.423492;77.525627
6289;18.506219;77.363897
6290;18.549694;77.409952
6291;18.571556;77.451844
6292;18.460993;77.456028
6293;18.461927;77.457504
6294;18.567228;77.462285
6295;18.484285;77.424908
6296;18.46356;77.386437
6297;18.375234;77.466746
6298;18.485446;77.531142
6299;18.489162;77.443639
6300;18.487218;77.46199
6301;18.420798;77.448681
6302;18.385464;77.32824
6303;18.464798;77.357976
6304;18.414409;77.48128
6305;18.409051;77.47853
6306;18.412587;77.428369
6307;18.446989;77.406284
6308;18.501777;77.386572
6309;18.386838;77.371497
6310;18.438727;77.417387
6311;18.362337;77.453818
6312;18.423721;77.391465
6313;18.468693;77.416594
6314;18.387861;77.478276
6315;18.472705;77.446336
6316;18.409258;77.404186
6317;18.404027;77.3841
6318;18.387758;77.545791
6319;18.530954;77.555846
6320;18.455187;77.420492
6321;18.415888;77.442279
6322;18.471714;77.518246
6323;18.42416;77.506525
6324;18.543773;77.435259
6325;18.490001;77.435627
6326;18.46504;77.477911
6327;18.485976;77.401305
6328;18.368226;77.50025
6329;18.441509;77.400456
6330;18.471247;77.398726
6331;18.445891;77.478981
6332;18.384131;77.373756
6333;18.514818;77.481826
6334;18.347206;77.441666
6335;18.37689;77.458701
6336;18.446888;77.415135
6337;18.354087;77.509364
6338;18.439619;77.488226
6339;18.426509;77.327811
6340;18.420846;77.400512
6341;18.467132;77.42981
6342;18.482755;77.492556
6343;18.425477;77.405968
6344;18.456618;77.510404
6345;18.45926;77.436615
6346;18.399071;77.401659
6347;18.42047;77.471495
6348;18.436298;77.37864
6349;18.479606;77.532134
6350;18.469582;77.428878
6351;18.401467;77.370063
6352;18.436463;77.507745
6353;18.501134;77.580493
6354;18.445128;77.503361
6355;18.358156;77.408463
6356;18.356083;77.421919
6357;18.406422;77.50735
6358;18.410301;77.49435
6359;18.391909;77.476989
6360;18.431979;77.390664
6361;18.523114;77.442573
6362;18.459092;77.491575
6363;18.471659;77.372071
6364;18.520288;77.424992
6365;18.419092;77.493468
6366;18.478595;77.454962
6367;18.478298;77.481096
6368;18.598676;77.483105
6369;18.462392;77.570517
6370;18.384748;77.488052
6371;18.458046;77.331239
6372;18.463618;77.432873
6373;18.494572;77.429485
6374;18.430827;77.434726
6375;18.446798;77.506185
6376;18.531715;77.476297
6377;18.481531;77.467553
6378;18.479615;77.470554
6379;18.330297;77.475051
6380;18.466245;77.519358
6381;18.36066;77.523838
6382;18.374703;77.463195
6383;18.471441;77.560435
6384;18.44917;77.447854
6385;18.443203;77.439905
6386;18.376371;77.452649
6387;18.429214;77.491469
6388;18.447442;77.441048
6389;18.451467;77.476398
6390;18.518096;77.401512
6391;18.473268;77.432371
6392;18.443065;77.426015
6393;18.396491;77.404584
6394;18.484903;77.472522
6395;18.506898;77.419602
6396;18.34661;77.444913
6397;18.471208;77.443479
6398;18.46226;77.42997
6399;18.412024;77.514888
6400;18.381271;77.387577
6401;18.575236;77.42437
6402;18.384604;77.424024
6403;18.382914;77.450525
6404;18.515066;77.418894
6405;18.430908;77.430218
6406;18.449865;77.375252
6407;18.378184;77.459862
6408;18.482333;77.405751
6409;18.520779;77.49229
6410;18.450002;77.396012
6411;18.551469;77.519017
6412;18.439245;77.432861
6413;18.372965;77.403789
6414;18.475778;77.374726
6415;18.466162;77.366491
6416;18.537018;77.380816
6417;18.43411;77.561397
6418;18.402532;77.418783
6419;18.426652;77.457726
6420;18.38101;77.462635
6421;18.416882;77.446466
6422;18.417477;77.442215
6423;18.420732;77.403636
6424;18.465317;77.481039
6425;18.450771;77.335421
6426;18.413165;77.448076
6427;18.474266;77.497844
6428;18.43841;77.437444
6429;18.458893;77.55289
6430;18.409633;77.499553
6431;18.449346;77.507535
6432;18.445399;77.578849
6433;18.467521;77.468921
6434;18.512241;77.480038
6435;18.411756;77.459272
6436;18.415558;77.51934
6437;18.434507;77.431512
6438;18.476811;77.388882
6439;18.479186;77.419446
6440;18.497567;77.414918
6441;18.487536;77.501089
6442;18.358631;77.410878
6443;18.413125;77.456532
6444;18.40695;77.346728
6445;18.425179;77.456999
6446;18.44225;77.563553
6447;18.454241;77.558919
6448;18.477671;77.446676
6449;18.41456;77.460399
6450;18.466511;77.413297
6451;18.476058;77.486105
6452;18.414819;77.337795
6453;18.373012;77.462695
6454;18.412845;77.418407
6455;18.514038;77.405259
6456;18.403798;77.40211
6457;18.48283;77.401384
6458;18.520536;77.43587
6459;18.443616;77.530595
6460;18.441766;77.435672
6461;18.441081;77.52296
6462;18.43327;77.435259
6463;18.379054;77.415056
6464;18.426831;77.504729
6465;18.458758;77.428267
6466;18.394498;77.498665
6467;18.384188;77.37302
6468;18.354064;77.426497
6469;18.418001;77.408175
6470;18.527677;77.50914
6471;18.342714;77.436494
6472;18.420803;77.533759
6473;18.364408;77.424216
6474;18.383688;77.498115
6475;18.446653;77.4643
6476;18.477847;77.472795
6477;18.367013;77.519499
6478;18.522886;77.43133
6479;18.300525;77.534394
6480;18.418398;77.377821
6481;18.402644;77.410911
6482;18.343165;77.466519
6483;18.477094;77.487593
6484;18.516196;77.522051
6485;18.375253;77.457734
6486;18.337352;77.379204
6487;18.451741;77.444168
6488;18.445805;77.508854
6489;18.469149;77.453774
6490;18.409843;77.466142
6491;18.492879;77.319317
6492;18.382592;77.492925
6493;18.435269;77.511633
6494;18.443273;77.429755
6495;18.381663;77.41795
6496;18.386274;77.376659
6497;18.374601;77.522368
6498;18.453215;77.442182
6499;18.446575;77.492441
6500;18.432785;77.430623
6501;18.446831;77.510169
6502;18.460012;77.503614
6503;18.432616;77.440672
6504;18.405579;77.555765
6505;18.441243;77.440718
6506;18.386699;77.452879
6507;18.491373;77.45523
6508;18.421861;77.487395
6509;18.498399;77.537682
6510;18.479042;77.44596
6511;18.490607;77.438882
6512;18.435186;77.487952
6513;18.449964;77.491477
6514;18.507206;77.436594
6515;18.461325;77.478308
6516;18.507876;77.473216
6517;18.48323;77.510351
6518;18.426105;77.468475
6519;18.465901;77.370637
6520;18.429436;77.46319
6521;18.431184;77.432583
6522;18.412368;77.523825
6523;18.489806;77.398285
6524;18.457638;77.506469
6525;18.505081;77.472824
6526;18.45006;77.389681
6527;18.484966;77.41098
6528;18.446169;77.562274
6529;18.448915;77.478532
6530;18.464886;77.490373
6531;18.358892;77.439621
6532;18.472477;77.491806
6533;18.401664;77.416903
6534;18.373863;77.421646
6535;18.512574;77.539644
6536;18.430016;77.425498
6537;18.436326;77.468284
6538;18.377722;77.357636
6539;18.411251;77.342613
6540;18.386424;77.404033
6541;18.396316;77.430876
6542;18.41169;77.446773
6543;18.454252;77.481338
6544;18.375159;77.38699
6545;18.480818;77.462628
6546;18.414308;77.431634
6547;18.420828;77.437338
6548;18.428526;77.595227
6549;18.468784;77.379471
6550;18.479274;77.439326
6551;18.430275;77.401822
6552;18.387414;77.410747
6553;18.466;77.553615
6554;18.460218;77.464587
6555;18.434908;77.499233
6556;18.455775;77.484914
6557;18.426192;77.36691
6558;18.418722;77.405209
6559;18.401215;77.374044
6560;18.495124;77.4454
6561;18.44377;77.445942
6562;18.438507;77.535224
6563;18.431689;77.346893
6564;18.474441;77.371961
6565;18.504341;77.488836
6566;18.41243;77.459243
6567;18.404236;77.361634
6568;18.348219;77.449024
6569;18.365569;77.515753
6570;18.452687;77.449612
6571;18.391621;77.486929
6572;18.490202;77.385525
6573;18.458795;77.460148
6574;18.493853;77.521986
6575;18.502149;77.372911
6576;18.430759;77.526161
6577;18.41573;77.393888
6578;18.376769;77.500471
6579;18.406543;77.446622
6580;18.401582;77.452164
6581;18.501721;77.399409
6582;18.314939;77.465517
6583;18.407333;77.488149
6584;18.529203;77.501277
6585;18.465473;77.42515
6586;18.437901;77.418696
6587;18.447066;77.4978
6588;18.470368;77.41367
6589;18.407031;77.480602
6590;18.503946;77.450504
6591;18.440121;77.424255
6592;18.374779;77.53831
6593;18.46626;77.413472
6594;18.32491;77.522648
6595;18.459942;77.460739
6596;18.524099;77.460176
6597;18.389104;77.553117
6598;18.451491;77.402931
6599;18.481089;77.438934
6600;18.455552;77.467685
6601;18.370156;77.472444
6602;18.511766;77.446525
6603;18.394971;77.419057
6604;18.364697;77.466846
6605;18.426295;77.413993
6606;18.491583;77.549177
6607;18.43379;77.4169
6608;18.431893;77.434676
6609;18.549166;77.410168
6610;18.491515;77.509796
6611;18.455798;77.550018
6612;18.418871;77.425748
6613;18.417209;77.441143
6614;18.441893;77.421629
6615;18.270617;77.4053
6616;18.39391;77.453992
6617;18.475871;77.545662
6618;18.454854;77.47384
6619;18.447994;77.477246
6620;18.441704;77.46344
6621;18.373034;77.442529
6622;18.444596;77.506847
6623;18.492784;77.54015
6624;18.444873;77.457459
6625;18.516411;77.524132
6626;18.376111;77.344772
6627;18.475126;77.406148
6628;18.389949;77.457799
6629;18.54011;77.499621
6630;18.372735;77.442497
6631;18.376753;77.484574
6632;18.451356;77.367514
6633;18.379556;77.479641
6634;18.531289;77.407185
6635;18.399872;77.536397
6636;18.361117;77.463867
6637;18.404097;77.4813
6638;18.479454;77.45294
6639;18.46589;77.418013
6640;18.45229;77.481598
6641;18.428409;77.426459
6642;18.457404;77.449645
6643;18.528438;77.416865
6644;18.551998;77.421711
6645;18.564326;77.381093
6646;18.444879;77.378079
6647;18.399123;77.426302
6648;18.43371;77.508656
6649;18.448659;77.487455
6650;18.524812;77.566469
6651;18.512747;77.31423
6652;18.43725;77.569794
6653;18.380983;77.47957
6654;18.420079;77.383538
6655;18.452855;77.343814
6656;18.516122;77.50847
6657;18.42613;77.467133
6658;18.435436;77.464523
6659;18.410212;77.444726
6660;18.400927;77.390852
6661;18.494686;77.384316
6662;18.434346;77.392651
6663;18.367522;77.497108
6664;18.395618;77.39108
6665;18.417272;77.56593
6666;18.450725;77.448195
6667;18.461947;77.451383
6668;18.47811;77.431412
6669;18.453868;77.398192
6670;18.42539;77.51033
6671;18.430047;77.433218
6672;18.445318;77.471518
6673;18.394054;77.458761
6674;18.353036;77.367185
6675;18.515641;77.51434
6676;18.381861;77.435729
6677;18.427063;77.466547
6678;18.41521;77.506854
6679;18.392874;77.485678
6680;18.379592;77.477628
6681;18.42709;77.495496
6682;18.481199;77.410023
6683;18.456392;77.435807
6684;18.379467;77.479755
6685;18.492688;77.473268
6686;18.535396;77.49865
6687;18.452987;77.433215
6688;18.484182;77.472891
6689;18.510813;77.446359
6690;18.441294;77.406414
6691;18.467272;77.501072
6692;18.502647;77.4232
6693;18.554549;77.393985
6694;18.325242;77.477022
6695;18.436916;77.408571
6696;18.429103;77.47306
6697;18.464621;77.42826
6698;18.439264;77.407127
6699;18.414833;77.411784
6700;18.381363;77.429435
6701;18.405555;77.473807
6702;18.401432;77.502716
6703;18.473061;77.431969
6704;18.398292;77.448028
6705;18.409702;77.440357
6706;18.505197;77.411062
6707;18.431548;77.507005
6708;18.458923;77.443255
6709;18.508501;77.464662
6710;18.461871;77.500425
6711;18.481533;77.37535
6712;18.484651;77.412148
6713;18.397348;77.470157
6714;18.475917;77.446632
6715;18.493543;77.390795
6716;18.442319;77.497895
6717;18.493001;77.504206
6718;18.423316;77.461618
6719;18.421016;77.436103
6720;18.48245;77.383241
6721;18.450648;77.436972
6722;18.413622;77.395309
6723;18.477657;77.449752
6724;18.511196;77.444822
6725;18.509246;77.491589
6726;18.489405;77.437002
6727;18.431337;77.362606
6728;18.531843;77.436698
6729;18.421279;77.474207
6730;18.415278;77.478279
6731;18.422416;77.460503
6732;18.433369;77.526441
6733;18.497647;77.455408
6734;18.503643;77.584495
6735;18.472098;77.456298
6736;18.52585;77.680177
6737;18.490822;77.518993
6738;18.388783;77.438097
6739;18.513434;77.40714
6740;18.458891;77.445563
6741;18.47852;77.479495
6742;18.373931;77.401556
6743;18.449124;77.412835
6744;18.401061;77.462799
6745;18.423502;77.384131
6746;18.53892;77.511473
6747;18.462316;77.446422
6748;18.482336;77.425358
6749;18.394684;77.397713
6750;18.423259;77.483422
6751;18.370292;77.535738
6752;18.394767;77.41281
6753;18.468815;77.455627
6754;18.510361;77.449956
6755;18.515256;77.506883
6756;18.476388;77.457119
6757;18.498989;77.525031
6758;18.38193;77.598722
6759;18.471851;77.464271
6760;18.38925;77.503887
6761;18.470994;77.488233
6762;18.410423;77.401834
6763;18.34719;77.465894
6764;18.375163;77.42551
6765;18.406832;77.472603
6766;18.460126;77.432114
6767;18.457625;77.481344
6768;18.439468;77.47396
6769;18.411452;77.468579
6770;18.415138;77.466132
6771;18.524611;77.453194
6772;18.462562;77.468406
6773;18.406961;77.43977
6774;18.440934;77.459317
6775;18.451732;77.550498
6776;18.480519;77.422598
6777;18.370641;77.467698
6778;18.455207;77.350325
6779;18.453741;77.39978
6780;18.452349;77.442772
6781;18.419735;77.506557
6782;18.436159;77.38283
6783;18.399913;77.496399
6784;18.394631;77.350099
6785;18.46089;77.411731
6786;18.410032;77.513127
6787;18.519675;77.467532
6788;18.359418;77.409084
6789;18.481024;77.411416
6790;18.45491;77.450641
6791;18.517533;77.438663
6792;18.499498;77.506766
6793;18.491259;77.468082
6794;18.435487;77.498898
6795;18.438399;77.495285
6796;18.361006;77.422127
6797;18.423279;77.489252
6798;18.391852;77.390915
6799;18.414429;77.49029
6800;18.467538;77.453742
6801;18.461325;77.486461
6802;18.386782;77.41996
6803;18.44058;77.483753
6804;18.444826;77.358806
6805;18.498294;77.442643
6806;18.390538;77.427506
6807;18.426292;77.431194
6808;18.392449;77.43849
6809;18.432848;77.450939
6810;18.528775;77.510603
6811;18.373326;77.460016
6812;18.449433;77.456705
6813;18.520797;77.450018
6814;18.46636;77.521877
6815;18.53953;77.437405
6816;18.545635;77.408131
6817;18.442114;77.48407
6818;18.485555;77.356422
6819;18.389861;77.434035
6820;18.423185;77.416429
6821;18.455259;77.461296
6822;18.438368;77.462584
6823;18.474794;77.47179
6824;18.388393;77.444957
6825;18.44281;77.482177
6826;18.536936;77.504549
6827;18.409283;77.406484
6828;18.402717;77.376851
6829;18.471372;77.51108
6830;18.424406;77.416549
6831;18.458789;77.52246
6832;18.538363;77.41468
6833;18.439424;77.446362
6834;18.520647;77.437152
6835;18.478071;77.383845
6836;18.42659;77.380935
6837;18.432498;77.456919
6838;18.430132;77.389558
6839;18.401105;77.457351
6840;18.465325;77.468464
6841;18.400749;77.490795
6842;18.437372;77.402484
6843;18.497564;77.409395
6844;18.374948;77.367954
6845;18.346626;77.563914
6846;18.421801;77.546506
6847;18.442726;77.484057
6848;18.45559;77.479692
6849;18.479498;77.448447
6850;18.446886;77.448032
6851;18.415859;77.510929
6852;18.52424;77.395439
6853;18.410181;77.561103
6854;18.35218;77.408925
6855;18.441104;77.561094
6856;18.419232;77.403411
6857;18.459277;77.481004
6858;18.493441;77.487613
6859;18.435406;77.407907
6860;18.348551;77.397785
6861;18.501106;77.384288
6862;18.447116;77.446543
6863;18.430451;77.447584
6864;18.450919;77.464621
6865;18.43381;77.472645
6866;18.542484;77.39007
6867;18.550142;77.469028
6868;18.435066;77.428863
6869;18.437201;77.381363
6870;18.49947;77.479004
6871;18.502053;77.418398
6872;18.390117;77.433171
6873;18.440983;77.432447
6874;18.446986;77.517244
6875;18.303047;77.503905
6876;18.435466;77.528495
6877;18.549666;77.483851
6878;18.34471;77.476801
6879;18.376476;77.416922
6880;18.387227;77.440731
6881;18.49587;77.428118
6882;18.446808;77.46745
6883;18.426806;77.439721
6884;18.508556;77.416697
6885;18.488282;77.518715
6886;18.420423;77.436793
6887;18.479502;77.483444
6888;18.539935;77.425267
6889;18.383521;77.372634
6890;18.510104;77.49111
6891;18.510334;77.457129
6892;18.390044;77.392328
6893;18.507492;77.491408
6894;18.475746;77.502195
6895;18.550749;77.403281
6896;18.475144;77.493864
6897;18.437265;77.431106
6898;18.423704;77.532168
6899;18.42089;77.401981
6900;18.446714;77.436533
6901;18.443639;77.489526
6902;18.468857;77.368114
6903;18.386982;77.50012
6904;18.465295;77.392008
6905;18.427707;77.424194
6906;18.496537;77.450404
6907;18.389802;77.444253
6908;18.436682;77.523313
6909;18.489467;77.343889
6910;18.526228;77.427479
6911;18.413191;77.500479
6912;18.452839;77.463331
6913;18.438403;77.510557
6914;18.440858;77.508702
6915;18.467716;77.386357
6916;18.312933;77.495459
6917;18.492541;77.395517
6918;18.484972;77.403004
6919;18.451523;77.41337
6920;18.500989;77.39802
6921;18.374872;77.490298
6922;18.380895;77.388294
6923;18.529929;77.453478
6924;18.434432;77.486073
6925;18.490039;77.466854
6926;18.447953;77.407564
6927;18.402323;77.460503
6928;18.497398;77.434736
6929;18.425221;77.517625
6930;18.459969;77.386172
6931;18.407868;77.468216
6932;18.351254;77.494532
6933;18.436652;77.421909
6934;18.425197;77.388192
6935;18.515959;77.36099
6936;18.446283;77.476579
6937;18.512225;77.484886
6938;18.503763;77.469892
6939;18.346707;77.444619
6940;18.485382;77.460797
6941;18.522585;77.424598
6942;18.497457;77.3773
6943;18.561299;77.426645
6944;18.344043;77.474917
6945;18.438545;77.501753
6946;18.494729;77.362757
6947;18.489745;77.456485
6948;18.481542;77.446671
6949;18.424239;77.446832
6950;18.419981;77.492781
6951;18.420606;77.449419
6952;18.411114;77.488946
6953;18.422526;77.484837
6954;18.495244;77.419142
6955;18.499692;77.535708
6956;18.435865;77.480881
6957;18.492889;77.463336
6958;18.423741;77.461316
6959;18.467467;77.438899
6960;18.348177;77.444427
6961;18.424617;77.3471
6962;18.505462;77.503896
6963;18.405943;77.395279
6964;18.465518;77.52399
6965;18.393368;77.360862
6966;18.391327;77.424542
6967;18.437563;77.5315
6968;18.430861;77.457543
6969;18.485054;77.477658
6970;18.451365;77.433752
6971;18.419441;77.503667
6972;18.480208;77.499141
6973;18.388806;77.489393
6974;18.407614;77.347184
6975;18.512999;77.374833
6976;18.430885;77.38164
6977;18.410001;77.376792
6978;18.487797;77.465522
6979;18.476658;77.488271
6980;18.514465;77.427954
6981;18.495161;77.488336
6982;18.40374;77.399017
6983;18.441;77.501081
6984;18.45102;77.428741
6985;18.432268;77.383894
6986;18.419538;77.385872
6987;18.53849;77.474036
6988;18.43073;77.415688
6989;18.425202;77.436909
6990;18.511174;77.471762
6991;18.490504;77.460673
6992;18.410127;77.457958
6993;18.478953;77.47779
6994;18.432906;77.495329
6995;18.524271;77.433359
6996;18.408605;77.407061
6997;18.514698;77.358655
6998;18.40092;77.502819
6999;18.54972;77.517777
7000;18.460347;77.447956
7001;18.5072;77.486309
7002;18.439924;77.425079
7003;18.468522;77.444284
7004;18.463638;77.414576
7005;18.495795;77.438702
7006;18.377036;77.491455
7007;18.442579;77.40546
7008;18.354321;77.343386
7009;18.462876;77.504128
7010;18.453817;77.361756
7011;18.449661;77.452596
7012;18.351372;77.488673
7013;18.419902;77.432606
7014;18.465431;77.488507
7015;18.404056;77.508193
7016;18.549947;77.494967
7017;18.470414;77.440464
7018;18.418773;77.43981
7019;18.416642;77.400352
7020;18.478208;77.487167
7021;18.476288;77.457546
7022;18.443265;77.421537
7023;18.462444;77.424807
7024;18.416939;77.499593
7025;18.390536;77.538631
7026;18.472529;77.372264
7027;18.455049;77.47995
7028;18.415165;77.495546
7029;18.511894;77.522349
7030;18.428273;77.456995
7031;18.47269;77.448241
7032;18.402021;77.478786
7033;18.466592;77.542022
7034;18.512551;77.545368
7035;18.447963;77.432379
7036;18.414747;77.477562
7037;18.412612;77.402011
7038;18.449631;77.481261
7039;18.47547;77.486738
7040;18.589392;77.478165
7041;18.472562;77.472991
7042;18.534839;77.461371
7043;18.424563;77.442237
7044;18.418533;77.347308
7045;18.497227;77.377532
7046;18.49997;77.415816
7047;18.404076;77.493026
7048;18.44275;77.372479
7049;18.446687;77.446635
7050;18.407036;77.473533
7051;18.429457;77.442504
7052;18.538387;77.438156
7053;18.523841;77.514894
7054;18.510608;77.480135
7055;18.448534;77.535585
7056;18.438928;77.527293
7057;18.429369;77.495959
7058;18.405793;77.4321
7059;18.443692;77.341327
7060;18.537477;77.439073
7061;18.455109;77.477894
7062;18.530172;77.435212
7063;18.455877;77.41302
7064;18.363075;77.482987
7065;18.418078;77.439046
7066;18.437188;77.477677
7067;18.417386;77.531987
7068;18.438591;77.535712
7069;18.491355;77.368408
7070;18.404892;77.456611
7071;18.416116;77.521227
7072;18.433105;77.421234
7073;18.42298;77.498318
7074;18.442435;77.462233
7075;18.443547;77.451924
7076;18.532681;77.472703
7077;18.423134;77.41902
7078;18.455377;77.529061
7079;18.468378;77.360051
7080;18.507923;77.462102
7081;18.405311;77.422222
7082;18.392196;77.465011
7083;18.408922;77.434529
7084;18.466066;77.426357
7085;18.519949;77.443844
7086;18.380749;77.440399
7087;18.379548;77.48362
7088;18.346144;77.444368
7089;18.413215;77.516388
7090;18.426483;77.395338
7091;18.493915;77.491996
7092;18.488776;77.552377
7093;18.353986;77.403675
7094;18.393572;77.413279
7095;18.48272;77.425341
7096;18.413224;77.469828
7097;18.474454;77.553892
7098;18.48611;77.398501
7099;18.408423;77.530492
7100;18.402884;77.477015
7101;18.409862;77.416884
7102;18.289214;77.450224
7103;18.469209;77.460827
7104;18.421799;77.376415
7105;18.485442;77.395879
7106;18.448654;77.473232
7107;18.507958;77.506487
7108;18.411418;77.300232
7109;18.419781;77.549873
7110;18.465415;77.42426
7111;18.456209;77.40086
7112;18.379199;77.478081
7113;18.414645;77.535581
7114;18.403564;77.524806
7115;18.442316;77.476865
7116;18.341106;77.490376
7117;18.421846;77.527855
7118;18.400233;77.343317
7119;18.479074;77.400906
7120;18.438391;77.496098
7121;18.450145;77.44546
7122;18.427215;77.506164
7123;18.412436;77.324377
7124;18.401488;77.435904
7125;18.380382;77.42646
7126;18.387004;77.416523
7127;18.435051;77.457629
7128;18.432133;77.405536
7129;18.475459;77.392507
7130;18.474269;77.44215
7131;18.401443;77.384639
7132;18.501189;77.391061
7133;18.56244;77.493928
7134;18.386444;77.513644
7135;18.611477;77.431413
7136;18.45564;77.429232
7137;18.476982;77.484075
7138;18.406788;77.51525
7139;18.438813;77.382476
7140;18.487951;77.51626
7141;18.413051;77.460627
7142;18.352028;77.533929
7143;18.482423;77.456843
7144;18.374255;77.382582
7145;18.458108;77.474924
7146;18.435524;77.480291
7147;18.366377;77.467538
7148;18.414015;77.437981
7149;18.466062;77.403989
7150;18.489147;77.456022
7151;18.437702;77.382679
7152;18.54164;77.438666
7153;18.380302;77.431309
7154;18.451206;77.561124
7155;18.52451;77.432335
7156;18.473639;77.383063
7157;18.532468;77.49776
7158;18.460169;77.502613
7159;18.418102;77.444731
7160;18.461719;77.443566
7161;18.419237;77.450918
7162;18.342758;77.396167
7163;18.470464;77.37343
7164;18.469474;77.474887
7165;18.503358;77.493516
7166;18.426623;77.452198
7167;18.496848;77.477929
7168;18.400219;77.460258
7169;18.438935;77.330447
7170;18.520244;77.381359
7171;18.528397;77.475777
7172;18.50135;77.42177
7173;18.485689;77.539551
7174;18.445832;77.509417
7175;18.470261;77.487882
7176;18.4338;77.498762
7177;18.46257;77.44581
7178;18.400133;77.510289
7179;18.433379;77.463165
7180;18.460388;77.480485
7181;18.366107;77.430448
7182;18.379251;77.534573
7183;18.413805;77.454163
7184;18.429137;77.422752
7185;18.440927;77.476132
7186;18.435441;77.462444
7187;18.386385;77.452251
7188;18.428502;77.496335
7189;18.437443;77.390095
7190;18.441963;77.443527
7191;18.346336;77.447186
7192;18.448142;77.362867
7193;18.47649;77.47598
7194;18.38941;77.507283
7195;18.389907;77.480038
7196;18.419916;77.441579
7197;18.477646;77.481986
7198;18.412545;77.453141
7199;18.370371;77.498684
7200;18.410859;77.492404
7201;18.498469;77.503239
7202;18.498209;77.434964
7203;18.496102;77.521917
7204;18.441399;77.428341
7205;18.389406;77.534791
7206;18.396206;77.439404
7207;18.369658;77.443603
7208;18.478193;77.492059
7209;18.386316;77.36032
7210;18.461497;77.49291
7211;18.460782;77.528124
7212;18.463719;77.415341
7213;18.514065;77.403918
7214;18.426539;77.384721
7215;18.449165;77.42581
7216;18.462262;77.482796
7217;18.451609;77.48561
7218;18.351492;77.543061
7219;18.411812;77.469775
7220;18.378089;77.381382
7221;18.418785;77.397286
7222;18.430676;77.395217
7223;18.378747;77.416763
7224;18.369856;77.372758
7225;18.448257;77.465933
7226;18.380871;77.506776
7227;18.428807;77.411227
7228;18.420001;77.421796
7229;18.414419;77.351943
7230;18.537808;77.609997
7231;18.418219;77.45646
7232;18.487465;77.417463
7233;18.410977;77.395394
7234;18.426388;77.496481
7235;18.377597;77.494984
7236;18.377268;77.516122
7237;18.476263;77.480882
7238;18.380344;77.581919
7239;18.353553;77.45866
7240;18.483391;77.420568
7241;18.398043;77.496337
7242;18.480501;77.446693
7243;18.42325;77.44417
7244;18.437258;77.459334
7245;18.426757;77.412238
7246;18.524781;77.47333
7247;18.46938;77.498849
7248;18.372489;77.478367
7249;18.382349;77.465989
7250;18.381719;77.419681
7251;18.437986;77.398988
7252;18.417887;77.481149
7253;18.447686;77.480221
7254;18.415037;77.492113
7255;18.536767;77.408705
7256;18.48918;77.416124
7257;18.382628;77.462867
7258;18.414716;77.395723
7259;18.376509;77.465572
7260;18.506289;77.456302
7261;18.411985;77.485236
7262;18.453845;77.424705
7263;18.429348;77.50689
7264;18.430661;77.533434
7265;18.48236;77.446651
7266;18.499527;77.393231
7267;18.482511;77.444443
7268;18.425729;77.416865
7269;18.447818;77.471096
7270;18.427637;77.52311
7271;18.43679;77.412281
7272;18.361258;77.453802
7273;18.494788;77.392769
7274;18.430467;77.501367
7275;18.482936;77.51539
7276;18.388508;77.399351
7277;18.438647;77.351852
7278;18.474789;77.494285
7279;18.454976;77.489173
7280;18.471671;77.442258
7281;18.492001;77.38216
7282;18.404729;77.484724
7283;18.476874;77.487811
7284;18.402278;77.529526
7285;18.414688;77.468261
7286;18.380449;77.358582
7287;18.449298;77.406572
7288;18.492518;77.469112
7289;18.416862;77.390069
7290;18.539072;77.479182
7291;18.433647;77.476735
7292;18.440826;77.442757
7293;18.461951;77.394942
7294;18.536857;77.53591
7295;18.584731;77.416102
7296;18.494366;77.464224
7297;18.41142;77.473468
7298;18.495871;77.490683
7299;18.48351;77.490473
7300;18.493748;77.416219
7301;18.382236;77.480257
7302;18.481747;77.432101
7303;18.47178;77.492559
7304;18.477819;77.359478
7305;18.460065;77.370712
7306;18.558731;77.456198
7307;18.417655;77.494631
7308;18.470757;77.538128
7309;18.409831;77.429624
7310;18.399284;77.469564
7311;18.428485;77.478477
7312;18.524277;77.471767
7313;18.464586;77.497755
7314;18.41889;77.511011
7315;18.350606;77.48659
7316;18.484355;77.485687
7317;18.425063;77.496811
7318;18.422559;77.496682
7319;18.387675;77.478449
7320;18.389926;77.452245
7321;18.497294;77.466728
7322;18.457741;77.450975
7323;18.369819;77.496995
7324;18.420876;77.392277
7325;18.412833;77.403889
7326;18.457959;77.480978
7327;18.403406;77.390367
7328;18.40528;77.473839
7329;18.464313;77.488603
7330;18.459729;77.400338
7331;18.425934;77.406768
7332;18.576115;77.403579
7333;18.382704;77.465101
7334;18.506821;77.47618
7335;18.432575;77.462024
7336;18.449996;77.531458
7337;18.433872;77.428544
7338;18.398581;77.465095
7339;18.404862;77.444968
7340;18.441827;77.514117
7341;18.463615;77.451743
7342;18.491665;77.472374
7343;18.531913;77.431369
7344;18.459257;77.510695
7345;18.381733;77.446131
7346;18.44652;77.423534
7347;18.406941;77.454479
7348;18.457609;77.363579
7349;18.462013;77.430441
7350;18.536493;77.445787
7351;18.451499;77.489834
7352;18.421536;77.427241
7353;18.44395;77.480141
7354;18.412404;77.502292
7355;18.423732;77.379511
7356;18.491615;77.540528
7357;18.462501;77.429044
7358;18.448788;77.483249
7359;18.445147;77.388349
7360;18.417595;77.459518
7361;18.402488;77.389017
7362;18.409918;77.419671
7363;18.438211;77.449968
7364;18.469765;77.38181
7365;18.45236;77.50849
7366;18.315721;77.492599
7367;18.382472;77.435067
7368;18.513882;77.51472
7369;18.395334;77.446385
7370;18.382453;77.526692
7371;18.394927;77.561848
7372;18.400246;77.445435
7373;18.462845;77.420212
7374;18.440887;77.392594
7375;18.420658;77.493702
7376;18.351352;77.472481
7377;18.413295;77.448755
7378;18.482055;77.422233
7379;18.443379;77.473324
7380;18.406309;77.3685
7381;18.381701;77.537791
7382;18.524715;77.479322
7383;18.389151;77.449848
7384;18.438064;77.398998
7385;18.398893;77.420606
7386;18.387601;77.425073
7387;18.431998;77.466327
7388;18.434176;77.492362
7389;18.399836;77.483628
7390;18.412845;77.368942
7391;18.413086;77.414136
7392;18.420681;77.482737
7393;18.478148;77.442497
7394;18.498464;77.500149
7395;18.420602;77.42087
7396;18.452576;77.37584
7397;18.404367;77.484364
7398;18.383287;77.494228
7399;18.50486;77.407369
7400;18.391148;77.39382
7401;18.441266;77.394291
7402;18.410997;77.524713
7403;18.486669;77.421659
7404;18.412214;77.456791
7405;18.492305;77.453044
7406;18.385259;77.417823
7407;18.423394;77.423889
7408;18.498747;77.454096
7409;18.395864;77.413291
7410;18.441133;77.436668
7411;18.427477;77.441777
7412;18.483523;77.481826
7413;18.408408;77.469511
7414;18.395652;77.409131
7415;18.429321;77.474781
7416;18.493833;77.391631
7417;18.486642;77.356881
7418;18.446704;77.453686
7419;18.444635;77.426313
7420;18.472767;77.459057
7421;18.509127;77.452493
7422;18.454126;77.455558
7423;18.343167;77.492127
7424;18.470826;77.571249
7425;18.437167;77.468892
7426;18.392108;77.415009
7427;18.504334;77.518805
7428;18.395833;77.427994
7429;18.483678;77.492225
7430;18.317154;77.500821
7431;18.44102;77.472539
7432;18.420172;77.423452
7433;18.443542;77.454799
7434;18.443782;77.497244
7435;18.347951;77.487203
7436;18.511994;77.465464
7437;18.494463;77.382216
7438;18.366566;77.459901
7439;18.527901;77.464128
7440;18.530177;77.509925
7441;18.464939;77.426022
7442;18.457545;77.474647
7443;18.379288;77.434604
7444;18.461251;77.484484
7445;18.480049;77.523087
7446;18.447689;77.403682
7447;18.333918;77.451618
7448;18.351115;77.442472
7449;18.507683;77.48789
7450;18.435928;77.524737
7451;18.517682;77.532088
7452;18.401853;77.444944
7453;18.496387;77.401496
7454;18.504844;77.456542
7455;18.411529;77.503574
7456;18.302929;77.458332
7457;18.376951;77.491307
7458;18.470695;77.468845
7459;18.500989;77.39337
7460;18.390914;77.505564
7461;18.413724;77.463408
7462;18.423604;77.314592
7463;18.41848;77.350871
7464;18.457936;77.457755
7465;18.439791;77.523759
7466;18.458244;77.54196
7467;18.349946;77.505024
7468;18.38655;77.523067
7469;18.419076;77.482072
7470;18.568726;77.483306
7471;18.444116;77.351947
7472;18.555251;77.431354
7473;18.400334;77.399042
7474;18.434078;77.420724
7475;18.446778;77.415692
7476;18.441806;77.425647
7477;18.469578;77.464858
7478;18.454006;77.447473
7479;18.454157;77.464404
7480;18.399262;77.453117
7481;18.442289;77.537366
7482;18.397492;77.461067
7483;18.495716;77.439862
7484;18.505749;77.456471
7485;18.451673;77.460193
7486;18.404479;77.458887
7487;18.419191;77.496724
7488;18.36921;77.467579
7489;18.44138;77.429737
7490;18.376431;77.451686
7491;18.320302;77.469334
7492;18.550485;77.386023
7493;18.402774;77.52365
7494;18.464323;77.454522
7495;18.532148;77.384404
7496;18.42362;77.480193
7497;18.445058;77.490912
7498;18.480962;77.41892
7499;18.465739;77.40816
7500;18.327468;77.34586
7501;18.438924;77.518952
7502;18.408357;77.419175
7503;18.386976;77.459564
7504;18.359381;77.485557
7505;18.427482;77.417814
7506;18.419007;77.454103
7507;18.358773;77.595626
7508;18.436694;77.40896
7509;18.427976;77.347427
7510;18.38902;77.510974
7511;18.465044;77.425277
7512;18.407613;77.379106
7513;18.422389;77.4793
7514;18.457256;77.438373
7515;18.45368;77.483121
7516;18.472399;77.458973
7517;18.402734;77.484104
7518;18.327122;77.423463
7519;18.491152;77.483351
7520;18.419444;77.528846
7521;18.5315;77.396327
7522;18.439504;77.456141
7523;18.462049;77.461396
7524;18.449063;77.389291
7525;18.474399;77.418107
7526;18.488764;77.515002
7527;18.353634;77.469416
7528;18.414725;77.420749
7529;18.483177;77.431544
7530;18.484349;77.51785
7531;18.451383;77.463233
7532;18.366103;77.49448
7533;18.451076;77.468694
7534;18.496733;77.377696
7535;18.400555;77.489082
7536;18.351615;77.472032
7537;18.485979;77.421987
7538;18.417159;77.414867
7539;18.462666;77.422164
7540;18.363564;77.430005
7541;18.473484;77.489661
7542;18.371304;77.415148
7543;18.493483;77.476587
7544;18.411358;77.528042
7545;18.528477;77.464937
7546;18.445776;77.314563
7547;18.437594;77.347999
7548;18.462123;77.461667
7549;18.374239;77.480269
7550;18.473184;77.489447
7551;18.400257;77.428422
7552;18.437787;77.460203
7553;18.491944;77.424507
7554;18.537249;77.419011
7555;18.388405;77.509437
7556;18.542066;77.438443
7557;18.473332;77.43193
7558;18.417223;77.520813
7559;18.373958;77.451063
7560;18.500369;77.424712
7561;18.452218;77.540417
7562;18.405683;77.414422
7563;18.43012;77.434917
7564;18.495061;77.481941
7565;18.42851;77.378563
7566;18.366932;77.419627
7567;18.407424;77.388546
7568;18.453433;77.488465
7569;18.376272;77.471223
7570;18.441898;77.368455
7571;18.393636;77.396569
7572;18.421693;77.42887
7573;18.421319;77.281276
7574;18.543866;77.435062
7575;18.465358;77.472302
7576;18.478588;77.517887
7577;18.361438;77.431877
7578;18.424599;77.525214
7579;18.411377;77.425097
7580;18.51493;77.403413
7581;18.491039;77.310402
7582;18.4202;77.467533
7583;18.509793;77.355243
7584;18.47084;77.507803
7585;18.445372;77.461377
7586;18.510754;77.470922
7587;18.328969;77.378403
7588;18.480329;77.392124
7589;18.442587;77.420227
7590;18.497697;77.507573
7591;18.462687;77.437723
7592;18.444483;77.545213
7593;18.453527;77.45025
7594;18.415362;77.471437
7595;18.396176;77.41817
7596;18.43031;77.440479
7597;18.381473;77.431285
7598;18.504764;77.349051
7599;18.443011;77.454557
7600;18.467022;77.440134
7601;18.386968;77.424143
7602;18.461357;77.434167
7603;18.515654;77.42303
7604;18.470482;77.486643
7605;18.469518;77.529216
7606;18.40028;77.40946
7607;18.467377;77.504951
7608;18.459338;77.420868
7609;18.490305;77.440684
7610;18.422218;77.517705
7611;18.467654;77.484499
7612;18.374601;77.527705
7613;18.437762;77.54668
7614;18.385325;77.469862
7615;18.431798;77.416934
7616;18.396824;77.419094
7617;18.479039;77.435244
7618;18.449686;77.421055
7619;18.356817;77.434631
7620;18.320644;77.41686
7621;18.488701;77.455613
7622;18.461864;77.328316
7623;18.447292;77.407176
7624;18.421784;77.493918
7625;18.565582;77.398131
7626;18.461546;77.388947
7627;18.437792;77.526426
7628;18.468267;77.459072
7629;18.520909;77.402658
7630;18.378737;77.451303
7631;18.427165;77.464081
7632;18.423413;77.452827
7633;18.454888;77.373202
7634;18.349565;77.479197
7635;18.42152;77.446625
7636;18.441919;77.354181
7637;18.436427;77.47654
7638;18.488946;77.522972
7639;18.493731;77.438833
7640;18.488978;77.511789
7641;18.432541;77.446289
7642;18.466989;77.456076
7643;18.454388;77.436767
7644;18.43481;77.486869
7645;18.505017;77.416172
7646;18.506003;77.459416
7647;18.368229;77.448868
7648;18.448614;77.44848
7649;18.510125;77.336241
7650;18.456857;77.471014
7651;18.430566;77.503123
7652;18.348922;77.401107
7653;18.342544;77.47445
7654;18.388314;77.476146
7655;18.4378;77.417044
7656;18.437395;77.454642
7657;18.449752;77.421919
7658;18.431241;77.485032
7659;18.436214;77.424101
7660;18.464065;77.479232
7661;18.333013;77.585732
7662;18.420263;77.533115
7663;18.456442;77.503956
7664;18.423465;77.417699
7665;18.477017;77.474592
7666;18.459657;77.380176
7667;18.48106;77.438597
7668;18.437215;77.464524
7669;18.414474;77.44909
7670;18.452273;77.466007
7671;18.410979;77.455749
7672;18.395851;77.440309
7673;18.427351;77.393721
7674;18.435305;77.532882
7675;18.466559;77.413881
7676;18.459596;77.484291
7677;18.447456;77.407673
7678;18.482763;77.453697
7679;18.484791;77.455955
7680;18.378591;77.521853
7681;18.438995;77.360968
7682;18.419727;77.552038
7683;18.512152;77.423808
7684;18.436732;77.433262
7685;18.432395;77.455147
7686;18.392523;77.372988
7687;18.437433;77.467782
7688;18.499043;77.451601
7689;18.437272;77.449686
7690;18.556262;77.477533
7691;18.472259;77.356524
7692;18.524884;77.459969
7693;18.503511;77.440562
7694;18.454801;77.418289
7695;18.428523;77.395208
7696;18.481655;77.433232
7697;18.402402;77.492583
7698;18.466869;77.460632
7699;18.469018;77.517139
7700;18.52165;77.460658
7701;18.431915;77.358145
7702;18.431928;77.42701
7703;18.484872;77.423496
7704;18.549823;77.466936
7705;18.515134;77.489827
7706;18.480748;77.369559
7707;18.374373;77.482586
7708;18.456019;77.46897
7709;18.458635;77.445047
7710;18.45598;77.474861
7711;18.429093;77.444955
7712;18.526427;77.423508
7713;18.415552;77.457622
7714;18.47651;77.420342
7715;18.438855;77.462615
7716;18.410983;77.357379
7717;18.432022;77.460766
7718;18.487809;77.423518
7719;18.43271;77.480921
7720;18.443931;77.420295
7721;18.443815;77.504321
7722;18.354831;77.285595
7723;18.448218;77.483065
7724;18.464617;77.404752
7725;18.520919;77.469415
7726;18.408957;77.441669
7727;18.374442;77.374043
7728;18.317293;77.451357
7729;18.501129;77.401823
7730;18.467791;77.363821
7731;18.427853;77.532887
7732;18.468746;77.423544
7733;18.486114;77.469726
7734;18.473469;77.391198
7735;18.410134;77.410459
7736;18.487851;77.386411
7737;18.490057;77.536225
7738;18.40812;77.441467
7739;18.492665;77.46352
7740;18.38637;77.445256
7741;18.432252;77.435666
7742;18.403322;77.405347
7743;18.410821;77.461901
7744;18.438156;77.498114
7745;18.510064;77.407296
7746;18.471156;77.502255
7747;18.446634;77.456106
7748;18.479788;77.452178
7749;18.414364;77.516222
7750;18.461053;77.464695
7751;18.473708;77.413176
7752;18.46336;77.449887
7753;18.448907;77.38791
7754;18.432514;77.524749
7755;18.398397;77.441633
7756;18.470733;77.46479
7757;18.457211;77.432586
7758;18.50916;77.362993
7759;18.453559;77.438477
7760;18.476164;77.45858
7761;18.473057;77.455318
7762;18.479803;77.41504
7763;18.40773;77.374737
7764;18.535846;77.435112
7765;18.504802;77.459687
7766;18.350457;77.369645
7767;18.476204;77.369004
7768;18.475694;77.460118
7769;18.443979;77.505161
7770;18.447346;77.445189
7771;18.470098;77.418511
7772;18.438188;77.37217
7773;18.37771;77.489004
7774;18.419236;77.534498
7775;18.468471;77.483679
7776;18.412815;77.428583
7777;18.340204;77.483086
7778;18.450857;77.39595
7779;18.370578;77.572729
7780;18.433539;77.47967
7781;18.363606;77.456502
7782;18.457992;77.459608
7783;18.441973;77.373011
7784;18.347054;77.389486
7785;18.404308;77.378557
7786;18.443447;77.450354
7787;18.441414;77.423357
7788;18.389956;77.4745
7789;18.452146;77.350463
7790;18.449832;77.458785
7791;18.424972;77.38085
7792;18.459113;77.441757
7793;18.542704;77.487943
7794;18.533563;77.339508
7795;18.48244;77.449514
7796;18.510855;77.373748
7797;18.447841;77.501643
7798;18.45391;77.392389
7799;18.460478;77.323932
7800;18.423973;77.448258
7801;18.502608;77.409412
7802;18.423115;77.403089
7803;18.544457;77.4973
7804;18.408002;77.379329
7805;18.396479;77.463115
7806;18.39718;77.409649
7807;18.333055;77.430418
7808;18.440805;77.390069
7809;18.435386;77.40759
7810;18.408668;77.428317
7811;18.442619;77.37784
7812;18.554103;77.572798
7813;18.45269;77.475491
7814;18.487961;77.51168
7815;18.460505;77.518425
7816;18.484117;77.446064
7817;18.438715;77.463079
7818;18.463387;77.382453
7819;18.487196;77.366401
7820;18.377482;77.435823
7821;18.443154;77.491385
7822;18.481558;77.448251
7823;18.492775;77.471011
7824;18.49203;77.449283
7825;18.449283;77.428718
7826;18.447639;77.453017
7827;18.536107;77.423341
7828;18.510424;77.38257
7829;18.394314;77.45381
7830;18.418953;77.522895
7831;18.393767;77.454987
7832;18.491691;77.449923
7833;18.415971;77.490221
7834;18.467159;77.43989
7835;18.515584;77.404578
7836;18.421086;77.516378
7837;18.444461;77.477624
7838;18.513741;77.547931
7839;18.363857;77.467949
7840;18.474828;77.408139
7841;18.477781;77.530284
7842;18.303786;77.49143
7843;18.429043;77.413323
7844;18.40604;77.423576
7845;18.433293;77.473508
7846;18.439352;77.364053
7847;18.510268;77.416819
7848;18.404185;77.451619
7849;18.500363;77.424976
7850;18.48524;77.472505
7851;18.441837;77.447
7852;18.415281;77.408005
7853;18.433213;77.494443
7854;18.44523;77.467277
7855;18.346624;77.397145
7856;18.372882;77.552213
7857;18.40329;77.490839
7858;18.467388;77.431608
7859;18.44745;77.490678
7860;18.390983;77.446927
7861;18.380832;77.386218
7862;18.521436;77.447754
7863;18.422869;77.408534
7864;18.402599;77.486496
7865;18.491968;77.477342
7866;18.488754;77.477714
7867;18.417838;77.468175
7868;18.455397;77.527059
7869;18.438567;77.395801
7870;18.523501;77.50175
7871;18.43004;77.36827
7872;18.426395;77.375915
7873;18.467314;77.363133
7874;18.460841;77.480776
7875;18.449359;77.483557
7876;18.494507;77.440203
7877;18.351509;77.377406
7878;18.421712;77.454919
7879;18.480197;77.481789
7880;18.440492;77.460383
7881;18.488139;77.393363
7882;18.489695;77.416621
7883;18.468462;77.464215
7884;18.465426;77.457464
7885;18.590361;77.464045
7886;18.487754;77.394669
7887;18.468021;77.446613
7888;18.516448;77.519928
7889;18.525849;77.488586
7890;18.43429;77.487002
7891;18.407036;77.490987
7892;18.481595;77.49985
7893;18.532784;77.4717
7894;18.426604;77.457211
7895;18.485738;77.470105
7896;18.4284;77.46409
7897;18.412607;77.420628
7898;18.406706;77.532035
7899;18.428601;77.392241
7900;18.454456;77.464512
7901;18.424965;77.496611
7902;18.528843;77.467033
7903;18.441411;77.486051
7904;18.49495;77.366198
7905;18.406489;77.369725
7906;18.427203;77.457273
7907;18.425097;77.54238
7908;18.478187;77.383592
7909;18.456292;77.369378
7910;18.431235;77.582452
7911;18.467496;77.495859
7912;18.481936;77.418167
7913;18.507593;77.513607
7914;18.501255;77.452443
7915;18.447584;77.432076
7916;18.468191;77.406843
7917;18.424627;77.434151
7918;18.505252;77.410453
7919;18.403766;77.58072
7920;18.408607;77.459315
7921;18.408555;77.450871
7922;18.367834;77.515251
7923;18.40864;77.396864
7924;18.442571;77.414236
7925;18.350917;77.395515
7926;18.470973;77.423218
7927;18.364739;77.468675
7928;18.457226;77.553487
7929;18.472616;77.46738
7930;18.457158;77.399414
7931;18.400914;77.437943
7932;18.426238;77.377362
7933;18.456179;77.394265
7934;18.381966;77.56106
7935;18.411614;77.405178
7936;18.430723;77.504877
7937;18.45889;77.497544
7938;18.524748;77.459988
7939;18.44704;77.439465
7940;18.413167;77.471017
7941;18.464522;77.455783
7942;18.509019;77.408425
7943;18.411442;77.514137
7944;18.47396;77.503607
7945;18.430467;77.382328
7946;18.442561;77.365285
7947;18.46547;77.509552
7948;18.430457;77.436158
7949;18.530623;77.409279
7950;18.444168;77.381487
7951;18.435413;77.388926
7952;18.489169;77.52751
7953;18.427763;77.48728
7954;18.404427;77.447771
7955;18.455206;77.387204
7956;18.544147;77.552975
7957;18.463344;77.43844
7958;18.409761;77.454479
7959;18.487448;77.469935
7960;18.338988;77.536841
7961;18.400927;77.398524
7962;18.431537;77.474294
7963;18.442071;77.381309
7964;18.475223;77.331813
7965;18.557894;77.512759
7966;18.400919;77.417117
7967;18.387577;77.404532
7968;18.42115;77.377041
7969;18.37501;77.505612
7970;18.478775;77.375647
7971;18.4953;77.442153
7972;18.430141;77.365229
7973;18.411756;77.476481
7974;18.443766;77.292735
7975;18.469968;77.502954
7976;18.406729;77.459286
7977;18.480521;77.467082
7978;18.462909;77.516416
7979;18.466816;77.515481
7980;18.44222;77.352951
7981;18.44889;77.442967
7982;18.420431;77.526543
7983;18.384895;77.476627
7984;18.473762;77.389615
7985;18.409755;77.403342
7986;18.445753;77.489526
7987;18.483015;77.455053
7988;18.456255;77.355121
7989;18.474147;77.47251
7990;18.480617;77.465491
7991;18.486377;77.521923
7992;18.459051;77.418697
7993;18.496306;77.505822
7994;18.484552;77.443017
7995;18.401079;77.35054
7996;18.474557;77.399707
7997;18.459202;77.430779
7998;18.543963;77.510059
7999;18.533239;77.483927
8000;18.501722;77.545958
8001;18.430916;77.345803
8002;18.524417;77.444834
8003;18.414616;77.511321
8004;18.456344;77.475301
8005;18.520369;77.490249
8006;18.481525;77.440371
8007;18.368475;77.47804
8008;18.413115;77.441384
8009;18.469579;77.517132
8010;18.458175;77.45637
8011;18.394102;77.43871
8012;18.504353;77.508304
8013;18.41043;77.486066
8014;18.471843;77.432237
8015;18.339093;77.482369
8016;18.465464;77.486954
8017;18.51018;77.336292
8018;18.537917;77.447697
8019;18.492935;77.469953
8020;18.42583;77.47731
8021;18.469976;77.456094
8022;18.453356;77.469669
8023;18.403046;77.449221
8024;18.489783;77.391887
8025;18.46321;77.428524
8026;18.497109;77.406321
8027;18.36618;77.398662
8028;18.407288;77.405186
8029;18.537113;77.416197
8030;18.473737;77.412215
8031;18.449134;77.393395
8032;18.435426;77.414443
8033;18.542105;77.474223
8034;18.534674;77.509286
8035;18.488961;77.459655
8036;18.433192;77.539008
8037;18.458798;77.463952
8038;18.386866;77.512283
8039;18.450583;77.42586
8040;18.455641;77.457211
8041;18.364717;77.409758
8042;18.449091;77.432772
8043;18.381457;77.480555
8044;18.424114;77.486255
8045;18.444622;77.403732
8046;18.420903;77.439154
8047;18.379392;77.430715
8048;18.453256;77.508634
8049;18.497434;77.428685
8050;18.498199;77.438472
8051;18.394582;77.488128
8052;18.518708;77.471405
8053;18.45582;77.494161
8054;18.406475;77.472574
8055;18.471659;77.481733
8056;18.328675;77.492546
8057;18.454482;77.455088
8058;18.428745;77.3419
8059;18.416166;77.427274
8060;18.398579;77.365429
8061;18.449968;77.430995
8062;18.533329;77.466616
8063;18.450482;77.48995
8064;18.412277;77.544765
8065;18.441599;77.492588
8066;18.406086;77.466873
8067;18.464217;77.519548
8068;18.465117;77.445362
8069;18.396865;77.424155
8070;18.473363;77.45099
8071;18.433695;77.521045
8072;18.391483;77.467961
8073;18.486601;77.426811
8074;18.497711;77.34973
8075;18.390891;77.441564
8076;18.429305;77.455228
8077;18.33513;77.534435
8078;18.5051;77.393871
8079;18.353798;77.494386
8080;18.499659;77.397945
8081;18.443801;77.467339
8082;18.370339;77.433611
8083;18.38223;77.469945
8084;18.403723;77.435827
8085;18.455969;77.39717
8086;18.481976;77.403939
8087;18.406241;77.47637
8088;18.419801;77.481692
8089;18.444568;77.536499
8090;18.414594;77.48146
8091;18.422383;77.470514
8092;18.346867;77.462679
8093;18.456548;77.466636
8094;18.429248;77.504646
8095;18.354942;77.437816
8096;18.389219;77.393174
8097;18.464611;77.426372
8098;18.481422;77.527615
8099;18.352821;77.463509
8100;18.447611;77.467081
8101;18.462611;77.358558
8102;18.408556;77.480746
8103;18.428289;77.439267
8104;18.413857;77.482285
8105;18.420972;77.450339
8106;18.470174;77.447676
8107;18.420406;77.469799
8108;18.45948;77.563441
8109;18.411105;77.439486
8110;18.433693;77.4721
8111;18.406469;77.479566
8112;18.35408;77.42914
8113;18.505329;77.424029
8114;18.380902;77.417322
8115;18.517813;77.527531
8116;18.466222;77.592356
8117;18.383996;77.493771
8118;18.451922;77.381858
8119;18.497042;77.496249
8120;18.417928;77.478215
8121;18.462525;77.398348
8122;18.470407;77.426926
8123;18.401798;77.463828
8124;18.419588;77.430296
8125;18.515631;77.444551
8126;18.424093;77.530655
8127;18.447961;77.453915
8128;18.434514;77.461001
8129;18.50975;77.52444
8130;18.437134;77.417974
8131;18.42218;77.413272
8132;18.520199;77.442315
8133;18.456112;77.483918
8134;18.560336;77.489817
8135;18.483704;77.551038
8136;18.421634;77.467431
8137;18.44333;77.42087
8138;18.476126;77.417722
8139;18.411128;77.471517
8140;18.514109;77.369401
8141;18.452299;77.459028
8142;18.446376;77.404648
8143;18.447464;77.420032
8144;18.413413;77.457772
8145;18.396099;77.408512
8146;18.43421;77.512227
8147;18.444421;77.491955
8148;18.505716;77.414682
8149;18.418192;77.464739
8150;18.460839;77.473811
8151;18.459917;77.441254
8152;18.432329;77.430892
8153;18.433179;77.40474
8154;18.483726;77.497482
8155;18.4126;77.460722
8156;18.484757;77.423046
8157;18.54998;77.462446
8158;18.399487;77.319365
8159;18.48631;77.476557
8160;18.46267;77.424062
8161;18.505681;77.450274
8162;18.525403;77.502874
8163;18.461453;77.439792
8164;18.503436;77.435209
8165;18.440861;77.406316
8166;18.466622;77.462128
8167;18.553763;77.380044
8168;18.391722;77.566875
8169;18.457609;77.416301
8170;18.302633;77.446863
8171;18.408003;77.506953
8172;18.464138;77.493402
8173;18.399483;77.479518
8174;18.501179;77.375287
8175;18.407601;77.378999
8176;18.479082;77.384161
8177;18.558708;77.505527
8178;18.394159;77.45663
8179;18.387853;77.489056
8180;18.451067;77.438141
8181;18.429306;77.438774
8182;18.514489;77.459549
8183;18.454229;77.546107
8184;18.479209;77.433881
8185;18.303678;77.423487
8186;18.332444;77.492257
8187;18.365093;77.442137
8188;18.523097;77.527626
8189;18.451511;77.394218
8190;18.50623;77.419493
8191;18.401497;77.47233
8192;18.424696;77.428246
8193;18.479733;77.424097
8194;18.505449;77.432361
8195;18.486119;77.571534
8196;18.456536;77.479502
8197;18.473275;77.475493
8198;18.395752;77.474429
8199;18.484979;77.473539
8200;18.45993;77.434048
8201;18.42083;77.46549
8202;18.442829;77.488327
8203;18.374395;77.441469
8204;18.466073;77.454808
8205;18.407737;77.45816
8206;18.482325;77.459177
8207;18.378507;77.515082
8208;18.514175;77.530463
8209;18.390107;77.468085
8210;18.409865;77.383483
8211;18.405545;77.377505
8212;18.433197;77.4078
8213;18.433462;77.501996
8214;18.455454;77.420837
8215;18.477861;77.426845
8216;18.402762;77.512108
8217;18.378376;77.368043
8218;18.485541;77.425667
8219;18.486098;77.450525
8220;18.4596;77.410306
8221;18.467064;77.451087
8222;18.511681;77.466245
8223;18.448179;77.573424
8224;18.37695;77.455283
8225;18.555343;77.41683
8226;18.454041;77.569536
8227;18.436761;77.475059
8228;18.454636;77.38215
8229;18.455894;77.415296
8230;18.426845;77.328856
8231;18.398586;77.452688
8232;18.58172;77.534699
8233;18.529495;77.416655
8234;18.433112;77.364286
8235;18.344129;77.409758
8236;18.394066;77.42326
8237;18.420486;77.430811
8238;18.383319;77.472809
8239;18.379055;77.444622
8240;18.469102;77.369288
8241;18.43849;77.483232
8242;18.467901;77.382079
8243;18.511615;77.489067
8244;18.431558;77.417874
8245;18.381332;77.416143
8246;18.370972;77.330597
8247;18.402778;77.386248
8248;18.457344;77.446602
8249;18.451675;77.489951
8250;18.341514;77.403367
8251;18.509696;77.547464
8252;18.469115;77.355594
8253;18.379318;77.395872
8254;18.339432;77.442814
8255;18.439162;77.472906
8256;18.344391;77.391996
8257;18.340969;77.520357
8258;18.499701;77.434329
8259;18.359056;77.426286
8260;18.373544;77.47315
8261;18.475644;77.433889
8262;18.425813;77.490542
8263;18.444223;77.384248
8264;18.402153;77.487595
8265;18.436785;77.453019
8266;18.43864;77.453812
8267;18.470709;77.46235
8268;18.413048;77.396818
8269;18.484523;77.388417
8270;18.403261;77.491688
8271;18.539689;77.403161
8272;18.483805;77.520312
8273;18.430725;77.491295
8274;18.446219;77.4113
8275;18.396482;77.425709
8276;18.410304;77.419132
8277;18.42438;77.445072
8278;18.471947;77.373184
8279;18.41612;77.520083
8280;18.412449;77.501045
8281;18.426979;77.383915
8282;18.439175;77.432119
8283;18.497556;77.467204
8284;18.5117;77.512451
8285;18.405315;77.512646
8286;18.491592;77.459093
8287;18.432011;77.410723
8288;18.378491;77.445339
8289;18.418739;77.524383
8290;18.496147;77.510451
8291;18.45193;77.381919
8292;18.513925;77.445784
8293;18.477752;77.454309
8294;18.456352;77.49044
8295;18.50298;77.493023
8296;18.368747;77.426336
8297;18.508157;77.414655
8298;18.458813;77.409627
8299;18.493589;77.421871
8300;18.433481;77.423407
8301;18.385834;77.484019
8302;18.506305;77.452624
8303;18.353573;77.48609
8304;18.404751;77.4684
8305;18.453494;77.340927
8306;18.378853;77.435522
8307;18.463554;77.387214
8308;18.494355;77.506082
8309;18.45969;77.394502
8310;18.526637;77.507814
8311;18.456521;77.43662
8312;18.353976;77.489889
8313;18.38567;77.446804
8314;18.427372;77.484374
8315;18.435249;77.439459
8316;18.47072;77.420679
8317;18.420062;77.511012
8318;18.423051;77.428322
8319;18.445435;77.565666
8320;18.404828;77.437601
8321;18.460102;77.418787
8322;18.462196;77.46099
8323;18.506015;77.563453
8324;18.516247;77.491852
8325;18.447884;77.475224
8326;18.37392;77.442857
8327;18.461861;77.475029
8328;18.475876;77.453742
8329;18.38051;77.352343
8330;18.432536;77.451447
8331;18.452011;77.433606
8332;18.411383;77.470931
8333;18.505885;77.368823
8334;18.436825;77.534151
8335;18.460504;77.456127
8336;18.424892;77.42483
8337;18.38587;77.588782
8338;18.428469;77.478102
8339;18.533274;77.331418
8340;18.356826;77.366766
8341;18.46905;77.443343
8342;18.407644;77.475171
8343;18.443688;77.379638
8344;18.545804;77.35415
8345;18.432943;77.386478
8346;18.49604;77.474542
8347;18.423012;77.535248
8348;18.475308;77.414734
8349;18.378899;77.447776
8350;18.45933;77.385672
8351;18.377081;77.422004
8352;18.454378;77.370526
8353;18.465574;77.521358
8354;18.489388;77.516841
8355;18.472976;77.533538
8356;18.432126;77.443027
8357;18.560329;77.492822
8358;18.419584;77.438277
8359;18.429613;77.536108
8360;18.422625;77.474193
8361;18.45609;77.385332
8362;18.456213;77.401332
8363;18.353337;77.502856
8364;18.380465;77.465829
8365;18.413364;77.456537
8366;18.50219;77.377477
8367;18.462586;77.473541
8368;18.491239;77.35314
8369;18.354864;77.448561
8370;18.409194;77.400841
8371;18.509816;77.458635
8372;18.396648;77.52605
8373;18.454826;77.420346
8374;18.364511;77.498794
8375;18.382954;77.475058
8376;18.442808;77.482318
8377;18.508377;77.534224
8378;18.479264;77.515362
8379;18.46664;77.494318
8380;18.492297;77.489454
8381;18.49436;77.498352
8382;18.437819;77.507121
8383;18.557999;77.419963
8384;18.499163;77.327319
8385;18.44731;77.374013
8386;18.426534;77.371028
8387;18.420772;77.379989
8388;18.368537;77.515818
8389;18.465366;77.420068
8390;18.365172;77.395374
8391;18.461259;77.507746
8392;18.342599;77.475476
8393;18.494114;77.469185
8394;18.480003;77.444617
8395;18.418932;77.389406
8396;18.434398;77.43939
8397;18.362511;77.455337
8398;18.573546;77.430977
8399;18.474503;77.397884
8400;18.474616;77.39508
8401;18.506435;77.466797
8402;18.425433;77.524919
8403;18.435827;77.442429
8404;18.47671;77.394715
8405;18.404974;77.477743
8406;18.351015;77.485254
8407;18.430782;77.416998
8408;18.374073;77.454553
8409;18.430519;77.456753
8410;18.477844;77.484271
8411;18.454514;77.484661
8412;18.37217;77.369203
8413;18.396358;77.357552
8414;18.49607;77.456352
8415;18.509912;77.407574
8416;18.409264;77.462562
8417;18.418642;77.329826
8418;18.51658;77.389768
8419;18.492379;77.553189
8420;18.407447;77.391233
8421;18.444462;77.458288
8422;18.475728;77.51668
8423;18.393981;77.430126
8424;18.52127;77.516226
8425;18.446054;77.484617
8426;18.55448;77.467384
8427;18.466886;77.435838
8428;18.458131;77.374839
8429;18.419629;77.493503
8430;18.38757;77.552801
8431;18.442323;77.431017
8432;18.408007;77.457675
8433;18.47515;77.521786
8434;18.449503;77.399453
8435;18.470344;77.42858
8436;18.417285;77.470283
8437;18.503449;77.348441
8438;18.492079;77.500737
8439;18.482264;77.441291
8440;18.341229;77.478075
8441;18.383469;77.506077
8442;18.421999;77.568958
8443;18.474272;77.435772
8444;18.489087;77.425399
8445;18.489554;77.504865
8446;18.406554;77.392606
8447;18.39529;77.445117
8448;18.520947;77.442088
8449;18.412434;77.45736
8450;18.416915;77.489276
8451;18.444191;77.532898
8452;18.508176;77.523884
8453;18.382557;77.376624
8454;18.445589;77.354645
8455;18.581648;77.485208
8456;18.46822;77.499544
8457;18.475322;77.48277
8458;18.419922;77.409772
8459;18.427588;77.440835
8460;18.373451;77.50261
8461;18.384571;77.423132
8462;18.405541;77.354027
8463;18.412095;77.445614
8464;18.40307;77.422367
8465;18.521912;77.430102
8466;18.592176;77.412367
8467;18.407203;77.417826
8468;18.435955;77.400772
8469;18.525967;77.419796
8470;18.391565;77.41448
8471;18.529628;77.489027
8472;18.41602;77.48264
8473;18.506258;77.398857
8474;18.459946;77.527344
8475;18.462057;77.437717
8476;18.492036;77.462089
8477;18.400194;77.408492
8478;18.358742;77.462132
8479;18.41659;77.411281
8480;18.565741;77.458316
8481;18.554572;77.449328
8482;18.477715;77.405785
8483;18.455431;77.513122
8484;18.483607;77.514724
8485;18.470856;77.518161
8486;18.542695;77.559915
8487;18.439904;77.525667
8488;18.391641;77.457853
8489;18.436052;77.51814
8490;18.478806;77.425507
8491;18.478866;77.478349
8492;18.446563;77.408775
8493;18.457057;77.533247
8494;18.433607;77.496659
8495;18.517825;77.464053
8496;18.487847;77.435221
8497;18.386468;77.486672
8498;18.55367;77.407566
8499;18.484204;77.436064
8500;18.46585;77.434472
8501;18.360809;77.486443
8502;18.452777;77.486667
8503;18.401236;77.491984
8504;18.423526;77.404637
8505;18.542594;77.435413
8506;18.500693;77.533677
8507;18.434051;77.479825
8508;18.478598;77.424481
8509;18.386529;77.42849
8510;18.377818;77.510423
8511;18.404754;77.498784
8512;18.398091;77.393958
8513;18.450335;77.472922
8514;18.394268;77.427219
8515;18.43322;77.490482
8516;18.454285;77.383695
8517;18.513668;77.370775
8518;18.487519;77.372702
8519;18.423367;77.371782
8520;18.474431;77.492051
8521;18.441975;77.382754
8522;18.333971;77.426028
8523;18.424429;77.516082
8524;18.456443;77.433975
8525;18.475184;77.583555
8526;18.378729;77.462336
8527;18.489817;77.42953
8528;18.417735;77.450186
8529;18.530618;77.447237
8530;18.524863;77.40286
8531;18.534482;77.434313
8532;18.405278;77.545777
8533;18.492607;77.423877
8534;18.492916;77.462473
8535;18.466386;77.362251
8536;18.446261;77.499301
8537;18.427656;77.40759
8538;18.433653;77.545415
8539;18.527903;77.368251
8540;18.467506;77.408885
8541;18.488856;77.431524
8542;18.386272;77.559302
8543;18.508553;77.475841
8544;18.470643;77.501265
8545;18.427445;77.390384
8546;18.46652;77.431442
8547;18.575523;77.368964
8548;18.464468;77.415989
8549;18.50023;77.456759
8550;18.476104;77.479119
8551;18.460901;77.391733
8552;18.406596;77.451018
8553;18.41096;77.40541
8554;18.44287;77.378386
8555;18.466658;77.457522
8556;18.418442;77.477431
8557;18.499882;77.477728
8558;18.350943;77.468573
8559;18.437328;77.433667
8560;18.426392;77.407055
8561;18.351137;77.364159
8562;18.414603;77.442732
8563;18.389888;77.367155
8564;18.484148;77.443871
8565;18.444698;77.401079
8566;18.425853;77.42109
8567;18.4255;77.510604
8568;18.442899;77.569549
8569;18.423914;77.468942
8570;18.466114;77.466297
8571;18.337478;77.433965
8572;18.477722;77.470341
8573;18.457552;77.521601
8574;18.414252;77.506878
8575;18.463033;77.520323
8576;18.310615;77.431508
8577;18.467997;77.454771
8578;18.430704;77.416682
8579;18.507229;77.474345
8580;18.535034;77.456765
8581;18.46526;77.501681
8582;18.399023;77.469557
8583;18.483361;77.40775
8584;18.524021;77.391555
8585;18.439612;77.487131
8586;18.4236;77.442942
8587;18.486614;77.43282
8588;18.500694;77.391801
8589;18.452084;77.460622
8590;18.530746;77.394253
8591;18.513532;77.455978
8592;18.446571;77.471036
8593;18.506288;77.405858
8594;18.421708;77.466673
8595;18.469624;77.398654
8596;18.448125;77.515575
8597;18.399472;77.442259
8598;18.544811;77.463492
8599;18.389349;77.515729
8600;18.468582;77.410813
8601;18.473421;77.395828
8602;18.455118;77.46348
8603;18.516252;77.481564
8604;18.442029;77.442393
8605;18.429203;77.443466
8606;18.41327;77.376427
8607;18.40902;77.466215
8608;18.439524;77.45655
8609;18.433218;77.439573
8610;18.494428;77.403074
8611;18.397373;77.400409
8612;18.41009;77.384386
8613;18.473931;77.386372
8614;18.421297;77.366176
8615;18.436226;77.462012
8616;18.445453;77.333112
8617;18.46663;77.362039
8618;18.435056;77.437875
8619;18.384201;77.511218
8620;18.471719;77.40149
8621;18.338416;77.578524
8622;18.392139;77.473553
8623;18.539165;77.488921
8624;18.437684;77.453488
8625;18.498555;77.51122
8626;18.393136;77.444819
8627;18.429307;77.440041
8628;18.465017;77.478683
8629;18.421258;77.456248
8630;18.434337;77.357775
8631;18.471943;77.402229
8632;18.449772;77.461933
8633;18.538556;77.46311
8634;18.455708;77.421819
8635;18.489866;77.495982
8636;18.483119;77.332104
8637;18.366474;77.361003
8638;18.456941;77.418947
8639;18.561919;77.466636
8640;18.522531;77.445415
8641;18.444225;77.45054
8642;18.519488;77.394085
8643;18.450183;77.498998
8644;18.44068;77.402408
8645;18.387913;77.534758
8646;18.457474;77.373082
8647;18.431975;77.459092
8648;18.419617;77.462186
8649;18.390711;77.446174
8650;18.465792;77.493155
8651;18.389946;77.525939
8652;18.471208;77.426621
8653;18.45642;77.46442
8654;18.473066;77.423273
8655;18.540208;77.480814
8656;18.394079;77.437703
8657;18.454426;77.457005
8658;18.45028;77.440972
8659;18.438174;77.462398
8660;18.542514;77.464139
8661;18.470378;77.443429
8662;18.37988;77.506022
8663;18.39434;77.505628
8664;18.469607;77.466974
8665;18.452472;77.408818
8666;18.478603;77.457514
8667;18.497825;77.427842
8668;18.46593;77.460272
8669;18.445256;77.388176
8670;18.469683;77.398551
8671;18.39439;77.457908
8672;18.447765;77.469308
8673;18.422846;77.434797
8674;18.481868;77.511782
8675;18.470335;77.467103
8676;18.4397;77.478363
8677;18.45218;77.399219
8678;18.406552;77.462055
8679;18.376683;77.465977
8680;18.441506;77.492126
8681;18.546089;77.436508
8682;18.371632;77.455265
8683;18.49232;77.48139
8684;18.510697;77.344965
8685;18.461785;77.504039
8686;18.40791;77.485557
8687;18.523047;77.488035
8688;18.437489;77.474886
8689;18.476846;77.540558
8690;18.347284;77.478652
8691;18.469889;77.435835
8692;18.505121;77.422146
8693;18.444559;77.526585
8694;18.458879;77.555264
8695;18.43589;77.454624
8696;18.323;77.465971
8697;18.376431;77.465767
8698;18.456306;77.354116
8699;18.454368;77.475372
8700;18.412422;77.457383
8701;18.423509;77.433191
8702;18.502298;77.428614
8703;18.430395;77.381179
8704;18.425251;77.499129
8705;18.432617;77.47408
8706;18.425199;77.412611
8707;18.34999;77.489127
8708;18.406405;77.46016
8709;18.505916;77.398272
8710;18.453128;77.420265
8711;18.37714;77.49586
8712;18.448028;77.504653
8713;18.405044;77.500377
8714;18.450972;77.439495
8715;18.359585;77.49482
8716;18.443979;77.436617
8717;18.372011;77.407046
8718;18.496528;77.459781
8719;18.459956;77.42739
8720;18.513554;77.486451
8721;18.501255;77.407996
8722;18.434712;77.451942
8723;18.423986;77.358031
8724;18.384007;77.479126
8725;18.488871;77.446284
8726;18.505423;77.462434
8727;18.47065;77.509778
8728;18.464791;77.451501
8729;18.355099;77.462163
8730;18.538946;77.39163
8731;18.421638;77.429625
8732;18.452429;77.556369
8733;18.493297;77.491712
8734;18.392932;77.426412
8735;18.531319;77.488027
8736;18.47047;77.314542
8737;18.360508;77.443069
8738;18.437809;77.495052
8739;18.429864;77.424718
8740;18.480975;77.477182
8741;18.420367;77.370056
8742;18.424516;77.471605
8743;18.500991;77.393319
8744;18.425129;77.386329
8745;18.363805;77.485763
8746;18.504313;77.490344
8747;18.385646;77.46545
8748;18.464553;77.468449
8749;18.44232;77.386619
8750;18.500553;77.463018
8751;18.382699;77.366303
8752;18.504634;77.382516
8753;18.351527;77.534921
8754;18.474994;77.480142
8755;18.42314;77.541725
8756;18.559217;77.458832
8757;18.493989;77.435108
8758;18.446207;77.396335
8759;18.382039;77.492734
8760;18.442081;77.394319
8761;18.460321;77.378683
8762;18.42099;77.445678
8763;18.466824;77.461993
8764;18.455731;77.529876
8765;18.4881;77.405923
8766;18.439811;77.454814
8767;18.506751;77.411983
8768;18.432541;77.389387
8769;18.474523;77.454076
8770;18.384573;77.411654
8771;18.403995;77.43919
8772;18.458952;77.392479
8773;18.38084;77.501441
8774;18.506013;77.435483
8775;18.367426;77.4868
8776;18.490331;77.502085
8777;18.458564;77.461498
8778;18.381263;77.458054
8779;18.47111;77.415144
8780;18.495786;77.384612
8781;18.46597;77.379013
8782;18.396451;77.423247
8783;18.469928;77.495956
8784;18.461641;77.448313
8785;18.469099;77.472575
8786;18.454754;77.448036
8787;18.506762;77.476412
8788;18.471287;77.486636
8789;18.40432;77.474167
8790;18.400904;77.436984
8791;18.411431;77.541695
8792;18.527304;77.449498
8793;18.323694;77.513456
8794;18.428302;77.299051
8795;18.462374;77.446551
8796;18.415491;77.426617
8797;18.427542;77.43051
8798;18.474189;77.509128
8799;18.459771;77.482689
8800;18.405598;77.446597
8801;18.527247;77.499897
8802;18.531454;77.471637
8803;18.35238;77.547561
8804;18.492006;77.472428
8805;18.459189;77.387797
8806;18.473856;77.504165
8807;18.392685;77.435316
8808;18.410481;77.441229
8809;18.386035;77.423593
8810;18.461408;77.482784
8811;18.402703;77.45035
8812;18.438943;77.460011
8813;18.484267;77.51062
8814;18.481981;77.510815
8815;18.463987;77.381842
8816;18.445958;77.377325
8817;18.438239;77.475662
8818;18.378431;77.475927
8819;18.385281;77.448302
8820;18.43309;77.508374
8821;18.43033;77.451389
8822;18.457991;77.45765
8823;18.514482;77.433065
8824;18.43477;77.40892
8825;18.363004;77.490442
8826;18.473926;77.51851
8827;18.473943;77.490273
8828;18.402261;77.320432
8829;18.472234;77.425914
8830;18.438373;77.416397
8831;18.433897;77.445204
8832;18.416587;77.489652
8833;18.437447;77.404583
8834;18.504698;77.378996
8835;18.382707;77.478311
8836;18.489099;77.479239
8837;18.465501;77.432556
8838;18.502265;77.445019
8839;18.44381;77.469688
8840;18.423074;77.482567
8841;18.548146;77.477828
8842;18.46179;77.542114
8843;18.420703;77.436975
8844;18.445772;77.486269
8845;18.464724;77.420117
8846;18.472359;77.40661
8847;18.462137;77.507614
8848;18.583684;77.41803
8849;18.450623;77.504855
8850;18.422578;77.504314
8851;18.474887;77.401419
8852;18.393328;77.431744
8853;18.424212;77.403842
8854;18.500697;77.387834
8855;18.429017;77.426515
8856;18.445;77.509649
8857;18.430425;77.416681
8858;18.406475;77.336306
8859;18.446925;77.451508
8860;18.434253;77.534253
8861;18.340671;77.380149
8862;18.411331;77.375203
8863;18.451995;77.504534
8864;18.426136;77.462831
8865;18.517768;77.469412
8866;18.364274;77.390289
8867;18.503446;77.443965
8868;18.369331;77.400198
8869;18.481145;77.441894
8870;18.430947;77.491365
8871;18.408627;77.439091
8872;18.555588;77.46242
8873;18.421688;77.412416
8874;18.437672;77.437383
8875;18.452197;77.420161
8876;18.383675;77.38831
8877;18.413045;77.512818
8878;18.482678;77.420559
8879;18.460069;77.438293
8880;18.438251;77.534687
8881;18.44124;77.382102
8882;18.301517;77.462555
8883;18.439014;77.5295
8884;18.444117;77.481036
8885;18.594119;77.485628
8886;18.519516;77.448317
8887;18.433699;77.401319
8888;18.470304;77.441731
8889;18.394147;77.521789
8890;18.38062;77.375281
8891;18.430432;77.458809
8892;18.494946;77.565158
8893;18.48032;77.412806
8894;18.433027;77.468584
8895;18.468268;77.487077
8896;18.358959;77.420119
8897;18.428399;77.407592
8898;18.370209;77.420471
8899;18.512438;77.446592
8900;18.503603;77.419374
8901;18.596122;77.487518
8902;18.49864;77.437544
8903;18.453323;77.433402
8904;18.411367;77.377863
8905;18.409848;77.396872
8906;18.420067;77.510882
8907;18.416826;77.430912
8908;18.478354;77.363868
8909;18.45583;77.47236
8910;18.541781;77.437227
8911;18.485673;77.380075
8912;18.478704;77.468153
8913;18.34735;77.39806
8914;18.445099;77.419177
8915;18.529028;77.452147
8916;18.505734;77.517247
8917;18.468505;77.493081
8918;18.447565;77.440696
8919;18.40903;77.41294
8920;18.502727;77.50164
8921;18.476221;77.441582
8922;18.443631;77.43014
8923;18.467032;77.501967
8924;18.479324;77.464716
8925;18.467392;77.439695
8926;18.425484;77.449894
8927;18.402709;77.482786
8928;18.347837;77.370934
8929;18.541245;77.475296
8930;18.51966;77.488266
8931;18.489756;77.432893
8932;18.520466;77.48042
8933;18.371664;77.421255
8934;18.449237;77.416346
8935;18.4424;77.484239
8936;18.418665;77.490812
8937;18.527978;77.443621
8938;18.435057;77.424569
8939;18.517053;77.352435
8940;18.469614;77.418705
8941;18.407257;77.387011
8942;18.316189;77.390886
8943;18.526765;77.427302
8944;18.349728;77.506265
8945;18.356169;77.426362
8946;18.476181;77.448824
8947;18.417562;77.482688
8948;18.434409;77.538481
8949;18.360269;77.44594
8950;18.422901;77.348526
8951;18.483717;77.460308
8952;18.522021;77.455475
8953;18.478629;77.469703
8954;18.395795;77.444874
8955;18.440414;77.444797
8956;18.444483;77.48375
8957;18.486502;77.47288
8958;18.420965;77.407304
8959;18.377716;77.391218
8960;18.40936;77.397458
8961;18.379593;77.547976
8962;18.394267;77.353198
8963;18.375254;77.314022
8964;18.521449;77.476423
8965;18.396858;77.519983
8966;18.448019;77.411196
8967;18.408006;77.48266
8968;18.337959;77.391785
8969;18.451133;77.435749
8970;18.384582;77.534518
8971;18.3792;77.437339
8972;18.439832;77.464447
8973;18.427649;77.455513
8974;18.406472;77.360362
8975;18.508801;77.392221
8976;18.559153;77.360881
8977;18.400818;77.475597
8978;18.430566;77.521757
8979;18.475809;77.486651
8980;18.48599;77.470573
8981;18.518139;77.43219
8982;18.405888;77.495934
8983;18.435405;77.499285
8984;18.380024;77.373491
8985;18.46916;77.490175
8986;18.502389;77.372828
8987;18.548582;77.310562
8988;18.512161;77.416779
8989;18.501715;77.439775
8990;18.455949;77.460691
8991;18.421177;77.466177
8992;18.431661;77.40003
8993;18.406012;77.460236
8994;18.437987;77.504576
8995;18.379396;77.458795
8996;18.376395;77.404676
8997;18.538337;77.506532
8998;18.453124;77.486913
8999;18.388163;77.472837
9000;18.563528;77.462079
9001;18.509833;77.525611
9002;18.471939;77.382957
9003;18.380088;77.48355
9004;18.40708;77.498043
9005;18.389594;77.491966
9006;18.41591;77.486411
9007;18.436927;77.399776
9008;18.416817;77.435457
9009;18.450548;77.45222
9010;18.480389;77.437563
9011;18.372971;77.458947
9012;18.370288;77.407439
9013;18.418295;77.439665
9014;18.303097;77.436297
9015;18.409853;77.487992
9016;18.395239;77.481294
9017;18.431595;77.46479
9018;18.441532;77.422857
9019;18.397931;77.4831
9020;18.490587;77.47627
9021;18.440723;77.458108
9022;18.47092;77.510573
9023;18.456207;77.461856
9024;18.509461;77.425228
9025;18.5347;77.429176
9026;18.453912;77.420619
9027;18.446025;77.403187
9028;18.416822;77.386099
9029;18.441368;77.440972
9030;18.427594;77.516781
9031;18.405092;77.535572
9032;18.446208;77.436902
9033;18.454128;77.464331
9034;18.462695;77.517885
9035;18.398654;77.465789
9036;18.424597;77.450173
9037;18.460456;77.441065
9038;18.432633;77.438101
9039;18.417829;77.469641
9040;18.410809;77.509562
9041;18.366784;77.401613
9042;18.429841;77.479271
9043;18.435374;77.491811
9044;18.397914;77.511135
9045;18.483621;77.439143
9046;18.401455;77.462462
9047;18.494323;77.496419
9048;18.488509;77.369317
9049;18.33194;77.370473
9050;18.449577;77.405843
9051;18.393926;77.396543
9052;18.412552;77.526824
9053;18.472316;77.410841
9054;18.404764;77.437274
9055;18.481466;77.472105
9056;18.445587;77.424692
9057;18.547415;77.538307
9058;18.368109;77.465693
9059;18.42467;77.461669
9060;18.396273;77.434937
9061;18.415921;77.481445
9062;18.459378;77.42932
9063;18.455476;77.409918
9064;18.560995;77.455061
9065;18.457258;77.360503
9066;18.368321;77.444542
9067;18.410886;77.47609
9068;18.403391;77.458369
9069;18.402119;77.4529
9070;18.469784;77.433682
9071;18.410721;77.510475
9072;18.421786;77.423769
9073;18.429021;77.421355
9074;18.385398;77.4431
9075;18.446698;77.400916
9076;18.460453;77.392967
9077;18.41662;77.411497
9078;18.436258;77.476908
9079;18.427998;77.451241
9080;18.438872;77.390508
9081;18.430162;77.406583
9082;18.499835;77.505392
9083;18.452686;77.472168
9084;18.43307;77.504939
9085;18.418682;77.37904
9086;18.439241;77.432677
9087;18.402211;77.471956
9088;18.45477;77.474994
9089;18.496957;77.441552
9090;18.332279;77.472875
9091;18.436568;77.398283
9092;18.460493;77.43155
9093;18.382187;77.407773
9094;18.408167;77.432133
9095;18.357895;77.483314
9096;18.455836;77.42059
9097;18.403102;77.387031
9098;18.466367;77.422147
9099;18.50449;77.514391
9100;18.386202;77.428249
9101;18.43867;77.541342
9102;18.434135;77.420375
9103;18.441515;77.485228
9104;18.517811;77.30599
9105;18.400442;77.437291
9106;18.384557;77.449173
9107;18.362949;77.397407
9108;18.47121;77.556513
9109;18.467459;77.431401
9110;18.472799;77.478663
9111;18.446119;77.371547
9112;18.433831;77.460992
9113;18.476591;77.441143
9114;18.386257;77.373891
9115;18.50946;77.471069
9116;18.342797;77.506094
9117;18.488284;77.451199
9118;18.515993;77.54136
9119;18.48119;77.470711
9120;18.424332;77.491655
9121;18.466193;77.487773
9122;18.441384;77.420192
9123;18.367547;77.435355
9124;18.543286;77.51767
9125;18.417772;77.584753
9126;18.556576;77.457694
9127;18.43799;77.438928
9128;18.450148;77.52351
9129;18.425428;77.382189
9130;18.532983;77.435756
9131;18.511197;77.454445
9132;18.429033;77.364347
9133;18.453983;77.410436
9134;18.484313;77.409291
9135;18.524341;77.419706
9136;18.429359;77.526535
9137;18.368692;77.484957
9138;18.371889;77.427205
9139;18.434569;77.498376
9140;18.433893;77.501874
9141;18.351455;77.574235
9142;18.491705;77.456991
9143;18.408692;77.478488
9144;18.422925;77.484891
9145;18.404601;77.449399
9146;18.403882;77.4249
9147;18.339151;77.352621
9148;18.421247;77.407167
9149;18.435341;77.425702
9150;18.43915;77.433192
9151;18.431996;77.478545
9152;18.469104;77.433979
9153;18.386293;77.378979
9154;18.422242;77.540178
9155;18.417413;77.481399
9156;18.479861;77.443686
9157;18.570854;77.492049
9158;18.491575;77.372299
9159;18.416119;77.407737
9160;18.483231;77.480149
9161;18.554366;77.442879
9162;18.583637;77.435114
9163;18.481976;77.540819
9164;18.391012;77.433047
9165;18.505125;77.451502
9166;18.445977;77.422219
9167;18.519178;77.495174
9168;18.457674;77.480492
9169;18.459001;77.430063
9170;18.414901;77.414801
9171;18.360163;77.444506
9172;18.418865;77.367848
9173;18.384538;77.44278
9174;18.398422;77.4586
9175;18.412831;77.424542
9176;18.499968;77.435061
9177;18.406835;77.363236
9178;18.436434;77.476481
9179;18.50282;77.461588
9180;18.471292;77.491413
9181;18.274635;77.475916
9182;18.375912;77.507179
9183;18.452165;77.42169
9184;18.370098;77.486318
9185;18.390639;77.445141
9186;18.412984;77.481424
9187;18.417456;77.548121
9188;18.487622;77.456431
9189;18.518067;77.412773
9190;18.408544;77.410134
9191;18.462869;77.511452
9192;18.452389;77.482964
9193;18.354298;77.452817
9194;18.449362;77.398259
9195;18.45277;77.528793
9196;18.387268;77.439971
9197;18.394415;77.452263
9198;18.373474;77.427061
9199;18.353102;77.418094
9200;18.564614;77.385131
9201;18.408399;77.416654
9202;18.432461;77.459608
9203;18.417685;77.427645
9204;18.465768;77.443312
9205;18.412753;77.547444
9206;18.444471;77.421244
9207;18.491937;77.544615
9208;18.446516;77.409055
9209;18.420542;77.536233
9210;18.403076;77.493428
9211;18.418202;77.494472
9212;18.418267;77.443979
9213;18.488102;77.448296
9214;18.475635;77.399017
9215;18.458389;77.386958
9216;18.426177;77.428191
9217;18.422937;77.44906
9218;18.391066;77.433275
9219;18.457616;77.483802
9220;18.362792;77.45491
9221;18.447166;77.44885
9222;18.452207;77.452782
9223;18.49843;77.388445
9224;18.38385;77.525187
9225;18.467406;77.442004
9226;18.437934;77.435288
9227;18.437247;77.418668
9228;18.471644;77.411931
9229;18.494047;77.527705
9230;18.466725;77.436099
9231;18.446304;77.436522
9232;18.446638;77.4717
9233;18.413783;77.479814
9234;18.463083;77.515441
9235;18.475382;77.465933
9236;18.492084;77.432446
9237;18.393092;77.418816
9238;18.447086;77.451986
9239;18.418111;77.556221
9240;18.435904;77.430911
9241;18.495177;77.475621
9242;18.43469;77.501032
9243;18.461737;77.413628
9244;18.428191;77.467984
9245;18.494466;77.433204
9246;18.442024;77.519345
9247;18.519589;77.497072
9248;18.418074;77.42948
9249;18.480131;77.412741
9250;18.435151;77.458087
9251;18.444741;77.403414
9252;18.428306;77.421827
9253;18.526508;77.445928
9254;18.493596;77.527346
9255;18.466592;77.456073
9256;18.427647;77.448535
9257;18.454354;77.412036
9258;18.479069;77.43629
9259;18.498657;77.455351
9260;18.386263;77.440451
9261;18.48526;77.488866
9262;18.458044;77.483146
9263;18.411139;77.422659
9264;18.4042;77.537082
9265;18.423767;77.443135
9266;18.467019;77.492352
9267;18.401693;77.506525
9268;18.379461;77.443219
9269;18.484762;77.432239
9270;18.400911;77.447261
9271;18.438158;77.394657
9272;18.342935;77.455241
9273;18.445225;77.422846
9274;18.406481;77.406501
9275;18.44774;77.37567
9276;18.410746;77.373841
9277;18.37702;77.415845
9278;18.405958;77.451424
9279;18.459343;77.424201
9280;18.422891;77.404143
9281;18.382759;77.489606
9282;18.565829;77.396019
9283;18.412766;77.50502
9284;18.417662;77.475787
9285;18.407421;77.542472
9286;18.375321;77.398051
9287;18.434149;77.385221
9288;18.432476;77.307929
9289;18.400331;77.416668
9290;18.416458;77.447654
9291;18.4551;77.4571
9292;18.536331;77.367024
9293;18.377203;77.495303
9294;18.447544;77.419224
9295;18.492324;77.485021
9296;18.41999;77.534512
9297;18.458637;77.441117
9298;18.428582;77.341042
9299;18.522153;77.401534
9300;18.508575;77.407219
9301;18.410601;77.417223
9302;18.502767;77.395788
9303;18.419289;77.484
9304;18.458968;77.402777
9305;18.374796;77.442943
9306;18.392629;77.411535
9307;18.489247;77.502373
9308;18.448078;77.359937
9309;18.442927;77.539892
9310;18.447305;77.409907
9311;18.454015;77.442415
9312;18.507666;77.39003
9313;18.355731;77.469939
9314;18.397492;77.39936
9315;18.452061;77.47995
9316;18.494303;77.470723
9317;18.40353;77.486373
9318;18.409353;77.397652
9319;18.458474;77.44257
9320;18.352893;77.380397
9321;18.484486;77.394517
9322;18.484952;77.421411
9323;18.326469;77.42831
9324;18.461222;77.365852
9325;18.426456;77.399525
9326;18.562212;77.550967
9327;18.458136;77.414609
9328;18.475597;77.58192
9329;18.414395;77.486953
9330;18.44326;77.427835
9331;18.383882;77.440237
9332;18.389974;77.409719
9333;18.50764;77.518605
9334;18.478137;77.400151
9335;18.479544;77.431671
9336;18.465061;77.493195
9337;18.359473;77.444503
9338;18.46947;77.520265
9339;18.478609;77.540856
9340;18.436926;77.424882
9341;18.48486;77.380107
9342;18.390702;77.494782
9343;18.46053;77.522102
9344;18.468305;77.409398
9345;18.354325;77.537197
9346;18.436908;77.526697
9347;18.515675;77.437145
9348;18.393452;77.46518
9349;18.421963;77.480212
9350;18.378086;77.332768
9351;18.508293;77.546498
9352;18.437896;77.392191
9353;18.455153;77.507568
9354;18.405075;77.521827
9355;18.394723;77.449606
9356;18.429944;77.462818
9357;18.436541;77.454756
9358;18.416098;77.475838
9359;18.501162;77.450835
9360;18.529049;77.440644
9361;18.419883;77.508664
9362;18.48489;77.491488
9363;18.372259;77.328846
9364;18.478236;77.509346
9365;18.479216;77.414177
9366;18.410408;77.465137
9367;18.462939;77.387649
9368;18.429734;77.424404
9369;18.438422;77.467887
9370;18.452796;77.456387
9371;18.464275;77.459906
9372;18.412117;77.504653
9373;18.566195;77.412318
9374;18.427663;77.442988
9375;18.482197;77.490052
9376;18.465991;77.509144
9377;18.470351;77.467242
9378;18.400297;77.423829
9379;18.50053;77.422321
9380;18.488455;77.452669
9381;18.424904;77.418094
9382;18.39515;77.386723
9383;18.438407;77.457779
9384;18.394737;77.439896
9385;18.442191;77.491297
9386;18.402636;77.37088
9387;18.483891;77.502916
9388;18.452702;77.465436
9389;18.493982;77.52813
9390;18.43864;77.489764
9391;18.400086;77.529283
9392;18.458034;77.418026
9393;18.411203;77.537343
9394;18.457613;77.387305
9395;18.491618;77.372977
9396;18.465137;77.423858
9397;18.452488;77.463826
9398;18.495575;77.544075
9399;18.395297;77.363217
9400;18.421925;77.509167
9401;18.552361;77.464479
9402;18.48003;77.465474
9403;18.479908;77.459629
9404;18.439718;77.417226
9405;18.442585;77.55158
9406;18.469039;77.549795
9407;18.547852;77.407006
9408;18.451022;77.488769
9409;18.432264;77.401456
9410;18.443981;77.402149
9411;18.520396;77.349664
9412;18.428764;77.492663
9413;18.458841;77.463255
9414;18.456644;77.493236
9415;18.439823;77.549429
9416;18.404735;77.451103
9417;18.475025;77.410285
9418;18.5095;77.42398
9419;18.380451;77.601012
9420;18.467321;77.374491
9421;18.460115;77.41747
9422;18.412827;77.608603
9423;18.406457;77.407943
9424;18.376122;77.522497
9425;18.443414;77.497508
9426;18.361587;77.50023
9427;18.498016;77.48715
9428;18.485003;77.413969
9429;18.456169;77.529948
9430;18.405022;77.482023
9431;18.429574;77.451194
9432;18.342474;77.503322
9433;18.430238;77.518737
9434;18.386732;77.457624
9435;18.477718;77.430444
9436;18.481578;77.532885
9437;18.374259;77.488624
9438;18.449175;77.4616
9439;18.494122;77.476203
9440;18.452151;77.501267
9441;18.434924;77.49429
9442;18.447545;77.45466
9443;18.54296;77.405023
9444;18.47991;77.366603
9445;18.429156;77.47109
9446;18.426577;77.466489
9447;18.521704;77.464002
9448;18.425386;77.481753
9449;18.465231;77.455173
9450;18.437365;77.333614
9451;18.435031;77.436888
9452;18.412945;77.38323
9453;18.45141;77.442871
9454;18.559357;77.503818
9455;18.355654;77.41085
9456;18.399039;77.370725
9457;18.467992;77.364109
9458;18.527409;77.443086
9459;18.451938;77.443545
9460;18.46264;77.560591
9461;18.483813;77.409085
9462;18.505541;77.291295
9463;18.417091;77.476011
9464;18.432108;77.421744
9465;18.462307;77.435776
9466;18.422056;77.404597
9467;18.414813;77.447184
9468;18.42881;77.462637
9469;18.451874;77.447586
9470;18.469881;77.373993
9471;18.431034;77.424682
9472;18.376315;77.334085
9473;18.343974;77.460053
9474;18.467463;77.449793
9475;18.397122;77.381587
9476;18.457653;77.407941
9477;18.488953;77.460498
9478;18.413723;77.436102
9479;18.40961;77.496009
9480;18.384233;77.410844
9481;18.499989;77.398961
9482;18.491559;77.440564
9483;18.472821;77.412838
9484;18.349244;77.340557
9485;18.45505;77.479826
9486;18.370184;77.450871
9487;18.430766;77.472254
9488;18.396389;77.502946
9489;18.444966;77.387625
9490;18.474515;77.360627
9491;18.421661;77.41925
9492;18.458782;77.415405
9493;18.514619;77.433804
9494;18.449373;77.435189
9495;18.357566;77.394022
9496;18.487224;77.42353
9497;18.391217;77.446019
9498;18.47413;77.527063
9499;18.50527;77.434301
9500;18.436736;77.44316
9501;18.421369;77.405515
9502;18.300072;77.443175
9503;18.409488;77.394623
9504;18.394451;77.437238
9505;18.533369;77.460213
9506;18.401502;77.484596
9507;18.410333;77.491712
9508;18.422916;77.494602
9509;18.421441;77.430263
9510;18.447579;77.468263
9511;18.474485;77.424903
9512;18.490163;77.407158
9513;18.374517;77.381922
9514;18.545542;77.42298
9515;18.462232;77.582495
9516;18.420138;77.438728
9517;18.479164;77.442082
9518;18.480475;77.391376
9519;18.338582;77.411068
9520;18.502639;77.476683
9521;18.474536;77.449077
9522;18.459922;77.505027
9523;18.331027;77.515392
9524;18.420756;77.505984
9525;18.382998;77.371737
9526;18.479059;77.515433
9527;18.398902;77.469208
9528;18.445253;77.471019
9529;18.449836;77.363154
9530;18.471066;77.435875
9531;18.426558;77.479366
9532;18.489491;77.440517
9533;18.545634;77.389762
9534;18.413321;77.341646
9535;18.41519;77.43716
9536;18.408293;77.474321
9537;18.414543;77.451706
9538;18.450238;77.526374
9539;18.434458;77.444964
9540;18.434717;77.397098
9541;18.429632;77.43252
9542;18.448827;77.366214
9543;18.443681;77.537119
9544;18.522109;77.429452
9545;18.453512;77.484802
9546;18.387724;77.449015
9547;18.50307;77.396712
9548;18.453735;77.421335
9549;18.359617;77.404891
9550;18.378569;77.512074
9551;18.369433;77.498094
9552;18.485339;77.456864
9553;18.492795;77.437076
9554;18.412038;77.488147
9555;18.417353;77.520594
9556;18.421028;77.421457
9557;18.443025;77.452966
9558;18.49192;77.400132
9559;18.404132;77.460695
9560;18.421198;77.416991
9561;18.370291;77.49708
9562;18.454556;77.38661
9563;18.505675;77.496152
9564;18.44477;77.445464
9565;18.467846;77.344444
9566;18.381389;77.413985
9567;18.521334;77.343768
9568;18.363782;77.36424
9569;18.496844;77.40456
9570;18.460315;77.411264
9571;18.47244;77.491235
9572;18.46248;77.42813
9573;18.39397;77.530867
9574;18.514348;77.49112
9575;18.47633;77.464852
9576;18.453763;77.411944
9577;18.433211;77.457191
9578;18.368866;77.451876
9579;18.433605;77.423089
9580;18.453806;77.424229
9581;18.527536;77.432685
9582;18.464236;77.391454
9583;18.448915;77.395323
9584;18.436135;77.439029
9585;18.399472;77.493806
9586;18.448915;77.49126
9587;18.378775;77.465428
9588;18.45839;77.448956
9589;18.520349;77.453734
9590;18.411554;77.39256
9591;18.473591;77.513512
9592;18.419939;77.345324
9593;18.416365;77.482729
9594;18.496922;77.424537
9595;18.424808;77.417815
9596;18.382641;77.403703
9597;18.516266;77.446924
9598;18.378365;77.463085
9599;18.527148;77.394593
9600;18.56221;77.520704
9601;18.47129;77.414148
9602;18.454366;77.515368
9603;18.527497;77.439314
9604;18.386124;77.385787
9605;18.351528;77.428722
9606;18.419911;77.469951
9607;18.419176;77.511196
9608;18.518884;77.445115
9609;18.405015;77.463338
9610;18.391072;77.496681
9611;18.443794;77.405017
9612;18.458208;77.396947
9613;18.491176;77.49799
9614;18.326643;77.43162
9615;18.464956;77.447383
9616;18.432057;77.429074
9617;18.525621;77.43743
9618;18.371092;77.55646
9619;18.538104;77.424292
9620;18.449073;77.538645
9621;18.428244;77.49066
9622;18.513785;77.386776
9623;18.505341;77.422208
9624;18.389036;77.555262
9625;18.483021;77.424496
9626;18.511882;77.454558
9627;18.37961;77.456268
9628;18.482312;77.459752
9629;18.488672;77.516803
9630;18.441059;77.439589
9631;18.469638;77.438595
9632;18.424098;77.484801
9633;18.485563;77.481532
9634;18.498696;77.408287
9635;18.415039;77.412047
9636;18.475546;77.44153
9637;18.446481;77.485495
9638;18.413904;77.520419
9639;18.498426;77.490105
9640;18.473536;77.422806
9641;18.499617;77.480383
9642;18.456835;77.438501
9643;18.433891;77.451053
9644;18.435798;77.480609
9645;18.46541;77.439906
9646;18.436128;77.557075
9647;18.428184;77.438131
9648;18.346408;77.537908
9649;18.37426;77.503356
9650;18.424212;77.370688
9651;18.347281;77.498828
9652;18.454894;77.534693
9653;18.4447;77.446105
9654;18.352227;77.543547
9655;18.509121;77.48966
9656;18.48737;77.302362
9657;18.431099;77.469093
9658;18.46462;77.427045
9659;18.533442;77.405636
9660;18.366956;77.430662
9661;18.487908;77.417462
9662;18.496458;77.459642
9663;18.386026;77.418775
9664;18.469657;77.439691
9665;18.404086;77.482393
9666;18.48275;77.566809
9667;18.415479;77.450896
9668;18.480655;77.476291
9669;18.443226;77.457411
9670;18.436026;77.433795
9671;18.484304;77.411212
9672;18.482685;77.403637
9673;18.438973;77.488634
9674;18.547679;77.477419
9675;18.490206;77.579413
9676;18.434965;77.389199
9677;18.422964;77.542528
9678;18.412245;77.434419
9679;18.324126;77.386884
9680;18.438186;77.514257
9681;18.452695;77.448693
9682;18.443984;77.439868
9683;18.500123;77.375697
9684;18.394885;77.460568
9685;18.49218;77.483693
9686;18.407914;77.422105
9687;18.463578;77.374598
9688;18.439996;77.433763
9689;18.312839;77.531116
9690;18.435682;77.458665
9691;18.468627;77.411961
9692;18.468571;77.440064
9693;18.469162;77.405759
9694;18.404495;77.458932
9695;18.381534;77.439255
9696;18.454877;77.457569
9697;18.478183;77.460332
9698;18.479407;77.507493
9699;18.448721;77.425906
9700;18.406136;77.379457
9701;18.465877;77.42518
9702;18.363455;77.41379
9703;18.493949;77.452468
9704;18.53666;77.445989
9705;18.449316;77.48286
9706;18.529247;77.47058
9707;18.407481;77.489268
9708;18.415189;77.411658
9709;18.471959;77.447941
9710;18.443259;77.411732
9711;18.401969;77.427219
9712;18.374764;77.541345
9713;18.427032;77.500706
9714;18.429898;77.537237
9715;18.448301;77.494077
9716;18.370571;77.433001
9717;18.404629;77.503767
9718;18.491388;77.360876
9719;18.554402;77.429545
9720;18.380507;77.438158
9721;18.468791;77.480538
9722;18.489731;77.462223
9723;18.409609;77.399015
9724;18.396729;77.431684
9725;18.419081;77.475614
9726;18.423402;77.416858
9727;18.490903;77.508784
9728;18.359866;77.505488
9729;18.394322;77.425874
9730;18.490393;77.483047
9731;18.452094;77.450088
9732;18.408748;77.409554
9733;18.416588;77.518291
9734;18.488004;77.496671
9735;18.378155;77.439182
9736;18.387725;77.436043
9737;18.388859;77.532891
9738;18.405783;77.402374
9739;18.503304;77.548662
9740;18.511776;77.365564
9741;18.398679;77.503976
9742;18.50192;77.461155
9743;18.371238;77.523831
9744;18.484488;77.439442
9745;18.373249;77.388281
9746;18.414262;77.477324
9747;18.411347;77.408412
9748;18.400627;77.394696
9749;18.415286;77.50268
9750;18.502835;77.444011
9751;18.454846;77.462404
9752;18.458833;77.487752
9753;18.482825;77.503482
9754;18.556099;77.417274
9755;18.391427;77.411748
9756;18.497257;77.473375
9757;18.405126;77.34968
9758;18.493713;77.462569
9759;18.420035;77.344335
9760;18.451734;77.348692
9761;18.425236;77.49495
9762;18.429993;77.491629
9763;18.417716;77.464499
9764;18.368881;77.450472
9765;18.414349;77.463475
9766;18.364188;77.45492
9767;18.482599;77.517763
9768;18.39885;77.474234
9769;18.457109;77.458812
9770;18.420091;77.423599
9771;18.453071;77.37686
9772;18.392843;77.552394
9773;18.404305;77.381646
9774;18.461508;77.471105
9775;18.430833;77.527458
9776;18.411383;77.449697
9777;18.435492;77.444054
9778;18.427449;77.457531
9779;18.412729;77.435035
9780;18.50847;77.479193
9781;18.402684;77.47337
9782;18.460697;77.499003
9783;18.476127;77.445077
9784;18.44083;77.43952
9785;18.451182;77.419926
9786;18.446877;77.524554
9787;18.402064;77.441366
9788;18.505842;77.43462
9789;18.520519;77.448404
9790;18.395723;77.369213
9791;18.430093;77.535023
9792;18.462611;77.380555
9793;18.421053;77.408491
9794;18.420037;77.354835
9795;18.481497;77.376668
9796;18.347965;77.515861
9797;18.456514;77.45052
9798;18.46756;77.421993
9799;18.485583;77.512344
9800;18.384176;77.449331
9801;18.44768;77.466233
9802;18.449295;77.483606
9803;18.394774;77.455185
9804;18.477824;77.401871
9805;18.428652;77.470067
9806;18.490574;77.434675
9807;18.423905;77.533943
9808;18.463633;77.439956
9809;18.404035;77.361118
9810;18.410157;77.383464
9811;18.449174;77.454909
9812;18.458288;77.439257
9813;18.482463;77.438157
9814;18.448179;77.465162
9815;18.508724;77.396345
9816;18.500995;77.474509
9817;18.285797;77.444783
9818;18.40017;77.492198
9819;18.433727;77.416978
9820;18.486759;77.340654
9821;18.46512;77.403639
9822;18.408534;77.468117
9823;18.45014;77.435096
9824;18.379915;77.431165
9825;18.481056;77.44554
9826;18.541506;77.41246
9827;18.45594;77.454804
9828;18.540478;77.509571
9829;18.443913;77.397159
9830;18.497143;77.429609
9831;18.428228;77.404574
9832;18.495183;77.399914
9833;18.446499;77.42432
9834;18.445164;77.501156
9835;18.451356;77.483514
9836;18.534721;77.435389
9837;18.433911;77.402031
9838;18.495456;77.391749
9839;18.311846;77.466143
9840;18.443234;77.438351
9841;18.392268;77.389278
9842;18.475654;77.429052
9843;18.46145;77.456081
9844;18.494403;77.449946
9845;18.432375;77.471195
9846;18.499904;77.476033
9847;18.406184;77.478291
9848;18.421165;77.576201
9849;18.40894;77.35809
9850;18.438797;77.484926
9851;18.486702;77.510348
9852;18.497616;77.49744
9853;18.535947;77.483836
9854;18.420583;77.456561
9855;18.416008;77.462127
9856;18.456004;77.370858
9857;18.396785;77.425263
9858;18.463573;77.512613
9859;18.5795;77.531944
9860;18.464666;77.517785
9861;18.449904;77.420386
9862;18.516144;77.423012
9863;18.451607;77.38027
9864;18.456663;77.423567
9865;18.50736;77.483924
9866;18.520127;77.517678
9867;18.434853;77.451414
9868;18.447463;77.533676
9869;18.443356;77.510701
9870;18.535399;77.574084
9871;18.507506;77.361705
9872;18.341989;77.427263
9873;18.397519;77.562524
9874;18.396837;77.491799
9875;18.480597;77.461798
9876;18.390079;77.464723
9877;18.481819;77.458714
9878;18.433592;77.436283
9879;18.476774;77.464481
9880;18.487167;77.534867
9881;18.487818;77.479872
9882;18.484293;77.478755
9883;18.445766;77.383403
9884;18.415278;77.419098
9885;18.403262;77.432291
9886;18.431789;77.461678
9887;18.393434;77.37666
9888;18.421961;77.361772
9889;18.487953;77.471699
9890;18.379164;77.464174
9891;18.478313;77.485809
9892;18.427479;77.511877
9893;18.50491;77.420896
9894;18.386051;77.445603
9895;18.419395;77.458868
9896;18.441526;77.39687
9897;18.459148;77.532938
9898;18.471252;77.506901
9899;18.543273;77.494139
9900;18.450143;77.517158
9901;18.546301;77.512302
9902;18.417195;77.480927
9903;18.449049;77.431868
9904;18.443894;77.496931
9905;18.467764;77.445932
9906;18.50138;77.426349
9907;18.481553;77.365738
9908;18.486721;77.530471
9909;18.424282;77.441948
9910;18.337845;77.498405
9911;18.518141;77.456864
9912;18.44575;77.481542
9913;18.43448;77.445737
9914;18.411464;77.435499
9915;18.398936;77.480348
9916;18.505552;77.461112
9917;18.459083;77.460045
9918;18.423884;77.458924
9919;18.371043;77.472156
9920;18.432269;77.404073
9921;18.468657;77.392339
9922;18.462929;77.454752
9923;18.514344;77.370605
9924;18.346853;77.468705
9925;18.465982;77.384006
9926;18.375643;77.37497
9927;18.388922;77.528529
9928;18.452903;77.451113
9929;18.455567;77.436308
9930;18.429516;77.442121
9931;18.50045;77.45506
9932;18.443557;77.41154
9933;18.509615;77.491133
9934;18.440526;77.35917
9935;18.367083;77.373256
9936;18.371184;77.477105
9937;18.386784;77.300433
9938;18.401575;77.35633
9939;18.409581;77.566555
9940;18.487298;77.519181
9941;18.443218;77.478997
9942;18.425478;77.464309
9943;18.463108;77.399595
9944;18.613705;77.35458
9945;18.475297;77.357542
9946;18.408785;77.399941
9947;18.512506;77.474668
9948;18.360798;77.401801
9949;18.450926;77.445753
9950;18.459977;77.431657
9951;18.47441;77.516714
9952;18.450184;77.462431
9953;18.448026;77.445394
9954;18.494173;77.478548
9955;18.409924;77.399156
9956;18.500395;77.519292
9957;18.531437;77.494164
9958;18.410154;77.481069
9959;18.413025;77.462732
9960;18.435301;77.516497
9961;18.470808;77.315376
9962;18.450554;77.470509
9963;18.492576;77.49141
9964;18.447175;77.501535
9965;18.330817;77.435111
9966;18.32221;77.465988
9967;18.371151;77.395015
9968;18.385074;77.426078
9969;18.415122;77.389569
9970;18.496873;77.465674
9971;18.446186;77.438609
9972;18.529599;77.46463
9973;18.428071;77.452285
9974;18.37699;77.492216
9975;18.422278;77.428808
9976;18.43034;77.511707
9977;18.365135;77.455229
9978;18.494747;77.494994
9979;18.401861;77.502609
9980;18.405117;77.511936
9981;18.419136;77.497064
9982;18.509184;77.484807
9983;18.46175;77.434953
9984;18.454983;77.397722
9985;18.490091;77.513995
9986;18.41217;77.506595
9987;18.525005;77.388626
9988;18.496564;77.517175
9989;18.526017;77.367367
9990;18.438547;77.50464
9991;18.438413;77.456299
9992;18.442898;77.407975
9993;18.439953;77.49272
9994;18.407681;77.419788
9995;18.491435;77.460571
9996;18.454464;77.454646
9997;18.441725;77.466973
9998;18.337379;77.371908
9999;18.537715;77.437904
10000;18.48196;77.460255
10001;18.414825;77.473863
10002;18.35371;77.44198
10003;18.441366;77.47638
10004;18.513545;77.415484
10005;18.529457;77.475672
10006;18.456053;77.550235
10007;18.480528;77.476686
10008;18.445704;77.469853
10009;18.495886;77.354281
10010;18.381405;77.411674
10011;18.424164;77.503006
10012;18.4402;77.392447
10013;18.494081;77.495465
10014;18.374334;77.385431
10015;18.492783;77.40245
10016;18.398246;77.475458
10017;18.394931;77.46932
10018;18.35367;77.357452
10019;18.378511;77.461324
10020;18.368634;77.442922
10021;18.40741;77.415087
10022;18.40018;77.41457
10023;18.326655;77.372869
10024;18.445009;77.418793
10025;18.536473;77.479631
10026;18.431823;77.41937
10027;18.464244;77.403617
10028;18.423797;77.435301
10029;18.48877;77.478536
10030;18.423142;77.47398
10031;18.503949;77.457829
10032;18.525386;77.436241
10033;18.405977;77.511987
10034;18.412894;77.433983
10035;18.502982;77.366783
10036;18.458531;77.527533
10037;18.49864;77.475872
10038;18.489892;77.435057
10039;18.446884;77.490148
10040;18.529159;77.429691
10041;18.428914;77.469256
10042;18.428446;77.530988
10043;18.486178;77.524754
10044;18.472026;77.403258
10045;18.428427;77.471616
10046;18.520047;77.401263
10047;18.4835;77.48391
10048;18.428613;77.393251
10049;18.455453;77.402038
10050;18.467118;77.495627
10051;18.444293;77.460302
10052;18.400879;77.475904
10053;18.421433;77.473304
10054;18.47074;77.358609
10055;18.446176;77.414674
10056;18.509733;77.487476
10057;18.413858;77.441777
10058;18.396794;77.457493
10059;18.463926;77.481293
10060;18.366382;77.41243
10061;18.456182;77.445065
10062;18.429539;77.453544
10063;18.43249;77.442349
10064;18.509274;77.509251
10065;18.598222;77.497755
10066;18.360897;77.44677
10067;18.531639;77.425978
10068;18.390106;77.37369
10069;18.404911;77.387488
10070;18.426347;77.469318
10071;18.397075;77.459429
10072;18.426388;77.408769
10073;18.507407;77.465108
10074;18.383138;77.375757
10075;18.436684;77.447994
10076;18.428609;77.480094
10077;18.485558;77.431094
10078;18.45382;77.480332
10079;18.473914;77.514712
10080;18.339233;77.451073
10081;18.530105;77.504007
10082;18.407675;77.407886
10083;18.504803;77.5117
10084;18.461422;77.40286
10085;18.507071;77.532589
10086;18.367585;77.43556
10087;18.527865;77.456245
10088;18.444679;77.505001
10089;18.497936;77.503899
10090;18.434865;77.495731
10091;18.512523;77.504436
10092;18.446992;77.401256
10093;18.378601;77.510389
10094;18.416578;77.45325
10095;18.448724;77.388907
10096;18.452982;77.574351
10097;18.417748;77.467416
10098;18.326239;77.39876
10099;18.367584;77.44395
10100;18.477776;77.415973
10101;18.418275;77.540554
10102;18.402985;77.528339
10103;18.410477;77.407242
10104;18.500935;77.40982
10105;18.460357;77.489313
10106;18.424104;77.445156
10107;18.462464;77.446624
10108;18.435406;77.465127
10109;18.487338;77.442178
10110;18.337865;77.42071
10111;18.448365;77.468551
10112;18.459658;77.442934
10113;18.466626;77.442513
10114;18.536402;77.48359
10115;18.415984;77.388474
10116;18.375661;77.52645
10117;18.397404;77.439227
10118;18.409849;77.421069
10119;18.471853;77.422564
10120;18.494038;77.495812
10121;18.475065;77.391099
10122;18.386355;77.478427
10123;18.38568;77.394827
10124;18.466566;77.44328
10125;18.461772;77.444084
10126;18.552787;77.405843
10127;18.495972;77.322802
10128;18.385777;77.457754
10129;18.475031;77.431478
10130;18.404815;77.436928
10131;18.365285;77.479827
10132;18.502354;77.435663
10133;18.457528;77.489524
10134;18.403528;77.435352
10135;18.448958;77.469851
10136;18.426354;77.470217
10137;18.447473;77.40955
10138;18.473117;77.453026
10139;18.496792;77.426982
10140;18.515756;77.47735
10141;18.383776;77.485308
10142;18.518531;77.4506
10143;18.437503;77.450895
10144;18.461454;77.395256
10145;18.496387;77.493134
10146;18.477083;77.46344
10147;18.405709;77.436062
10148;18.381472;77.512777
10149;18.444204;77.368088
10150;18.349273;77.565819
10151;18.511097;77.448881
10152;18.415282;77.408787
10153;18.430718;77.447638
10154;18.439852;77.31931
10155;18.453751;77.483686
10156;18.354728;77.529116
10157;18.457696;77.522712
10158;18.456739;77.50354
10159;18.439637;77.494104
10160;18.47638;77.442897
10161;18.406642;77.399734
10162;18.492171;77.483391
10163;18.452669;77.509909
10164;18.413122;77.49873
10165;18.423311;77.382069
10166;18.490476;77.486425
10167;18.460425;77.461076
10168;18.424922;77.490595
10169;18.451812;77.484957
10170;18.389699;77.36242
10171;18.493134;77.47266
10172;18.420108;77.350422
10173;18.472277;77.534404
10174;18.425862;77.402562
10175;18.368224;77.434208
10176;18.331578;77.490695
10177;18.418972;77.49897
10178;18.490211;77.520786
10179;18.376544;77.459236
10180;18.403529;77.415296
10181;18.435211;77.45827
10182;18.422688;77.407761
10183;18.498279;77.378997
10184;18.407393;77.481314
10185;18.406818;77.4486
10186;18.442784;77.482705
10187;18.415017;77.534221
10188;18.438761;77.461462
10189;18.444416;77.409299
10190;18.409624;77.388159
10191;18.43432;77.443539
10192;18.509181;77.415482
10193;18.491763;77.480254
10194;18.480451;77.408861
10195;18.476372;77.460172
10196;18.43409;77.430778
10197;18.451314;77.341935
10198;18.520259;77.431815
10199;18.484376;77.407074
10200;18.484095;77.491543
10201;18.436862;77.461222
10202;18.505187;77.507092
10203;18.467653;77.347327
10204;18.436661;77.417299
10205;18.470131;77.456315
10206;18.46662;77.440936
10207;18.441524;77.478641
10208;18.385683;77.494494
10209;18.457647;77.432664
10210;18.412743;77.439864
10211;18.514653;77.494351
10212;18.408132;77.398806
10213;18.448636;77.452669
10214;18.399017;77.396678
10215;18.494434;77.464579
10216;18.396986;77.450852
10217;18.423007;77.453426
10218;18.455904;77.499549
10219;18.508811;77.508779
10220;18.442182;77.510422
10221;18.44896;77.349913
10222;18.465105;77.420471
10223;18.406051;77.426898
10224;18.493952;77.35353
10225;18.473716;77.403653
10226;18.558645;77.459695
10227;18.368221;77.561595
10228;18.442805;77.509465
10229;18.369909;77.499821
10230;18.421465;77.458107
10231;18.436077;77.565127
10232;18.407167;77.391039
10233;18.458368;77.439264
10234;18.40467;77.377163
10235;18.463997;77.414645
10236;18.512917;77.461098
10237;18.493619;77.496319
10238;18.455725;77.496177
10239;18.556525;77.416667
10240;18.434731;77.434051
10241;18.468223;77.373717
10242;18.515129;77.443504
10243;18.459942;77.437696
10244;18.499233;77.467084
10245;18.393676;77.526513
10246;18.443412;77.500041
10247;18.488962;77.44532
10248;18.444013;77.432471
10249;18.398168;77.377284
10250;18.380822;77.444404
10251;18.463881;77.489604
10252;18.437362;77.397705
10253;18.46268;77.466372
10254;18.405378;77.43979
10255;18.465797;77.426998
10256;18.412768;77.503697
10257;18.511366;77.419498
10258;18.426634;77.523392
10259;18.416475;77.39569
10260;18.457965;77.401941
10261;18.488824;77.53195
10262;18.533158;77.418952
10263;18.573976;77.41905
10264;18.462642;77.451811
10265;18.443743;77.512965
10266;18.429372;77.417517
10267;18.398395;77.423702
10268;18.445799;77.445172
10269;18.366535;77.429907
10270;18.418657;77.47174
10271;18.422037;77.450334
10272;18.375394;77.432183
10273;18.53219;77.400484
10274;18.463252;77.454614
10275;18.487635;77.502288
10276;18.393099;77.387362
10277;18.456925;77.453135
10278;18.390329;77.392785
10279;18.425137;77.466905
10280;18.456322;77.360138
10281;18.568191;77.45196
10282;18.562661;77.491666
10283;18.486551;77.570963
10284;18.481024;77.390301
10285;18.462732;77.477771
10286;18.49463;77.496041
10287;18.421579;77.399973
10288;18.418117;77.414193
10289;18.44868;77.481419
10290;18.524335;77.444692
10291;18.510951;77.426104
10292;18.514689;77.422142
10293;18.48989;77.494523
10294;18.459956;77.58853
10295;18.364076;77.49017
10296;18.435212;77.37908
10297;18.313612;77.422335
10298;18.443494;77.520325
10299;18.558925;77.380377
10300;18.458993;77.53881
10301;18.497956;77.476735
10302;18.450295;77.449178
10303;18.404295;77.488358
10304;18.495614;77.369879
10305;18.414201;77.350815
10306;18.419321;77.501494
10307;18.448157;77.425298
10308;18.460815;77.523306
10309;18.458414;77.485869
10310;18.457985;77.44726
10311;18.36535;77.408822
10312;18.456935;77.460543
10313;18.509429;77.431889
10314;18.39266;77.455037
10315;18.445545;77.479312
10316;18.42038;77.452272
10317;18.437429;77.47803
10318;18.538138;77.545763
10319;18.416945;77.445798
10320;18.476607;77.461374
10321;18.464763;77.469962
10322;18.433079;77.476633
10323;18.486947;77.426027
10324;18.472463;77.453808
10325;18.460323;77.354119
10326;18.461704;77.430937
10327;18.453506;77.456217
10328;18.387608;77.38572
10329;18.466758;77.364421
10330;18.470924;77.437015
10331;18.480284;77.490559
10332;18.430233;77.477076
10333;18.439456;77.421619
10334;18.493662;77.434999
10335;18.380294;77.426865
10336;18.460512;77.450412
10337;18.504794;77.442108
10338;18.387927;77.540171
10339;18.317413;77.491113
10340;18.378451;77.432249
10341;18.383654;77.384594
10342;18.406057;77.48864
10343;18.403197;77.504869
10344;18.454178;77.544486
10345;18.549025;77.451763
10346;18.529776;77.395911
10347;18.463452;77.373726
10348;18.410963;77.431443
10349;18.355953;77.479261
10350;18.43142;77.415029
10351;18.400131;77.359523
10352;18.486456;77.383296
10353;18.520798;77.388392
10354;18.427612;77.499452
10355;18.467344;77.37286
10356;18.408755;77.46925
10357;18.457408;77.374005
10358;18.433586;77.428848
10359;18.404934;77.456727
10360;18.412117;77.446386
10361;18.452619;77.436354
10362;18.514728;77.5058
10363;18.417025;77.402674
10364;18.4413;77.476848
10365;18.420206;77.474118
10366;18.44659;77.409277
10367;18.459818;77.405045
10368;18.416719;77.448006
10369;18.481245;77.445569
10370;18.353639;77.336494
10371;18.480447;77.390325
10372;18.419017;77.419764
10373;18.417485;77.458409
10374;18.507829;77.498096
10375;18.465885;77.496216
10376;18.370479;77.544854
10377;18.51932;77.388901
10378;18.460163;77.444798
10379;18.478798;77.439871
10380;18.48705;77.505678
10381;18.426974;77.405058
10382;18.453684;77.42569
10383;18.477963;77.451233
10384;18.4764;77.484793
10385;18.493661;77.429319
10386;18.447053;77.461411
10387;18.395099;77.517221
10388;18.452724;77.483389
10389;18.382924;77.438607
10390;18.516135;77.431756
10391;18.413106;77.385696
10392;18.390066;77.445325
10393;18.376958;77.495386
10394;18.379498;77.527363
10395;18.51271;77.457588
10396;18.465649;77.413077
10397;18.413997;77.424383
10398;18.433178;77.343885
10399;18.463456;77.434225
10400;18.488585;77.480194
10401;18.348343;77.445363
10402;18.484201;77.432357
10403;18.354118;77.369115
10404;18.384163;77.389238
10405;18.47188;77.444521
10406;18.427783;77.532702
10407;18.442312;77.441573
10408;18.48572;77.477413
10409;18.486142;77.44913
10410;18.456969;77.491002
10411;18.448048;77.496578
10412;18.475757;77.471168
10413;18.386219;77.503724
10414;18.40578;77.360176
10415;18.405978;77.460136
10416;18.476142;77.515384
10417;18.461965;77.475369
10418;18.541775;77.338645
10419;18.355097;77.415945
10420;18.404808;77.535599
10421;18.474786;77.464754
10422;18.502415;77.418839
10423;18.444779;77.467109
10424;18.38281;77.466433
10425;18.455185;77.490679
10426;18.473258;77.438577
10427;18.434247;77.555166
10428;18.49347;77.424269
10429;18.434333;77.541542
10430;18.474746;77.478908
10431;18.43951;77.392335
10432;18.382696;77.543023
10433;18.436326;77.445421
10434;18.430454;77.521746
10435;18.407632;77.419493
10436;18.471759;77.415032
10437;18.471826;77.443556
10438;18.423625;77.508429
10439;18.363808;77.488268
10440;18.437553;77.45042
10441;18.463449;77.45629
10442;18.444554;77.440756
10443;18.307889;77.400855
10444;18.469333;77.488123
10445;18.484916;77.452387
10446;18.493846;77.403574
10447;18.427327;77.510109
10448;18.483114;77.41139
10449;18.467831;77.476209
10450;18.457666;77.390815
10451;18.436731;77.412513
10452;18.449805;77.434791
10453;18.476942;77.465851
10454;18.460016;77.462314
10455;18.416467;77.407582
10456;18.368671;77.470037
10457;18.442628;77.515744
10458;18.421667;77.546927
10459;18.460152;77.390358
10460;18.416515;77.356653
10461;18.476708;77.46807
10462;18.4362;77.43097
10463;18.367158;77.503798
10464;18.524501;77.431194
10465;18.446704;77.481542
10466;18.441353;77.447408
10467;18.43736;77.492319
10468;18.486541;77.453236
10469;18.456392;77.378212
10470;18.327951;77.499997
10471;18.462452;77.386322
10472;18.552947;77.502858
10473;18.45807;77.464954
10474;18.546782;77.448047
10475;18.506315;77.498053
10476;18.46363;77.531896
10477;18.405038;77.536964
10478;18.463746;77.557449
10479;18.433651;77.474835
10480;18.452794;77.444132
10481;18.41316;77.466709
10482;18.517826;77.383178
10483;18.516075;77.476253
10484;18.457407;77.565157
10485;18.445143;77.399802
10486;18.511389;77.446371
10487;18.474514;77.466217
10488;18.389038;77.465822
10489;18.477735;77.466005
10490;18.457654;77.499657
10491;18.451556;77.483557
10492;18.43539;77.470456
10493;18.455167;77.500508
10494;18.438075;77.469713
10495;18.438202;77.471057
10496;18.450493;77.485107
10497;18.438793;77.448992
10498;18.418825;77.547987
10499;18.527794;77.531412
10500;18.427839;77.43973
10501;18.421235;77.487633
10502;18.514935;77.470327
10503;18.477623;77.479291
10504;18.498312;77.403697
10505;18.408902;77.448484
10506;18.519447;77.451635
10507;18.51685;77.466357
10508;18.379414;77.425169
10509;18.468893;77.510169
10510;18.38417;77.438852
10511;18.484373;77.444184
10512;18.501698;77.438655
10513;18.463352;77.501774
10514;18.524299;77.416251
10515;18.37917;77.43793
10516;18.5304;77.304745
10517;18.441015;77.428706
10518;18.480205;77.436774
10519;18.464;77.486547
10520;18.384921;77.454738
10521;18.453619;77.369588
10522;18.467544;77.42874
10523;18.452968;77.468633
10524;18.525342;77.461427
10525;18.518915;77.364964
10526;18.458091;77.487834
10527;18.419927;77.537103
10528;18.441049;77.490964
10529;18.436372;77.503474
10530;18.421167;77.366371
10531;18.451762;77.489119
10532;18.448482;77.454029
10533;18.454489;77.459145
10534;18.558525;77.482685
10535;18.436729;77.396125
10536;18.479206;77.522996
10537;18.409921;77.437351
10538;18.429476;77.471329
10539;18.391383;77.458699
10540;18.534372;77.472509
10541;18.415936;77.43525
10542;18.44132;77.495896
10543;18.398105;77.414021
10544;18.464248;77.377532
10545;18.40788;77.407574
10546;18.555799;77.416394
10547;18.460752;77.458742
10548;18.463006;77.454186
10549;18.466751;77.453052
10550;18.484646;77.558476
10551;18.531564;77.356085
10552;18.488308;77.484713
10553;18.445939;77.417292
10554;18.4412;77.448535
10555;18.44145;77.458485
10556;18.352786;77.463553
10557;18.480358;77.491955
10558;18.410595;77.490744
10559;18.368549;77.442687
10560;18.453652;77.484687
10561;18.489424;77.510627
10562;18.465327;77.422953
10563;18.507064;77.390356
10564;18.433599;77.453833
10565;18.541978;77.463984
10566;18.48417;77.402891
10567;18.505167;77.508493
10568;18.406629;77.454977
10569;18.433412;77.437858
10570;18.445802;77.397512
10571;18.438091;77.473247
10572;18.540373;77.404859
10573;18.45113;77.444025
10574;18.417845;77.422226
10575;18.44102;77.476656
10576;18.396098;77.452839
10577;18.467687;77.415454
10578;18.414535;77.516698
10579;18.419605;77.415361
10580;18.454227;77.485438
10581;18.441657;77.389151
10582;18.435159;77.488736
10583;18.451392;77.443332
10584;18.434001;77.418768
10585;18.367532;77.439438
10586;18.453463;77.531273
10587;18.344338;77.425602
10588;18.4161;77.41699
10589;18.536873;77.411926
10590;18.433694;77.505837
10591;18.405907;77.440245
10592;18.453685;77.49768
10593;18.498574;77.450591
10594;18.558792;77.424347
10595;18.482797;77.460302
10596;18.399333;77.408808
10597;18.55977;77.486489
10598;18.462888;77.404004
10599;18.437299;77.444627
10600;18.429541;77.577529
10601;18.520963;77.427656
10602;18.479446;77.484582
10603;18.466983;77.621655
10604;18.42174;77.367429
10605;18.47195;77.467516
10606;18.483628;77.425161
10607;18.420193;77.470702
10608;18.425307;77.445423
10609;18.426901;77.394696
10610;18.470075;77.517966
10611;18.433684;77.410036
10612;18.435539;77.482377
10613;18.542908;77.473882
10614;18.503792;77.457625
10615;18.431447;77.325955
10616;18.403984;77.396233
10617;18.429518;77.380989
10618;18.444674;77.413274
10619;18.471597;77.372423
10620;18.446911;77.484248
10621;18.458912;77.413377
10622;18.433393;77.468987
10623;18.432923;77.476116
10624;18.489304;77.447204
10625;18.383614;77.459828
10626;18.413186;77.49313
10627;18.469776;77.389813
10628;18.475487;77.463415
10629;18.440045;77.54511
10630;18.375002;77.412928
10631;18.396289;77.454123
10632;18.4344;77.53429
10633;18.531657;77.394187
10634;18.531463;77.481857
10635;18.360038;77.433093
10636;18.495123;77.437157
10637;18.459933;77.497004
10638;18.555583;77.385042
10639;18.484427;77.539964
10640;18.44823;77.430908
10641;18.398328;77.472379
10642;18.41902;77.508648
10643;18.445884;77.450271
10644;18.450354;77.445659
10645;18.350074;77.548662
10646;18.450551;77.482425
10647;18.417498;77.457576
10648;18.432695;77.433454
10649;18.461577;77.387173
10650;18.412237;77.511523
10651;18.47893;77.370071
10652;18.417125;77.471914
10653;18.429086;77.369699
10654;18.396019;77.528412
10655;18.472522;77.511654
10656;18.364571;77.394431
10657;18.385441;77.425198
10658;18.498519;77.557758
10659;18.448616;77.399444
10660;18.390652;77.455255
10661;18.52716;77.550882
10662;18.473897;77.541164
10663;18.421224;77.400928
10664;18.437529;77.400016
10665;18.452549;77.465788
10666;18.451337;77.405
10667;18.446598;77.479826
10668;18.51924;77.356387
10669;18.477493;77.383838
10670;18.452608;77.409915
10671;18.481346;77.281095
10672;18.468815;77.440935
10673;18.415042;77.398828
10674;18.41699;77.417893
10675;18.45544;77.37084
10676;18.419757;77.425423
10677;18.394884;77.438179
10678;18.475195;77.36691
10679;18.507801;77.499038
10680;18.443523;77.424491
10681;18.486049;77.525451
10682;18.39648;77.44643
10683;18.373135;77.520596
10684;18.463974;77.40125
10685;18.450892;77.381977
10686;18.489335;77.485633
10687;18.457194;77.421281
10688;18.44032;77.404218
10689;18.53509;77.416961
10690;18.433217;77.452851
10691;18.412406;77.426642
10692;18.404004;77.350041
10693;18.353863;77.381084
10694;18.362349;77.51926
10695;18.475112;77.366871
10696;18.515585;77.483335
10697;18.391574;77.485613
10698;18.461892;77.418212
10699;18.427828;77.523273
10700;18.41452;77.390656
10701;18.439379;77.544446
10702;18.4833;77.461069
10703;18.499669;77.466256
10704;18.485625;77.435071
10705;18.385802;77.383966
10706;18.45878;77.562373
10707;18.470306;77.396012
10708;18.436526;77.445305
10709;18.42557;77.552992
10710;18.463525;77.392098
10711;18.369201;77.445013
10712;18.44348;77.49834
10713;18.422631;77.402511
10714;18.494949;77.462977
10715;18.459497;77.404763
10716;18.498577;77.40828
10717;18.438289;77.470308
10718;18.544503;77.48922
10719;18.414108;77.465059
10720;18.476164;77.494863
10721;18.411475;77.454234
10722;18.456624;77.575511
10723;18.389484;77.514981
10724;18.384398;77.462157
10725;18.377534;77.450065
10726;18.474014;77.464459
10727;18.390408;77.366277
10728;18.475103;77.430224
10729;18.447507;77.410763
10730;18.465653;77.430248
10731;18.38732;77.454821
10732;18.389081;77.529903
10733;18.51245;77.492816
10734;18.410923;77.347763
10735;18.469995;77.406147
10736;18.460412;77.367608
10737;18.468401;77.461671
10738;18.502951;77.508329
10739;18.362204;77.449397
10740;18.531031;77.448536
10741;18.49282;77.414454
10742;18.491849;77.417696
10743;18.515467;77.473487
10744;18.492229;77.422084
10745;18.393638;77.369457
10746;18.489445;77.466466
10747;18.506305;77.450737
10748;18.460122;77.491354
10749;18.46748;77.507423
10750;18.438581;77.475849
10751;18.40791;77.469779
10752;18.439685;77.480497
10753;18.459509;77.477434
10754;18.443233;77.406405
10755;18.383896;77.519634
10756;18.383268;77.396057
10757;18.414626;77.435911
10758;18.397181;77.46285
10759;18.45731;77.423007
10760;18.452254;77.466727
10761;18.462613;77.449457
10762;18.414316;77.417277
10763;18.499796;77.377796
10764;18.435854;77.387564
10765;18.47258;77.506899
10766;18.458669;77.521881
10767;18.420506;77.505664
10768;18.503632;77.387149
10769;18.384617;77.453114
10770;18.441731;77.406358
10771;18.423224;77.407526
10772;18.414579;77.451933
10773;18.465936;77.444984
10774;18.420685;77.495143
10775;18.459976;77.401476
10776;18.456699;77.49608
10777;18.394933;77.448973
10778;18.463001;77.391412
10779;18.469399;77.476308
10780;18.508889;77.44984
10781;18.447019;77.319906
10782;18.477959;77.452703
10783;18.40062;77.48274
10784;18.475438;77.389566
10785;18.478261;77.419923
10786;18.467026;77.474935
10787;18.329396;77.442712
10788;18.426132;77.424571
10789;18.448448;77.394785
10790;18.476776;77.531543
10791;18.450788;77.468265
10792;18.500171;77.557427
10793;18.454121;77.483371
10794;18.283882;77.498168
10795;18.457439;77.457796
10796;18.482827;77.469093
10797;18.505673;77.507187
10798;18.500913;77.457769
10799;18.438422;77.424518
10800;18.41185;77.413473
10801;18.462744;77.456665
10802;18.39497;77.454193
10803;18.404483;77.440008
10804;18.444286;77.553986
10805;18.511064;77.400643
10806;18.462706;77.442187
10807;18.348949;77.468471
10808;18.444561;77.552412
10809;18.382428;77.44256
10810;18.477853;77.47765
10811;18.394625;77.33024
10812;18.405085;77.474157
10813;18.372026;77.408397
10814;18.413994;77.327984
10815;18.435;77.472934
10816;18.45019;77.544157
10817;18.415121;77.383338
10818;18.418517;77.437492
10819;18.433323;77.365523
10820;18.453308;77.467587
10821;18.491025;77.432658
10822;18.437176;77.432409
10823;18.452605;77.518463
10824;18.407226;77.386809
10825;18.506618;77.405391
10826;18.503664;77.483831
10827;18.340729;77.450258
10828;18.518913;77.475159
10829;18.450231;77.434534
10830;18.499966;77.481235
10831;18.470827;77.435463
10832;18.469539;77.377845
10833;18.462554;77.435426
10834;18.402319;77.402806
10835;18.416834;77.501027
10836;18.384913;77.523421
10837;18.367093;77.478637
10838;18.42629;77.373347
10839;18.445122;77.393364
10840;18.414199;77.409143
10841;18.437877;77.472269
10842;18.387934;77.452775
10843;18.482992;77.404021
10844;18.525461;77.382633
10845;18.485579;77.41286
10846;18.363218;77.484651
10847;18.377181;77.436013
10848;18.475846;77.529849
10849;18.441411;77.417439
10850;18.495202;77.490809
10851;18.442277;77.385351
10852;18.434277;77.470726
10853;18.491173;77.425438
10854;18.487788;77.507284
10855;18.384175;77.527324
10856;18.533889;77.50009
10857;18.513213;77.430964
10858;18.445817;77.435638
10859;18.455087;77.484368
10860;18.479389;77.3809
10861;18.383863;77.524672
10862;18.452377;77.510284
10863;18.471617;77.393848
10864;18.445147;77.491946
10865;18.43004;77.427663
10866;18.491418;77.468788
10867;18.456222;77.482868
10868;18.468488;77.492482
10869;18.434168;77.431285
10870;18.513174;77.526869
10871;18.468288;77.435475
10872;18.472406;77.413799
10873;18.473115;77.502531
10874;18.45583;77.388993
10875;18.548564;77.504653
10876;18.378762;77.434028
10877;18.444953;77.522241
10878;18.422159;77.482121
10879;18.427816;77.432647
10880;18.468872;77.391146
10881;18.438088;77.442817
10882;18.478452;77.434036
10883;18.419257;77.501576
10884;18.526023;77.434806
10885;18.417937;77.48995
10886;18.478421;77.502287
10887;18.436974;77.527657
10888;18.454611;77.471006
10889;18.390725;77.449524
10890;18.318558;77.39473
10891;18.385847;77.461264
10892;18.388696;77.481077
10893;18.433659;77.501077
10894;18.400575;77.401231
10895;18.44044;77.426078
10896;18.404286;77.505991
10897;18.522199;77.40092
10898;18.44404;77.480666
10899;18.448541;77.426883
10900;18.444393;77.463729
10901;18.429361;77.473022
10902;18.436382;77.383395
10903;18.509254;77.483331
10904;18.346338;77.473807
10905;18.424065;77.533597
10906;18.396431;77.394883
10907;18.447559;77.507048
10908;18.533061;77.517935
10909;18.419548;77.406389
10910;18.393687;77.48975
10911;18.420452;77.462772
10912;18.434827;77.45969
10913;18.373009;77.470191
10914;18.522631;77.554828
10915;18.432861;77.459243
10916;18.487508;77.473616
10917;18.464216;77.477759
10918;18.370341;77.484349
10919;18.350125;77.448523
10920;18.470832;77.536692
10921;18.41481;77.533599
10922;18.476597;77.431826
10923;18.515598;77.405956
10924;18.431608;77.413648
10925;18.394714;77.455398
10926;18.4852;77.41243
10927;18.40727;77.364647
10928;18.370392;77.415427
10929;18.350368;77.436251
10930;18.401242;77.473032
10931;18.36986;77.489458
10932;18.427061;77.416193
10933;18.423788;77.378288
10934;18.494703;77.474819
10935;18.421257;77.429525
10936;18.604035;77.466607
10937;18.410654;77.463254
10938;18.482818;77.406998
10939;18.446366;77.382763
10940;18.427665;77.453537
10941;18.447505;77.473679
10942;18.419926;77.543868
10943;18.480427;77.420775
10944;18.465828;77.382545
10945;18.475721;77.477566
10946;18.471411;77.501066
10947;18.379692;77.352953
10948;18.401854;77.510593
10949;18.46405;77.344707
10950;18.401552;77.473036
10951;18.46874;77.485605
10952;18.483256;77.364053
10953;18.390489;77.432171
10954;18.517205;77.470389
10955;18.367962;77.467215
10956;18.427244;77.444616
10957;18.470713;77.504077
10958;18.425742;77.458129
10959;18.467629;77.484425
10960;18.438508;77.44603
10961;18.423212;77.394849
10962;18.458748;77.404265
10963;18.398101;77.45348
10964;18.524663;77.379169
10965;18.410757;77.587869
10966;18.467224;77.397276
10967;18.515106;77.438124
10968;18.495338;77.445002
10969;18.497857;77.439998
10970;18.451902;77.451331
10971;18.439914;77.525329
10972;18.351426;77.476347
10973;18.505135;77.465142
10974;18.453455;77.385911
10975;18.415339;77.444202
10976;18.450477;77.59148
10977;18.443932;77.331078
10978;18.439048;77.509333
10979;18.490059;77.432255
10980;18.447724;77.421657
10981;18.518368;77.352425
10982;18.449449;77.421025
10983;18.419523;77.430516
10984;18.454627;77.519023
10985;18.42885;77.414137
10986;18.530978;77.497914
10987;18.53306;77.484506
10988;18.483641;77.483097
10989;18.421289;77.516968
10990;18.449639;77.409332
10991;18.492998;77.305801
10992;18.466522;77.44144
10993;18.473286;77.483172
10994;18.460421;77.367042
10995;18.467274;77.539957
10996;18.398074;77.410157
10997;18.524158;77.469299
10998;18.388842;77.398493
10999;18.40681;77.47244
11000;18.287875;77.509069
11001;18.429411;77.48116
11002;18.403301;77.442593
11003;18.39986;77.371738
11004;18.423215;77.432663
11005;18.37897;77.489494
11006;18.388538;77.40382
11007;18.40207;77.481805
11008;18.460791;77.509885
11009;18.404463;77.430057
11010;18.370304;77.451707
11011;18.369469;77.499957
11012;18.415844;77.376171
11013;18.416543;77.375521
11014;18.442841;77.460627
11015;18.490966;77.458956
11016;18.447399;77.42029
11017;18.446096;77.406823
11018;18.404206;77.45502
11019;18.423238;77.495376
11020;18.471065;77.491523
11021;18.388275;77.425013
11022;18.424565;77.460395
11023;18.453065;77.409703
11024;18.496026;77.514518
11025;18.463364;77.495152
11026;18.30109;77.473778
11027;18.420227;77.414737
11028;18.337904;77.436894
11029;18.472204;77.345172
11030;18.46457;77.480846
11031;18.464231;77.477821
11032;18.419557;77.353669
11033;18.493381;77.447784
11034;18.363424;77.418312
11035;18.477572;77.465701
11036;18.396819;77.511484
11037;18.39442;77.437669
11038;18.458454;77.48743
11039;18.453778;77.489959
11040;18.419504;77.54724
11041;18.431083;77.493988
11042;18.450621;77.506731
11043;18.403598;77.436132
11044;18.434136;77.435593
11045;18.463718;77.446114
11046;18.367163;77.460413
11047;18.407194;77.492891
11048;18.527267;77.473124
11049;18.486583;77.398165
11050;18.415107;77.493967
11051;18.425643;77.397207
11052;18.351874;77.460545
11053;18.395394;77.454797
11054;18.473882;77.461432
11055;18.401462;77.501925
11056;18.446656;77.481127
11057;18.514365;77.490607
11058;18.4941;77.465872
11059;18.420931;77.375481
11060;18.493561;77.415539
11061;18.421425;77.521123
11062;18.481098;77.445945
11063;18.460952;77.449838
11064;18.368412;77.332841
11065;18.458315;77.3852
11066;18.397112;77.439295
11067;18.382521;77.431868
11068;18.490915;77.386782
11069;18.47897;77.515259
11070;18.420811;77.412734
11071;18.445968;77.489099
11072;18.441478;77.481654
11073;18.437938;77.456528
11074;18.476073;77.500537
11075;18.4101;77.492612
11076;18.43409;77.484789
11077;18.371714;77.489615
11078;18.474887;77.525353
11079;18.446563;77.462332
11080;18.428551;77.465061
11081;18.525772;77.414111
11082;18.52361;77.517211
11083;18.434975;77.517102
11084;18.367221;77.516936
11085;18.447295;77.462483
11086;18.41756;77.446752
11087;18.55068;77.469673
11088;18.467867;77.480745
11089;18.447565;77.411871
11090;18.504798;77.410123
11091;18.452794;77.489025
11092;18.463958;77.398013
11093;18.476216;77.492685
11094;18.448877;77.464192
11095;18.429473;77.467808
11096;18.495255;77.431629
11097;18.417068;77.425066
11098;18.379709;77.616593
11099;18.403695;77.503005
11100;18.477106;77.398543
11101;18.488356;77.475325
11102;18.504791;77.475157
11103;18.453914;77.529998
11104;18.414112;77.449533
11105;18.416207;77.435751
11106;18.456304;77.490205
11107;18.477079;77.40636
11108;18.468492;77.377554
11109;18.52968;77.450858
11110;18.446357;77.37493
11111;18.523952;77.411029
11112;18.45818;77.456447
11113;18.450706;77.438633
11114;18.440693;77.392606
11115;18.454594;77.492961
11116;18.354452;77.51213
11117;18.462898;77.446767
11118;18.494223;77.386815
11119;18.488286;77.408816
11120;18.382785;77.588403
11121;18.535352;77.34909
11122;18.352507;77.531058
11123;18.347363;77.426981
11124;18.411419;77.480715
11125;18.380325;77.394807
11126;18.498642;77.497623
11127;18.435635;77.374017
11128;18.452816;77.495035
11129;18.402994;77.494218
11130;18.469;77.447334
11131;18.463418;77.394343
11132;18.428012;77.490315
11133;18.361074;77.431924
11134;18.472728;77.416299
11135;18.563494;77.450728
11136;18.420087;77.462155
11137;18.460497;77.482562
11138;18.392461;77.504213
11139;18.454146;77.461042
11140;18.404696;77.505888
11141;18.449967;77.434979
11142;18.39329;77.461413
11143;18.485277;77.390097
11144;18.48606;77.485996
11145;18.402338;77.502319
11146;18.394425;77.407127
11147;18.47289;77.406568
11148;18.511402;77.347798
11149;18.478679;77.440942
11150;18.438267;77.456525
11151;18.522472;77.335003
11152;18.466831;77.419303
11153;18.436894;77.423196
11154;18.456094;77.459595
11155;18.47022;77.488433
11156;18.42632;77.429849
11157;18.542379;77.402375
11158;18.411382;77.431428
11159;18.411585;77.439278
11160;18.373733;77.527303
11161;18.356209;77.382064
11162;18.40114;77.440274
11163;18.559814;77.415135
11164;18.447129;77.415372
11165;18.380795;77.356965
11166;18.430689;77.361881
11167;18.514153;77.398081
11168;18.409389;77.414985
11169;18.4489;77.415546
11170;18.45838;77.431355
11171;18.495731;77.544704
11172;18.406866;77.554821
11173;18.326775;77.432201
11174;18.496484;77.421024
11175;18.550784;77.568302
11176;18.466277;77.450163
11177;18.401481;77.517267
11178;18.518715;77.475091
11179;18.508611;77.470552
11180;18.397112;77.460238
11181;18.459571;77.37804
11182;18.371765;77.445479
11183;18.374089;77.446123
11184;18.361118;77.439004
11185;18.441476;77.330548
11186;18.423778;77.457491
11187;18.422435;77.433293
11188;18.481732;77.362491
11189;18.531304;77.516975
11190;18.379362;77.461966
11191;18.427736;77.482129
11192;18.343961;77.526497
11193;18.45226;77.510476
11194;18.460214;77.404651
11195;18.483543;77.415646
11196;18.478938;77.434543
11197;18.418919;77.477833
11198;18.456115;77.387101
11199;18.420328;77.388429
11200;18.414725;77.456488
11201;18.519751;77.38516
11202;18.537722;77.421037
11203;18.37899;77.477234
11204;18.432593;77.470679
11205;18.384841;77.394681
11206;18.425017;77.392013
11207;18.419971;77.480268
11208;18.438919;77.349887
11209;18.476639;77.488632
11210;18.586523;77.392715
11211;18.49604;77.479898
11212;18.573304;77.370519
11213;18.497914;77.452619
11214;18.4553;77.449172
11215;18.477444;77.429715
11216;18.48686;77.487092
11217;18.43798;77.397306
11218;18.448225;77.355972
11219;18.465932;77.490428
11220;18.347667;77.49184
11221;18.415008;77.424314
11222;18.512872;77.374365
11223;18.416992;77.501187
11224;18.396668;77.486849
11225;18.486116;77.55673
11226;18.471255;77.409898
11227;18.378839;77.507027
11228;18.388437;77.449471
11229;18.475356;77.468413
11230;18.476011;77.514163
11231;18.471917;77.386109
11232;18.411499;77.459927
11233;18.395572;77.491918
11234;18.375267;77.392586
11235;18.390039;77.428845
11236;18.397981;77.428311
11237;18.501014;77.404634
11238;18.49863;77.458873
11239;18.455559;77.484207
11240;18.423139;77.422412
11241;18.404343;77.554128
11242;18.457099;77.458264
11243;18.511558;77.488374
11244;18.549126;77.384309
11245;18.414676;77.466702
11246;18.411674;77.466133
11247;18.406078;77.535268
11248;18.380006;77.467682
11249;18.394857;77.468739
11250;18.369089;77.524662
11251;18.437608;77.478391
11252;18.493586;77.457919
11253;18.43261;77.435273
11254;18.440083;77.469251
11255;18.420263;77.462036
11256;18.467896;77.386967
11257;18.499719;77.418571
11258;18.46933;77.481605
11259;18.445646;77.418249
11260;18.484661;77.488009
11261;18.483591;77.49652
11262;18.39971;77.324084
11263;18.339982;77.500444
11264;18.437171;77.455123
11265;18.451929;77.4308
11266;18.405401;77.448182
11267;18.43029;77.436733
11268;18.498437;77.400071
11269;18.406442;77.514844
11270;18.485631;77.468782
11271;18.497209;77.408321
11272;18.522915;77.495189
11273;18.52412;77.438053
11274;18.432698;77.510656
11275;18.415258;77.449587
11276;18.383689;77.394477
11277;18.444257;77.437089
11278;18.446551;77.538102
11279;18.417732;77.446211
11280;18.414096;77.493895
11281;18.570216;77.37213
11282;18.45961;77.455837
11283;18.378275;77.464952
11284;18.317607;77.430447
11285;18.428246;77.349067
11286;18.443795;77.445414
11287;18.45836;77.42015
11288;18.49959;77.454911
11289;18.403728;77.423722
11290;18.424183;77.499663
11291;18.427356;77.409227
11292;18.480534;77.580886
11293;18.473459;77.413308
11294;18.460307;77.486964
11295;18.538474;77.435317
11296;18.332728;77.456731
11297;18.469985;77.438817
11298;18.360581;77.448858
11299;18.464038;77.528104
11300;18.438188;77.494851
11301;18.49036;77.527456
11302;18.418195;77.4087
11303;18.539546;77.50919
11304;18.441506;77.464145
11305;18.407159;77.460685
11306;18.463241;77.355141
11307;18.472397;77.507506
11308;18.452476;77.409392
11309;18.540689;77.495018
11310;18.472002;77.412987
11311;18.408215;77.484576
11312;18.519744;77.459357
11313;18.471156;77.464886
11314;18.432671;77.485516
11315;18.554825;77.477261
11316;18.406772;77.353543
11317;18.39035;77.517995
11318;18.437526;77.529916
11319;18.418674;77.42505
11320;18.429957;77.398727
11321;18.490731;77.441696
11322;18.431161;77.513116
11323;18.484756;77.513022
11324;18.494222;77.393108
11325;18.504391;77.434422
11326;18.43209;77.496008
11327;18.410138;77.432021
11328;18.441795;77.407407
11329;18.48078;77.508946
11330;18.499438;77.439233
11331;18.459585;77.459126
11332;18.413203;77.491101
11333;18.442145;77.514786
11334;18.509731;77.449099
11335;18.458376;77.432722
11336;18.481833;77.453407
11337;18.500511;77.431559
11338;18.432871;77.52318
11339;18.524629;77.413964
11340;18.401394;77.397235
11341;18.41154;77.370213
11342;18.53838;77.413549
11343;18.517916;77.395858
11344;18.366483;77.399838
11345;18.427762;77.421536
11346;18.3596;77.447955
11347;18.427634;77.45511
11348;18.4632;77.519298
11349;18.50379;77.396541
11350;18.404505;77.416151
11351;18.305797;77.444134
11352;18.432148;77.50518
11353;18.449363;77.416918
11354;18.441105;77.443979
11355;18.479119;77.508237
11356;18.410282;77.476432
11357;18.482267;77.449131
11358;18.533214;77.425233
11359;18.498295;77.545969
11360;18.406024;77.479335
11361;18.421127;77.478895
11362;18.458139;77.466415
11363;18.455472;77.465575
11364;18.393196;77.497661
11365;18.504639;77.486414
11366;18.395578;77.381227
11367;18.430054;77.47116
11368;18.395593;77.418728
11369;18.470727;77.436363
11370;18.444012;77.404761
11371;18.506258;77.438558
11372;18.429942;77.552575
11373;18.421847;77.520938
11374;18.445432;77.360858
11375;18.444514;77.479681
11376;18.500965;77.512019
11377;18.55195;77.513341
11378;18.427044;77.556544
11379;18.351407;77.477448
11380;18.418951;77.415834
11381;18.467192;77.452738
11382;18.441876;77.477976
11383;18.49384;77.398401
11384;18.478051;77.507537
11385;18.418893;77.458365
11386;18.408044;77.412171
11387;18.449289;77.447971
11388;18.429851;77.394006
11389;18.446026;77.522358
11390;18.364839;77.449788
11391;18.413633;77.524728
11392;18.437908;77.466081
11393;18.454741;77.46503
11394;18.509098;77.468709
11395;18.367299;77.478934
11396;18.398104;77.328962
11397;18.50322;77.506689
11398;18.416994;77.474249
11399;18.459598;77.549068
11400;18.39017;77.49369
11401;18.430518;77.404776
11402;18.384138;77.456292
11403;18.507481;77.399357
11404;18.481629;77.466428
11405;18.471857;77.470197
11406;18.414507;77.314642
11407;18.355893;77.484692
11408;18.424434;77.38063
11409;18.407216;77.374923
11410;18.452623;77.516247
11411;18.382106;77.467266
11412;18.518274;77.401021
11413;18.456248;77.512351
11414;18.489367;77.405375
11415;18.47735;77.444263
11416;18.546185;77.386447
11417;18.425524;77.363217
11418;18.456902;77.401663
11419;18.414997;77.475328
11420;18.528197;77.433111
11421;18.354372;77.420017
11422;18.470558;77.478606
11423;18.455653;77.505501
11424;18.5441;77.464181
11425;18.481976;77.396096
11426;18.363234;77.43005
11427;18.399191;77.402001
11428;18.502864;77.32669
11429;18.516274;77.529993
11430;18.379171;77.410739
11431;18.544731;77.377473
11432;18.473224;77.50948
11433;18.412676;77.489764
11434;18.388262;77.39993
11435;18.382241;77.574047
11436;18.446203;77.535084
11437;18.375582;77.485212
11438;18.47546;77.482609
11439;18.424779;77.43773
11440;18.354188;77.363059
11441;18.472056;77.48038
11442;18.534778;77.422462
11443;18.391136;77.495019
11444;18.466156;77.351116
11445;18.500047;77.506489
11446;18.534736;77.412512
11447;18.409771;77.422886
11448;18.40144;77.538268
11449;18.46487;77.395617
11450;18.418759;77.502898
11451;18.377525;77.406472
11452;18.358536;77.377704
11453;18.452229;77.443753
11454;18.512944;77.432331
11455;18.369347;77.415131
11456;18.366684;77.376499
11457;18.44192;77.447939
11458;18.426024;77.548557
11459;18.439725;77.478613
11460;18.490128;77.467685
11461;18.49684;77.474838
11462;18.492709;77.477323
11463;18.443814;77.515482
11464;18.386517;77.450216
11465;18.241029;77.440486
11466;18.484672;77.385764
11467;18.417509;77.477946
11468;18.453221;77.439207
11469;18.417081;77.47361
11470;18.409608;77.388738
11471;18.493685;77.346139
11472;18.427089;77.407646
11473;18.386261;77.48066
11474;18.449596;77.404198
11475;18.404174;77.477362
11476;18.392543;77.440232
11477;18.425147;77.421083
11478;18.360171;77.486073
11479;18.403395;77.576723
11480;18.446669;77.414976
11481;18.465994;77.521186
11482;18.495049;77.493263
11483;18.507313;77.481235
11484;18.42814;77.483204
11485;18.472881;77.440286
11486;18.4767;77.447576
11487;18.44415;77.448042
11488;18.428341;77.577155
11489;18.461535;77.399086
11490;18.416914;77.464298
11491;18.513237;77.412192
11492;18.368502;77.470027
11493;18.482711;77.49024
11494;18.388541;77.39496
11495;18.481537;77.441559
11496;18.445035;77.398983
11497;18.497708;77.454283
11498;18.447877;77.406506
11499;18.397483;77.321766
11500;18.468776;77.480927
11501;18.4832;77.381782
11502;18.426401;77.441726
11503;18.455642;77.413911
11504;18.496338;77.473603
11505;18.441986;77.47136
11506;18.476916;77.549089
11507;18.462024;77.492542
11508;18.360342;77.506333
11509;18.443688;77.383615
11510;18.469721;77.410683
11511;18.383806;77.417169
11512;18.456301;77.426158
11513;18.380852;77.450847
11514;18.361732;77.409385
11515;18.482208;77.513264
11516;18.486611;77.540101
11517;18.485125;77.436809
11518;18.455723;77.449705
11519;18.410155;77.472716
11520;18.437185;77.454833
11521;18.43841;77.445052
11522;18.40705;77.441241
11523;18.414836;77.489285
11524;18.449784;77.478968
11525;18.511917;77.419653
11526;18.453454;77.430589
11527;18.442397;77.544277
11528;18.610967;77.334827
11529;18.380768;77.463674
11530;18.445949;77.350741
11531;18.511238;77.46392
11532;18.538669;77.446942
11533;18.380602;77.454323
11534;18.429872;77.465685
11535;18.393362;77.368819
11536;18.33054;77.380501
11537;18.452644;77.468679
11538;18.480393;77.395848
11539;18.461458;77.46667
11540;18.392579;77.448118
11541;18.402034;77.397627
11542;18.308039;77.488454
11543;18.423045;77.380932
11544;18.454382;77.430554
11545;18.480413;77.455102
11546;18.501686;77.43508
11547;18.319177;77.418897
11548;18.479705;77.498564
11549;18.476193;77.449604
11550;18.509275;77.47538
11551;18.472243;77.549345
11552;18.479376;77.526626
11553;18.442905;77.482224
11554;18.366756;77.376638
11555;18.469014;77.498709
11556;18.396303;77.391291
11557;18.551972;77.537761
11558;18.416211;77.45512
11559;18.440435;77.484639
11560;18.505985;77.391689
11561;18.445887;77.389272
11562;18.471288;77.403498
11563;18.510283;77.377152
11564;18.441488;77.434522
11565;18.410357;77.503475
11566;18.421769;77.412394
11567;18.440629;77.517274
11568;18.461334;77.540491
11569;18.533374;77.563926
11570;18.475359;77.435541
11571;18.395321;77.461278
11572;18.404151;77.504213
11573;18.508721;77.481377
11574;18.429726;77.513906
11575;18.48101;77.399311
11576;18.468255;77.416124
11577;18.335992;77.531454
11578;18.38728;77.495799
11579;18.358248;77.445994
11580;18.399238;77.459294
11581;18.450061;77.437363
11582;18.447324;77.480094
11583;18.503649;77.510157
11584;18.442353;77.47329
11585;18.462439;77.522485
11586;18.458931;77.404233
11587;18.474495;77.412884
11588;18.389118;77.367604
11589;18.441866;77.45845
11590;18.512677;77.485876
11591;18.383838;77.503473
11592;18.397032;77.512517
11593;18.451908;77.353004
11594;18.55293;77.432423
11595;18.44251;77.470381
11596;18.386914;77.419152
11597;18.462196;77.492166
11598;18.479747;77.417213
11599;18.451338;77.444226
11600;18.410752;77.452261
11601;18.496147;77.400735
11602;18.444859;77.497772
11603;18.448962;77.503764
11604;18.38144;77.438981
11605;18.397214;77.389255
11606;18.434974;77.535784
11607;18.532618;77.429748
11608;18.410254;77.508035
11609;18.526645;77.47156
11610;18.444864;77.5113
11611;18.43353;77.372164
11612;18.449393;77.397494
11613;18.522293;77.458871
11614;18.363672;77.493589
11615;18.458029;77.508321
11616;18.33152;77.433154
11617;18.378559;77.341849
11618;18.468594;77.38813
11619;18.434803;77.438538
11620;18.478572;77.435999
11621;18.398578;77.544843
11622;18.44975;77.517343
11623;18.406385;77.412016
11624;18.448372;77.430434
11625;18.500418;77.484843
11626;18.433952;77.54706
11627;18.419103;77.458736
11628;18.457495;77.442289
11629;18.513337;77.348836
11630;18.370394;77.553096
11631;18.455863;77.447601
11632;18.536204;77.529892
11633;18.458415;77.435977
11634;18.447538;77.471304
11635;18.406566;77.335091
11636;18.508816;77.439336
11637;18.393419;77.476756
11638;18.435851;77.514968
11639;18.443378;77.552998
11640;18.411676;77.516057
11641;18.513164;77.408938
11642;18.427411;77.465167
11643;18.470085;77.469857
11644;18.481625;77.39825
11645;18.497054;77.485566
11646;18.482898;77.495906
11647;18.412053;77.438327
11648;18.457219;77.440147
11649;18.481784;77.424014
11650;18.451252;77.343911
11651;18.336787;77.489103
11652;18.411586;77.541167
11653;18.474579;77.462044
11654;18.443024;77.510857
11655;18.495338;77.488758
11656;18.404883;77.428776
11657;18.443615;77.415987
11658;18.463191;77.480631
11659;18.439424;77.478162
11660;18.389821;77.490828
11661;18.402703;77.401559
11662;18.464996;77.496233
11663;18.501477;77.480498
11664;18.451093;77.508033
11665;18.429902;77.381727
11666;18.505668;77.53702
11667;18.40579;77.508384
11668;18.452268;77.475473
11669;18.456171;77.413582
11670;18.412134;77.40456
11671;18.440588;77.484565
11672;18.514381;77.561367
11673;18.497027;77.43213
11674;18.411869;77.365155
11675;18.483581;77.460936
11676;18.437594;77.495352
11677;18.38829;77.396727
11678;18.403917;77.469617
11679;18.463643;77.433624
11680;18.462961;77.386013
11681;18.528509;77.443733
11682;18.393655;77.493008
11683;18.407592;77.511351
11684;18.376269;77.434948
11685;18.467498;77.43928
11686;18.457107;77.436074
11687;18.472239;77.429861
11688;18.554592;77.467013
11689;18.454498;77.46219
11690;18.506741;77.428165
11691;18.58524;77.500301
11692;18.452315;77.445456
11693;18.42384;77.468714
11694;18.478514;77.348607
11695;18.421472;77.479487
11696;18.376212;77.455955
11697;18.479065;77.402675
11698;18.476068;77.406472
11699;18.417315;77.46147
11700;18.441418;77.458037
11701;18.507484;77.491342
11702;18.510691;77.488234
11703;18.365491;77.524858
11704;18.377504;77.400406
11705;18.385345;77.518091
11706;18.412281;77.419606
11707;18.472627;77.441681
11708;18.46266;77.45542
11709;18.505454;77.441998
11710;18.413316;77.413036
11711;18.468278;77.457251
11712;18.39316;77.503915
11713;18.470351;77.43437
11714;18.379488;77.477148
11715;18.47748;77.51436
11716;18.499644;77.498519
11717;18.511805;77.418049
11718;18.431564;77.515075
11719;18.425796;77.408073
11720;18.407995;77.535567
11721;18.361357;77.520511
11722;18.445024;77.405464
11723;18.467179;77.447306
11724;18.516669;77.503437
11725;18.44345;77.384785
11726;18.454162;77.407366
11727;18.56114;77.40368
11728;18.471752;77.428839
11729;18.406233;77.514066
11730;18.475741;77.491923
11731;18.381472;77.457319
11732;18.554157;77.436385
11733;18.417588;77.547156
11734;18.455415;77.534276
11735;18.368911;77.409209
11736;18.451505;77.403723
11737;18.430493;77.501302
11738;18.465816;77.440931
11739;18.383154;77.435903
11740;18.452808;77.438223
11741;18.397829;77.5603
11742;18.464631;77.38135
11743;18.48976;77.514492
11744;18.567584;77.446414
11745;18.491258;77.437501
11746;18.367352;77.421869
11747;18.54331;77.502453
11748;18.344878;77.406453
11749;18.400723;77.459084
11750;18.338403;77.426552
11751;18.393325;77.494161
11752;18.454525;77.488945
11753;18.467441;77.488815
11754;18.421402;77.441341
11755;18.439789;77.568804
11756;18.373634;77.469716
11757;18.410454;77.514137
11758;18.433169;77.421853
11759;18.483281;77.520654
11760;18.489013;77.467669
11761;18.368336;77.532517
11762;18.335051;77.470919
11763;18.433413;77.48763
11764;18.40349;77.470055
11765;18.480429;77.508039
11766;18.368139;77.395818
11767;18.463025;77.491345
11768;18.479173;77.439988
11769;18.456423;77.39577
11770;18.381248;77.468528
11771;18.404825;77.336092
11772;18.42958;77.443499
11773;18.359224;77.437382
11774;18.386084;77.427392
11775;18.384078;77.406108
11776;18.380858;77.468823
11777;18.410049;77.436768
11778;18.416948;77.406071
11779;18.485336;77.504087
11780;18.520495;77.43982
11781;18.413816;77.483799
11782;18.416229;77.404409
11783;18.499309;77.472405
11784;18.374751;77.472841
11785;18.479622;77.445635
11786;18.403812;77.465186
11787;18.440448;77.527066
11788;18.514198;77.485431
11789;18.372459;77.363483
11790;18.41761;77.424441
11791;18.543258;77.486406
11792;18.430192;77.441164
11793;18.459183;77.305233
11794;18.431592;77.441301
11795;18.394462;77.434253
11796;18.451968;77.457222
11797;18.468689;77.486956
11798;18.429078;77.358734
11799;18.398676;77.402386
11800;18.401999;77.367137
11801;18.413671;77.421276
11802;18.506243;77.45242
11803;18.464734;77.47532
11804;18.43051;77.419091
11805;18.370826;77.409876
11806;18.411343;77.501627
11807;18.420852;77.448092
11808;18.433901;77.493887
11809;18.499938;77.465949
11810;18.462712;77.398696
11811;18.413554;77.375353
11812;18.45364;77.512433
11813;18.510924;77.36506
11814;18.462698;77.495768
11815;18.464413;77.446597
11816;18.443354;77.495719
11817;18.39476;77.504879
11818;18.453138;77.364685
11819;18.415574;77.372353
11820;18.491635;77.423328
11821;18.440192;77.372494
11822;18.499831;77.485507
11823;18.494878;77.410771
11824;18.400827;77.424097
11825;18.419112;77.418717
11826;18.486054;77.487436
11827;18.439426;77.377422
11828;18.409477;77.490627
11829;18.412069;77.42264
11830;18.392229;77.44546
11831;18.607863;77.605813
11832;18.525232;77.407234
11833;18.463095;77.38261
11834;18.522341;77.445978
11835;18.428331;77.456199
11836;18.553306;77.464074
11837;18.434854;77.446271
11838;18.411552;77.431074
11839;18.492224;77.512856
11840;18.484861;77.489846
11841;18.468807;77.41766
11842;18.458847;77.518892
11843;18.491101;77.402317
11844;18.446202;77.454371
11845;18.368953;77.516368
11846;18.470707;77.484496
11847;18.481408;77.445529
11848;18.502549;77.515905
11849;18.469216;77.538269
11850;18.369095;77.477427
11851;18.481724;77.400593
11852;18.56358;77.481698
11853;18.413381;77.465782
11854;18.440908;77.433
11855;18.456785;77.410067
11856;18.438625;77.440485
11857;18.476158;77.48744
11858;18.404135;77.506205
11859;18.355396;77.445395
11860;18.451574;77.476652
11861;18.506887;77.43012
11862;18.426066;77.40863
11863;18.417759;77.414247
11864;18.449436;77.398605
11865;18.411874;77.421515
11866;18.452784;77.423514
11867;18.461012;77.433004
11868;18.418535;77.482073
11869;18.429398;77.567471
11870;18.376659;77.459266
11871;18.40654;77.49601
11872;18.409003;77.38281
11873;18.483372;77.468159
11874;18.428286;77.444654
11875;18.401004;77.383939
11876;18.474597;77.527239
11877;18.384352;77.349014
11878;18.443211;77.398716
11879;18.483966;77.554419
11880;18.456384;77.460193
11881;18.430801;77.458525
11882;18.46647;77.39211
11883;18.411703;77.501232
11884;18.460281;77.487751
11885;18.456611;77.488059
11886;18.406129;77.450604
11887;18.544514;77.383263
11888;18.502336;77.49072
11889;18.338336;77.456857
11890;18.534085;77.399711
11891;18.418209;77.468496
11892;18.351633;77.437756
11893;18.453517;77.433544
11894;18.411424;77.457754
11895;18.487995;77.442324
11896;18.529409;77.488151
11897;18.527397;77.517389
11898;18.483609;77.446459
11899;18.444848;77.424167
11900;18.541679;77.498557
11901;18.544883;77.45505
11902;18.473168;77.512251
11903;18.498843;77.351097
11904;18.395149;77.473288
11905;18.374512;77.504559
11906;18.463825;77.43899
11907;18.444415;77.393506
11908;18.397177;77.479898
11909;18.371963;77.55149
11910;18.450681;77.351112
11911;18.432162;77.377565
11912;18.403211;77.525131
11913;18.48849;77.437054
11914;18.47018;77.474752
11915;18.464309;77.394266
11916;18.403414;77.444687
11917;18.477339;77.392141
11918;18.404942;77.526255
11919;18.462514;77.513423
11920;18.481923;77.405708
11921;18.322349;77.483014
11922;18.476903;77.443172
11923;18.397857;77.427357
11924;18.436739;77.366264
11925;18.462843;77.395514
11926;18.440259;77.470523
11927;18.502449;77.382569
11928;18.444863;77.415894
11929;18.350028;77.455849
11930;18.503663;77.425162
11931;18.412826;77.508324
11932;18.398243;77.436508
11933;18.418572;77.569828
11934;18.425097;77.541259
11935;18.378054;77.544228
11936;18.482689;77.467488
11937;18.439217;77.456422
11938;18.412066;77.522226
11939;18.400332;77.40998
11940;18.4689;77.483177
11941;18.445499;77.491002
11942;18.368694;77.463539
11943;18.437196;77.467219
11944;18.548402;77.404113
11945;18.489708;77.463467
11946;18.433971;77.461965
11947;18.432804;77.465991
11948;18.435309;77.467101
11949;18.419382;77.471086
11950;18.45351;77.448446
11951;18.441787;77.48632
11952;18.395235;77.521848
11953;18.447265;77.521003
11954;18.4335;77.451159
11955;18.404611;77.424306
11956;18.453884;77.425022
11957;18.448608;77.356443
11958;18.456655;77.500968
11959;18.517146;77.581921
11960;18.422214;77.446512
11961;18.35107;77.48721
11962;18.36899;77.445498
11963;18.513872;77.414304
11964;18.375908;77.525839
11965;18.38874;77.493336
11966;18.470422;77.445576
11967;18.470506;77.467751
11968;18.378477;77.490168
11969;18.368208;77.557372
11970;18.487823;77.52734
11971;18.465895;77.379705
11972;18.409922;77.497541
11973;18.402257;77.485494
11974;18.433551;77.496291
11975;18.4467;77.453905
11976;18.429;77.463048
11977;18.431451;77.401308
11978;18.438136;77.422763
11979;18.330286;77.526497
11980;18.37403;77.442415
11981;18.432101;77.436363
11982;18.45963;77.41813
11983;18.494455;77.476746
11984;18.39742;77.477106
11985;18.446931;77.447787
11986;18.413773;77.446387
11987;18.514849;77.442858
11988;18.484705;77.509023
11989;18.466065;77.354888
11990;18.450803;77.398554
11991;18.414916;77.396693
11992;18.413963;77.367758
11993;18.40195;77.419759
11994;18.518312;77.44903
11995;18.438436;77.39534
11996;18.427801;77.504388
11997;18.434596;77.51917
11998;18.450599;77.424348
11999;18.410937;77.469545
12000;18.448412;77.465829
12001;18.424589;77.432856
12002;18.405932;77.346435
12003;18.502413;77.494424
12004;18.46988;77.447147
12005;18.500542;77.452019
12006;18.405747;77.412472
12007;18.395223;77.461651
12008;18.40951;77.446814
12009;18.401459;77.386727
12010;18.466239;77.397733
12011;18.436487;77.403409
12012;18.456013;77.463553
12013;18.389523;77.443765
12014;18.540895;77.381957
12015;18.475118;77.506229
12016;18.424092;77.445074
12017;18.435154;77.484205
12018;18.490564;77.475865
12019;18.477407;77.4832
12020;18.451159;77.464407
12021;18.40782;77.402656
12022;18.366342;77.466162
12023;18.426674;77.503928
12024;18.438466;77.480999
12025;18.552957;77.485876
12026;18.459246;77.56569
12027;18.401091;77.441376
12028;18.469724;77.448528
12029;18.434111;77.37091
12030;18.466414;77.482825
12031;18.424661;77.472589
12032;18.491968;77.44701
12033;18.414618;77.410291
12034;18.497798;77.457472
12035;18.4497;77.477072
12036;18.516473;77.436207
12037;18.45358;77.449528
12038;18.390104;77.464029
12039;18.385792;77.407595
12040;18.435428;77.37445
12041;18.412176;77.488887
12042;18.412505;77.458086
12043;18.476791;77.377731
12044;18.451015;77.540117
12045;18.475328;77.419921
12046;18.494187;77.467765
12047;18.403407;77.418356
12048;18.542873;77.440219
12049;18.377326;77.47791
12050;18.459599;77.468727
12051;18.47304;77.4345
12052;18.379109;77.506861
12053;18.453495;77.498242
12054;18.383173;77.40574
12055;18.382885;77.471064
12056;18.478109;77.450005
12057;18.407002;77.474046
12058;18.44176;77.452996
12059;18.50546;77.48667
12060;18.437528;77.486286
12061;18.443735;77.474141
12062;18.528014;77.435023
12063;18.477812;77.39495
12064;18.478656;77.416123
12065;18.492378;77.560214
12066;18.474715;77.419697
12067;18.475216;77.36456
12068;18.349508;77.468625
12069;18.443553;77.485772
12070;18.454226;77.393726
12071;18.509034;77.467507
12072;18.512997;77.45214
12073;18.50852;77.425437
12074;18.494991;77.474459
12075;18.426193;77.372059
12076;18.440209;77.504291
12077;18.582633;77.486625
12078;18.382416;77.444374
12079;18.419186;77.448973
12080;18.497874;77.369693
12081;18.468369;77.458543
12082;18.496122;77.416158
12083;18.423236;77.514828
12084;18.437718;77.393993
12085;18.463565;77.345188
12086;18.37385;77.464623
12087;18.442494;77.433915
12088;18.331363;77.458337
12089;18.456279;77.44967
12090;18.404443;77.433597
12091;18.387167;77.441648
12092;18.391679;77.466529
12093;18.466181;77.515012
12094;18.37877;77.462301
12095;18.447481;77.451632
12096;18.414548;77.496839
12097;18.458657;77.396906
12098;18.513015;77.40438
12099;18.467016;77.409375
12100;18.431546;77.487479
12101;18.472956;77.514758
12102;18.386661;77.4199
12103;18.456851;77.535181
12104;18.472025;77.395155
12105;18.419941;77.36903
12106;18.461457;77.500345
12107;18.454999;77.405702
12108;18.416714;77.408268
12109;18.374824;77.563647
12110;18.492476;77.400977
12111;18.461405;77.374776
12112;18.506759;77.406283
12113;18.412487;77.527889
12114;18.497554;77.394269
12115;18.58171;77.492773
12116;18.469148;77.546383
12117;18.376871;77.544908
12118;18.44657;77.39324
12119;18.454597;77.438135
12120;18.484954;77.390897
12121;18.538113;77.579185
12122;18.407314;77.512686
12123;18.468881;77.471917
12124;18.438627;77.517317
12125;18.424496;77.44882
12126;18.53159;77.455058
12127;18.478706;77.572808
12128;18.378235;77.571476
12129;18.442333;77.442074
12130;18.500884;77.371109
12131;18.410932;77.496316
12132;18.415855;77.392714
12133;18.473752;77.463715
12134;18.46098;77.40468
12135;18.480127;77.421862
12136;18.473001;77.395255
12137;18.439962;77.479602
12138;18.425553;77.471286
12139;18.541414;77.455702
12140;18.459821;77.447549
12141;18.475615;77.409502
12142;18.334543;77.445954
12143;18.455228;77.458819
12144;18.466564;77.374324
12145;18.324962;77.424263
12146;18.42868;77.447185
12147;18.313438;77.499476
12148;18.404472;77.415575
12149;18.480236;77.448104
12150;18.361158;77.486164
12151;18.409006;77.438137
12152;18.515641;77.411478
12153;18.427151;77.435476
12154;18.377206;77.564635
12155;18.480018;77.456275
12156;18.481269;77.461612
12157;18.469389;77.432095
12158;18.370932;77.502187
12159;18.416308;77.416053
12160;18.500411;77.420725
12161;18.371597;77.453082
12162;18.42839;77.44195
12163;18.390122;77.531672
12164;18.483507;77.443315
12165;18.52373;77.435221
12166;18.500733;77.444429
12167;18.475163;77.374756
12168;18.448356;77.382237
12169;18.457928;77.460366
12170;18.393942;77.377181
12171;18.367851;77.429147
12172;18.418529;77.442034
12173;18.370141;77.46611
12174;18.323267;77.53252
12175;18.499079;77.453819
12176;18.491614;77.400767
12177;18.47605;77.490799
12178;18.439375;77.396839
12179;18.485951;77.44323
12180;18.455408;77.55978
12181;18.429085;77.446343
12182;18.462663;77.431468
12183;18.469752;77.42287
12184;18.540004;77.419067
12185;18.433882;77.505545
12186;18.419429;77.431212
12187;18.350526;77.375745
12188;18.495753;77.425891
12189;18.424528;77.439668
12190;18.43782;77.475931
12191;18.399088;77.397843
12192;18.341439;77.45587
12193;18.427481;77.488143
12194;18.388637;77.451894
12195;18.421762;77.423618
12196;18.454261;77.357222
12197;18.364434;77.368817
12198;18.512756;77.429214
12199;18.479827;77.452363
12200;18.391953;77.482147
12201;18.483779;77.392405
12202;18.352796;77.40304
12203;18.410814;77.404844
12204;18.453703;77.438797
12205;18.511688;77.427575
12206;18.328322;77.373163
12207;18.42003;77.459472
12208;18.477526;77.502407
12209;18.429144;77.425452
12210;18.473432;77.455395
12211;18.303897;77.436546
12212;18.449207;77.428688
12213;18.446532;77.50661
12214;18.492488;77.376714
12215;18.436913;77.509346
12216;18.370616;77.412707
12217;18.485105;77.452884
12218;18.491439;77.434487
12219;18.483359;77.41177
12220;18.576717;77.475036
12221;18.467195;77.518932
12222;18.430742;77.44986
12223;18.439036;77.502496
12224;18.448939;77.421649
12225;18.518528;77.429248
12226;18.458173;77.395941
12227;18.522024;77.496141
12228;18.47135;77.359823
12229;18.533411;77.368978
12230;18.4753;77.363653
12231;18.389118;77.453341
12232;18.475933;77.462605
12233;18.457481;77.364101
12234;18.497809;77.647153
12235;18.446693;77.451917
12236;18.497414;77.453673
12237;18.503468;77.478227
12238;18.501336;77.417757
12239;18.384161;77.361417
12240;18.381798;77.379128
12241;18.471267;77.390489
12242;18.443998;77.425597
12243;18.36016;77.419244
12244;18.5001;77.455471
12245;18.384961;77.495069
12246;18.472953;77.395558
12247;18.366093;77.446782
12248;18.458208;77.474247
12249;18.474957;77.478675
12250;18.498224;77.45901
12251;18.462895;77.371187
12252;18.378844;77.535823
12253;18.452764;77.478242
12254;18.439549;77.499091
12255;18.445537;77.47085
12256;18.373229;77.459727
12257;18.538401;77.431934
12258;18.448569;77.533853
12259;18.485367;77.43799
12260;18.480799;77.392488
12261;18.395668;77.476376
12262;18.459435;77.434766
12263;18.451862;77.368052
12264;18.498592;77.482519
12265;18.403544;77.45144
12266;18.499097;77.504008
12267;18.401736;77.400742
12268;18.48554;77.503966
12269;18.456228;77.502567
12270;18.493745;77.488707
12271;18.510828;77.388423
12272;18.503599;77.448162
12273;18.504704;77.448055
12274;18.45091;77.422826
12275;18.435575;77.473315
12276;18.442435;77.528137
12277;18.521465;77.48135
12278;18.438347;77.438545
12279;18.441559;77.463431
12280;18.450849;77.438514
12281;18.421684;77.454214
12282;18.378268;77.373061
12283;18.400036;77.466149
12284;18.492907;77.428977
12285;18.38292;77.455698
12286;18.432527;77.370702
12287;18.44167;77.377586
12288;18.432281;77.454348
12289;18.473387;77.452234
12290;18.518385;77.495335
12291;18.528941;77.340262
12292;18.439253;77.530473
12293;18.525629;77.396543
12294;18.40323;77.43413
12295;18.455991;77.476057
12296;18.393467;77.420497
12297;18.379878;77.459885
12298;18.502758;77.556164
12299;18.362994;77.430795
12300;18.484519;77.402732
12301;18.431124;77.40319
12302;18.444121;77.445646
12303;18.479218;77.465199
12304;18.469975;77.430883
12305;18.455491;77.509403
12306;18.443743;77.491812
12307;18.316659;77.484011
12308;18.376774;77.411777
12309;18.46609;77.409455
12310;18.379893;77.514969
12311;18.393888;77.438398
12312;18.463937;77.514763
12313;18.468925;77.487475
12314;18.386609;77.471142
12315;18.456244;77.459539
12316;18.456286;77.408558
12317;18.471399;77.378278
12318;18.530608;77.451024
12319;18.461375;77.445708
12320;18.384851;77.486182
12321;18.48812;77.446844
12322;18.379311;77.365026
12323;18.410592;77.446554
12324;18.399147;77.400449
12325;18.497338;77.40867
12326;18.483763;77.415313
12327;18.45163;77.421771
12328;18.445828;77.407443
12329;18.529073;77.378943
12330;18.433328;77.463357
12331;18.417639;77.461837
12332;18.410812;77.380539
12333;18.501026;77.504241
12334;18.390341;77.482174
12335;18.366545;77.397195
12336;18.460777;77.431309
12337;18.453402;77.492373
12338;18.395731;77.476926
12339;18.42415;77.481228
12340;18.453092;77.50951
12341;18.550543;77.475643
12342;18.46861;77.401999
12343;18.435745;77.472206
12344;18.405148;77.42797
12345;18.408454;77.443413
12346;18.448558;77.428234
12347;18.520238;77.543231
12348;18.447387;77.513847
12349;18.544845;77.44899
12350;18.456699;77.504244
12351;18.513471;77.558595
12352;18.409507;77.467261
12353;18.489987;77.511291
12354;18.411299;77.509989
12355;18.38146;77.461848
12356;18.517183;77.513025
12357;18.462976;77.421367
12358;18.345046;77.485275
12359;18.524918;77.542558
12360;18.380677;77.566635
12361;18.467338;77.415325
12362;18.436311;77.455086
12363;18.537296;77.412063
12364;18.547802;77.448307
12365;18.467681;77.49425
12366;18.421482;77.372344
12367;18.469949;77.504677
12368;18.418451;77.424808
12369;18.379979;77.318721
12370;18.483155;77.391871
12371;18.42543;77.439849
12372;18.47144;77.389671
12373;18.420155;77.427962
12374;18.414758;77.451481
12375;18.377324;77.522987
12376;18.493074;77.595395
12377;18.470639;77.388646
12378;18.3407;77.514439
12379;18.408951;77.490445
12380;18.448147;77.455995
12381;18.484438;77.496638
12382;18.409846;77.517804
12383;18.478982;77.502845
12384;18.521886;77.44846
12385;18.337863;77.449495
12386;18.410187;77.468785
12387;18.41644;77.505937
12388;18.379915;77.400381
12389;18.421792;77.529588
12390;18.499618;77.460608
12391;18.405433;77.567608
12392;18.474675;77.408977
12393;18.506376;77.539598
12394;18.43321;77.468931
12395;18.497505;77.501984
12396;18.378121;77.481096
12397;18.467171;77.537903
12398;18.47267;77.405596
12399;18.396967;77.378918
12400;18.445827;77.406215
12401;18.476292;77.498366
12402;18.386891;77.530975
12403;18.476819;77.385723
12404;18.441787;77.396704
12405;18.417401;77.532458
12406;18.485849;77.459114
12407;18.394728;77.414719
12408;18.498793;77.337086
12409;18.498662;77.494766
12410;18.375603;77.451536
12411;18.449216;77.417432
12412;18.458266;77.405478
12413;18.480392;77.485321
12414;18.461245;77.493613
12415;18.394715;77.531768
12416;18.424408;77.440248
12417;18.446418;77.520339
12418;18.437886;77.496595
12419;18.352904;77.480668
12420;18.523421;77.468245
12421;18.377768;77.391886
12422;18.435064;77.483312
12423;18.389666;77.569333
12424;18.400155;77.488959
12425;18.382057;77.419305
12426;18.483652;77.391172
12427;18.390693;77.414842
12428;18.404248;77.403577
12429;18.348329;77.544494
12430;18.419247;77.358314
12431;18.455821;77.390921
12432;18.431472;77.487042
12433;18.507558;77.487085
12434;18.485326;77.429835
12435;18.437342;77.527265
12436;18.418797;77.548454
12437;18.478861;77.473082
12438;18.375914;77.436698
12439;18.428294;77.491142
12440;18.461348;77.490796
12441;18.451023;77.480224
12442;18.391034;77.408062
12443;18.387705;77.475333
12444;18.485398;77.431963
12445;18.436612;77.39691
12446;18.493014;77.334954
12447;18.335327;77.420585
12448;18.374281;77.38949
12449;18.500591;77.478275
12450;18.374186;77.409635
12451;18.395403;77.439102
12452;18.48982;77.500692
12453;18.429825;77.42631
12454;18.493041;77.496493
12455;18.532554;77.447316
12456;18.387014;77.407832
12457;18.40304;77.461122
12458;18.528471;77.374082
12459;18.575235;77.549328
12460;18.442075;77.441077
12461;18.392271;77.459055
12462;18.447177;77.424216
12463;18.403063;77.37425
12464;18.425579;77.470166
12465;18.474936;77.517432
12466;18.51064;77.369045
12467;18.429475;77.46237
12468;18.436853;77.444936
12469;18.3854;77.486001
12470;18.473057;77.415313
12471;18.476033;77.421936
12472;18.407785;77.406978
12473;18.397374;77.420541
12474;18.415683;77.380361
12475;18.452269;77.525969
12476;18.423337;77.406002
12477;18.459177;77.427839
12478;18.492633;77.417757
12479;18.480912;77.583615
12480;18.419841;77.399025
12481;18.514243;77.354291
12482;18.506429;77.405009
12483;18.418861;77.411373
12484;18.495964;77.512761
12485;18.414934;77.381495
12486;18.573863;77.422453
12487;18.441577;77.549265
12488;18.457556;77.388789
12489;18.456486;77.421646
12490;18.419211;77.400868
12491;18.459822;77.386034
12492;18.499362;77.406802
12493;18.464714;77.467857
12494;18.550838;77.541046
12495;18.379743;77.530813
12496;18.493632;77.398063
12497;18.489009;77.4624
12498;18.40815;77.389357
12499;18.504216;77.395356
12500;18.506276;77.505135
12501;18.417725;77.419112
12502;18.416445;77.513432
12503;18.47461;77.436901
12504;18.44558;77.357253
12505;18.505284;77.430832
12506;18.498698;77.560098
12507;18.549928;77.415904
12508;18.457978;77.441624
12509;18.465452;77.485539
12510;18.427541;77.481516
12511;18.543343;77.407838
12512;18.470875;77.401328
12513;18.450552;77.407046
12514;18.424682;77.480138
12515;18.367648;77.424038
12516;18.4572;77.554373
12517;18.472349;77.401991
12518;18.513699;77.378955
12519;18.411363;77.459048
12520;18.474094;77.430215
12521;18.464603;77.43022
12522;18.545588;77.484985
12523;18.45808;77.431068
12524;18.37725;77.378109
12525;18.4093;77.394753
12526;18.44232;77.506364
12527;18.413131;77.459676
12528;18.377031;77.447699
12529;18.427724;77.410173
12530;18.458478;77.494443
12531;18.425719;77.497037
12532;18.446583;77.389446
12533;18.461181;77.429717
12534;18.38709;77.433701
12535;18.465616;77.40624
12536;18.404768;77.41037
12537;18.367324;77.434396
12538;18.423914;77.516574
12539;18.381165;77.408588
12540;18.441147;77.484282
12541;18.436759;77.526315
12542;18.36525;77.475572
12543;18.493786;77.556749
12544;18.445661;77.471259
12545;18.490624;77.431112
12546;18.472981;77.435227
12547;18.344717;77.488093
12548;18.44323;77.447752
12549;18.477709;77.504704
12550;18.487787;77.449176
12551;18.416779;77.481297
12552;18.422041;77.424135
12553;18.413966;77.458016
12554;18.398217;77.446807
12555;18.424933;77.512394
12556;18.409513;77.492963
12557;18.376721;77.406088
12558;18.505747;77.385658
12559;18.410836;77.562284
12560;18.439374;77.430736
12561;18.416726;77.481775
12562;18.430878;77.53298
12563;18.364688;77.437036
12564;18.491844;77.429298
12565;18.415953;77.44369
12566;18.421827;77.477032
12567;18.534666;77.451773
12568;18.45968;77.436994
12569;18.557383;77.433036
12570;18.397799;77.437459
12571;18.475312;77.43663
12572;18.538515;77.449817
12573;18.487042;77.551558
12574;18.456336;77.42799
12575;18.482735;77.419531
12576;18.462312;77.481622
12577;18.436538;77.450985
12578;18.426318;77.551281
12579;18.516211;77.465214
12580;18.475707;77.425489
12581;18.513498;77.433738
12582;18.468061;77.489659
12583;18.539903;77.344663
12584;18.344364;77.432673
12585;18.458002;77.429758
12586;18.438508;77.469122
12587;18.506657;77.361992
12588;18.433897;77.501187
12589;18.386716;77.503687
12590;18.454492;77.467305
12591;18.480664;77.534531
12592;18.499843;77.460126
12593;18.424866;77.368235
12594;18.43544;77.441637
12595;18.457084;77.469106
12596;18.384358;77.513519
12597;18.430578;77.444623
12598;18.480286;77.439375
12599;18.420887;77.470026
12600;18.510167;77.446416
12601;18.308055;77.407048
12602;18.458581;77.561002
12603;18.49197;77.540273
12604;18.531213;77.513592
12605;18.426658;77.448017
12606;18.442715;77.39454
12607;18.451781;77.436877
12608;18.455088;77.529849
12609;18.452687;77.470141
12610;18.467274;77.434387
12611;18.466057;77.374102
12612;18.389436;77.49096
12613;18.402613;77.495134
12614;18.484436;77.445382
12615;18.432695;77.482182
12616;18.490549;77.45726
12617;18.468749;77.477865
12618;18.46736;77.488119
12619;18.433131;77.409934
12620;18.471385;77.435383
12621;18.408382;77.424367
12622;18.388824;77.419679
12623;18.491021;77.488566
12624;18.461778;77.438584
12625;18.438463;77.438863
12626;18.482877;77.412953
12627;18.426692;77.358919
12628;18.410252;77.409275
12629;18.404139;77.458441
12630;18.495116;77.420278
12631;18.499387;77.518994
12632;18.446894;77.456597
12633;18.490513;77.369767
12634;18.485711;77.49673
12635;18.436382;77.438515
12636;18.551265;77.434272
12637;18.407084;77.449304
12638;18.378006;77.543323
12639;18.427882;77.542115
12640;18.328988;77.482642
12641;18.458377;77.520616
12642;18.407155;77.441454
12643;18.527482;77.350614
12644;18.429855;77.501809
12645;18.439112;77.421001
12646;18.478117;77.554361
12647;18.490812;77.451163
12648;18.339614;77.484359
12649;18.406609;77.456344
12650;18.29652;77.441377
12651;18.42502;77.42644
12652;18.445822;77.423003
12653;18.485008;77.383362
12654;18.346319;77.366146
12655;18.459215;77.378502
12656;18.436986;77.384957
12657;18.388869;77.477839
12658;18.384142;77.423955
12659;18.500989;77.403279
12660;18.439671;77.501842
12661;18.331035;77.519382
12662;18.477288;77.474591
12663;18.486551;77.532543
12664;18.435464;77.446887
12665;18.465242;77.513544
12666;18.457238;77.404074
12667;18.415603;77.480121
12668;18.454584;77.409741
12669;18.486307;77.419212
12670;18.405904;77.488237
12671;18.517497;77.458749
12672;18.492859;77.399701
12673;18.489233;77.509771
12674;18.463873;77.342681
12675;18.475749;77.482198
12676;18.389188;77.456411
12677;18.467405;77.486818
12678;18.460165;77.49647
12679;18.434509;77.456242
12680;18.444676;77.352921
12681;18.47194;77.411927
12682;18.416754;77.493121
12683;18.48185;77.489189
12684;18.55413;77.435638
12685;18.470389;77.425315
12686;18.362376;77.560952
12687;18.374115;77.493555
12688;18.442045;77.443894
12689;18.417959;77.403012
12690;18.503994;77.481363
12691;18.484111;77.416384
12692;18.481373;77.393503
12693;18.436302;77.487908
12694;18.394327;77.442626
12695;18.516022;77.4757
12696;18.438577;77.47307
12697;18.519366;77.461953
12698;18.442118;77.389758
12699;18.389963;77.457493
12700;18.390068;77.4478
12701;18.556381;77.381465
12702;18.326433;77.416608
12703;18.506202;77.47611
12704;18.38624;77.48049
12705;18.413364;77.38411
12706;18.512262;77.393958
12707;18.435207;77.46555
12708;18.458215;77.335681
12709;18.409859;77.366229
12710;18.415769;77.439115
12711;18.42872;77.486535
12712;18.499787;77.521207
12713;18.452444;77.549231
12714;18.457306;77.474563
12715;18.411248;77.445991
12716;18.434883;77.351939
12717;18.394984;77.386766
12718;18.449377;77.404191
12719;18.503744;77.46814
12720;18.314887;77.374531
12721;18.376849;77.390861
12722;18.495904;77.48586
12723;18.418258;77.411203
12724;18.429363;77.446891
12725;18.456472;77.524264
12726;18.383215;77.402372
12727;18.411152;77.408425
12728;18.467153;77.441716
12729;18.435213;77.455943
12730;18.365004;77.456215
12731;18.401176;77.41828
12732;18.384171;77.499477
12733;18.449149;77.4082
12734;18.326236;77.404079
12735;18.480529;77.459774
12736;18.403372;77.482871
12737;18.492182;77.416677
12738;18.439374;77.373445
12739;18.583454;77.392347
12740;18.530669;77.472618
12741;18.476903;77.445466
12742;18.456654;77.417164
12743;18.487424;77.50957
12744;18.411526;77.436307
12745;18.330329;77.431047
12746;18.435164;77.431339
12747;18.454068;77.437162
12748;18.393438;77.454033
12749;18.38799;77.40985
12750;18.398608;77.452861
12751;18.384741;77.40937
12752;18.47476;77.524031
12753;18.449232;77.457453
12754;18.508024;77.406709
12755;18.418149;77.443515
12756;18.49081;77.416648
12757;18.473227;77.510501
12758;18.33569;77.399478
12759;18.51741;77.352339
12760;18.392572;77.346001
12761;18.522715;77.532523
12762;18.479397;77.400789
12763;18.479004;77.455814
12764;18.456917;77.383436
12765;18.489361;77.512684
12766;18.423329;77.48643
12767;18.415644;77.472058
12768;18.427036;77.429898
12769;18.423735;77.506618
12770;18.501396;77.447882
12771;18.442461;77.528911
12772;18.557464;77.425149
12773;18.413493;77.40674
12774;18.52932;77.479657
12775;18.461921;77.458538
12776;18.409923;77.423927
12777;18.482741;77.35916
12778;18.425331;77.528279
12779;18.449898;77.466795
12780;18.396706;77.461993
12781;18.494965;77.450654
12782;18.397211;77.411054
12783;18.526771;77.499531
12784;18.516335;77.396685
12785;18.478314;77.480895
12786;18.417251;77.555113
12787;18.413674;77.366778
12788;18.446014;77.467801
12789;18.361222;77.414233
12790;18.513564;77.435014
12791;18.412619;77.492473
12792;18.430497;77.424415
12793;18.438949;77.345489
12794;18.460923;77.480462
12795;18.478716;77.476181
12796;18.33974;77.436818
12797;18.391781;77.434951
12798;18.427579;77.556567
12799;18.354156;77.418624
12800;18.503588;77.444348
12801;18.438893;77.441696
12802;18.411065;77.42229
12803;18.347024;77.461408
12804;18.556048;77.408888
12805;18.469222;77.374103
12806;18.457868;77.43231
12807;18.387075;77.506413
12808;18.493418;77.428611
12809;18.434098;77.509098
12810;18.374874;77.491131
12811;18.403536;77.437126
12812;18.316841;77.467435
12813;18.490968;77.408907
12814;18.477926;77.400506
12815;18.436847;77.405438
12816;18.494544;77.434875
12817;18.435613;77.496759
12818;18.435284;77.446236
12819;18.419822;77.466283
12820;18.415376;77.457765
12821;18.382387;77.453486
12822;18.466286;77.372065
12823;18.538359;77.473745
12824;18.501638;77.495421
12825;18.451908;77.313425
12826;18.471114;77.573381
12827;18.455345;77.514792
12828;18.413968;77.393133
12829;18.440003;77.426731
12830;18.433675;77.491048
12831;18.347294;77.482609
12832;18.505806;77.429425
12833;18.446535;77.500999
12834;18.489653;77.416324
12835;18.405438;77.516464
12836;18.456099;77.504205
12837;18.43742;77.432107
12838;18.417826;77.460734
12839;18.473747;77.493972
12840;18.432959;77.450365
12841;18.409391;77.493443
12842;18.358875;77.407651
12843;18.470613;77.50067
12844;18.500612;77.439033
12845;18.428561;77.366661
12846;18.429741;77.443719
12847;18.445966;77.463745
12848;18.419171;77.453414
12849;18.379865;77.48712
12850;18.392317;77.459612
12851;18.413542;77.539249
12852;18.390545;77.403463
12853;18.426778;77.445614
12854;18.480789;77.486291
12855;18.423802;77.471346
12856;18.456764;77.468656
12857;18.486633;77.44026
12858;18.383563;77.453656
12859;18.494563;77.441635
12860;18.451745;77.40674
12861;18.432355;77.469288
12862;18.326784;77.463387
12863;18.451531;77.501935
12864;18.489281;77.597775
12865;18.459941;77.474674
12866;18.461967;77.448225
12867;18.379942;77.444109
12868;18.472838;77.431211
12869;18.45412;77.437124
12870;18.381287;77.449165
12871;18.487038;77.400078
12872;18.504101;77.40696
12873;18.505438;77.508919
12874;18.382964;77.471337
12875;18.44611;77.367431
12876;18.456638;77.43346
12877;18.427249;77.411919
12878;18.442343;77.526487
12879;18.495564;77.495992
12880;18.413443;77.493317
12881;18.426491;77.39484
12882;18.522906;77.438384
12883;18.442624;77.406371
12884;18.404876;77.446094
12885;18.384012;77.493435
12886;18.48069;77.493044
12887;18.47281;77.394448
12888;18.424799;77.590364
12889;18.445706;77.430464
12890;18.449045;77.402109
12891;18.449814;77.362484
12892;18.466649;77.481773
12893;18.385406;77.490409
12894;18.491337;77.386155
12895;18.432361;77.340711
12896;18.437545;77.496918
12897;18.435732;77.405313
12898;18.404747;77.440743
12899;18.466223;77.494738
12900;18.362395;77.50057
12901;18.512414;77.400483
12902;18.399829;77.468977
12903;18.430704;77.441369
12904;18.422582;77.392038
12905;18.423124;77.355459
12906;18.489951;77.465006
12907;18.397563;77.559772
12908;18.416708;77.523513
12909;18.426997;77.548387
12910;18.479786;77.477019
12911;18.461095;77.52399
12912;18.406264;77.49934
12913;18.391627;77.52592
12914;18.341854;77.409254
12915;18.42964;77.372832
12916;18.493026;77.432473
12917;18.409556;77.429106
12918;18.39241;77.42153
12919;18.523793;77.468321
12920;18.481407;77.454313
12921;18.393511;77.429803
12922;18.436594;77.413356
12923;18.423804;77.537805
12924;18.46694;77.396827
12925;18.509643;77.430528
12926;18.444771;77.477622
12927;18.515007;77.499953
12928;18.52941;77.407467
12929;18.469158;77.437347
12930;18.381462;77.40465
12931;18.450094;77.492055
12932;18.488332;77.436153
12933;18.434833;77.454812
12934;18.471753;77.350034
12935;18.383008;77.432873
12936;18.407333;77.397739
12937;18.499408;77.483537
12938;18.45898;77.449713
12939;18.478139;77.431558
12940;18.508738;77.386516
12941;18.447149;77.400234
12942;18.409758;77.433804
12943;18.442355;77.468587
12944;18.414958;77.573132
12945;18.49821;77.411523
12946;18.416533;77.443529
12947;18.504124;77.45748
12948;18.500438;77.455661
12949;18.402002;77.410036
12950;18.465205;77.417194
12951;18.463542;77.424245
12952;18.475276;77.40484
12953;18.472312;77.43449
12954;18.518806;77.44619
12955;18.538227;77.330083
12956;18.408375;77.481207
12957;18.496329;77.483385
12958;18.377475;77.496228
12959;18.552548;77.407002
12960;18.36994;77.444774
12961;18.444006;77.575492
12962;18.390373;77.461739
12963;18.487892;77.457063
12964;18.53371;77.456082
12965;18.435512;77.445697
12966;18.544184;77.506469
12967;18.368739;77.497951
12968;18.32561;77.461971
12969;18.430322;77.474221
12970;18.428243;77.430429
12971;18.483195;77.435408
12972;18.434063;77.475414
12973;18.423018;77.467134
12974;18.468815;77.471812
12975;18.516479;77.484736
12976;18.381305;77.388898
12977;18.48408;77.369736
12978;18.505056;77.492074
12979;18.418314;77.448526
12980;18.425012;77.37578
12981;18.440339;77.520586
12982;18.484844;77.430765
12983;18.354369;77.450518
12984;18.466839;77.471748
12985;18.413985;77.511423
12986;18.493231;77.465447
12987;18.445643;77.450228
12988;18.513169;77.464202
12989;18.409498;77.426968
12990;18.409353;77.537451
12991;18.51858;77.559585
12992;18.447697;77.470231
12993;18.401798;77.420243
12994;18.414325;77.426667
12995;18.466241;77.484497
12996;18.424647;77.472428
12997;18.46228;77.368961
12998;18.340416;77.4199
12999;18.462233;77.421184
13000;18.41929;77.496733
13001;18.447024;77.478382
13002;18.398575;77.427572
13003;18.380109;77.510013
13004;18.44471;77.465091
13005;18.457658;77.384321
13006;18.432751;77.453263
13007;18.516858;77.445581
13008;18.421439;77.437299
13009;18.497506;77.396707
13010;18.413976;77.488065
13011;18.488103;77.448795
13012;18.533974;77.438391
13013;18.458207;77.442985
13014;18.436119;77.48081
13015;18.370972;77.432857
13016;18.497031;77.467467
13017;18.576372;77.372663
13018;18.468921;77.463088
13019;18.401694;77.427941
13020;18.532578;77.412856
13021;18.441609;77.482146
13022;18.397866;77.561757
13023;18.49575;77.432748
13024;18.487082;77.481636
13025;18.428122;77.446638
13026;18.379515;77.467978
13027;18.369644;77.556628
13028;18.444753;77.373007
13029;18.441617;77.436504
13030;18.46675;77.445625
13031;18.435725;77.562567
13032;18.401085;77.388474
13033;18.424827;77.495354
13034;18.371819;77.473951
13035;18.440275;77.453145
13036;18.426612;77.458828
13037;18.506343;77.480825
13038;18.45086;77.385371
13039;18.38729;77.451654
13040;18.410358;77.412355
13041;18.468729;77.420754
13042;18.489622;77.431331
13043;18.496262;77.431063
13044;18.466504;77.412912
13045;18.48017;77.466497
13046;18.483936;77.534143
13047;18.43488;77.349414
13048;18.513407;77.497885
13049;18.457634;77.422583
13050;18.497906;77.565306
13051;18.438382;77.425687
13052;18.315657;77.521807
13053;18.476832;77.518114
13054;18.399029;77.498994
13055;18.48888;77.476576
13056;18.467575;77.426855
13057;18.449924;77.516962
13058;18.353914;77.463795
13059;18.430497;77.412621
13060;18.465679;77.337218
13061;18.411478;77.510736
13062;18.470658;77.502567
13063;18.431891;77.471043
13064;18.408095;77.391432
13065;18.374416;77.471991
13066;18.436189;77.36979
13067;18.418318;77.45283
13068;18.495575;77.365502
13069;18.463678;77.538563
13070;18.42534;77.462328
13071;18.423133;77.394851
13072;18.398222;77.399518
13073;18.42622;77.484912
13074;18.370562;77.425734
13075;18.423952;77.408513
13076;18.401286;77.365052
13077;18.465027;77.497935
13078;18.389958;77.418502
13079;18.469757;77.434415
13080;18.471749;77.468503
13081;18.41505;77.437839
13082;18.443398;77.47795
13083;18.504905;77.454896
13084;18.373409;77.549057
13085;18.374487;77.351937
13086;18.360371;77.506013
13087;18.447214;77.392258
13088;18.564931;77.423881
13089;18.434977;77.418175
13090;18.458343;77.414847
13091;18.450313;77.490496
13092;18.469967;77.491766
13093;18.481244;77.484416
13094;18.454013;77.50064
13095;18.519084;77.461813
13096;18.400701;77.432694
13097;18.435944;77.430422
13098;18.461088;77.510862
13099;18.524785;77.452512
13100;18.481809;77.53718
13101;18.457531;77.397727
13102;18.436052;77.443588
13103;18.477321;77.397911
13104;18.518056;77.345762
13105;18.444586;77.440024
13106;18.413937;77.356243
13107;18.462971;77.396647
13108;18.432232;77.394067
13109;18.499296;77.355507
13110;18.47678;77.498156
13111;18.451458;77.524781
13112;18.40956;77.397742
13113;18.448883;77.467999
13114;18.442099;77.413921
13115;18.384176;77.491618
13116;18.46357;77.502301
13117;18.383783;77.367567
13118;18.47343;77.43216
13119;18.52342;77.417561
13120;18.463659;77.465941
13121;18.371837;77.468699
13122;18.411601;77.465767
13123;18.492345;77.446434
13124;18.540636;77.529944
13125;18.50209;77.485971
13126;18.337261;77.416825
13127;18.417881;77.430251
13128;18.454839;77.427883
13129;18.431469;77.48904
13130;18.364645;77.461216
13131;18.46753;77.510045
13132;18.501998;77.497534
13133;18.559673;77.510628
13134;18.509131;77.513012
13135;18.480856;77.496143
13136;18.391869;77.477059
13137;18.399204;77.500847
13138;18.522974;77.399399
13139;18.426478;77.408072
13140;18.4853;77.461336
13141;18.54216;77.448316
13142;18.41314;77.391876
13143;18.412893;77.435798
13144;18.486242;77.44311
13145;18.397739;77.460242
13146;18.442742;77.468983
13147;18.353988;77.488943
13148;18.562013;77.430502
13149;18.478633;77.407083
13150;18.480742;77.430296
13151;18.491426;77.479464
13152;18.421126;77.431584
13153;18.459681;77.445389
13154;18.452914;77.442525
13155;18.326944;77.418163
13156;18.439576;77.493111
13157;18.507406;77.368643
13158;18.442207;77.449932
13159;18.425393;77.424014
13160;18.407015;77.392691
13161;18.462746;77.409805
13162;18.37667;77.437032
13163;18.463071;77.36125
13164;18.485596;77.468574
13165;18.416051;77.437977
13166;18.48299;77.458131
13167;18.473082;77.494509
13168;18.300213;77.471397
13169;18.442744;77.490263
13170;18.408131;77.434715
13171;18.362371;77.34953
13172;18.434618;77.417666
13173;18.410266;77.461782
13174;18.459096;77.383504
13175;18.450121;77.400172
13176;18.483146;77.47413
13177;18.412511;77.479096
13178;18.607534;77.461569
13179;18.397125;77.457495
13180;18.420714;77.389418
13181;18.528165;77.446842
13182;18.516961;77.484804
13183;18.538268;77.359523
13184;18.363116;77.442322
13185;18.500924;77.442148
13186;18.46876;77.45413
13187;18.42002;77.419483
13188;18.50536;77.4442
13189;18.459174;77.342908
13190;18.467998;77.398825
13191;18.455519;77.468129
13192;18.474408;77.36543
13193;18.389109;77.489456
13194;18.435303;77.430811
13195;18.567612;77.485295
13196;18.434462;77.444597
13197;18.361932;77.520405
13198;18.437074;77.449912
13199;18.554285;77.518131
13200;18.480992;77.365153
13201;18.467188;77.516958
13202;18.458607;77.508049
13203;18.507587;77.430921
13204;18.362574;77.502249
13205;18.467356;77.452265
13206;18.479397;77.525173
13207;18.50442;77.525291
13208;18.53423;77.465577
13209;18.41083;77.457788
13210;18.482081;77.369866
13211;18.445863;77.424785
13212;18.547045;77.492012
13213;18.433271;77.456718
13214;18.418375;77.520172
13215;18.35511;77.454217
13216;18.36423;77.487034
13217;18.386281;77.37897
13218;18.436825;77.446851
13219;18.345456;77.488324
13220;18.499235;77.479868
13221;18.492369;77.426212
13222;18.496276;77.430054
13223;18.463094;77.502469
13224;18.39646;77.435684
13225;18.490153;77.431576
13226;18.402832;77.456351
13227;18.576988;77.494562
13228;18.326286;77.424689
13229;18.378996;77.401576
13230;18.44126;77.431044
13231;18.442561;77.421988
13232;18.435025;77.557431
13233;18.387766;77.48838
13234;18.488233;77.455569
13235;18.402737;77.401496
13236;18.496082;77.503936
13237;18.476944;77.449881
13238;18.417672;77.406389
13239;18.485815;77.516343
13240;18.438945;77.493861
13241;18.473258;77.451939
13242;18.438327;77.435358
13243;18.498486;77.415618
13244;18.461463;77.48531
13245;18.507573;77.378795
13246;18.517867;77.411232
13247;18.389914;77.363689
13248;18.404811;77.373112
13249;18.457591;77.474676
13250;18.471585;77.432937
13251;18.513654;77.434168
13252;18.44106;77.515819
13253;18.43572;77.442079
13254;18.493211;77.397406
13255;18.452454;77.551544
13256;18.408594;77.496405
13257;18.469488;77.444641
13258;18.407865;77.439904
13259;18.516342;77.435271
13260;18.479651;77.423013
13261;18.419504;77.528166
13262;18.462925;77.370613
13263;18.487875;77.457785
13264;18.421704;77.427714
13265;18.506049;77.404969
13266;18.430433;77.410723
13267;18.46887;77.458961
13268;18.467509;77.451461
13269;18.418155;77.426565
13270;18.396263;77.441391
13271;18.408439;77.450331
13272;18.466371;77.435293
13273;18.380913;77.444439
13274;18.460645;77.511311
13275;18.380823;77.397479
13276;18.48057;77.357776
13277;18.470228;77.420143
13278;18.481275;77.367802
13279;18.396118;77.400987
13280;18.358246;77.498975
13281;18.427444;77.429189
13282;18.44465;77.478466
13283;18.348209;77.464996
13284;18.428202;77.424496
13285;18.475694;77.343656
13286;18.420386;77.493049
13287;18.346132;77.406598
13288;18.367715;77.495016
13289;18.406409;77.384839
13290;18.472253;77.451492
13291;18.522839;77.508288
13292;18.59932;77.397829
13293;18.448909;77.464477
13294;18.476191;77.425392
13295;18.361659;77.488183
13296;18.375078;77.505106
13297;18.430535;77.424516
13298;18.439641;77.460563
13299;18.449834;77.469303
13300;18.467015;77.367191
13301;18.47144;77.438736
13302;18.364329;77.431251
13303;18.450834;77.427909
13304;18.496893;77.577894
13305;18.495441;77.590066
13306;18.372947;77.386415
13307;18.423311;77.433486
13308;18.412322;77.463073
13309;18.446028;77.391649
13310;18.500648;77.436135
13311;18.459536;77.434963
13312;18.464906;77.482761
13313;18.363159;77.53021
13314;18.533018;77.379265
13315;18.436743;77.41273
13316;18.470319;77.465862
13317;18.439929;77.398012
13318;18.569193;77.433352
13319;18.496664;77.461863
13320;18.447744;77.458564
13321;18.431445;77.4168
13322;18.459545;77.453369
13323;18.4316;77.495573
13324;18.379057;77.492076
13325;18.50718;77.408382
13326;18.455483;77.424392
13327;18.493029;77.337985
13328;18.397066;77.457284
13329;18.43257;77.488829
13330;18.474911;77.429164
13331;18.497531;77.377186
13332;18.443373;77.400494
13333;18.43893;77.51277
13334;18.332503;77.53045
13335;18.431266;77.463935
13336;18.469818;77.534498
13337;18.507552;77.41387
13338;18.452695;77.455703
13339;18.385869;77.46438
13340;18.457488;77.482659
13341;18.396164;77.465834
13342;18.485123;77.411512
13343;18.310809;77.487939
13344;18.496658;77.506593
13345;18.407371;77.428829
13346;18.453315;77.436221
13347;18.442882;77.498134
13348;18.509992;77.464938
13349;18.387104;77.543682
13350;18.459424;77.443864
13351;18.357143;77.322169
13352;18.349799;77.502357
13353;18.390747;77.400295
13354;18.410044;77.468152
13355;18.472512;77.488649
13356;18.448546;77.516154
13357;18.516111;77.606789
13358;18.428089;77.439848
13359;18.435269;77.507818
13360;18.37991;77.451806
13361;18.504523;77.409141
13362;18.328327;77.438847
13363;18.430288;77.505817
13364;18.372662;77.468933
13365;18.441138;77.427706
13366;18.473837;77.45647
13367;18.433818;77.512549
13368;18.388165;77.403817
13369;18.495704;77.526467
13370;18.393191;77.424324
13371;18.43436;77.503874
13372;18.42654;77.471251
13373;18.461645;77.448604
13374;18.448791;77.456745
13375;18.493033;77.440087
13376;18.456932;77.519911
13377;18.442113;77.489714
13378;18.410912;77.464954
13379;18.406116;77.391645
13380;18.413268;77.453353
13381;18.316997;77.437936
13382;18.414731;77.397664
13383;18.444476;77.463497
13384;18.42962;77.442256
13385;18.497748;77.461741
13386;18.423476;77.422215
13387;18.5097;77.52197
13388;18.516465;77.463966
13389;18.430841;77.503317
13390;18.456644;77.400787
13391;18.478655;77.455471
13392;18.392486;77.490769
13393;18.411545;77.457201
13394;18.379556;77.452932
13395;18.371892;77.538591
13396;18.451384;77.480449
13397;18.361854;77.423995
13398;18.398564;77.507631
13399;18.481008;77.443115
13400;18.49295;77.44282
13401;18.466238;77.390934
13402;18.512072;77.456577
13403;18.463428;77.464747
13404;18.380333;77.405293
13405;18.463374;77.415274
13406;18.410914;77.488795
13407;18.357235;77.412182
13408;18.428618;77.513688
13409;18.50427;77.498106
13410;18.562108;77.46433
13411;18.526507;77.422458
13412;18.505055;77.486556
13413;18.430114;77.46068
13414;18.548759;77.515484
13415;18.402661;77.473089
13416;18.442522;77.47829
13417;18.527666;77.484072
13418;18.396076;77.460562
13419;18.396763;77.471246
13420;18.459168;77.43969
13421;18.40061;77.363879
13422;18.390493;77.391916
13423;18.438979;77.428074
13424;18.409034;77.533575
13425;18.537426;77.428708
13426;18.460436;77.522446
13427;18.502142;77.411538
13428;18.490497;77.451801
13429;18.451419;77.450519
13430;18.344555;77.422134
13431;18.378256;77.4492
13432;18.41821;77.464644
13433;18.478348;77.388211
13434;18.445895;77.432557
13435;18.446085;77.347851
13436;18.449941;77.451052
13437;18.553521;77.469988
13438;18.431039;77.379882
13439;18.465395;77.46423
13440;18.347657;77.575131
13441;18.47727;77.492655
13442;18.385207;77.409079
13443;18.388282;77.409292
13444;18.406727;77.486053
13445;18.383289;77.411366
13446;18.480801;77.480363
13447;18.461227;77.362869
13448;18.483383;77.544446
13449;18.469698;77.477985
13450;18.415235;77.461707
13451;18.377141;77.494947
13452;18.397437;77.442312
13453;18.412243;77.442383
13454;18.460818;77.369674
13455;18.452361;77.397345
13456;18.396582;77.391204
13457;18.539177;77.486834
13458;18.43023;77.31916
13459;18.397867;77.472346
13460;18.45526;77.446482
13461;18.423433;77.451968
13462;18.478727;77.512459
13463;18.468512;77.453437
13464;18.416213;77.477313
13465;18.394517;77.405044
13466;18.484823;77.587353
13467;18.507412;77.405372
13468;18.533001;77.556172
13469;18.511111;77.501939
13470;18.509486;77.374856
13471;18.489515;77.464105
13472;18.478365;77.377398
13473;18.405474;77.388825
13474;18.34395;77.522941
13475;18.476542;77.509917
13476;18.470356;77.386077
13477;18.390789;77.498383
13478;18.454676;77.490064
13479;18.461996;77.514623
13480;18.438703;77.503611
13481;18.42678;77.432384
13482;18.363713;77.503858
13483;18.450083;77.463701
13484;18.50767;77.447454
13485;18.408207;77.462719
13486;18.467115;77.520562
13487;18.388256;77.474976
13488;18.40345;77.407178
13489;18.443887;77.440597
13490;18.528671;77.402619
13491;18.521988;77.469793
13492;18.418616;77.417381
13493;18.401915;77.348035
13494;18.449914;77.472108
13495;18.450074;77.437413
13496;18.468518;77.516533
13497;18.489387;77.441647
13498;18.494033;77.469555
13499;18.441995;77.390178
13500;18.455512;77.486277
13501;18.464254;77.431695
13502;18.463337;77.369277
13503;18.41078;77.473344
13504;18.413572;77.489729
13505;18.482678;77.308567
13506;18.458634;77.401797
13507;18.431992;77.467161
13508;18.456952;77.525368
13509;18.41752;77.484022
13510;18.421309;77.43852
13511;18.533095;77.432579
13512;18.413976;77.430994
13513;18.511179;77.45956
13514;18.471871;77.445065
13515;18.376232;77.454221
13516;18.527182;77.417969
13517;18.408666;77.394178
13518;18.534915;77.4776
13519;18.475429;77.43249
13520;18.432699;77.386358
13521;18.420444;77.478815
13522;18.473769;77.485066
13523;18.511994;77.472183
13524;18.453153;77.493941
13525;18.498395;77.447925
13526;18.400275;77.505526
13527;18.444835;77.345158
13528;18.455328;77.399801
13529;18.442751;77.434594
13530;18.434748;77.385714
13531;18.446419;77.436964
13532;18.416847;77.485409
13533;18.449547;77.407084
13534;18.467982;77.473745
13535;18.449779;77.483732
13536;18.471483;77.510748
13537;18.513607;77.39311
13538;18.435395;77.411536
13539;18.42129;77.569311
13540;18.340923;77.521185
13541;18.374146;77.531385
13542;18.435981;77.387689
13543;18.500507;77.477759
13544;18.465361;77.393172
13545;18.449897;77.496809
13546;18.397006;77.419598
13547;18.443053;77.435155
13548;18.502696;77.416734
13549;18.400662;77.473184
13550;18.393217;77.493821
13551;18.421508;77.398234
13552;18.384346;77.489638
13553;18.450142;77.522553
13554;18.469975;77.434323
13555;18.39116;77.428429
13556;18.450557;77.479197
13557;18.407591;77.512424
13558;18.469971;77.386618
13559;18.505048;77.467048
13560;18.524314;77.381279
13561;18.409889;77.483745
13562;18.452832;77.507716
13563;18.460235;77.477285
13564;18.469229;77.425783
13565;18.459954;77.482673
13566;18.425081;77.377656
13567;18.400544;77.387564
13568;18.405231;77.489453
13569;18.421204;77.433489
13570;18.530551;77.497564
13571;18.511262;77.412679
13572;18.46343;77.480481
13573;18.408967;77.407978
13574;18.452326;77.46048
13575;18.436552;77.526268
13576;18.491475;77.480377
13577;18.399184;77.482051
13578;18.425202;77.416579
13579;18.500388;77.336279
13580;18.506915;77.470143
13581;18.480396;77.481707
13582;18.400579;77.458646
13583;18.469711;77.438556
13584;18.447653;77.429752
13585;18.456123;77.474434
13586;18.375271;77.362433
13587;18.43398;77.414431
13588;18.499664;77.453201
13589;18.382054;77.491702
13590;18.420827;77.437405
13591;18.466231;77.421283
13592;18.43131;77.448397
13593;18.375745;77.463622
13594;18.468191;77.486407
13595;18.419127;77.440314
13596;18.415142;77.515723
13597;18.407219;77.408338
13598;18.443716;77.460764
13599;18.427315;77.361267
13600;18.501658;77.451249
13601;18.454532;77.389454
13602;18.452475;77.376389
13603;18.442589;77.446948
13604;18.351707;77.383192
13605;18.456895;77.445292
13606;18.448835;77.417357
13607;18.473623;77.442753
13608;18.494312;77.434546
13609;18.52094;77.44973
13610;18.460552;77.457538
13611;18.49176;77.496309
13612;18.427309;77.529338
13613;18.599974;77.424247
13614;18.457128;77.432752
13615;18.455113;77.473782
13616;18.441945;77.51298
13617;18.463459;77.422244
13618;18.401249;77.419839
13619;18.467066;77.400189
13620;18.477984;77.478672
13621;18.301442;77.468236
13622;18.412108;77.439945
13623;18.496809;77.48991
13624;18.490213;77.489009
13625;18.474315;77.501365
13626;18.469803;77.440784
13627;18.450255;77.485043
13628;18.471697;77.438403
13629;18.458895;77.443774
13630;18.475012;77.431144
13631;18.390359;77.472563
13632;18.394169;77.357378
13633;18.510876;77.524444
13634;18.448128;77.448199
13635;18.438969;77.51823
13636;18.385565;77.46156
13637;18.476247;77.373041
13638;18.416789;77.409411
13639;18.454026;77.447656
13640;18.409388;77.436733
13641;18.357408;77.413173
13642;18.525556;77.461025
13643;18.428246;77.442199
13644;18.445134;77.314881
13645;18.474997;77.489672
13646;18.469384;77.485378
13647;18.500491;77.409503
13648;18.47847;77.401986
13649;18.440828;77.441021
13650;18.50671;77.477777
13651;18.491127;77.386075
13652;18.490381;77.410407
13653;18.380669;77.406485
13654;18.370283;77.441879
13655;18.3996;77.444425
13656;18.435681;77.470307
13657;18.440601;77.541632
13658;18.480156;77.455508
13659;18.502801;77.44114
13660;18.435738;77.450392
13661;18.421543;77.509012
13662;18.43718;77.411678
13663;18.413202;77.42304
13664;18.40507;77.485155
13665;18.415914;77.476568
13666;18.492832;77.442543
13667;18.491647;77.358483
13668;18.423156;77.389479
13669;18.488282;77.468156
13670;18.487523;77.411622
13671;18.372774;77.489934
13672;18.425393;77.478182
13673;18.450762;77.378469
13674;18.472969;77.460218
13675;18.386276;77.493109
13676;18.385495;77.532865
13677;18.468481;77.453362
13678;18.444291;77.473559
13679;18.476335;77.468704
13680;18.473706;77.465901
13681;18.540334;77.492352
13682;18.497203;77.461921
13683;18.413612;77.543127
13684;18.414289;77.43929
13685;18.523364;77.481725
13686;18.45285;77.443108
13687;18.470039;77.426355
13688;18.436716;77.504262
13689;18.507006;77.559017
13690;18.440313;77.423608
13691;18.325453;77.434475
13692;18.411757;77.409442
13693;18.443926;77.487943
13694;18.451106;77.560065
13695;18.374255;77.433491
13696;18.439761;77.46214
13697;18.480943;77.464445
13698;18.406349;77.42252
13699;18.51492;77.469196
13700;18.440854;77.522801
13701;18.444572;77.38195
13702;18.485318;77.500937
13703;18.433765;77.486248
13704;18.492032;77.392037
13705;18.419343;77.507951
13706;18.447442;77.415003
13707;18.553094;77.34643
13708;18.583161;77.458612
13709;18.419444;77.411949
13710;18.509945;77.458925
13711;18.549821;77.41208
13712;18.502683;77.42403
13713;18.475452;77.324173
13714;18.4245;77.384122
13715;18.558432;77.466338
13716;18.440706;77.497577
13717;18.522857;77.433715
13718;18.361219;77.463028
13719;18.361013;77.433124
13720;18.457148;77.479317
13721;18.455574;77.471268
13722;18.415883;77.455612
13723;18.483774;77.526624
13724;18.446848;77.519587
13725;18.412175;77.481024
13726;18.433439;77.532498
13727;18.347252;77.447101
13728;18.444814;77.502534
13729;18.439716;77.471829
13730;18.392973;77.430698
13731;18.436935;77.444549
13732;18.48168;77.477249
13733;18.344687;77.402324
13734;18.510702;77.452778
13735;18.409321;77.44686
13736;18.393204;77.382471
13737;18.417793;77.454755
13738;18.36183;77.444892
13739;18.522817;77.34192
13740;18.443601;77.381579
13741;18.405284;77.396075
13742;18.357094;77.479682
13743;18.409881;77.411042
13744;18.47839;77.328842
13745;18.53221;77.423
13746;18.357718;77.460472
13747;18.373882;77.463875
13748;18.374149;77.452537
13749;18.484397;77.384693
13750;18.359204;77.517832
13751;18.386256;77.445469
13752;18.515836;77.402449
13753;18.425276;77.449523
13754;18.441054;77.415993
13755;18.371422;77.360357
13756;18.439211;77.463756
13757;18.415094;77.437109
13758;18.432479;77.434816
13759;18.431163;77.476063
13760;18.408618;77.500151
13761;18.492357;77.45948
13762;18.481724;77.507685
13763;18.440017;77.489447
13764;18.472157;77.375498
13765;18.434238;77.44697
13766;18.442892;77.426252
13767;18.483877;77.424514
13768;18.358951;77.441525
13769;18.489011;77.468865
13770;18.42028;77.483074
13771;18.436083;77.417395
13772;18.422913;77.383515
13773;18.391743;77.39554
13774;18.463898;77.526718
13775;18.4705;77.422594
13776;18.309359;77.518297
13777;18.460539;77.475534
13778;18.481292;77.405624
13779;18.467167;77.375213
13780;18.427129;77.43299
13781;18.457041;77.483851
13782;18.491409;77.480217
13783;18.538182;77.429088
13784;18.444548;77.437698
13785;18.444324;77.567749
13786;18.486777;77.460924
13787;18.429604;77.451924
13788;18.510813;77.511337
13789;18.493273;77.483979
13790;18.431858;77.449068
13791;18.441867;77.415109
13792;18.401677;77.438981
13793;18.400095;77.433368
13794;18.39626;77.473266
13795;18.458692;77.427326
13796;18.443362;77.43348
13797;18.471073;77.531677
13798;18.411629;77.454763
13799;18.534261;77.468419
13800;18.51057;77.392367
13801;18.484595;77.41156
13802;18.386652;77.439122
13803;18.470141;77.359878
13804;18.4928;77.484502
13805;18.360816;77.382293
13806;18.45297;77.406963
13807;18.419816;77.424996
13808;18.475651;77.462485
13809;18.490034;77.463574
13810;18.546833;77.426875
13811;18.450627;77.49974
13812;18.453437;77.43715
13813;18.394011;77.44539
13814;18.402515;77.476905
13815;18.428474;77.464964
13816;18.517139;77.417514
13817;18.46727;77.419635
13818;18.394704;77.402624
13819;18.411158;77.498915
13820;18.422328;77.410396
13821;18.475888;77.368211
13822;18.435695;77.611472
13823;18.51578;77.436227
13824;18.42313;77.520022
13825;18.427682;77.493758
13826;18.388654;77.378609
13827;18.386813;77.401316
13828;18.549706;77.462558
13829;18.425753;77.537198
13830;18.399542;77.516854
13831;18.52675;77.397351
13832;18.42577;77.40607
13833;18.445164;77.446104
13834;18.425576;77.466975
13835;18.36772;77.384633
13836;18.539369;77.39991
13837;18.470038;77.433165
13838;18.508739;77.363313
13839;18.40039;77.368123
13840;18.440472;77.476779
13841;18.495596;77.486563
13842;18.381593;77.426662
13843;18.34206;77.380693
13844;18.440696;77.463925
13845;18.497718;77.438931
13846;18.447085;77.496555
13847;18.44644;77.402056
13848;18.475739;77.546205
13849;18.424107;77.432521
13850;18.498317;77.468729
13851;18.370195;77.39224
13852;18.396771;77.375658
13853;18.443589;77.485168
13854;18.451816;77.444433
13855;18.443306;77.363853
13856;18.426448;77.500174
13857;18.48753;77.427133
13858;18.537877;77.385865
13859;18.438891;77.445479
13860;18.363074;77.449312
13861;18.494939;77.489711
13862;18.419197;77.50519
13863;18.400728;77.477901
13864;18.388872;77.434652
13865;18.453616;77.452274
13866;18.414373;77.425636
13867;18.416425;77.416273
13868;18.507442;77.422455
13869;18.460716;77.507827
13870;18.453339;77.493502
13871;18.400161;77.468852
13872;18.484505;77.365369
13873;18.54202;77.445823
13874;18.46221;77.445685
13875;18.430417;77.44189
13876;18.532685;77.467516
13877;18.480137;77.525963
13878;18.455474;77.437782
13879;18.364489;77.410825
13880;18.417847;77.428777
13881;18.456229;77.4706
13882;18.440482;77.417843
13883;18.512771;77.375325
13884;18.490335;77.554611
13885;18.465147;77.499783
13886;18.486085;77.499636
13887;18.548439;77.446958
13888;18.41577;77.431642
13889;18.4694;77.393542
13890;18.398219;77.395615
13891;18.417916;77.433933
13892;18.303823;77.356769
13893;18.434525;77.398957
13894;18.430416;77.436112
13895;18.462967;77.521041
13896;18.406167;77.440067
13897;18.475427;77.495098
13898;18.30532;77.455059
13899;18.486458;77.427812
13900;18.449352;77.442692
13901;18.425338;77.484016
13902;18.467567;77.366103
13903;18.466416;77.469105
13904;18.423572;77.509569
13905;18.409743;77.361395
13906;18.494193;77.39137
13907;18.485662;77.501847
13908;18.414091;77.41918
13909;18.442846;77.432155
13910;18.398012;77.512266
13911;18.491617;77.393466
13912;18.437809;77.453302
13913;18.571437;77.460748
13914;18.425235;77.448057
13915;18.442452;77.40604
13916;18.429108;77.499745
13917;18.432895;77.506896
13918;18.430378;77.422054
13919;18.415477;77.468622
13920;18.458663;77.409268
13921;18.465328;77.472989
13922;18.470877;77.358828
13923;18.366748;77.481837
13924;18.405758;77.425209
13925;18.453731;77.527266
13926;18.392389;77.409923
13927;18.439745;77.445015
13928;18.431519;77.487004
13929;18.453177;77.530188
13930;18.472619;77.531623
13931;18.403602;77.477511
13932;18.41657;77.449473
13933;18.501542;77.412898
13934;18.456798;77.407975
13935;18.521242;77.406988
13936;18.338824;77.445368
13937;18.509108;77.441586
13938;18.397859;77.35141
13939;18.409876;77.438884
13940;18.450787;77.520311
13941;18.401225;77.465138
13942;18.374567;77.410957
13943;18.519572;77.394824
13944;18.504218;77.468437
13945;18.458759;77.442715
13946;18.496039;77.476646
13947;18.412513;77.508285
13948;18.446254;77.381392
13949;18.394433;77.524895
13950;18.427971;77.422777
13951;18.512769;77.423303
13952;18.473776;77.469621
13953;18.504642;77.493513
13954;18.528839;77.398472
13955;18.490769;77.516754
13956;18.503515;77.415884
13957;18.387293;77.445371
13958;18.458155;77.432983
13959;18.510972;77.36288
13960;18.42109;77.420106
13961;18.382893;77.415095
13962;18.456696;77.474985
13963;18.482108;77.545888
13964;18.422475;77.48441
13965;18.441636;77.490368
13966;18.494553;77.437301
13967;18.405855;77.536303
13968;18.409325;77.463562
13969;18.52202;77.446454
13970;18.427451;77.438572
13971;18.472127;77.455266
13972;18.504647;77.46543
13973;18.347096;77.580811
13974;18.526769;77.422206
13975;18.444267;77.454567
13976;18.44152;77.365944
13977;18.432109;77.527405
13978;18.444;77.580496
13979;18.483367;77.499509
13980;18.396475;77.470044
13981;18.391328;77.413071
13982;18.418912;77.371936
13983;18.488605;77.512085
13984;18.372929;77.421544
13985;18.459063;77.440931
13986;18.385418;77.45536
13987;18.353489;77.532407
13988;18.511769;77.523412
13989;18.420431;77.473436
13990;18.476522;77.459762
13991;18.426284;77.526068
13992;18.336764;77.409475
13993;18.437436;77.462932
13994;18.481037;77.368264
13995;18.471803;77.422329
13996;18.498608;77.447709
13997;18.395735;77.485242
13998;18.465225;77.401317
13999;18.437834;77.453683
14000;18.406342;77.42079
14001;18.422113;77.415732
14002;18.536144;77.415097
14003;18.452202;77.42288
14004;18.418195;77.428692
14005;18.483758;77.51968
14006;18.479052;77.417703
14007;18.491427;77.449295
14008;18.415155;77.485097
14009;18.450389;77.488334
14010;18.460926;77.551995
14011;18.428073;77.461884
14012;18.542909;77.373053
14013;18.544724;77.374697
14014;18.439478;77.507068
14015;18.46389;77.4376
14016;18.463331;77.474801
14017;18.389485;77.473821
14018;18.406546;77.505395
14019;18.467545;77.435167
14020;18.464649;77.402737
14021;18.373478;77.465807
14022;18.495448;77.438956
14023;18.406442;77.472345
14024;18.513663;77.358997
14025;18.468943;77.45643
14026;18.401698;77.506716
14027;18.495005;77.546795
14028;18.495073;77.389188
14029;18.320093;77.442614
14030;18.389872;77.495248
14031;18.430217;77.456056
14032;18.423097;77.480409
14033;18.478051;77.467425
14034;18.422268;77.387678
14035;18.483275;77.45096
14036;18.475009;77.434961
14037;18.429143;77.500469
14038;18.403688;77.389647
14039;18.375236;77.378629
14040;18.477187;77.469586
14041;18.46372;77.39811
14042;18.448589;77.405419
14043;18.441606;77.432979
14044;18.403542;77.468237
14045;18.375431;77.483081
14046;18.448704;77.420715
14047;18.58006;77.47711
14048;18.440432;77.567136
14049;18.378757;77.404032
14050;18.381973;77.468315
14051;18.488888;77.449295
14052;18.495513;77.508049
14053;18.42986;77.41987
14054;18.367301;77.347857
14055;18.487637;77.483158
14056;18.475546;77.457903
14057;18.395965;77.406758
14058;18.376151;77.433344
14059;18.495716;77.395737
14060;18.477046;77.409168
14061;18.453429;77.464862
14062;18.427884;77.493316
14063;18.419747;77.365493
14064;18.336637;77.369936
14065;18.553827;77.433259
14066;18.289693;77.586069
14067;18.449596;77.50384
14068;18.47888;77.473034
14069;18.446416;77.429358
14070;18.485971;77.395771
14071;18.377132;77.429147
14072;18.415911;77.475933
14073;18.455473;77.395914
14074;18.327872;77.500671
14075;18.498176;77.562737
14076;18.518774;77.433747
14077;18.421445;77.431641
14078;18.434199;77.446724
14079;18.44813;77.416895
14080;18.467026;77.348652
14081;18.434868;77.490128
14082;18.511893;77.447574
14083;18.428874;77.481003
14084;18.365626;77.487577
14085;18.419905;77.532003
14086;18.484848;77.468858
14087;18.392586;77.488167
14088;18.448014;77.533388
14089;18.324897;77.427759
14090;18.489554;77.560194
14091;18.487038;77.436191
14092;18.508461;77.392937
14093;18.416849;77.362618
14094;18.479251;77.431145
14095;18.456067;77.47912
14096;18.425046;77.493615
14097;18.422371;77.442105
14098;18.494249;77.454737
14099;18.486912;77.372404
14100;18.448432;77.418935
14101;18.457952;77.408163
14102;18.44172;77.535555
14103;18.529171;77.445871
14104;18.403167;77.437058
14105;18.487644;77.472508
14106;18.474357;77.530379
14107;18.359026;77.419952
14108;18.528184;77.485281
14109;18.440393;77.575398
14110;18.518747;77.409453
14111;18.458121;77.49416
14112;18.424285;77.454664
14113;18.462663;77.494211
14114;18.490407;77.401592
14115;18.419733;77.356117
14116;18.397784;77.454982
14117;18.450517;77.402227
14118;18.496026;77.522844
14119;18.46313;77.456197
14120;18.465083;77.454742
14121;18.469807;77.475662
14122;18.524235;77.521811
14123;18.427871;77.470709
14124;18.403489;77.531175
14125;18.55191;77.517059
14126;18.415145;77.400496
14127;18.46339;77.360769
14128;18.458259;77.477867
14129;18.404691;77.510019
14130;18.410342;77.549603
14131;18.413405;77.530593
14132;18.531411;77.440797
14133;18.348606;77.445857
14134;18.48887;77.504409
14135;18.401316;77.442616
14136;18.405979;77.416649
14137;18.452133;77.551925
14138;18.377532;77.46437
14139;18.400349;77.379266
14140;18.431021;77.38298
14141;18.430749;77.445264
14142;18.508877;77.462256
14143;18.417372;77.407249
14144;18.542847;77.472075
14145;18.385228;77.415987
14146;18.551363;77.384702
14147;18.524094;77.474377
14148;18.484936;77.477928
14149;18.354975;77.432616
14150;18.450734;77.423134
14151;18.442353;77.348389
14152;18.535636;77.501391
14153;18.430054;77.483168
14154;18.472566;77.474974
14155;18.423763;77.538003
14156;18.475203;77.46845
14157;18.492148;77.423454
14158;18.429305;77.456479
14159;18.463622;77.463515
14160;18.402347;77.521959
14161;18.496601;77.507601
14162;18.462796;77.4782
14163;18.45948;77.540239
14164;18.40186;77.519649
14165;18.455525;77.385547
14166;18.454384;77.480541
14167;18.43003;77.423249
14168;18.417372;77.515946
14169;18.459561;77.534031
14170;18.396849;77.476869
14171;18.506444;77.41327
14172;18.386606;77.481529
14173;18.539618;77.467768
14174;18.523454;77.472947
14175;18.372985;77.446209
14176;18.36063;77.489965
14177;18.458754;77.423902
14178;18.493405;77.42581
14179;18.456652;77.46008
14180;18.436658;77.412895
14181;18.458192;77.543972
14182;18.40949;77.420387
14183;18.480594;77.436912
14184;18.41541;77.433565
14185;18.409652;77.362321
14186;18.399335;77.463598
14187;18.442089;77.390118
14188;18.446626;77.403516
14189;18.502939;77.505368
14190;18.342525;77.438776
14191;18.449941;77.434602
14192;18.549569;77.474123
14193;18.504459;77.402124
14194;18.40704;77.444142
14195;18.488125;77.347053
14196;18.549359;77.392206
14197;18.400448;77.431366
14198;18.474316;77.382648
14199;18.423048;77.427951
14200;18.378106;77.460549
14201;18.395715;77.47619
14202;18.455716;77.508843
14203;18.420283;77.470637
14204;18.44032;77.43959
14205;18.473241;77.40895
14206;18.483458;77.434121
14207;18.452033;77.439327
14208;18.417589;77.433853
14209;18.472327;77.488525
14210;18.452557;77.447959
14211;18.37899;77.522012
14212;18.365619;77.487287
14213;18.451097;77.347618
14214;18.464098;77.398047
14215;18.446311;77.528318
14216;18.494516;77.441882
14217;18.513411;77.407352
14218;18.43624;77.426172
14219;18.407136;77.465188
14220;18.470804;77.379641
14221;18.426349;77.410152
14222;18.400105;77.455604
14223;18.491043;77.330112
14224;18.461448;77.436002
14225;18.453916;77.510809
14226;18.457619;77.486205
14227;18.460351;77.354815
14228;18.484891;77.488974
14229;18.487341;77.483886
14230;18.520641;77.456664
14231;18.582599;77.482715
14232;18.462195;77.395407
14233;18.502403;77.47231
14234;18.497574;77.451126
14235;18.421979;77.533247
14236;18.439496;77.437312
14237;18.444538;77.443064
14238;18.474866;77.609864
14239;18.496324;77.504484
14240;18.395389;77.402141
14241;18.512451;77.465461
14242;18.461686;77.468772
14243;18.444076;77.424792
14244;18.417651;77.428979
14245;18.394671;77.443666
14246;18.528313;77.522697
14247;18.353785;77.38993
14248;18.454888;77.369428
14249;18.370416;77.52875
14250;18.458933;77.380955
14251;18.458446;77.534142
14252;18.409705;77.500311
14253;18.488863;77.411253
14254;18.331021;77.409956
14255;18.409348;77.489962
14256;18.515985;77.506876
14257;18.460272;77.465742
14258;18.523945;77.546332
14259;18.377377;77.468304
14260;18.463963;77.37994
14261;18.433326;77.411579
14262;18.45632;77.454137
14263;18.46012;77.434098
14264;18.46478;77.46956
14265;18.392096;77.384948
14266;18.421975;77.604442
14267;18.430502;77.436769
14268;18.361244;77.433637
14269;18.421565;77.434793
14270;18.396969;77.466982
14271;18.484537;77.438193
14272;18.401749;77.414678
14273;18.381583;77.407673
14274;18.504879;77.429811
14275;18.467996;77.373171
14276;18.449104;77.431927
14277;18.449205;77.455768
14278;18.413908;77.504091
14279;18.425815;77.455858
14280;18.348856;77.452956
14281;18.39245;77.335148
14282;18.481085;77.540776
14283;18.402663;77.457433
14284;18.447156;77.484355
14285;18.441271;77.475139
14286;18.481505;77.406768
14287;18.437814;77.464541
14288;18.418224;77.4504
14289;18.46211;77.365843
14290;18.51283;77.422674
14291;18.419396;77.499824
14292;18.439574;77.501313
14293;18.333592;77.378464
14294;18.430234;77.459598
14295;18.441361;77.400762
14296;18.410263;77.416767
14297;18.46573;77.460946
14298;18.559505;77.378256
14299;18.423254;77.400369
14300;18.46037;77.492714
14301;18.441574;77.485876
14302;18.464383;77.468402
14303;18.541803;77.405439
14304;18.503263;77.486366
14305;18.343557;77.473126
14306;18.450543;77.396339
14307;18.427524;77.40569
14308;18.469759;77.436347
14309;18.527138;77.503338
14310;18.392763;77.453678
14311;18.44048;77.427243
14312;18.482867;77.403119
14313;18.36421;77.443114
14314;18.508357;77.542564
14315;18.467207;77.357144
14316;18.468368;77.476695
14317;18.494028;77.485249
14318;18.454555;77.416989
14319;18.381551;77.488373
14320;18.445116;77.3651
14321;18.450495;77.454509
14322;18.461088;77.430898
14323;18.538021;77.439955
14324;18.418206;77.479553
14325;18.449686;77.487528
14326;18.367545;77.505303
14327;18.472558;77.462493
14328;18.410206;77.492998
14329;18.481041;77.35161
14330;18.443065;77.378921
14331;18.494174;77.431027
14332;18.408943;77.434426
14333;18.439347;77.457752
14334;18.360664;77.531403
14335;18.465447;77.396793
14336;18.473171;77.4556
14337;18.362384;77.466294
14338;18.360008;77.404153
14339;18.45129;77.478826
14340;18.406092;77.477691
14341;18.404187;77.435697
14342;18.410164;77.390836
14343;18.412497;77.443627
14344;18.492117;77.421272
14345;18.433917;77.481667
14346;18.520303;77.377423
14347;18.328982;77.449741
14348;18.484974;77.438127
14349;18.446683;77.483974
14350;18.510327;77.42486
14351;18.477282;77.466669
14352;18.464972;77.464169
14353;18.407583;77.375699
14354;18.46771;77.54743
14355;18.482276;77.384208
14356;18.423931;77.399646
14357;18.4735;77.426868
14358;18.429453;77.458881
14359;18.397104;77.390957
14360;18.481484;77.4324
14361;18.457196;77.489026
14362;18.555659;77.334581
14363;18.457957;77.51334
14364;18.363512;77.291933
14365;18.56196;77.463631
14366;18.439529;77.361137
14367;18.407815;77.471254
14368;18.448492;77.433059
14369;18.392025;77.538796
14370;18.361697;77.385403
14371;18.40143;77.399742
14372;18.472779;77.444786
14373;18.482833;77.485869
14374;18.45148;77.427774
14375;18.565432;77.361247
14376;18.520414;77.450173
14377;18.387045;77.405476
14378;18.426729;77.635128
14379;18.405823;77.445341
14380;18.481312;77.413675
14381;18.342093;77.479733
14382;18.417642;77.388299
14383;18.449002;77.528655
14384;18.437875;77.416821
14385;18.344217;77.447986
14386;18.506178;77.482913
14387;18.442816;77.412161
14388;18.426928;77.4698
14389;18.408957;77.385396
14390;18.49578;77.502803
14391;18.475176;77.442132
14392;18.482462;77.419242
14393;18.429643;77.390445
14394;18.498319;77.419777
14395;18.408891;77.504726
14396;18.437785;77.44238
14397;18.392438;77.454242
14398;18.451632;77.397125
14399;18.440843;77.408589
14400;18.407855;77.49293
14401;18.401367;77.407845
14402;18.417917;77.47994
14403;18.350818;77.377497
14404;18.441943;77.490252
14405;18.459905;77.467986
14406;18.415938;77.429207
14407;18.409797;77.506603
14408;18.473821;77.488039
14409;18.416545;77.410569
14410;18.489053;77.464291
14411;18.401586;77.35811
14412;18.449667;77.397862
14413;18.414674;77.417022
14414;18.440961;77.49595
14415;18.406585;77.429642
14416;18.429786;77.421833
14417;18.36278;77.413959
14418;18.359558;77.440596
14419;18.480988;77.485628
14420;18.402975;77.426685
14421;18.418166;77.424942
14422;18.45068;77.409145
14423;18.38758;77.409197
14424;18.403548;77.34686
14425;18.501085;77.381104
14426;18.39271;77.423262
14427;18.500816;77.5193
14428;18.402106;77.389957
14429;18.489925;77.439314
14430;18.586091;77.482259
14431;18.427321;77.394038
14432;18.421458;77.354044
14433;18.481011;77.435999
14434;18.359022;77.437193
14435;18.410477;77.442055
14436;18.323908;77.51049
14437;18.345019;77.411525
14438;18.464369;77.446977
14439;18.482338;77.461057
14440;18.411723;77.478719
14441;18.414782;77.471736
14442;18.439804;77.451785
14443;18.469069;77.412346
14444;18.467171;77.338618
14445;18.491382;77.497138
14446;18.466059;77.483397
14447;18.482956;77.40802
14448;18.383881;77.386136
14449;18.490666;77.421162
14450;18.480121;77.420897
14451;18.455319;77.430327
14452;18.468637;77.515934
14453;18.43999;77.449653
14454;18.41874;77.466853
14455;18.44607;77.454195
14456;18.468251;77.558849
14457;18.457515;77.392791
14458;18.516848;77.505522
14459;18.453033;77.519799
14460;18.341973;77.458603
14461;18.556419;77.476236
14462;18.529203;77.436539
14463;18.412279;77.400723
14464;18.422284;77.474853
14465;18.43765;77.460683
14466;18.455558;77.494888
14467;18.304594;77.392713
14468;18.385908;77.443255
14469;18.422361;77.440201
14470;18.453222;77.409491
14471;18.509313;77.559491
14472;18.449857;77.470503
14473;18.473011;77.378528
14474;18.460595;77.446072
14475;18.457536;77.446457
14476;18.465498;77.533225
14477;18.385173;77.426999
14478;18.442046;77.431013
14479;18.425013;77.439382
14480;18.486726;77.442792
14481;18.420118;77.479198
14482;18.432287;77.379807
14483;18.369236;77.539531
14484;18.509897;77.436371
14485;18.428845;77.478565
14486;18.381081;77.510028
14487;18.506079;77.455839
14488;18.416889;77.543059
14489;18.410413;77.318624
14490;18.445011;77.498635
14491;18.551914;77.422553
14492;18.338957;77.472491
14493;18.466819;77.455427
14494;18.496423;77.405326
14495;18.478005;77.398098
14496;18.468726;77.407665
14497;18.475055;77.439227
14498;18.497756;77.561499
14499;18.435227;77.445335
14500;18.531067;77.498842
14501;18.411535;77.481089
14502;18.497846;77.438195
14503;18.511299;77.329128
14504;18.377461;77.501721
14505;18.374334;77.564631
14506;18.376017;77.43176
14507;18.415721;77.446442
14508;18.409047;77.529233
14509;18.415257;77.550886
14510;18.491887;77.504956
14511;18.427508;77.500207
14512;18.531095;77.498003
14513;18.442871;77.435099
14514;18.406634;77.466359
14515;18.436756;77.474245
14516;18.452802;77.288974
14517;18.441821;77.397303
14518;18.464483;77.48871
14519;18.42267;77.437369
14520;18.437887;77.443371
14521;18.500022;77.433372
14522;18.442057;77.423735
14523;18.481019;77.404052
14524;18.469474;77.467835
14525;18.397538;77.321607
14526;18.403882;77.555285
14527;18.422072;77.445462
14528;18.385168;77.453119
14529;18.484576;77.407316
14530;18.477908;77.496109
14531;18.466494;77.538899
14532;18.337871;77.60642
14533;18.374946;77.449472
14534;18.436954;77.470402
14535;18.494044;77.583138
14536;18.481952;77.41488
14537;18.472574;77.44475
14538;18.472209;77.38402
14539;18.45243;77.518162
14540;18.370499;77.511857
14541;18.359064;77.482313
14542;18.434053;77.511505
14543;18.466426;77.489895
14544;18.454144;77.3916
14545;18.4506;77.48538
14546;18.457597;77.467517
14547;18.504604;77.591849
14548;18.466702;77.493241
14549;18.443969;77.409291
14550;18.475274;77.478192
14551;18.454922;77.397169
14552;18.482875;77.425272
14553;18.365809;77.47512
14554;18.43955;77.47434
14555;18.390845;77.516012
14556;18.437618;77.363818
14557;18.44017;77.428465
14558;18.431933;77.430196
14559;18.478597;77.482039
14560;18.46355;77.378814
14561;18.535547;77.412377
14562;18.434198;77.407092
14563;18.455258;77.495006
14564;18.355694;77.452237
14565;18.434309;77.560301
14566;18.449016;77.437535
14567;18.349476;77.498947
14568;18.541666;77.487989
14569;18.375084;77.423054
14570;18.459739;77.394731
14571;18.488128;77.416657
14572;18.393683;77.519135
14573;18.431466;77.539634
14574;18.448272;77.39616
14575;18.40821;77.455455
14576;18.450254;77.493948
14577;18.410508;77.530729
14578;18.43026;77.566004
14579;18.404835;77.470599
14580;18.341932;77.337499
14581;18.46126;77.481763
14582;18.422926;77.418065
14583;18.405845;77.466011
14584;18.509027;77.482314
14585;18.456106;77.520474
14586;18.524274;77.561186
14587;18.362424;77.47062
14588;18.420135;77.51928
14589;18.48162;77.553986
14590;18.428134;77.485054
14591;18.365142;77.489435
14592;18.498952;77.423357
14593;18.465223;77.49341
14594;18.387899;77.468167
14595;18.517573;77.433149
14596;18.570861;77.368289
14597;18.445148;77.442696
14598;18.386656;77.529391
14599;18.42589;77.399366
14600;18.404008;77.471673
14601;18.391597;77.53573
14602;18.406785;77.392361
14603;18.510365;77.401622
14604;18.494764;77.46305
14605;18.470311;77.3895
14606;18.480597;77.465829
14607;18.385358;77.473622
14608;18.503088;77.438222
14609;18.470986;77.432352
14610;18.401633;77.453298
14611;18.501701;77.512799
14612;18.367299;77.501164
14613;18.468783;77.498213
14614;18.394551;77.379592
14615;18.37068;77.418875
14616;18.468701;77.377156
14617;18.359146;77.431918
14618;18.350869;77.50136
14619;18.455117;77.499157
14620;18.454857;77.490665
14621;18.498842;77.448483
14622;18.497613;77.412519
14623;18.412825;77.496723
14624;18.431608;77.38537
14625;18.517803;77.372823
14626;18.474703;77.451324
14627;18.433938;77.464343
14628;18.498803;77.448716
14629;18.392625;77.559742
14630;18.502577;77.472457
14631;18.387922;77.496752
14632;18.414585;77.434765
14633;18.393415;77.433686
14634;18.441992;77.473066
14635;18.48295;77.368865
14636;18.439643;77.397621
14637;18.434558;77.488385
14638;18.489905;77.484143
14639;18.457679;77.481177
14640;18.497439;77.386216
14641;18.392214;77.413703
14642;18.520871;77.439721
14643;18.44897;77.484075
14644;18.518049;77.42758
14645;18.336391;77.450257
14646;18.488211;77.539117
14647;18.387715;77.420354
14648;18.419129;77.470763
14649;18.465385;77.404925
14650;18.478748;77.431239
14651;18.418892;77.423704
14652;18.436346;77.389709
14653;18.529547;77.516977
14654;18.490257;77.446012
14655;18.435869;77.46189
14656;18.41666;77.453609
14657;18.483317;77.435986
14658;18.512655;77.526115
14659;18.461633;77.530345
14660;18.481538;77.45244
14661;18.356134;77.453791
14662;18.565819;77.441987
14663;18.396976;77.421001
14664;18.426252;77.468272
14665;18.44606;77.516089
14666;18.31131;77.396392
14667;18.546139;77.409102
14668;18.445338;77.479622
14669;18.528454;77.420567
14670;18.495991;77.391803
14671;18.450702;77.462323
14672;18.509626;77.426176
14673;18.469096;77.507382
14674;18.521661;77.459762
14675;18.52208;77.514289
14676;18.435902;77.489987
14677;18.414992;77.412705
14678;18.399384;77.445837
14679;18.575103;77.483112
14680;18.532964;77.445629
14681;18.508683;77.504813
14682;18.370263;77.432628
14683;18.449809;77.433512
14684;18.497824;77.461645
14685;18.375127;77.48305
14686;18.56424;77.414142
14687;18.501944;77.4986
14688;18.534555;77.449413
14689;18.433189;77.416273
14690;18.33874;77.50803
14691;18.421299;77.500088
14692;18.478223;77.433915
14693;18.406716;77.448825
14694;18.501496;77.421117
14695;18.474761;77.464884
14696;18.427788;77.530732
14697;18.438855;77.389638
14698;18.425826;77.383188
14699;18.452528;77.51302
14700;18.452006;77.402124
14701;18.440673;77.432815
14702;18.438825;77.456304
14703;18.441739;77.427729
14704;18.426641;77.436774
14705;18.370499;77.453762
14706;18.380526;77.41397
14707;18.453704;77.447018
14708;18.469105;77.407686
14709;18.43085;77.47965
14710;18.428695;77.373327
14711;18.514245;77.532809
14712;18.45285;77.452346
14713;18.518026;77.50121
14714;18.440187;77.467995
14715;18.496547;77.489713
14716;18.557677;77.393334
14717;18.445859;77.446262
14718;18.435132;77.518626
14719;18.431009;77.527945
14720;18.458186;77.531148
14721;18.395953;77.4907
14722;18.384339;77.433409
14723;18.399907;77.389436
14724;18.415144;77.490655
14725;18.410791;77.443755
14726;18.458502;77.367619
14727;18.469334;77.46685
14728;18.422459;77.432979
14729;18.503542;77.466026
14730;18.436497;77.414994
14731;18.381173;77.483248
14732;18.498449;77.375532
14733;18.470858;77.468977
14734;18.485815;77.473245
14735;18.480508;77.480287
14736;18.389759;77.528479
14737;18.443312;77.503707
14738;18.382858;77.421111
14739;18.532203;77.483525
14740;18.407542;77.402548
14741;18.464784;77.487801
14742;18.5286;77.469972
14743;18.505404;77.359488
14744;18.377005;77.418596
14745;18.517364;77.391285
14746;18.487605;77.4396
14747;18.413566;77.393544
14748;18.411592;77.462545
14749;18.489228;77.487268
14750;18.487433;77.462964
14751;18.389486;77.403525
14752;18.476016;77.474826
14753;18.481445;77.489363
14754;18.404974;77.488228
14755;18.389672;77.453575
14756;18.486151;77.466862
14757;18.535127;77.492
14758;18.451616;77.474577
14759;18.508321;77.390897
14760;18.439136;77.433359
14761;18.500044;77.411631
14762;18.424482;77.447279
14763;18.379314;77.485761
14764;18.441012;77.398308
14765;18.503068;77.443575
14766;18.602367;77.461895
14767;18.467773;77.500341
14768;18.42112;77.483213
14769;18.389128;77.388709
14770;18.44534;77.389886
14771;18.483622;77.425609
14772;18.474016;77.442785
14773;18.467696;77.391531
14774;18.469698;77.474252
14775;18.375038;77.440307
14776;18.377803;77.403582
14777;18.321363;77.409971
14778;18.432074;77.421551
14779;18.485991;77.486531
14780;18.488194;77.462818
14781;18.396625;77.407724
14782;18.400921;77.449447
14783;18.456183;77.500025
14784;18.497863;77.508988
14785;18.519308;77.463758
14786;18.484395;77.491818
14787;18.421238;77.395141
14788;18.488089;77.4955
14789;18.437206;77.461449
14790;18.379298;77.414395
14791;18.3598;77.447729
14792;18.399696;77.558933
14793;18.459363;77.455527
14794;18.419974;77.449997
14795;18.444338;77.466478
14796;18.368849;77.411143
14797;18.479498;77.381641
14798;18.415752;77.427966
14799;18.479851;77.38797
14800;18.413364;77.526745
14801;18.446003;77.519371
14802;18.46619;77.558232
14803;18.389227;77.358806
14804;18.416954;77.366457
14805;18.436203;77.38832
14806;18.464428;77.429079
14807;18.374664;77.486664
14808;18.485463;77.424965
14809;18.421701;77.493513
14810;18.539514;77.405796
14811;18.489077;77.44925
14812;18.467015;77.464594
14813;18.371673;77.472121
14814;18.469216;77.49922
14815;18.530939;77.423694
14816;18.367391;77.434146
14817;18.453883;77.447688
14818;18.419579;77.514268
14819;18.468256;77.370677
14820;18.425871;77.519924
14821;18.508087;77.391926
14822;18.490013;77.446396
14823;18.483865;77.441387
14824;18.449432;77.516627
14825;18.427514;77.486041
14826;18.441372;77.48395
14827;18.496502;77.362249
14828;18.481094;77.470155
14829;18.405134;77.460983
14830;18.447231;77.404117
14831;18.421227;77.476419
14832;18.427958;77.428304
14833;18.362819;77.470725
14834;18.409046;77.402438
14835;18.513429;77.437945
14836;18.49368;77.285807
14837;18.49993;77.461737
14838;18.475852;77.496884
14839;18.430627;77.50788
14840;18.371078;77.400512
14841;18.510357;77.410457
14842;18.497014;77.518065
14843;18.445033;77.459389
14844;18.531278;77.442676
14845;18.482597;77.447098
14846;18.488271;77.463856
14847;18.400795;77.441886
14848;18.497224;77.455025
14849;18.459935;77.509003
14850;18.349938;77.428424
14851;18.411073;77.463871
14852;18.416476;77.412453
14853;18.517543;77.483444
14854;18.523079;77.483373
14855;18.430167;77.541752
14856;18.522854;77.442849
14857;18.468061;77.428647
14858;18.507248;77.480148
14859;18.494685;77.480653
14860;18.33961;77.365992
14861;18.406838;77.397895
14862;18.387796;77.460693
14863;18.430948;77.437563
14864;18.38721;77.51192
14865;18.391415;77.407835
14866;18.472501;77.48151
14867;18.346924;77.471187
14868;18.540792;77.568572
14869;18.494006;77.369374
14870;18.422367;77.453941
14871;18.471078;77.514776
14872;18.400525;77.506831
14873;18.486493;77.354057
14874;18.423813;77.460228
14875;18.394182;77.46752
14876;18.398726;77.409784
14877;18.345485;77.453262
14878;18.487387;77.430481
14879;18.459878;77.450722
14880;18.47359;77.400106
14881;18.391356;77.462882
14882;18.425093;77.408472
14883;18.429181;77.491588
14884;18.504253;77.505389
14885;18.484892;77.35586
14886;18.45457;77.410995
14887;18.418586;77.446485
14888;18.395288;77.52782
14889;18.523227;77.496729
14890;18.460558;77.440796
14891;18.458827;77.426072
14892;18.370002;77.459319
14893;18.40548;77.407713
14894;18.507325;77.437798
14895;18.408312;77.362562
14896;18.361253;77.424977
14897;18.394683;77.475927
14898;18.422516;77.399892
14899;18.549957;77.441964
14900;18.43205;77.413168
14901;18.447656;77.443088
14902;18.438119;77.502343
14903;18.4454;77.354573
14904;18.498523;77.392599
14905;18.476901;77.490414
14906;18.534821;77.493917
14907;18.459818;77.494303
14908;18.352334;77.442442
14909;18.490614;77.489575
14910;18.479899;77.370143
14911;18.512833;77.499225
14912;18.466764;77.509156
14913;18.483125;77.327985
14914;18.4865;77.50768
14915;18.424468;77.399503
14916;18.488603;77.353835
14917;18.418215;77.429057
14918;18.465762;77.438384
14919;18.467648;77.447891
14920;18.461346;77.436324
14921;18.335558;77.390782
14922;18.495101;77.462193
14923;18.392172;77.42045
14924;18.36302;77.306342
14925;18.479833;77.527715
14926;18.447975;77.402662
14927;18.50057;77.46297
14928;18.401344;77.389967
14929;18.488218;77.508454
14930;18.461662;77.4046
14931;18.342493;77.374787
14932;18.375808;77.446723
14933;18.446947;77.539349
14934;18.477828;77.500922
14935;18.493959;77.470342
14936;18.466938;77.477958
14937;18.408452;77.561381
14938;18.538175;77.495573
14939;18.377359;77.458084
14940;18.449951;77.505588
14941;18.440011;77.465688
14942;18.448325;77.431374
14943;18.457268;77.431828
14944;18.363348;77.480772
14945;18.414831;77.501272
14946;18.388392;77.470338
14947;18.459051;77.456197
14948;18.493627;77.426809
14949;18.432066;77.394479
14950;18.420339;77.517779
14951;18.403576;77.382269
14952;18.468175;77.433519
14953;18.47131;77.361662
14954;18.445455;77.458818
14955;18.411387;77.418478
14956;18.491893;77.483539
14957;18.481806;77.511553
14958;18.494918;77.427172
14959;18.510223;77.536405
14960;18.394735;77.47017
14961;18.39957;77.366346
14962;18.427222;77.404712
14963;18.483828;77.434539
14964;18.441295;77.403966
14965;18.45832;77.456227
14966;18.464337;77.445675
14967;18.383187;77.538999
14968;18.381577;77.385694
14969;18.337137;77.453564
14970;18.501013;77.500305
14971;18.511878;77.35099
14972;18.453322;77.31917
14973;18.514314;77.465161
14974;18.451843;77.503733
14975;18.417966;77.489146
14976;18.520747;77.412119
14977;18.442006;77.440954
14978;18.422325;77.425302
14979;18.402165;77.415451
14980;18.510135;77.383515
14981;18.428108;77.498744
14982;18.444171;77.467397
14983;18.450771;77.459336
14984;18.455112;77.466699
14985;18.458711;77.493903
14986;18.380189;77.446541
14987;18.456818;77.408099
14988;18.442639;77.473723
14989;18.466434;77.631868
14990;18.49345;77.499392
14991;18.439716;77.483512
14992;18.496986;77.438769
14993;18.522541;77.417665
14994;18.497;77.525481
14995;18.455428;77.422626
14996;18.350891;77.442679
14997;18.433778;77.437836
14998;18.458659;77.449808
14999;18.512948;77.475492
15000;18.389077;77.422995
15001;18.547927;77.46545
15002;18.39335;77.444076
15003;18.449157;77.429604
15004;18.422155;77.394559
15005;18.427;77.475156
15006;18.422235;77.416008
15007;18.453469;77.481853
15008;18.414174;77.475383
15009;18.436;77.520409
15010;18.487163;77.377197
15011;18.474385;77.38892
15012;18.443437;77.554833
15013;18.36464;77.430369
15014;18.485316;77.440153
15015;18.467973;77.437051
15016;18.430704;77.510597
15017;18.338193;77.525456
15018;18.418957;77.441083
15019;18.435035;77.386983
15020;18.396951;77.487822
15021;18.478349;77.469614
15022;18.315501;77.504712
15023;18.47044;77.464892
15024;18.512173;77.413924
15025;18.431603;77.440207
15026;18.43197;77.437191
15027;18.46209;77.407793
15028;18.452597;77.502848
15029;18.52985;77.475541
15030;18.443318;77.416386
15031;18.436813;77.496478
15032;18.376907;77.469367
15033;18.408553;77.417549
15034;18.472233;77.512514
15035;18.463488;77.425842
15036;18.400562;77.454732
15037;18.547434;77.354388
15038;18.414156;77.508792
15039;18.418678;77.430187
15040;18.476369;77.507507
15041;18.454699;77.402975
15042;18.44628;77.408503
15043;18.574348;77.446479
15044;18.465275;77.41096
15045;18.41203;77.523552
15046;18.380311;77.463418
15047;18.455767;77.407873
15048;18.467845;77.464893
15049;18.438356;77.451124
15050;18.37984;77.408899
15051;18.444811;77.489753
15052;18.432564;77.447355
15053;18.465458;77.458495
15054;18.457005;77.461497
15055;18.428928;77.453553
15056;18.508902;77.522412
15057;18.469392;77.446202
15058;18.429415;77.372669
15059;18.388298;77.423785
15060;18.437146;77.439922
15061;18.397354;77.495017
15062;18.396289;77.558325
15063;18.451562;77.491803
15064;18.454636;77.399316
15065;18.397221;77.441342
15066;18.407911;77.506216
15067;18.446692;77.411232
15068;18.412526;77.474058
15069;18.490181;77.444357
15070;18.460708;77.424699
15071;18.438025;77.452297
15072;18.48981;77.507244
15073;18.525321;77.47935
15074;18.48503;77.430135
15075;18.396814;77.491026
15076;18.451296;77.483668
15077;18.393037;77.555585
15078;18.434757;77.508643
15079;18.389693;77.452908
15080;18.416567;77.45736
15081;18.451942;77.474288
15082;18.459224;77.402628
15083;18.569922;77.417256
15084;18.491953;77.481423
15085;18.460592;77.404147
15086;18.42584;77.450113
15087;18.468907;77.434355
15088;18.402967;77.451819
15089;18.431421;77.463
15090;18.408832;77.457559
15091;18.405313;77.461019
15092;18.428473;77.443253
15093;18.543331;77.423711
15094;18.398034;77.388077
15095;18.557807;77.358044
15096;18.362166;77.440094
15097;18.422003;77.413195
15098;18.493375;77.428981
15099;18.441484;77.50463
15100;18.43751;77.458714
15101;18.413783;77.435736
15102;18.434207;77.465386
15103;18.553413;77.434826
15104;18.452732;77.467548
15105;18.426724;77.399421
15106;18.500636;77.420089
15107;18.455271;77.43271
15108;18.420354;77.505608
15109;18.448323;77.482288
15110;18.496756;77.495583
15111;18.470903;77.494356
15112;18.463278;77.427247
15113;18.359898;77.321012
15114;18.476315;77.45728
15115;18.380267;77.454569
15116;18.428848;77.423802
15117;18.534842;77.371434
15118;18.499459;77.468319
15119;18.452607;77.528041
15120;18.435053;77.430892
15121;18.442836;77.393692
15122;18.423792;77.496056
15123;18.401712;77.404065
15124;18.419162;77.466914
15125;18.444627;77.403444
15126;18.518236;77.444078
15127;18.446578;77.42728
15128;18.432519;77.389097
15129;18.399777;77.470544
15130;18.441337;77.445895
15131;18.374234;77.49423
15132;18.447053;77.488729
15133;18.409456;77.52289
15134;18.41137;77.453434
15135;18.524195;77.346882
15136;18.428081;77.464743
15137;18.383618;77.506112
15138;18.377376;77.348698
15139;18.391864;77.485372
15140;18.395976;77.39598
15141;18.441291;77.455653
15142;18.481343;77.486746
15143;18.395318;77.478488
15144;18.38113;77.461095
15145;18.427296;77.466062
15146;18.437907;77.534492
15147;18.414938;77.476352
15148;18.4329;77.465305
15149;18.488031;77.402073
15150;18.468942;77.454612
15151;18.41517;77.362278
15152;18.396917;77.48177
15153;18.411378;77.433433
15154;18.448732;77.363203
15155;18.429564;77.506314
15156;18.40802;77.426609
15157;18.428969;77.457144
15158;18.476631;77.494881
15159;18.538139;77.414363
15160;18.461409;77.419522
15161;18.541866;77.466489
15162;18.491561;77.500929
15163;18.486205;77.463592
15164;18.363583;77.456426
15165;18.449428;77.464102
15166;18.353786;77.470153
15167;18.398581;77.530081
15168;18.431879;77.533178
15169;18.422448;77.407472
15170;18.424428;77.468389
15171;18.415856;77.454052
15172;18.402863;77.463416
15173;18.436258;77.435134
15174;18.395982;77.409408
15175;18.460175;77.423732
15176;18.386507;77.511385
15177;18.455517;77.417902
15178;18.382044;77.485701
15179;18.37332;77.422906
15180;18.401033;77.408205
15181;18.500545;77.504156
15182;18.465992;77.467654
15183;18.455615;77.478656
15184;18.47589;77.491557
15185;18.360598;77.442433
15186;18.507128;77.467872
15187;18.464706;77.42221
15188;18.419925;77.352045
15189;18.403193;77.492302
15190;18.444915;77.526176
15191;18.419611;77.473878
15192;18.432223;77.415263
15193;18.325016;77.409878
15194;18.449441;77.480356
15195;18.382004;77.428531
15196;18.449458;77.549068
15197;18.42254;77.490492
15198;18.440134;77.41058
15199;18.488755;77.494666
15200;18.368468;77.463219
15201;18.467788;77.417446
15202;18.476424;77.457808
15203;18.393485;77.523423
15204;18.592932;77.471345
15205;18.514251;77.354718
15206;18.386278;77.547886
15207;18.485667;77.430152
15208;18.435564;77.529425
15209;18.422881;77.500008
15210;18.442387;77.435083
15211;18.542209;77.474761
15212;18.506191;77.41865
15213;18.415994;77.468845
15214;18.457998;77.49384
15215;18.529438;77.48148
15216;18.470077;77.413025
15217;18.440597;77.441093
15218;18.487123;77.425975
15219;18.43345;77.473998
15220;18.446329;77.410723
15221;18.475124;77.426405
15222;18.521422;77.442719
15223;18.392434;77.436486
15224;18.44899;77.324216
15225;18.435464;77.356098
15226;18.430055;77.477621
15227;18.442738;77.466292
15228;18.378029;77.49648
15229;18.433401;77.433662
15230;18.403421;77.363153
15231;18.437672;77.395329
15232;18.454446;77.556452
15233;18.448886;77.452812
15234;18.453965;77.495525
15235;18.443951;77.473109
15236;18.497972;77.414782
15237;18.545298;77.50085
15238;18.483885;77.426265
15239;18.461255;77.492865
15240;18.481073;77.496073
15241;18.483571;77.485779
15242;18.464993;77.406712
15243;18.415145;77.476839
15244;18.428278;77.4212
15245;18.542468;77.463369
15246;18.392839;77.42225
15247;18.45508;77.487848
15248;18.418326;77.429158
15249;18.439912;77.419286
15250;18.465904;77.472151
15251;18.4171;77.453136
15252;18.450612;77.471771
15253;18.342739;77.409013
15254;18.473934;77.461409
15255;18.456377;77.460445
15256;18.393867;77.455334
15257;18.497624;77.45662
15258;18.455671;77.500305
15259;18.354348;77.507757
15260;18.464472;77.49301
15261;18.317949;77.534897
15262;18.394356;77.488368
15263;18.507977;77.487219
15264;18.381819;77.363121
15265;18.455692;77.472139
15266;18.442846;77.465786
15267;18.419976;77.421725
15268;18.464504;77.41734
15269;18.397934;77.436378
15270;18.479852;77.440334
15271;18.361438;77.478813
15272;18.413991;77.457937
15273;18.449032;77.468414
15274;18.541542;77.553591
15275;18.393361;77.467423
15276;18.422816;77.492202
15277;18.424293;77.447115
15278;18.403987;77.418764
15279;18.424045;77.546436
15280;18.449232;77.446869
15281;18.455301;77.425545
15282;18.442932;77.365644
15283;18.455056;77.476162
15284;18.495977;77.482124
15285;18.482436;77.488515
15286;18.500165;77.456008
15287;18.352642;77.503266
15288;18.444404;77.467341
15289;18.525901;77.422881
15290;18.360541;77.455783
15291;18.453346;77.447395
15292;18.474115;77.41799
15293;18.445676;77.423247
15294;18.441295;77.436254
15295;18.472547;77.362005
15296;18.441622;77.397705
15297;18.432074;77.458453
15298;18.490509;77.442733
15299;18.354533;77.404464
15300;18.542635;77.415385
15301;18.490685;77.497741
15302;18.504532;77.428844
15303;18.539651;77.401095
15304;18.506945;77.420195
15305;18.554921;77.346445
15306;18.506178;77.505177
15307;18.441356;77.463905
15308;18.444187;77.352369
15309;18.471297;77.547786
15310;18.369591;77.43952
15311;18.368548;77.474255
15312;18.414397;77.423234
15313;18.539787;77.4425
15314;18.513301;77.500172
15315;18.436362;77.468914
15316;18.400832;77.503339
15317;18.480717;77.399998
15318;18.421768;77.410637
15319;18.383883;77.416894
15320;18.421237;77.390901
15321;18.344466;77.475432
15322;18.479967;77.492773
15323;18.435914;77.48742
15324;18.484484;77.424558
15325;18.47223;77.445582
15326;18.384637;77.416548
15327;18.523931;77.486633
15328;18.466152;77.453755
15329;18.376332;77.38754
15330;18.405003;77.495388
15331;18.366894;77.425295
15332;18.435687;77.413211
15333;18.484315;77.518859
15334;18.489603;77.42186
15335;18.421712;77.45993
15336;18.463296;77.50785
15337;18.522568;77.462506
15338;18.467972;77.457754
15339;18.421388;77.524916
15340;18.436718;77.403618
15341;18.50145;77.488607
15342;18.416264;77.461051
15343;18.446155;77.429058
15344;18.360339;77.55092
15345;18.491634;77.572696
15346;18.533563;77.424491
15347;18.472264;77.419134
15348;18.46663;77.425106
15349;18.409938;77.537283
15350;18.433008;77.465473
15351;18.450277;77.392174
15352;18.457769;77.46054
15353;18.48765;77.585335
15354;18.427067;77.417101
15355;18.368563;77.465656
15356;18.367875;77.461721
15357;18.433864;77.468585
15358;18.453344;77.47438
15359;18.412616;77.497016
15360;18.387684;77.562145
15361;18.404898;77.547418
15362;18.490831;77.478577
15363;18.45842;77.519756
15364;18.378313;77.398103
15365;18.430902;77.583578
15366;18.43441;77.37162
15367;18.432917;77.32609
15368;18.39621;77.40602
15369;18.440252;77.419265
15370;18.489126;77.488185
15371;18.426919;77.436707
15372;18.463447;77.499205
15373;18.381346;77.520552
15374;18.469209;77.435941
15375;18.499714;77.470613
15376;18.424921;77.42946
15377;18.394308;77.410029
15378;18.467674;77.449848
15379;18.439191;77.365235
15380;18.430986;77.483703
15381;18.497813;77.351933
15382;18.37228;77.462582
15383;18.445185;77.4718
15384;18.402133;77.506961
15385;18.392273;77.391205
15386;18.382098;77.459671
15387;18.506728;77.406755
15388;18.394577;77.483425
15389;18.475013;77.372706
15390;18.416277;77.494634
15391;18.54632;77.356693
15392;18.479349;77.455606
15393;18.447966;77.425095
15394;18.421632;77.338411
15395;18.519604;77.43768
15396;18.387689;77.465942
15397;18.459418;77.522591
15398;18.387623;77.451458
15399;18.451641;77.344057
15400;18.437283;77.371668
15401;18.423243;77.459923
15402;18.42373;77.436244
15403;18.357416;77.493072
15404;18.418232;77.471393
15405;18.415561;77.520193
15406;18.507863;77.513386
15407;18.393494;77.391017
15408;18.518629;77.445085
15409;18.471765;77.414725
15410;18.503178;77.482995
15411;18.504246;77.44092
15412;18.525613;77.363741
15413;18.431143;77.427042
15414;18.525099;77.523571
15415;18.415881;77.521851
15416;18.415862;77.473861
15417;18.470177;77.455222
15418;18.431538;77.393374
15419;18.392205;77.573079
15420;18.366495;77.512868
15421;18.367864;77.415822
15422;18.440709;77.440987
15423;18.501632;77.487808
15424;18.485178;77.409235
15425;18.401204;77.364477
15426;18.427402;77.395776
15427;18.412606;77.493043
15428;18.3945;77.488995
15429;18.49856;77.459174
15430;18.480634;77.480923
15431;18.500205;77.386423
15432;18.384758;77.393263
15433;18.3463;77.428126
15434;18.432821;77.538104
15435;18.354404;77.382557
15436;18.530648;77.388887
15437;18.440063;77.443575
15438;18.452951;77.369897
15439;18.393296;77.348376
15440;18.491672;77.375721
15441;18.498623;77.524836
15442;18.410369;77.400842
15443;18.493626;77.416437
15444;18.441196;77.371465
15445;18.489754;77.505153
15446;18.442541;77.439132
15447;18.405104;77.384286
15448;18.427254;77.420159
15449;18.570876;77.480969
15450;18.499387;77.425234
15451;18.450794;77.446957
15452;18.518063;77.426921
15453;18.513676;77.39989
15454;18.385006;77.475313
15455;18.547898;77.477567
15456;18.393851;77.444661
15457;18.535797;77.464622
15458;18.33802;77.465337
15459;18.34278;77.385959
15460;18.427788;77.387366
15461;18.462237;77.440831
15462;18.448342;77.426692
15463;18.312167;77.471103
15464;18.395507;77.559598
15465;18.419293;77.400042
15466;18.383856;77.408315
15467;18.421681;77.422361
15468;18.365591;77.475206
15469;18.430093;77.465411
15470;18.320669;77.456584
15471;18.425732;77.479462
15472;18.470288;77.445629
15473;18.466007;77.455286
15474;18.394371;77.458721
15475;18.47966;77.472385
15476;18.476423;77.481369
15477;18.392521;77.467722
15478;18.478727;77.477687
15479;18.431397;77.494748
15480;18.420721;77.48805
15481;18.435062;77.407516
15482;18.444432;77.360912
15483;18.355075;77.525174
15484;18.421081;77.437986
15485;18.459363;77.365976
15486;18.482385;77.436612
15487;18.402242;77.478248
15488;18.453114;77.400935
15489;18.453129;77.477658
15490;18.382074;77.472914
15491;18.478508;77.453935
15492;18.518382;77.511114
15493;18.469804;77.538338
15494;18.459142;77.468365
15495;18.378497;77.496098
15496;18.485883;77.481662
15497;18.387321;77.397878
15498;18.435829;77.435479
15499;18.400447;77.563971
15500;18.479408;77.423496
15501;18.457964;77.474781
15502;18.48207;77.489571
15503;18.44006;77.482488
15504;18.388918;77.4595
15505;18.356436;77.487604
15506;18.490327;77.491266
15507;18.451333;77.544599
15508;18.510821;77.38149
15509;18.387359;77.415923
15510;18.420129;77.468873
15511;18.507073;77.477843
15512;18.412347;77.471357
15513;18.505869;77.495694
15514;18.477222;77.498963
15515;18.46362;77.431813
15516;18.40395;77.512059
15517;18.476322;77.471991
15518;18.487891;77.321956
15519;18.412171;77.49348
15520;18.496681;77.406293
15521;18.504254;77.433296
15522;18.533973;77.385062
15523;18.411518;77.459
15524;18.389434;77.405152
15525;18.345259;77.420494
15526;18.278649;77.409048
15527;18.436118;77.484289
15528;18.456844;77.52285
15529;18.412017;77.437987
15530;18.369912;77.465542
15531;18.35481;77.454296
15532;18.500859;77.423759
15533;18.451397;77.461002
15534;18.439051;77.437619
15535;18.448106;77.399394
15536;18.404818;77.460211
15537;18.386784;77.384499
15538;18.451598;77.39362
15539;18.482716;77.451172
15540;18.51145;77.515441
15541;18.432388;77.434398
15542;18.507888;77.405977
15543;18.391256;77.446559
15544;18.440725;77.430507
15545;18.442701;77.430695
15546;18.413571;77.434383
15547;18.518564;77.439922
15548;18.472561;77.413461
15549;18.414005;77.496039
15550;18.451368;77.378418
15551;18.425059;77.54391
15552;18.421909;77.48958
15553;18.429127;77.422093
15554;18.521379;77.409874
15555;18.24156;77.438532
15556;18.403262;77.542315
15557;18.385838;77.536548
15558;18.496628;77.45212
15559;18.471629;77.431848
15560;18.35289;77.527977
15561;18.419888;77.44119
15562;18.384366;77.458989
15563;18.478117;77.392487
15564;18.526354;77.420714
15565;18.536166;77.418835
15566;18.49633;77.423647
15567;18.361238;77.523255
15568;18.320311;77.464063
15569;18.38982;77.33076
15570;18.427756;77.446095
15571;18.461368;77.425848
15572;18.568352;77.431389
15573;18.4153;77.365736
15574;18.5522;77.420987
15575;18.468109;77.493752
15576;18.42975;77.407265
15577;18.466833;77.444891
15578;18.601674;77.458653
15579;18.492896;77.458373
15580;18.474552;77.433709
15581;18.506202;77.413742
15582;18.458983;77.377037
15583;18.467407;77.49118
15584;18.473323;77.405297
15585;18.489074;77.457148
15586;18.423179;77.476808
15587;18.453144;77.482693
15588;18.477382;77.43011
15589;18.448185;77.485825
15590;18.490163;77.343062
15591;18.464359;77.476443
15592;18.450273;77.489324
15593;18.474685;77.480841
15594;18.503338;77.527016
15595;18.456402;77.432012
15596;18.479447;77.350864
15597;18.423172;77.483406
15598;18.381839;77.457822
15599;18.421938;77.450882
15600;18.49182;77.472183
15601;18.542911;77.457681
15602;18.45067;77.434556
15603;18.43148;77.521991
15604;18.45167;77.449617
15605;18.434434;77.462644
15606;18.425905;77.462448
15607;18.445533;77.476277
15608;18.452917;77.416242
15609;18.559853;77.377882
15610;18.465175;77.45782
15611;18.447297;77.432585
15612;18.502225;77.436039
15613;18.490255;77.530525
15614;18.489719;77.468658
15615;18.448388;77.420833
15616;18.450976;77.420698
15617;18.479236;77.425971
15618;18.461669;77.411954
15619;18.372651;77.382642
15620;18.500973;77.476147
15621;18.42208;77.358225
15622;18.515401;77.483215
15623;18.463807;77.478378
15624;18.470696;77.34924
15625;18.38192;77.485957
15626;18.467146;77.455565
15627;18.418664;77.463178
15628;18.482404;77.517815
15629;18.445383;77.420993
15630;18.419392;77.540325
15631;18.418671;77.408059
15632;18.426358;77.50847
15633;18.478014;77.468696
15634;18.466353;77.522871
15635;18.470678;77.406772
15636;18.507113;77.436109
15637;18.378611;77.416903
15638;18.460343;77.385636
15639;18.489752;77.436594
15640;18.392914;77.468816
15641;18.422777;77.421157
15642;18.45998;77.452926
15643;18.462364;77.39282
15644;18.505341;77.481325
15645;18.464978;77.481786
15646;18.455005;77.480516
15647;18.423092;77.526717
15648;18.434242;77.498695
15649;18.44753;77.427086
15650;18.409316;77.371232
15651;18.47532;77.487884
15652;18.513221;77.443426
15653;18.481156;77.466029
15654;18.415326;77.423128
15655;18.40455;77.458955
15656;18.524142;77.432447
15657;18.461397;77.396428
15658;18.444494;77.446658
15659;18.438377;77.547113
15660;18.482777;77.501578
15661;18.486441;77.374936
15662;18.513036;77.408751
15663;18.479079;77.465587
15664;18.408843;77.365381
15665;18.573147;77.494709
15666;18.450519;77.425694
15667;18.366171;77.496364
15668;18.445684;77.377867
15669;18.46819;77.378075
15670;18.354826;77.422502
15671;18.412055;77.501652
15672;18.467;77.466893
15673;18.456831;77.404241
15674;18.465497;77.515631
15675;18.421753;77.414892
15676;18.47362;77.432916
15677;18.368144;77.428633
15678;18.475726;77.470264
15679;18.442505;77.519998
15680;18.416151;77.348973
15681;18.532638;77.459497
15682;18.467666;77.5114
15683;18.439666;77.612021
15684;18.44105;77.511657
15685;18.479413;77.494593
15686;18.406718;77.454244
15687;18.485605;77.406781
15688;18.478543;77.432823
15689;18.473318;77.390446
15690;18.513352;77.47352
15691;18.497408;77.355007
15692;18.398848;77.521059
15693;18.425786;77.556467
15694;18.41291;77.446883
15695;18.475106;77.482863
15696;18.394471;77.475995
15697;18.477709;77.488195
15698;18.510721;77.465172
15699;18.436837;77.432181
15700;18.473359;77.452277
15701;18.410949;77.41268
15702;18.425424;77.488291
15703;18.493089;77.466307
15704;18.460185;77.356682
15705;18.556697;77.53545
15706;18.370551;77.355153
15707;18.390275;77.383506
15708;18.491401;77.479595
15709;18.48188;77.506825
15710;18.445279;77.348857
15711;18.457032;77.475883
15712;18.393422;77.415043
15713;18.444942;77.466462
15714;18.447626;77.467063
15715;18.507149;77.450871
15716;18.537272;77.43092
15717;18.495621;77.414006
15718;18.459611;77.497185
15719;18.398404;77.462693
15720;18.413699;77.504561
15721;18.439323;77.489048
15722;18.456371;77.387045
15723;18.498569;77.393752
15724;18.451754;77.4548
15725;18.459422;77.482531
15726;18.42033;77.481927
15727;18.429671;77.41801
15728;18.33739;77.444946
15729;18.343094;77.445932
15730;18.4928;77.491917
15731;18.505151;77.439638
15732;18.494981;77.468406
15733;18.44896;77.475854
15734;18.449693;77.503963
15735;18.442973;77.401914
15736;18.444044;77.508456
15737;18.455211;77.547995
15738;18.536092;77.423007
15739;18.453523;77.464146
15740;18.414903;77.419004
15741;18.433592;77.416934
15742;18.523713;77.391413
15743;18.515161;77.455368
15744;18.45936;77.503221
15745;18.510416;77.432586
15746;18.492644;77.438798
15747;18.398321;77.537917
15748;18.442898;77.456083
15749;18.432921;77.487367
15750;18.49224;77.438947
15751;18.446776;77.390631
15752;18.454475;77.453535
15753;18.450771;77.493847
15754;18.449826;77.462656
15755;18.468614;77.466134
15756;18.460531;77.483332
15757;18.357984;77.328931
15758;18.475414;77.476014
15759;18.485836;77.453047
15760;18.3996;77.425745
15761;18.379643;77.50995
15762;18.432694;77.329037
15763;18.481779;77.423803
15764;18.404359;77.384985
15765;18.454496;77.456371
15766;18.427285;77.479622
15767;18.424754;77.449562
15768;18.532226;77.346602
15769;18.457895;77.397168
15770;18.472479;77.421354
15771;18.378511;77.391691
15772;18.508482;77.541086
15773;18.532923;77.32637
15774;18.471881;77.51969
15775;18.466314;77.424243
15776;18.477394;77.479911
15777;18.432624;77.497499
15778;18.428355;77.503048
15779;18.404817;77.394502
15780;18.430318;77.384708
15781;18.39176;77.457205
15782;18.457494;77.517046
15783;18.429258;77.471297
15784;18.431005;77.512548
15785;18.444494;77.535493
15786;18.466076;77.451967
15787;18.400795;77.418265
15788;18.416496;77.396768
15789;18.396622;77.397503
15790;18.389573;77.531476
15791;18.439713;77.532055
15792;18.455642;77.45481
15793;18.414123;77.465445
15794;18.506585;77.437593
15795;18.444665;77.439359
15796;18.460987;77.450596
15797;18.423754;77.587017
15798;18.468678;77.510239
15799;18.478791;77.476299
15800;18.459161;77.409706
15801;18.353109;77.425323
15802;18.381095;77.41217
15803;18.418348;77.438638
15804;18.46612;77.462992
15805;18.387515;77.444565
15806;18.504217;77.419138
15807;18.468523;77.429043
15808;18.44839;77.430335
15809;18.452766;77.4565
15810;18.405397;77.420638
15811;18.38272;77.341681
15812;18.424642;77.392202
15813;18.44125;77.444805
15814;18.46866;77.445855
15815;18.504112;77.498503
15816;18.434462;77.518982
15817;18.422781;77.413433
15818;18.470211;77.491877
15819;18.435385;77.508792
15820;18.448866;77.500208
15821;18.468254;77.474986
15822;18.454373;77.450604
15823;18.485519;77.456307
15824;18.475227;77.483214
15825;18.41659;77.541708
15826;18.522558;77.431006
15827;18.405057;77.47412
15828;18.428238;77.52748
15829;18.475511;77.465842
15830;18.463256;77.350735
15831;18.449834;77.471351
15832;18.427767;77.453093
15833;18.437392;77.500748
15834;18.463318;77.473589
15835;18.395187;77.393868
15836;18.457658;77.495792
15837;18.473764;77.377993
15838;18.478861;77.457193
15839;18.479637;77.4842
15840;18.466965;77.428887
15841;18.507133;77.408481
15842;18.456147;77.485512
15843;18.492806;77.430813
15844;18.554844;77.44677
15845;18.431035;77.417333
15846;18.438804;77.548387
15847;18.468066;77.41568
15848;18.477924;77.488154
15849;18.509472;77.507483
15850;18.347402;77.482875
15851;18.44178;77.438072
15852;18.483006;77.477541
15853;18.385581;77.392117
15854;18.419329;77.485715
15855;18.474216;77.549008
15856;18.407529;77.415386
15857;18.460712;77.416872
15858;18.491219;77.44353
15859;18.472485;77.380387
15860;18.421011;77.488639
15861;18.453105;77.447323
15862;18.348262;77.410321
15863;18.360864;77.414068
15864;18.503704;77.444968
15865;18.413918;77.558425
15866;18.540067;77.471678
15867;18.463845;77.446944
15868;18.520891;77.519037
15869;18.420482;77.485083
15870;18.484566;77.537513
15871;18.374615;77.405547
15872;18.561266;77.467486
15873;18.420431;77.48425
15874;18.394823;77.426234
15875;18.367876;77.456722
15876;18.510858;77.47822
15877;18.456801;77.501003
15878;18.448634;77.485929
15879;18.404575;77.435272
15880;18.379755;77.413641
15881;18.521757;77.494684
15882;18.413011;77.432752
15883;18.422003;77.461407
15884;18.441866;77.477976
15885;18.465421;77.470065
15886;18.435625;77.334835
15887;18.432744;77.496783
15888;18.405929;77.500957
15889;18.445268;77.46279
15890;18.453919;77.435122
15891;18.489291;77.506697
15892;18.474443;77.414639
15893;18.455307;77.418338
15894;18.452507;77.415777
15895;18.42584;77.393737
15896;18.423559;77.486049
15897;18.470537;77.499536
15898;18.440727;77.504847
15899;18.387924;77.543694
15900;18.416339;77.430202
15901;18.528957;77.394806
15902;18.305863;77.54799
15903;18.493566;77.480576
15904;18.504609;77.434651
15905;18.411099;77.396394
15906;18.471436;77.406776
15907;18.446605;77.443198
15908;18.490172;77.422358
15909;18.482614;77.386217
15910;18.485643;77.466692
15911;18.430549;77.433666
15912;18.457644;77.4647
15913;18.431908;77.498961
15914;18.422677;77.451048
15915;18.509145;77.510295
15916;18.383022;77.395579
15917;18.464873;77.380721
15918;18.513575;77.475066
15919;18.496601;77.419813
15920;18.474556;77.359944
15921;18.449329;77.518441
15922;18.452412;77.424
15923;18.32289;77.476517
15924;18.378385;77.440278
15925;18.514239;77.381421
15926;18.500659;77.307833
15927;18.464309;77.378918
15928;18.432527;77.476449
15929;18.483301;77.551135
15930;18.457016;77.382
15931;18.445526;77.425308
15932;18.387662;77.501294
15933;18.488486;77.43143
15934;18.455946;77.3666
15935;18.526874;77.531571
15936;18.470435;77.387276
15937;18.439268;77.436785
15938;18.436263;77.439571
15939;18.476005;77.474764
15940;18.381332;77.418411
15941;18.465376;77.397774
15942;18.523897;77.496119
15943;18.395935;77.405919
15944;18.435494;77.492949
15945;18.557232;77.499698
15946;18.419136;77.379088
15947;18.411684;77.372328
15948;18.362267;77.525652
15949;18.564483;77.417932
15950;18.566601;77.476347
15951;18.533881;77.428032
15952;18.4096;77.385031
15953;18.406264;77.511565
15954;18.450049;77.415884
15955;18.472281;77.456391
15956;18.48035;77.474203
15957;18.471157;77.36588
15958;18.426389;77.417207
15959;18.423942;77.392834
15960;18.38126;77.527647
15961;18.482222;77.426577
15962;18.501834;77.441408
15963;18.424452;77.354601
15964;18.51007;77.405741
15965;18.421879;77.453386
15966;18.508315;77.481883
15967;18.438539;77.428254
15968;18.385587;77.42888
15969;18.486093;77.438483
15970;18.364363;77.493276
15971;18.354374;77.449916
15972;18.506679;77.460781
15973;18.452173;77.458562
15974;18.424657;77.435613
15975;18.47052;77.532717
15976;18.384235;77.426616
15977;18.404318;77.447662
15978;18.36365;77.484655
15979;18.434188;77.398764
15980;18.366865;77.466544
15981;18.415528;77.43911
15982;18.431506;77.370077
15983;18.462564;77.386951
15984;18.457977;77.508394
15985;18.373092;77.481137
15986;18.447118;77.515563
15987;18.347523;77.393955
15988;18.395228;77.501423
15989;18.41451;77.41516
15990;18.49989;77.335673
15991;18.454176;77.497332
15992;18.379277;77.388082
15993;18.437477;77.399904
15994;18.387858;77.364692
15995;18.471032;77.480569
15996;18.390368;77.516634
15997;18.389681;77.344851
15998;18.3487;77.362937
15999;18.44765;77.500359
16000;18.469401;77.410128
16001;18.460692;77.427483
16002;18.419298;77.367465
16003;18.482729;77.418013
16004;18.391699;77.501164
16005;18.440306;77.498516
16006;18.44498;77.523373
16007;18.507339;77.426968
16008;18.45446;77.424151
16009;18.467614;77.41744
16010;18.464227;77.41215
16011;18.433541;77.515375
16012;18.470239;77.421707
16013;18.442313;77.433874
16014;18.341772;77.41643
16015;18.526134;77.473121
16016;18.514329;77.393146
16017;18.457318;77.39455
16018;18.446646;77.440381
16019;18.434924;77.485423
16020;18.444966;77.417634
16021;18.586867;77.428434
16022;18.455153;77.431079
16023;18.352324;77.37597
16024;18.435627;77.443113
16025;18.344929;77.503289
16026;18.381562;77.508818
16027;18.435643;77.458492
16028;18.432004;77.414691
16029;18.482644;77.441656
16030;18.377571;77.401369
16031;18.482367;77.517789
16032;18.359175;77.450201
16033;18.504083;77.438876
16034;18.441035;77.439388
16035;18.405317;77.480336
16036;18.384064;77.503575
16037;18.435471;77.492622
16038;18.479426;77.494675
16039;18.526346;77.374857
16040;18.456818;77.412038
16041;18.451468;77.489347
16042;18.403197;77.393987
16043;18.543396;77.389183
16044;18.427394;77.487709
16045;18.474494;77.483897
16046;18.478171;77.51137
16047;18.434535;77.448819
16048;18.399575;77.4593
16049;18.426244;77.465929
16050;18.439278;77.461085
16051;18.448232;77.518722
16052;18.418692;77.513941
16053;18.467355;77.551216
16054;18.439186;77.382392
16055;18.365022;77.359861
16056;18.335733;77.449611
16057;18.411909;77.406159
16058;18.433055;77.404063
16059;18.453955;77.466148
16060;18.484216;77.51404
16061;18.446381;77.479755
16062;18.391729;77.428648
16063;18.552584;77.432682
16064;18.399465;77.472793
16065;18.435739;77.508736
16066;18.469161;77.474948
16067;18.536347;77.503669
16068;18.474529;77.438419
16069;18.525062;77.395973
16070;18.43438;77.434798
16071;18.443299;77.417162
16072;18.424348;77.392572
16073;18.432838;77.527276
16074;18.421915;77.493693
16075;18.378314;77.45627
16076;18.449514;77.532973
16077;18.435524;77.523363
16078;18.410225;77.407261
16079;18.480269;77.584636
16080;18.361101;77.442562
16081;18.485023;77.566698
16082;18.38547;77.45639
16083;18.485969;77.533945
16084;18.39971;77.390835
16085;18.441455;77.508795
16086;18.492931;77.43115
16087;18.407969;77.50748
16088;18.389511;77.35588
16089;18.403781;77.49595
16090;18.515307;77.505525
16091;18.453202;77.376845
16092;18.39705;77.529294
16093;18.491078;77.416938
16094;18.398476;77.455434
16095;18.436962;77.399869
16096;18.413789;77.465833
16097;18.491481;77.343225
16098;18.479715;77.540057
16099;18.527706;77.408994
16100;18.400348;77.422033
16101;18.463949;77.483214
16102;18.510145;77.413356
16103;18.456083;77.381707
16104;18.402162;77.491309
16105;18.425653;77.523161
16106;18.418027;77.441423
16107;18.391329;77.346539
16108;18.371565;77.468436
16109;18.457641;77.5059
16110;18.479724;77.520912
16111;18.473964;77.412427
16112;18.401223;77.487205
16113;18.450479;77.410512
16114;18.438775;77.482837
16115;18.532487;77.460211
16116;18.517183;77.456315
16117;18.454274;77.468691
16118;18.391117;77.468603
16119;18.498065;77.537922
16120;18.444167;77.459951
16121;18.41556;77.459096
16122;18.351904;77.417243
16123;18.455929;77.514823
16124;18.406374;77.386538
16125;18.393589;77.523335
16126;18.421257;77.48796
16127;18.406497;77.490599
16128;18.44118;77.470918
16129;18.49592;77.474975
16130;18.497398;77.403093
16131;18.428726;77.374883
16132;18.46315;77.474352
16133;18.477218;77.525388
16134;18.424196;77.458484
16135;18.449332;77.433708
16136;18.355066;77.456499
16137;18.394922;77.491346
16138;18.420497;77.408158
16139;18.48181;77.463909
16140;18.413392;77.372565
16141;18.40871;77.394789
16142;18.465453;77.465709
16143;18.390074;77.428406
16144;18.420871;77.449462
16145;18.434531;77.479306
16146;18.452744;77.544338
16147;18.479486;77.507576
16148;18.436516;77.343635
16149;18.49282;77.477934
16150;18.410902;77.508586
16151;18.542915;77.41445
16152;18.435945;77.339914
16153;18.442387;77.526243
16154;18.515885;77.499511
16155;18.56861;77.468784
16156;18.406323;77.435828
16157;18.490775;77.385209
16158;18.424306;77.466696
16159;18.489407;77.511621
16160;18.402542;77.462407
16161;18.468142;77.455342
16162;18.435895;77.464639
16163;18.52319;77.492233
16164;18.462774;77.390445
16165;18.475238;77.412595
16166;18.386728;77.49439
16167;18.279002;77.396276
16168;18.512527;77.417302
16169;18.429923;77.510748
16170;18.525461;77.49389
16171;18.449801;77.338098
16172;18.514394;77.436858
16173;18.499749;77.404658
16174;18.405271;77.487131
16175;18.474536;77.438799
16176;18.518307;77.383684
16177;18.492479;77.361175
16178;18.431667;77.519186
16179;18.504212;77.310431
16180;18.435904;77.461209
16181;18.504508;77.565483
16182;18.443618;77.437096
16183;18.364743;77.537339
16184;18.472159;77.467957
16185;18.482125;77.568833
16186;18.455576;77.446902
16187;18.401501;77.50457
16188;18.426067;77.412035
16189;18.558846;77.449546
16190;18.416644;77.452933
16191;18.407353;77.421678
16192;18.387052;77.450334
16193;18.459792;77.481226
16194;18.389966;77.391031
16195;18.358106;77.485735
16196;18.480712;77.502206
16197;18.4025;77.378439
16198;18.485979;77.438037
16199;18.452103;77.460284
16200;18.544571;77.517518
16201;18.516899;77.392237
16202;18.520636;77.384171
16203;18.447976;77.464001
16204;18.404154;77.494735
16205;18.470719;77.446655
16206;18.488329;77.348276
16207;18.519437;77.433822
16208;18.529515;77.40945
16209;18.415749;77.423793
16210;18.465393;77.421397
16211;18.523926;77.474655
16212;18.371113;77.442762
16213;18.469131;77.395424
16214;18.432752;77.452602
16215;18.408976;77.459463
16216;18.464416;77.506
16217;18.495639;77.432184
16218;18.398962;77.442585
16219;18.420884;77.4679
16220;18.462306;77.40863
16221;18.385939;77.501816
16222;18.418486;77.46614
16223;18.461178;77.496106
16224;18.433463;77.428754
16225;18.491186;77.40871
16226;18.397653;77.468683
16227;18.456532;77.548338
16228;18.455059;77.452228
16229;18.451599;77.462324
16230;18.432706;77.414803
16231;18.487413;77.474081
16232;18.441599;77.42738
16233;18.402017;77.43062
16234;18.388644;77.500574
16235;18.528414;77.468471
16236;18.505801;77.545539
16237;18.439432;77.288785
16238;18.35691;77.392002
16239;18.448999;77.464186
16240;18.500823;77.434088
16241;18.447682;77.462713
16242;18.411552;77.489604
16243;18.445135;77.428782
16244;18.406184;77.450422
16245;18.414491;77.545075
16246;18.453576;77.498697
16247;18.453249;77.448344
16248;18.442267;77.471915
16249;18.418778;77.453415
16250;18.501408;77.485986
16251;18.440575;77.523774
16252;18.479811;77.494769
16253;18.388705;77.413451
16254;18.392325;77.466506
16255;18.474471;77.423385
16256;18.355488;77.484
16257;18.418406;77.54392
16258;18.461447;77.386933
16259;18.378086;77.391759
16260;18.470175;77.489689
16261;18.504463;77.478472
16262;18.539603;77.424052
16263;18.46536;77.436195
16264;18.472615;77.490776
16265;18.535704;77.42772
16266;18.397375;77.473228
16267;18.381574;77.475342
16268;18.471133;77.449522
16269;18.443025;77.442224
16270;18.421548;77.511508
16271;18.417542;77.441439
16272;18.47066;77.357317
16273;18.430287;77.422584
16274;18.484237;77.533109
16275;18.449487;77.46811
16276;18.423692;77.46614
16277;18.472054;77.465499
16278;18.45639;77.39974
16279;18.359158;77.385561
16280;18.439547;77.429492
16281;18.474037;77.398013
16282;18.451126;77.509764
16283;18.46529;77.502438
16284;18.50822;77.454841
16285;18.409091;77.476474
16286;18.434577;77.498225
16287;18.411221;77.503821
16288;18.431726;77.495096
16289;18.509381;77.447542
16290;18.42091;77.398958
16291;18.420376;77.344224
16292;18.409597;77.517526
16293;18.387798;77.49204
16294;18.497654;77.454191
16295;18.412882;77.48587
16296;18.44074;77.53186
16297;18.52857;77.470901
16298;18.419602;77.524468
16299;18.482618;77.462258
16300;18.41248;77.350823
16301;18.469713;77.41556
16302;18.396447;77.38046
16303;18.440119;77.456701
16304;18.436996;77.527552
16305;18.396803;77.379138
16306;18.52796;77.489388
16307;18.412783;77.461522
16308;18.394139;77.503166
16309;18.442266;77.418195
16310;18.488727;77.367434
16311;18.522795;77.410133
16312;18.437115;77.46132
16313;18.532038;77.484293
16314;18.454963;77.455449
16315;18.401497;77.426722
16316;18.459749;77.481069
16317;18.333701;77.457388
16318;18.395084;77.431211
16319;18.516238;77.378241
16320;18.494378;77.489285
16321;18.516097;77.498651
16322;18.437094;77.428516
16323;18.483275;77.444822
16324;18.402378;77.49258
16325;18.516104;77.538547
16326;18.450737;77.330432
16327;18.391647;77.45946
16328;18.42914;77.337091
16329;18.39458;77.301287
16330;18.449049;77.448508
16331;18.474152;77.442656
16332;18.445029;77.447483
16333;18.519603;77.441144
16334;18.458271;77.376511
16335;18.403288;77.436049
16336;18.431168;77.417733
16337;18.519696;77.505331
16338;18.474656;77.440845
16339;18.392654;77.389445
16340;18.430256;77.392624
16341;18.347427;77.452298
16342;18.38123;77.492468
16343;18.444263;77.532437
16344;18.360134;77.423684
16345;18.452816;77.359866
16346;18.435072;77.476105
16347;18.414871;77.406465
16348;18.460246;77.491661
16349;18.41234;77.465966
16350;18.311991;77.462402
16351;18.459278;77.441764
16352;18.472763;77.45775
16353;18.408425;77.406702
16354;18.421364;77.40548
16355;18.487854;77.50743
16356;18.423977;77.407224
16357;18.472099;77.487223
16358;18.462797;77.437468
16359;18.416758;77.455593
16360;18.414578;77.491586
16361;18.465133;77.393068
16362;18.440309;77.504879
16363;18.445108;77.503524
16364;18.400899;77.504472
16365;18.432843;77.416936
16366;18.521167;77.461733
16367;18.440204;77.42194
16368;18.460892;77.470195
16369;18.405022;77.392693
16370;18.450465;77.412292
16371;18.516925;77.428772
16372;18.473966;77.440766
16373;18.488098;77.382919
16374;18.491858;77.466295
16375;18.357512;77.466508
16376;18.398692;77.355223
16377;18.434632;77.481893
16378;18.539403;77.441063
16379;18.481844;77.368541
16380;18.456294;77.463524
16381;18.424386;77.415325
16382;18.401602;77.333473
16383;18.438321;77.456642
16384;18.409672;77.455445
16385;18.446494;77.430871
16386;18.433104;77.416193
16387;18.449564;77.468043
16388;18.386389;77.405866
16389;18.487071;77.460952
16390;18.474843;77.415098
16391;18.470264;77.42546
16392;18.400129;77.438926
16393;18.500568;77.385516
16394;18.509577;77.439248
16395;18.488232;77.465476
16396;18.43723;77.482187
16397;18.41802;77.481784
16398;18.40656;77.536041
16399;18.467983;77.502208
16400;18.406169;77.44907
16401;18.521018;77.48533
16402;18.398862;77.499039
16403;18.431511;77.459596
16404;18.444186;77.455806
16405;18.475501;77.47835
16406;18.412996;77.427192
16407;18.418704;77.419257
16408;18.408161;77.411689
16409;18.476555;77.451915
16410;18.469233;77.422964
16411;18.424018;77.400884
16412;18.495965;77.45394
16413;18.413606;77.431902
16414;18.431614;77.54133
16415;18.43709;77.442036
16416;18.41714;77.396333
16417;18.417801;77.492625
16418;18.407713;77.336661
16419;18.484117;77.434294
16420;18.406269;77.517759
16421;18.461559;77.459639
16422;18.464881;77.508539
16423;18.3564;77.461741
16424;18.489307;77.53155
16425;18.453285;77.592289
16426;18.501585;77.49482
16427;18.484727;77.476845
16428;18.349294;77.412803
16429;18.404557;77.357244
16430;18.419223;77.47172
16431;18.413237;77.537224
16432;18.446618;77.480085
16433;18.429295;77.484927
16434;18.47412;77.496157
16435;18.377547;77.523487
16436;18.394011;77.452012
16437;18.521637;77.542585
16438;18.479118;77.463465
16439;18.435192;77.413345
16440;18.377297;77.550843
16441;18.429562;77.451778
16442;18.396421;77.440675
16443;18.45618;77.478386
16444;18.483474;77.422026
16445;18.399754;77.470485
16446;18.352285;77.404357
16447;18.402165;77.478481
16448;18.461214;77.439347
16449;18.510819;77.451862
16450;18.50083;77.391706
16451;18.448633;77.460399
16452;18.396373;77.45407
16453;18.450125;77.511928
16454;18.370015;77.4142
16455;18.471137;77.341882
16456;18.532374;77.54499
16457;18.506401;77.504235
16458;18.48709;77.504487
16459;18.454799;77.471069
16460;18.458081;77.556152
16461;18.366891;77.498044
16462;18.48259;77.389376
16463;18.463555;77.388219
16464;18.521678;77.413315
16465;18.509547;77.404787
16466;18.392695;77.514125
16467;18.45063;77.39823
16468;18.481481;77.512185
16469;18.476142;77.495579
16470;18.464107;77.402619
16471;18.475588;77.466382
16472;18.39944;77.43137
16473;18.469793;77.34193
16474;18.519311;77.377891
16475;18.368333;77.327243
16476;18.362166;77.363304
16477;18.400209;77.511407
16478;18.500626;77.491833
16479;18.376888;77.466948
16480;18.468036;77.453425
16481;18.474073;77.471293
16482;18.57924;77.401791
16483;18.481733;77.490217
16484;18.432868;77.45534
16485;18.429933;77.426211
16486;18.51494;77.453914
16487;18.416823;77.46559
16488;18.45296;77.404393
16489;18.459454;77.403503
16490;18.462798;77.408539
16491;18.430785;77.36904
16492;18.465008;77.385119
16493;18.540638;77.530409
16494;18.407392;77.39047
16495;18.494747;77.434028
16496;18.458077;77.425893
16497;18.323187;77.48998
16498;18.436058;77.402164
16499;18.437323;77.459638
16500;18.485919;77.363136
16501;18.488424;77.401802
16502;18.392623;77.407283
16503;18.490065;77.521642
16504;18.499219;77.487746
16505;18.451945;77.420052
16506;18.450383;77.487698
16507;18.404395;77.418737
16508;18.36311;77.454937
16509;18.435509;77.486792
16510;18.398639;77.49145
16511;18.468114;77.481476
16512;18.433823;77.387431
16513;18.51496;77.454689
16514;18.431036;77.486148
16515;18.504923;77.421768
16516;18.431864;77.483621
16517;18.499847;77.493195
16518;18.421273;77.422492
16519;18.387892;77.416734
16520;18.421581;77.444736
16521;18.440796;77.386007
16522;18.464913;77.443397
16523;18.432442;77.443997
16524;18.408593;77.454076
16525;18.49468;77.476987
16526;18.445984;77.445506
16527;18.40693;77.44914
16528;18.4312;77.476694
16529;18.476185;77.384829
16530;18.362861;77.395738
16531;18.411616;77.355713
16532;18.453797;77.35574
16533;18.495655;77.465424
16534;18.448282;77.550075
16535;18.395;77.501732
16536;18.534884;77.470758
16537;18.512414;77.461273
16538;18.439137;77.401597
16539;18.490253;77.399051
16540;18.526448;77.53832
16541;18.500129;77.468594
16542;18.497137;77.427059
16543;18.426821;77.490639
16544;18.448536;77.507371
16545;18.570866;77.380427
16546;18.465388;77.439239
16547;18.454825;77.485097
16548;18.403665;77.401864
16549;18.48517;77.447134
16550;18.425326;77.421157
16551;18.471062;77.421266
16552;18.391804;77.453749
16553;18.476992;77.382663
16554;18.463056;77.44382
16555;18.378829;77.421308
16556;18.431871;77.539826
16557;18.411613;77.377242
16558;18.392225;77.431455
16559;18.461335;77.417036
16560;18.401866;77.38083
16561;18.451239;77.39445
16562;18.368898;77.440218
16563;18.471461;77.463134
16564;18.563668;77.391715
16565;18.474353;77.445467
16566;18.350255;77.513142
16567;18.377269;77.493294
16568;18.519719;77.386495
16569;18.423247;77.433633
16570;18.471215;77.44595
16571;18.437563;77.422615
16572;18.531009;77.389673
16573;18.494733;77.426961
16574;18.499315;77.416621
16575;18.444121;77.548788
16576;18.448403;77.395943
16577;18.47004;77.453529
16578;18.427527;77.441432
16579;18.489667;77.44854
16580;18.432167;77.358742
16581;18.479896;77.461728
16582;18.427161;77.527027
16583;18.462639;77.406771
16584;18.487591;77.344677
16585;18.433401;77.472608
16586;18.361512;77.491404
16587;18.465683;77.411866
16588;18.452781;77.401176
16589;18.396698;77.384984
16590;18.371066;77.465357
16591;18.374168;77.450114
16592;18.537977;77.413731
16593;18.454018;77.379741
16594;18.459383;77.46257
16595;18.511543;77.450852
16596;18.474728;77.52285
16597;18.452992;77.492849
16598;18.437331;77.479532
16599;18.478401;77.446433
16600;18.419737;77.457258
16601;18.414799;77.429242
16602;18.455493;77.415212
16603;18.52027;77.429383
16604;18.401736;77.469728
16605;18.446151;77.438809
16606;18.5458;77.476088
16607;18.452811;77.477731
16608;18.469309;77.403683
16609;18.484326;77.46746
16610;18.415981;77.366552
16611;18.541672;77.454488
16612;18.509648;77.461347
16613;18.412599;77.483244
16614;18.45177;77.520828
16615;18.441249;77.455104
16616;18.564193;77.476994
16617;18.408004;77.525093
16618;18.442615;77.460548
16619;18.431133;77.466099
16620;18.251486;77.430961
16621;18.466285;77.27421
16622;18.459187;77.406593
16623;18.410403;77.4737
16624;18.422261;77.49034
16625;18.486547;77.440257
16626;18.499511;77.4439
16627;18.400956;77.416569
16628;18.47907;77.421159
16629;18.502659;77.478685
16630;18.430336;77.493986
16631;18.42471;77.504754
16632;18.433326;77.479747
16633;18.473994;77.464111
16634;18.410005;77.454066
16635;18.516248;77.480299
16636;18.43312;77.46331
16637;18.479694;77.445055
16638;18.366892;77.402412
16639;18.430074;77.328961
16640;18.444179;77.525921
16641;18.392825;77.454727
16642;18.494408;77.467491
16643;18.381409;77.412275
16644;18.483293;77.487593
16645;18.470913;77.455552
16646;18.466138;77.527266
16647;18.480178;77.493794
16648;18.395488;77.483778
16649;18.497855;77.532274
16650;18.418216;77.45616
16651;18.427536;77.448171
16652;18.387807;77.506594
16653;18.494387;77.437687
16654;18.419007;77.426328
16655;18.446142;77.434239
16656;18.379252;77.481995
16657;18.440599;77.481182
16658;18.4121;77.451574
16659;18.446686;77.481603
16660;18.311517;77.464728
16661;18.439055;77.42052
16662;18.509714;77.534066
16663;18.432578;77.414579
16664;18.450453;77.472955
16665;18.421723;77.424873
16666;18.488088;77.370765
16667;18.375793;77.363742
16668;18.440994;77.402591
16669;18.326957;77.479815
16670;18.467585;77.551047
16671;18.423164;77.346603
16672;18.384164;77.457482
16673;18.366784;77.329574
16674;18.410551;77.418892
16675;18.476387;77.400272
16676;18.443636;77.4185
16677;18.503905;77.453124
16678;18.426157;77.428617
16679;18.425736;77.457593
16680;18.471269;77.459933
16681;18.387994;77.471119
16682;18.382754;77.38941
16683;18.453231;77.433823
16684;18.465633;77.467962
16685;18.454674;77.50041
16686;18.448953;77.432805
16687;18.421072;77.512064
16688;18.411193;77.482461
16689;18.417653;77.3862
16690;18.411819;77.540714
16691;18.382283;77.481836
16692;18.421268;77.357935
16693;18.369428;77.486412
16694;18.410274;77.581519
16695;18.473294;77.366997
16696;18.455628;77.482864
16697;18.503637;77.384746
16698;18.475126;77.431768
16699;18.470663;77.533523
16700;18.439092;77.487056
16701;18.395363;77.454698
16702;18.39396;77.419126
16703;18.488455;77.388483
16704;18.48146;77.476681
16705;18.394081;77.426059
16706;18.4499;77.428939
16707;18.43661;77.438625
16708;18.486876;77.419404
16709;18.520449;77.409034
16710;18.443558;77.463694
16711;18.35665;77.469901
16712;18.418086;77.39588
16713;18.429732;77.460384
16714;18.572566;77.460033
16715;18.442262;77.554716
16716;18.51261;77.492648
16717;18.450306;77.485782
16718;18.460978;77.453621
16719;18.435106;77.488693
16720;18.496125;77.515306
16721;18.472436;77.486144
16722;18.479964;77.424564
16723;18.451472;77.367195
16724;18.495368;77.415811
16725;18.426346;77.485265
16726;18.447125;77.509692
16727;18.509795;77.533047
16728;18.496435;77.41686
16729;18.436858;77.439708
16730;18.45492;77.390271
16731;18.439657;77.507842
16732;18.511949;77.42415
16733;18.381744;77.431705
16734;18.517517;77.34296
16735;18.42638;77.302985
16736;18.457534;77.5227
16737;18.518392;77.498682
16738;18.434167;77.539615
16739;18.368968;77.49785
16740;18.456395;77.425106
16741;18.408561;77.497447
16742;18.389572;77.507843
16743;18.503644;77.415403
16744;18.411151;77.490872
16745;18.422354;77.492433
16746;18.350791;77.459481
16747;18.404772;77.346192
16748;18.41969;77.407704
16749;18.420933;77.513479
16750;18.413814;77.42139
16751;18.307842;77.436109
16752;18.484183;77.491341
16753;18.370617;77.494146
16754;18.444795;77.493359
16755;18.394056;77.474635
16756;18.535181;77.521644
16757;18.42765;77.470249
16758;18.424095;77.388344
16759;18.475164;77.431621
16760;18.467512;77.506433
16761;18.470434;77.420349
16762;18.418618;77.422071
16763;18.461225;77.408273
16764;18.346175;77.4201
16765;18.380989;77.442087
16766;18.43625;77.516385
16767;18.47116;77.370217
16768;18.532763;77.483992
16769;18.316402;77.429961
16770;18.43853;77.489906
16771;18.443908;77.391415
16772;18.380268;77.34547
16773;18.480269;77.452566
16774;18.425267;77.468379
16775;18.396842;77.497406
16776;18.437388;77.509697
16777;18.389937;77.342103
16778;18.452817;77.460888
16779;18.408153;77.482178
16780;18.45801;77.45949
16781;18.440934;77.552008
16782;18.489469;77.397772
16783;18.498005;77.557081
16784;18.4507;77.416136
16785;18.405727;77.491989
16786;18.498158;77.481242
16787;18.417274;77.473627
16788;18.44745;77.549332
16789;18.409906;77.407554
16790;18.326573;77.44516
16791;18.392666;77.484193
16792;18.497903;77.44981
16793;18.450648;77.414029
16794;18.473867;77.417078
16795;18.414936;77.4525
16796;18.480916;77.496885
16797;18.365842;77.446244
16798;18.401378;77.462746
16799;18.536994;77.603972
16800;18.465697;77.483863
16801;18.38752;77.461148
16802;18.376517;77.525158
16803;18.494091;77.430208
16804;18.477865;77.415147
16805;18.450566;77.470187
16806;18.401746;77.458105
16807;18.407927;77.455302
16808;18.454318;77.427653
16809;18.424447;77.418149
16810;18.444353;77.454377
16811;18.480626;77.435228
16812;18.53986;77.49721
16813;18.50708;77.50667
16814;18.457855;77.385052
16815;18.419061;77.400417
16816;18.473237;77.416935
16817;18.422629;77.427629
16818;18.394976;77.502511
16819;18.466507;77.378804
16820;18.482169;77.39488
16821;18.457813;77.29798
16822;18.55703;77.473433
16823;18.431747;77.473254
16824;18.420071;77.511596
16825;18.399197;77.507918
16826;18.427431;77.494934
16827;18.452081;77.488124
16828;18.47046;77.514189
16829;18.462602;77.467534
16830;18.439534;77.444435
16831;18.537285;77.428169
16832;18.347523;77.515764
16833;18.461331;77.486903
16834;18.443772;77.432562
16835;18.453171;77.486692
16836;18.543084;77.514712
16837;18.460994;77.438059
16838;18.445132;77.348091
16839;18.495794;77.447661
16840;18.484186;77.541598
16841;18.508599;77.407641
16842;18.482863;77.497952
16843;18.457187;77.453847
16844;18.463075;77.486785
16845;18.373308;77.436036
16846;18.496287;77.553815
16847;18.440784;77.431142
16848;18.434256;77.444694
16849;18.389707;77.475033
16850;18.520569;77.495285
16851;18.423777;77.48018
16852;18.44361;77.376503
16853;18.453459;77.470776
16854;18.416895;77.574166
16855;18.485022;77.527474
16856;18.536315;77.485719
16857;18.507228;77.57676
16858;18.493289;77.467967
16859;18.508933;77.46365
16860;18.48527;77.386362
16861;18.473779;77.338636
16862;18.55924;77.483282
16863;18.473706;77.504681
16864;18.492828;77.41402
16865;18.425545;77.505522
16866;18.443673;77.424974
16867;18.460497;77.42414
16868;18.324794;77.398013
16869;18.487668;77.475494
16870;18.518512;77.386376
16871;18.40749;77.391239
16872;18.476619;77.440029
16873;18.475195;77.3681
16874;18.404011;77.376605
16875;18.373929;77.427617
16876;18.457586;77.463065
16877;18.524944;77.478937
16878;18.452528;77.439849
16879;18.34462;77.452434
16880;18.452501;77.447297
16881;18.480044;77.381322
16882;18.543273;77.417518
16883;18.418868;77.533421
16884;18.511149;77.423873
16885;18.452349;77.433523
16886;18.548634;77.426309
16887;18.465372;77.46692
16888;18.47866;77.462858
16889;18.495466;77.418824
16890;18.513453;77.466737
16891;18.462759;77.432567
16892;18.415748;77.464065
16893;18.429225;77.453819
16894;18.413656;77.492075
16895;18.426432;77.472085
16896;18.403372;77.408238
16897;18.42962;77.398958
16898;18.476988;77.454367
16899;18.467104;77.422246
16900;18.4271;77.381058
16901;18.46392;77.432401
16902;18.483693;77.522565
16903;18.408519;77.431896
16904;18.428927;77.474874
16905;18.418994;77.466564
16906;18.465898;77.398344
16907;18.43009;77.529418
16908;18.553427;77.448345
16909;18.396853;77.448373
16910;18.459165;77.442945
16911;18.423552;77.506832
16912;18.491417;77.4219
16913;18.535474;77.497153
16914;18.339467;77.473997
16915;18.396108;77.361028
16916;18.412014;77.472931
16917;18.483391;77.369968
16918;18.444162;77.458574
16919;18.457835;77.44749
16920;18.424186;77.448967
16921;18.439008;77.393123
16922;18.521657;77.443354
16923;18.403468;77.377753
16924;18.405978;77.440048
16925;18.467342;77.378204
16926;18.355665;77.43952
16927;18.44237;77.498
16928;18.476417;77.469135
16929;18.466637;77.572127
16930;18.538832;77.483653
16931;18.392964;77.481901
16932;18.518424;77.51627
16933;18.429784;77.422192
16934;18.547533;77.449986
16935;18.433858;77.457635
16936;18.360439;77.453832
16937;18.398809;77.509084
16938;18.484788;77.474138
16939;18.431396;77.439396
16940;18.417998;77.489282
16941;18.524794;77.414032
16942;18.345908;77.436704
16943;18.540056;77.447938
16944;18.407516;77.540077
16945;18.471231;77.499613
16946;18.371053;77.490698
16947;18.500327;77.518716
16948;18.435234;77.520819
16949;18.381425;77.417053
16950;18.394686;77.369419
16951;18.436128;77.460833
16952;18.405514;77.497151
16953;18.446066;77.453267
16954;18.425425;77.529575
16955;18.362679;77.412188
16956;18.422691;77.500215
16957;18.438226;77.443854
16958;18.493535;77.410329
16959;18.499837;77.491134
16960;18.50224;77.441615
16961;18.375014;77.42732
16962;18.447489;77.423844
16963;18.419214;77.470447
16964;18.473058;77.444781
16965;18.4458;77.44939
16966;18.473576;77.419873
16967;18.501132;77.436434
16968;18.443423;77.496019
16969;18.441637;77.410083
16970;18.448742;77.460356
16971;18.456301;77.493132
16972;18.50555;77.436138
16973;18.49808;77.496584
16974;18.570598;77.450437
16975;18.432062;77.373481
16976;18.425883;77.437484
16977;18.400871;77.464704
16978;18.408784;77.511151
16979;18.387546;77.445449
16980;18.359752;77.443709
16981;18.337575;77.402134
16982;18.41097;77.55053
16983;18.421096;77.541397
16984;18.372302;77.420771
16985;18.444992;77.273727
16986;18.443233;77.498163
16987;18.440722;77.458316
16988;18.424236;77.478187
16989;18.448717;77.376256
16990;18.445654;77.416549
16991;18.427665;77.464214
16992;18.363322;77.471749
16993;18.449261;77.465373
16994;18.396275;77.429813
16995;18.436007;77.47934
16996;18.457051;77.382449
16997;18.414805;77.48857
16998;18.472143;77.434393
16999;18.497535;77.475735
17000;18.440825;77.370272
17001;18.452389;77.483593
17002;18.504572;77.31126
17003;18.413782;77.480518
17004;18.398651;77.437207
17005;18.416292;77.471443
17006;18.378054;77.456061
17007;18.511992;77.436893
17008;18.464087;77.385987
17009;18.38022;77.446117
17010;18.38436;77.366071
17011;18.461915;77.440048
17012;18.459044;77.500897
17013;18.503967;77.458699
17014;18.448003;77.443997
17015;18.382981;77.523737
17016;18.481843;77.527962
17017;18.488512;77.486801
17018;18.466518;77.466223
17019;18.46189;77.504153
17020;18.471445;77.459115
17021;18.454886;77.546045
17022;18.420871;77.493053
17023;18.374419;77.402247
17024;18.369739;77.449383
17025;18.513483;77.485667
17026;18.492432;77.444873
17027;18.467089;77.471764
17028;18.452311;77.468377
17029;18.382416;77.370696
17030;18.369873;77.389901
17031;18.400774;77.389313
17032;18.459312;77.557275
17033;18.446613;77.457518
17034;18.449975;77.499641
17035;18.414063;77.476657
17036;18.466316;77.442887
17037;18.558037;77.460033
17038;18.429783;77.477393
17039;18.428101;77.54998
17040;18.450678;77.370149
17041;18.426662;77.401585
17042;18.485262;77.429471
17043;18.40212;77.578088
17044;18.445548;77.441801
17045;18.4798;77.528906
17046;18.430402;77.43177
17047;18.471702;77.49876
17048;18.358969;77.437128
17049;18.431012;77.426773
17050;18.429958;77.411669
17051;18.46414;77.490387
17052;18.464796;77.438051
17053;18.448469;77.54278
17054;18.461298;77.531497
17055;18.447298;77.503697
17056;18.46764;77.450684
17057;18.495506;77.518663
17058;18.407516;77.508525
17059;18.547126;77.351348
17060;18.452763;77.517589
17061;18.36939;77.44207
17062;18.472451;77.380651
17063;18.465473;77.426932
17064;18.464763;77.563129
17065;18.520167;77.542388
17066;18.460122;77.428692
17067;18.468975;77.405377
17068;18.438036;77.410948
17069;18.380453;77.449829
17070;18.414169;77.456999
17071;18.386762;77.554102
17072;18.351136;77.49853
17073;18.462687;77.537456
17074;18.460197;77.572715
17075;18.412272;77.501574
17076;18.526808;77.485264
17077;18.510864;77.378985
17078;18.451551;77.453599
17079;18.430609;77.432103
17080;18.400264;77.48952
17081;18.430341;77.530473
17082;18.514037;77.437105
17083;18.388554;77.493154
17084;18.45804;77.407843
17085;18.298587;77.433508
17086;18.443013;77.419905
17087;18.455756;77.507158
17088;18.384017;77.441769
17089;18.479647;77.46667
17090;18.450115;77.480424
17091;18.482661;77.506406
17092;18.383706;77.360049
17093;18.456232;77.436884
17094;18.4479;77.48892
17095;18.470207;77.468635
17096;18.451913;77.391029
17097;18.458011;77.460898
17098;18.422308;77.469241
17099;18.413773;77.46431
17100;18.37329;77.447161
17101;18.449102;77.437916
17102;18.418229;77.422941
17103;18.398214;77.513369
17104;18.549837;77.507453
17105;18.396963;77.323009
17106;18.384334;77.513278
17107;18.488197;77.452381
17108;18.457719;77.425398
17109;18.495597;77.491778
17110;18.46019;77.345019
17111;18.50752;77.474805
17112;18.420653;77.442885
17113;18.437134;77.423937
17114;18.486852;77.490672
17115;18.371862;77.522091
17116;18.43831;77.503191
17117;18.381044;77.392344
17118;18.436889;77.544208
17119;18.507587;77.464118
17120;18.437919;77.319705
17121;18.409058;77.494964
17122;18.386206;77.444028
17123;18.476204;77.492239
17124;18.456013;77.367267
17125;18.419198;77.367999
17126;18.454918;77.501892
17127;18.488483;77.43187
17128;18.530288;77.418016
17129;18.429444;77.401918
17130;18.481173;77.414109
17131;18.569531;77.523263
17132;18.481996;77.494046
17133;18.324591;77.419832
17134;18.469729;77.395056
17135;18.409162;77.481872
17136;18.441935;77.424426
17137;18.503985;77.433273
17138;18.417617;77.471314
17139;18.42899;77.442291
17140;18.465543;77.488661
17141;18.464737;77.4658
17142;18.454703;77.474248
17143;18.53937;77.527213
17144;18.514137;77.489423
17145;18.4498;77.435569
17146;18.447866;77.439452
17147;18.452287;77.443717
17148;18.378979;77.474396
17149;18.402327;77.444173
17150;18.462588;77.405107
17151;18.441603;77.459741
17152;18.432548;77.438335
17153;18.490835;77.502325
17154;18.460631;77.451506
17155;18.457626;77.473184
17156;18.371754;77.433793
17157;18.451732;77.439694
17158;18.535126;77.395601
17159;18.492041;77.515665
17160;18.39179;77.379373
17161;18.454602;77.457159
17162;18.349767;77.402548
17163;18.414327;77.4468
17164;18.476463;77.436299
17165;18.38;77.327264
17166;18.422391;77.392845
17167;18.501613;77.426639
17168;18.431018;77.454357
17169;18.459605;77.415078
17170;18.494575;77.392285
17171;18.454263;77.446938
17172;18.365286;77.394929
17173;18.424792;77.495496
17174;18.405505;77.441225
17175;18.499028;77.519552
17176;18.416994;77.406562
17177;18.449634;77.481256
17178;18.434873;77.489038
17179;18.365141;77.454506
17180;18.467719;77.448052
17181;18.568665;77.472486
17182;18.506595;77.505193
17183;18.259112;77.45763
17184;18.487345;77.517357
17185;18.396023;77.414533
17186;18.480379;77.49855
17187;18.404656;77.416873
17188;18.436814;77.458535
17189;18.499263;77.454118
17190;18.473553;77.420057
17191;18.467691;77.466097
17192;18.44604;77.41499
17193;18.486543;77.446796
17194;18.377642;77.480833
17195;18.58344;77.476785
17196;18.401094;77.373762
17197;18.484088;77.363999
17198;18.471743;77.48571
17199;18.434525;77.393658
17200;18.397371;77.444189
17201;18.464264;77.348449
17202;18.371521;77.441233
17203;18.400414;77.441435
17204;18.458858;77.43248
17205;18.406929;77.482897
17206;18.439052;77.460799
17207;18.4005;77.47621
17208;18.471565;77.469338
17209;18.41013;77.390002
17210;18.399436;77.461098
17211;18.462875;77.41774
17212;18.426501;77.344653
17213;18.384983;77.403003
17214;18.42059;77.538212
17215;18.447501;77.403055
17216;18.504678;77.416938
17217;18.496011;77.408562
17218;18.43446;77.453337
17219;18.439775;77.392191
17220;18.505557;77.398732
17221;18.475247;77.412194
17222;18.483708;77.437738
17223;18.34975;77.446756
17224;18.45992;77.44697
17225;18.43728;77.53493
17226;18.518256;77.428039
17227;18.44113;77.5419
17228;18.445036;77.437582
17229;18.489412;77.361213
17230;18.49959;77.412299
17231;18.36636;77.458778
17232;18.500954;77.413767
17233;18.630603;77.501652
17234;18.511177;77.526867
17235;18.357004;77.421261
17236;18.476435;77.500659
17237;18.525516;77.336095
17238;18.434015;77.398562
17239;18.448182;77.456955
17240;18.390295;77.449066
17241;18.457331;77.562214
17242;18.371569;77.537118
17243;18.414184;77.361949
17244;18.362085;77.47783
17245;18.434131;77.520161
17246;18.44255;77.428524
17247;18.379921;77.426867
17248;18.413535;77.482889
17249;18.47922;77.375031
17250;18.585145;77.450006
17251;18.500762;77.46799
17252;18.535979;77.433537
17253;18.458289;77.54035
17254;18.425478;77.422417
17255;18.378412;77.470229
17256;18.423991;77.465908
17257;18.416921;77.486678
17258;18.507919;77.387708
17259;18.423099;77.480942
17260;18.438375;77.348576
17261;18.467884;77.509724
17262;18.544546;77.473867
17263;18.415494;77.459026
17264;18.410119;77.57303
17265;18.498489;77.441445
17266;18.370996;77.402669
17267;18.387294;77.338046
17268;18.494775;77.472485
17269;18.371993;77.439471
17270;18.415746;77.426125
17271;18.423524;77.416406
17272;18.447026;77.427532
17273;18.454898;77.43109
17274;18.435318;77.462322
17275;18.514641;77.437753
17276;18.483194;77.428239
17277;18.366307;77.431407
17278;18.50468;77.537658
17279;18.423763;77.556072
17280;18.505851;77.538057
17281;18.395969;77.488816
17282;18.467191;77.438765
17283;18.497603;77.537216
17284;18.450304;77.461561
17285;18.427485;77.462944
17286;18.407696;77.382323
17287;18.542686;77.57396
17288;18.340395;77.393127
17289;18.505956;77.494949
17290;18.551564;77.47957
17291;18.4212;77.487448
17292;18.406307;77.435836
17293;18.429227;77.466091
17294;18.412439;77.502012
17295;18.440049;77.415389
17296;18.422349;77.361151
17297;18.400265;77.428242
17298;18.343082;77.437952
17299;18.456212;77.462286
17300;18.459516;77.420703
17301;18.523576;77.539599
17302;18.432933;77.511025
17303;18.427529;77.341642
17304;18.44149;77.479562
17305;18.471111;77.547607
17306;18.418298;77.464121
17307;18.449314;77.453827
17308;18.468672;77.408705
17309;18.510369;77.46357
17310;18.456293;77.360122
17311;18.451954;77.494881
17312;18.420664;77.399562
17313;18.456557;77.354507
17314;18.441541;77.423767
17315;18.48554;77.426638
17316;18.410479;77.429714
17317;18.37484;77.434658
17318;18.481269;77.394012
17319;18.389375;77.418234
17320;18.534295;77.450089
17321;18.435592;77.534736
17322;18.372168;77.462947
17323;18.514874;77.451936
17324;18.477095;77.434439
17325;18.531644;77.410756
17326;18.395715;77.499932
17327;18.346362;77.447309
17328;18.402028;77.339442
17329;18.390247;77.476925
17330;18.442665;77.445005
17331;18.504025;77.381494
17332;18.39228;77.478907
17333;18.421384;77.511948
17334;18.362231;77.466727
17335;18.468319;77.447763
17336;18.317065;77.468887
17337;18.385814;77.476626
17338;18.482686;77.479373
17339;18.446992;77.491116
17340;18.394559;77.336766
17341;18.401741;77.483427
17342;18.470356;77.412904
17343;18.447414;77.491831
17344;18.485043;77.386047
17345;18.463354;77.401374
17346;18.325023;77.441411
17347;18.492126;77.432247
17348;18.457219;77.440255
17349;18.389088;77.482025
17350;18.389946;77.482145
17351;18.417096;77.408799
17352;18.419908;77.430093
17353;18.46439;77.453049
17354;18.444501;77.395454
17355;18.463311;77.42458
17356;18.485076;77.493773
17357;18.374056;77.430124
17358;18.477918;77.474136
17359;18.39315;77.573765
17360;18.419501;77.450686
17361;18.434527;77.530721
17362;18.400979;77.508847
17363;18.403361;77.412193
17364;18.466996;77.462431
17365;18.39858;77.451557
17366;18.374393;77.450092
17367;18.439522;77.416596
17368;18.438547;77.425193
17369;18.412746;77.45238
17370;18.379496;77.484555
17371;18.451784;77.377768
17372;18.493693;77.494539
17373;18.464031;77.504176
17374;18.501919;77.471218
17375;18.369303;77.319777
17376;18.341873;77.387335
17377;18.482912;77.388699
17378;18.377284;77.402082
17379;18.442067;77.355352
17380;18.453642;77.475057
17381;18.382318;77.385379
17382;18.443262;77.522539
17383;18.338996;77.326374
17384;18.473229;77.490792
17385;18.325224;77.438764
17386;18.518114;77.472106
17387;18.470897;77.490834
17388;18.430023;77.389645
17389;18.476669;77.493002
17390;18.458716;77.500647
17391;18.318211;77.425449
17392;18.454176;77.573686
17393;18.401614;77.373041
17394;18.403351;77.434887
17395;18.43999;77.516066
17396;18.404577;77.529155
17397;18.496203;77.454625
17398;18.479293;77.43161
17399;18.435274;77.37203
17400;18.472119;77.462856
17401;18.395468;77.477815
17402;18.363954;77.493974
17403;18.444849;77.511953
17404;18.405727;77.614524
17405;18.401038;77.424787
17406;18.394344;77.473542
17407;18.455403;77.377909
17408;18.524236;77.396993
17409;18.414405;77.407774
17410;18.423167;77.418521
17411;18.421787;77.512394
17412;18.539983;77.49322
17413;18.482542;77.456869
17414;18.373289;77.436055
17415;18.445935;77.411982
17416;18.373894;77.506883
17417;18.393999;77.472798
17418;18.405418;77.49574
17419;18.452271;77.409154
17420;18.410986;77.484549
17421;18.420862;77.467505
17422;18.623214;77.44801
17423;18.347364;77.540426
17424;18.461977;77.402814
17425;18.367393;77.486142
17426;18.374441;77.43798
17427;18.388981;77.3599
17428;18.431345;77.488702
17429;18.468382;77.461976
17430;18.448607;77.457671
17431;18.452878;77.462386
17432;18.441266;77.45507
17433;18.459872;77.496984
17434;18.490058;77.467817
17435;18.45234;77.489647
17436;18.45224;77.388245
17437;18.453768;77.564353
17438;18.408072;77.549133
17439;18.433047;77.42377
17440;18.39372;77.480128
17441;18.388371;77.471356
17442;18.430506;77.467159
17443;18.421093;77.420813
17444;18.476219;77.490564
17445;18.36418;77.398321
17446;18.297374;77.482082
17447;18.416731;77.381067
17448;18.379696;77.466384
17449;18.490199;77.405815
17450;18.393942;77.431985
17451;18.412151;77.470015
17452;18.47384;77.461956
17453;18.391567;77.420627
17454;18.383842;77.454698
17455;18.528268;77.492332
17456;18.502119;77.424835
17457;18.498207;77.466495
17458;18.362807;77.422996
17459;18.33622;77.518763
17460;18.458758;77.469836
17461;18.486732;77.492008
17462;18.432632;77.380759
17463;18.36432;77.458398
17464;18.42217;77.419106
17465;18.368858;77.482455
17466;18.434006;77.567066
17467;18.363008;77.442852
17468;18.399653;77.478298
17469;18.475242;77.492704
17470;18.512333;77.542176
17471;18.353465;77.503315
17472;18.448619;77.491135
17473;18.498653;77.526369
17474;18.48069;77.383352
17475;18.512963;77.459019
17476;18.404428;77.466453
17477;18.418293;77.330887
17478;18.500429;77.419854
17479;18.513329;77.427207
17480;18.338784;77.432944
17481;18.394659;77.343808
17482;18.453496;77.389094
17483;18.518787;77.448425
17484;18.427837;77.461459
17485;18.463038;77.401759
17486;18.421089;77.41305
17487;18.358496;77.511712
17488;18.395459;77.508538
17489;18.454061;77.406663
17490;18.426083;77.43167
17491;18.424932;77.521102
17492;18.476728;77.392284
17493;18.464919;77.516998
17494;18.420196;77.432101
17495;18.425337;77.460223
17496;18.528028;77.412047
17497;18.340453;77.442496
17498;18.412168;77.444074
17499;18.460882;77.46636
17500;18.473221;77.511802
17501;18.43686;77.450135
17502;18.467542;77.453997
17503;18.416771;77.424814
17504;18.524612;77.50184
17505;18.427526;77.445953
17506;18.406807;77.404608
17507;18.54168;77.379071
17508;18.413559;77.526051
17509;18.565851;77.415698
17510;18.340895;77.529382
17511;18.349442;77.512081
17512;18.407688;77.440225
17513;18.369797;77.359088
17514;18.438001;77.451075
17515;18.450962;77.398703
17516;18.488554;77.478362
17517;18.514893;77.432566
17518;18.468178;77.520897
17519;18.47672;77.421544
17520;18.454724;77.497605
17521;18.483028;77.391885
17522;18.477257;77.513038
17523;18.435206;77.483647
17524;18.376507;77.482429
17525;18.493775;77.434223
17526;18.493429;77.422292
17527;18.507174;77.459328
17528;18.45835;77.417611
17529;18.533976;77.444089
17530;18.495706;77.574656
17531;18.326903;77.464767
17532;18.416001;77.53038
17533;18.508654;77.556878
17534;18.384717;77.413493
17535;18.453434;77.441681
17536;18.458593;77.428632
17537;18.410308;77.492072
17538;18.393614;77.525662
17539;18.424102;77.463893
17540;18.476542;77.454495
17541;18.414003;77.460061
17542;18.400702;77.476359
17543;18.360365;77.47304
17544;18.450532;77.516562
17545;18.459079;77.405775
17546;18.472278;77.459587
17547;18.485175;77.449802
17548;18.423567;77.429235
17549;18.444712;77.440555
17550;18.476388;77.402753
17551;18.346081;77.401178
17552;18.364779;77.462877
17553;18.510771;77.430016
17554;18.403092;77.546588
17555;18.486887;77.415818
17556;18.373633;77.464265
17557;18.389755;77.426273
17558;18.495203;77.38284
17559;18.433955;77.362936
17560;18.455051;77.365196
17561;18.437133;77.418364
17562;18.428124;77.443698
17563;18.541132;77.47047
17564;18.422385;77.428491
17565;18.479008;77.449917
17566;18.433049;77.49992
17567;18.456217;77.435052
17568;18.429027;77.429697
17569;18.425533;77.472484
17570;18.461295;77.470301
17571;18.416036;77.458873
17572;18.432292;77.424451
17573;18.392148;77.429468
17574;18.454487;77.40916
17575;18.461695;77.467115
17576;18.459768;77.43808
17577;18.435894;77.453685
17578;18.392721;77.422288
17579;18.42116;77.42582
17580;18.376912;77.434012
17581;18.426373;77.495712
17582;18.470797;77.458326
17583;18.442816;77.400467
17584;18.391768;77.422972
17585;18.436171;77.457613
17586;18.451178;77.415849
17587;18.389795;77.420398
17588;18.44525;77.40467
17589;18.363744;77.511164
17590;18.478543;77.444427
17591;18.50784;77.470781
17592;18.403428;77.390958
17593;18.425853;77.404522
17594;18.407411;77.435682
17595;18.387453;77.357303
17596;18.482843;77.438087
17597;18.424968;77.486765
17598;18.416438;77.428316
17599;18.483927;77.3569
17600;18.411249;77.495287
17601;18.462423;77.417345
17602;18.458206;77.364211
17603;18.407162;77.534998
17604;18.453678;77.402567
17605;18.410813;77.466749
17606;18.451186;77.465764
17607;18.489548;77.415879
17608;18.373266;77.463566
17609;18.412905;77.446468
17610;18.471668;77.437549
17611;18.46924;77.488635
17612;18.370038;77.481265
17613;18.408271;77.388648
17614;18.370026;77.501585
17615;18.407996;77.451241
17616;18.461665;77.467137
17617;18.37678;77.48351
17618;18.366424;77.448149
17619;18.432395;77.48728
17620;18.486164;77.373175
17621;18.436444;77.501646
17622;18.41063;77.468446
17623;18.379564;77.493101
17624;18.39292;77.479543
17625;18.466537;77.510825
17626;18.509036;77.485303
17627;18.403735;77.462552
17628;18.455769;77.452792
17629;18.467432;77.432683
17630;18.475077;77.352577
17631;18.36904;77.369095
17632;18.485473;77.409995
17633;18.446936;77.396412
17634;18.430125;77.480619
17635;18.571586;77.475354
17636;18.442628;77.419022
17637;18.496737;77.398382
17638;18.430255;77.36463
17639;18.496014;77.435004
17640;18.410786;77.369105
17641;18.407697;77.439303
17642;18.523518;77.459969
17643;18.428536;77.526947
17644;18.356476;77.397177
17645;18.427833;77.513944
17646;18.42892;77.44183
17647;18.414499;77.518611
17648;18.469535;77.39682
17649;18.372474;77.448821
17650;18.431024;77.597253
17651;18.442715;77.373605
17652;18.371514;77.460168
17653;18.435629;77.397507
17654;18.465887;77.429184
17655;18.370362;77.495233
17656;18.442005;77.425896
17657;18.383014;77.489881
17658;18.449499;77.420675
17659;18.431734;77.440616
17660;18.430635;77.489887
17661;18.427583;77.358361
17662;18.509086;77.448077
17663;18.417441;77.478503
17664;18.528545;77.488759
17665;18.555898;77.488853
17666;18.415751;77.442881
17667;18.418189;77.475677
17668;18.44844;77.454729
17669;18.458995;77.498828
17670;18.32728;77.462166
17671;18.46045;77.506559
17672;18.493688;77.472316
17673;18.458829;77.406652
17674;18.480055;77.519283
17675;18.442134;77.493347
17676;18.457613;77.46905
17677;18.347438;77.472017
17678;18.486204;77.424765
17679;18.406658;77.52736
17680;18.480661;77.354543
17681;18.509407;77.511061
17682;18.455423;77.475011
17683;18.406064;77.496743
17684;18.352075;77.493497
17685;18.435037;77.49479
17686;18.464455;77.446533
17687;18.55918;77.476329
17688;18.495359;77.47805
17689;18.426237;77.473639
17690;18.426476;77.497485
17691;18.42545;77.42715
17692;18.466564;77.415369
17693;18.551511;77.426095
17694;18.59084;77.401379
17695;18.412974;77.511919
17696;18.514926;77.450494
17697;18.427964;77.503122
17698;18.354925;77.45834
17699;18.488316;77.388097
17700;18.453627;77.464331
17701;18.449204;77.386567
17702;18.422259;77.459411
17703;18.391193;77.488404
17704;18.480942;77.537843
17705;18.391563;77.480259
17706;18.459111;77.547357
17707;18.41743;77.442883
17708;18.43293;77.499433
17709;18.442663;77.546235
17710;18.536481;77.481077
17711;18.45827;77.445138
17712;18.41238;77.52523
17713;18.437434;77.480833
17714;18.456055;77.353673
17715;18.430105;77.446754
17716;18.486398;77.439107
17717;18.501032;77.401033
17718;18.434787;77.501102
17719;18.374218;77.478224
17720;18.447228;77.451482
17721;18.463743;77.480865
17722;18.477846;77.452447
17723;18.475056;77.520028
17724;18.406582;77.419295
17725;18.499858;77.442871
17726;18.541612;77.45603
17727;18.384211;77.470011
17728;18.438747;77.490374
17729;18.485093;77.525804
17730;18.438988;77.407358
17731;18.452354;77.455869
17732;18.475348;77.448912
17733;18.514628;77.448354
17734;18.494591;77.4481
17735;18.52436;77.449187
17736;18.409183;77.47673
17737;18.398742;77.487076
17738;18.428273;77.535446
17739;18.439024;77.507046
17740;18.510342;77.472318
17741;18.452313;77.452213
17742;18.478531;77.45215
17743;18.401076;77.437134
17744;18.457578;77.483064
17745;18.466801;77.479748
17746;18.479029;77.403787
17747;18.506296;77.453452
17748;18.421484;77.369725
17749;18.443765;77.423411
17750;18.465572;77.498625
17751;18.465837;77.480868
17752;18.366428;77.492813
17753;18.473943;77.455088
17754;18.48261;77.494751
17755;18.432644;77.504663
17756;18.436153;77.368069
17757;18.477626;77.364799
17758;18.442431;77.526724
17759;18.40522;77.451234
17760;18.39321;77.411624
17761;18.401088;77.410112
17762;18.407354;77.390232
17763;18.452879;77.383075
17764;18.415818;77.38838
17765;18.37427;77.476693
17766;18.477808;77.459224
17767;18.394762;77.485749
17768;18.469535;77.368061
17769;18.360098;77.395293
17770;18.465655;77.41133
17771;18.400144;77.481963
17772;18.336798;77.427836
17773;18.399427;77.353892
17774;18.520926;77.577353
17775;18.441667;77.416224
17776;18.406598;77.42803
17777;18.47599;77.461888
17778;18.527577;77.366273
17779;18.344111;77.480486
17780;18.510219;77.442815
17781;18.505629;77.434473
17782;18.470377;77.484852
17783;18.501147;77.432277
17784;18.438022;77.447323
17785;18.381624;77.358364
17786;18.374397;77.451254
17787;18.44465;77.447345
17788;18.331666;77.51919
17789;18.465148;77.512038
17790;18.458711;77.434454
17791;18.385486;77.426144
17792;18.479632;77.449586
17793;18.473548;77.423741
17794;18.416451;77.476436
17795;18.353438;77.463843
17796;18.415613;77.490599
17797;18.397586;77.463577
17798;18.444483;77.435647
17799;18.427153;77.466904
17800;18.437249;77.478614
17801;18.375263;77.500125
17802;18.48623;77.388491
17803;18.411225;77.524423
17804;18.380086;77.426613
17805;18.457355;77.388126
17806;18.457235;77.470957
17807;18.411251;77.33401
17808;18.429455;77.425754
17809;18.462449;77.440001
17810;18.405491;77.533643
17811;18.518832;77.435899
17812;18.433847;77.406316
17813;18.422013;77.498376
17814;18.462013;77.492074
17815;18.390195;77.429781
17816;18.533231;77.502646
17817;18.460478;77.491616
17818;18.375222;77.507022
17819;18.370264;77.393816
17820;18.493793;77.468409
17821;18.434072;77.397963
17822;18.411927;77.508268
17823;18.420151;77.498938
17824;18.465517;77.406466
17825;18.454704;77.463975
17826;18.425003;77.461629
17827;18.467132;77.526688
17828;18.398528;77.4532
17829;18.482837;77.419254
17830;18.490388;77.456035
17831;18.491191;77.512871
17832;18.475609;77.357592
17833;18.491012;77.393926
17834;18.366633;77.462641
17835;18.389022;77.392864
17836;18.444412;77.439144
17837;18.485421;77.414576
17838;18.320561;77.466514
17839;18.438158;77.377754
17840;18.470604;77.452836
17841;18.426148;77.437059
17842;18.48049;77.436947
17843;18.428535;77.399478
17844;18.451646;77.473215
17845;18.376659;77.419343
17846;18.436129;77.446109
17847;18.450945;77.460614
17848;18.453434;77.501883
17849;18.46498;77.435063
17850;18.431544;77.43211
17851;18.490255;77.446107
17852;18.47658;77.442066
17853;18.481457;77.439846
17854;18.53386;77.433403
17855;18.438334;77.463814
17856;18.429993;77.416946
17857;18.476516;77.472636
17858;18.384365;77.394961
17859;18.444699;77.3967
17860;18.382753;77.424583
17861;18.482643;77.436731
17862;18.42477;77.515252
17863;18.4469;77.348053
17864;18.346296;77.474821
17865;18.549017;77.476233
17866;18.398986;77.535615
17867;18.422059;77.502845
17868;18.523793;77.406754
17869;18.482175;77.434682
17870;18.521024;77.52813
17871;18.417146;77.492598
17872;18.417095;77.472823
17873;18.445264;77.43382
17874;18.431779;77.484384
17875;18.447915;77.468319
17876;18.399581;77.429297
17877;18.413847;77.425538
17878;18.475718;77.463085
17879;18.439668;77.449164
17880;18.363711;77.467196
17881;18.405662;77.488629
17882;18.586729;77.4666
17883;18.525495;77.454612
17884;18.407447;77.427308
17885;18.470452;77.456088
17886;18.481548;77.514877
17887;18.399409;77.405545
17888;18.419265;77.388841
17889;18.431651;77.441705
17890;18.517139;77.464374
17891;18.430816;77.496326
17892;18.466861;77.385875
17893;18.363403;77.352064
17894;18.39072;77.443245
17895;18.396144;77.503227
17896;18.449312;77.486324
17897;18.378131;77.448183
17898;18.411685;77.408688
17899;18.509181;77.41002
17900;18.449438;77.426302
17901;18.498124;77.410747
17902;18.438746;77.41227
17903;18.45867;77.492741
17904;18.370083;77.509992
17905;18.443784;77.488054
17906;18.401142;77.425953
17907;18.396426;77.427836
17908;18.472463;77.453887
17909;18.505514;77.435729
17910;18.466688;77.442164
17911;18.467677;77.404019
17912;18.449996;77.442506
17913;18.442499;77.486157
17914;18.364787;77.472552
17915;18.481571;77.381093
17916;18.461036;77.395604
17917;18.417948;77.487943
17918;18.38881;77.408597
17919;18.406094;77.453542
17920;18.458252;77.504669
17921;18.362592;77.348933
17922;18.411323;77.516436
17923;18.345723;77.425744
17924;18.527352;77.437653
17925;18.352107;77.495603
17926;18.472214;77.465906
17927;18.46191;77.451451
17928;18.410063;77.461517
17929;18.404514;77.491801
17930;18.454914;77.421283
17931;18.443253;77.412437
17932;18.439209;77.419667
17933;18.464299;77.391581
17934;18.405839;77.431221
17935;18.427144;77.419788
17936;18.425114;77.490781
17937;18.439001;77.534633
17938;18.49082;77.576465
17939;18.433034;77.361851
17940;18.425433;77.471267
17941;18.378557;77.441774
17942;18.346564;77.407202
17943;18.349046;77.424888
17944;18.455255;77.46811
17945;18.452626;77.492512
17946;18.399948;77.525436
17947;18.508927;77.446199
17948;18.443827;77.504089
17949;18.503981;77.520564
17950;18.466494;77.426722
17951;18.446158;77.479121
17952;18.504446;77.463955
17953;18.446041;77.479734
17954;18.375029;77.41602
17955;18.446231;77.52267
17956;18.460912;77.493657
17957;18.450031;77.484915
17958;18.525393;77.355444
17959;18.359463;77.427103
17960;18.377481;77.474602
17961;18.36875;77.495954
17962;18.458871;77.479898
17963;18.440414;77.434808
17964;18.454232;77.455039
17965;18.434727;77.467325
17966;18.342717;77.459354
17967;18.530864;77.477104
17968;18.387541;77.501753
17969;18.512406;77.450664
17970;18.448924;77.387381
17971;18.393206;77.492074
17972;18.449131;77.453879
17973;18.425535;77.374901
17974;18.404949;77.391891
17975;18.490324;77.447831
17976;18.412162;77.41291
17977;18.409965;77.467441
17978;18.488397;77.469491
17979;18.480241;77.429931
17980;18.427407;77.511511
17981;18.438726;77.441209
17982;18.484699;77.373578
17983;18.431131;77.443057
17984;18.422582;77.418682
17985;18.546511;77.455462
17986;18.46592;77.402456
17987;18.466642;77.410695
17988;18.431707;77.388711
17989;18.423366;77.465417
17990;18.47408;77.445054
17991;18.453155;77.465474
17992;18.406635;77.501999
17993;18.404511;77.506216
17994;18.442143;77.457049
17995;18.488154;77.437026
17996;18.443171;77.523821
17997;18.382788;77.406378
17998;18.506026;77.444048
17999;18.477815;77.491108
18000;18.41108;77.472925
18001;18.454739;77.473461
18002;18.390558;77.448055
18003;18.33523;77.43671
18004;18.472169;77.530573
18005;18.529782;77.427499
18006;18.409581;77.389661
18007;18.476285;77.502452
18008;18.462567;77.526022
18009;18.379325;77.488612
18010;18.406202;77.424246
18011;18.441743;77.412283
18012;18.473026;77.369942
18013;18.475694;77.437423
18014;18.404243;77.46845
18015;18.311997;77.528754
18016;18.409865;77.474548
18017;18.42794;77.466666
18018;18.522425;77.545672
18019;18.440356;77.395035
18020;18.444068;77.422297
18021;18.309275;77.423388
18022;18.429472;77.477691
18023;18.454224;77.52039
18024;18.440107;77.455381
18025;18.37218;77.392815
18026;18.434323;77.416851
18027;18.43886;77.382439
18028;18.446743;77.462205
18029;18.488938;77.456841
18030;18.429779;77.48606
18031;18.434735;77.473235
18032;18.44886;77.412885
18033;18.421402;77.457733
18034;18.454134;77.516239
18035;18.445199;77.450372
18036;18.467389;77.416108
18037;18.393909;77.502557
18038;18.403476;77.456727
18039;18.431357;77.4635
18040;18.482957;77.369377
18041;18.38241;77.452653
18042;18.494716;77.387431
18043;18.398602;77.434243
18044;18.44172;77.484028
18045;18.480248;77.466464
18046;18.468899;77.44145
18047;18.45995;77.458252
18048;18.408692;77.552123
18049;18.498342;77.410109
18050;18.405509;77.409715
18051;18.51483;77.476293
18052;18.43602;77.439678
18053;18.456394;77.384147
18054;18.431941;77.491815
18055;18.442041;77.463349
18056;18.530303;77.444931
18057;18.459102;77.435218
18058;18.445729;77.422753
18059;18.455258;77.38016
18060;18.391488;77.51369
18061;18.506654;77.42611
18062;18.352498;77.507113
18063;18.48658;77.487691
18064;18.398603;77.450471
18065;18.476562;77.473308
18066;18.392723;77.445679
18067;18.374615;77.469444
18068;18.533648;77.427586
18069;18.420626;77.3949
18070;18.424155;77.496818
18071;18.41997;77.481666
18072;18.462014;77.456454
18073;18.468997;77.418882
18074;18.367751;77.527625
18075;18.443882;77.46832
18076;18.489561;77.450958
18077;18.408701;77.383917
18078;18.386337;77.525203
18079;18.374976;77.473495
18080;18.390124;77.445703
18081;18.410984;77.508923
18082;18.437211;77.476409
18083;18.343817;77.520889
18084;18.424001;77.414827
18085;18.440306;77.400483
18086;18.491861;77.443499
18087;18.427909;77.493703
18088;18.426347;77.458327
18089;18.463808;77.413514
18090;18.420682;77.412265
18091;18.465869;77.481198
18092;18.368134;77.444562
18093;18.394572;77.409111
18094;18.455495;77.499879
18095;18.449541;77.355199
18096;18.542519;77.352868
18097;18.353077;77.423935
18098;18.553517;77.417266
18099;18.403996;77.465892
18100;18.489568;77.401158
18101;18.480704;77.435455
18102;18.409265;77.531742
18103;18.450326;77.446471
18104;18.334915;77.448002
18105;18.478016;77.531376
18106;18.514978;77.528156
18107;18.367243;77.443119
18108;18.431272;77.405237
18109;18.49277;77.432132
18110;18.500994;77.44607
18111;18.437986;77.423603
18112;18.456738;77.497717
18113;18.461131;77.43319
18114;18.440149;77.461089
18115;18.478326;77.492667
18116;18.449228;77.516948
18117;18.528925;77.436242
18118;18.485862;77.391862
18119;18.364831;77.533605
18120;18.466056;77.447907
18121;18.39341;77.401808
18122;18.384502;77.527342
18123;18.408273;77.451645
18124;18.415914;77.501536
18125;18.43276;77.404945
18126;18.507487;77.556328
18127;18.508327;77.464711
18128;18.541856;77.432685
18129;18.382603;77.437706
18130;18.415459;77.459803
18131;18.437473;77.483815
18132;18.519883;77.436008
18133;18.437416;77.494668
18134;18.39838;77.446631
18135;18.480577;77.489076
18136;18.54236;77.401097
18137;18.451712;77.462874
18138;18.483887;77.39239
18139;18.427098;77.440847
18140;18.494037;77.443918
18141;18.471901;77.445496
18142;18.537455;77.409079
18143;18.531525;77.394644
18144;18.390374;77.391954
18145;18.52662;77.507048
18146;18.433685;77.45854
18147;18.41636;77.464577
18148;18.435182;77.457632
18149;18.456292;77.465222
18150;18.486284;77.441061
18151;18.452718;77.478717
18152;18.453324;77.455541
18153;18.479703;77.453355
18154;18.443643;77.412877
18155;18.541138;77.368369
18156;18.352546;77.438358
18157;18.483524;77.403227
18158;18.473935;77.363593
18159;18.331316;77.454523
18160;18.423003;77.420255
18161;18.403091;77.465299
18162;18.408292;77.458821
18163;18.490643;77.412514
18164;18.433879;77.427444
18165;18.546845;77.425062
18166;18.52237;77.373896
18167;18.412988;77.391914
18168;18.343352;77.497408
18169;18.318485;77.567497
18170;18.425442;77.403044
18171;18.442216;77.516465
18172;18.337103;77.484589
18173;18.43413;77.39221
18174;18.401675;77.389615
18175;18.383177;77.407471
18176;18.500809;77.53241
18177;18.401702;77.41877
18178;18.407396;77.498578
18179;18.450732;77.508967
18180;18.490002;77.404891
18181;18.413813;77.341002
18182;18.49274;77.424169
18183;18.496754;77.37125
18184;18.445668;77.523527
18185;18.418612;77.418723
18186;18.499454;77.400809
18187;18.462992;77.581031
18188;18.464275;77.470877
18189;18.375114;77.540616
18190;18.413515;77.563597
18191;18.398008;77.480624
18192;18.399612;77.399069
18193;18.503881;77.449509
18194;18.481103;77.460344
18195;18.493824;77.513772
18196;18.390075;77.406005
18197;18.465922;77.427795
18198;18.416006;77.457088
18199;18.381191;77.470113
18200;18.416521;77.530735
18201;18.407747;77.470798
18202;18.446716;77.463796
18203;18.438247;77.471312
18204;18.481706;77.44249
18205;18.473764;77.460161
18206;18.396254;77.494833
18207;18.458206;77.359321
18208;18.444038;77.426532
18209;18.412258;77.444612
18210;18.423792;77.450787
18211;18.431769;77.478239
18212;18.557971;77.379666
18213;18.442997;77.510902
18214;18.443006;77.478573
18215;18.468354;77.441789
18216;18.380142;77.463361
18217;18.347072;77.516119
18218;18.464516;77.493336
18219;18.426606;77.498731
18220;18.480572;77.466035
18221;18.482377;77.48472
18222;18.479187;77.494801
18223;18.344883;77.549523
18224;18.485334;77.416733
18225;18.44398;77.459863
18226;18.372767;77.541191
18227;18.400682;77.457607
18228;18.394614;77.364084
18229;18.382379;77.532466
18230;18.43507;77.509685
18231;18.462287;77.519873
18232;18.363662;77.463208
18233;18.402508;77.407401
18234;18.493325;77.48278
18235;18.40795;77.410456
18236;18.395559;77.530498
18237;18.335699;77.378827
18238;18.407572;77.395729
18239;18.451696;77.436611
18240;18.412928;77.409666
18241;18.493298;77.504781
18242;18.429593;77.443921
18243;18.459371;77.448356
18244;18.390124;77.428919
18245;18.411907;77.414998
18246;18.39381;77.452625
18247;18.539615;77.450805
18248;18.462313;77.534901
18249;18.417081;77.385795
18250;18.471989;77.43104
18251;18.416603;77.461804
18252;18.430097;77.498065
18253;18.452387;77.472483
18254;18.428451;77.412932
18255;18.49873;77.491952
18256;18.503098;77.406111
18257;18.425818;77.429867
18258;18.447937;77.471911
18259;18.377195;77.450973
18260;18.44668;77.450111
18261;18.497135;77.480457
18262;18.441644;77.3735
18263;18.502921;77.445872
18264;18.51985;77.462474
18265;18.462458;77.431816
18266;18.467012;77.485272
18267;18.430715;77.532136
18268;18.480813;77.518457
18269;18.470323;77.42703
18270;18.427325;77.496046
18271;18.463106;77.454342
18272;18.401446;77.36986
18273;18.509544;77.396513
18274;18.389331;77.399131
18275;18.445947;77.46148
18276;18.542164;77.379688
18277;18.395842;77.457983
18278;18.476812;77.501038
18279;18.356237;77.506639
18280;18.447452;77.419663
18281;18.508285;77.35926
18282;18.440363;77.394837
18283;18.498407;77.440864
18284;18.337084;77.420341
18285;18.431728;77.486668
18286;18.351014;77.34496
18287;18.536193;77.457172
18288;18.454156;77.379537
18289;18.521692;77.452142
18290;18.417145;77.418892
18291;18.459293;77.481634
18292;18.340103;77.455087
18293;18.440217;77.421231
18294;18.511333;77.358901
18295;18.482216;77.486043
18296;18.521802;77.46753
18297;18.397171;77.455961
18298;18.386476;77.430414
18299;18.428406;77.378839
18300;18.409449;77.457393
18301;18.419949;77.405684
18302;18.423011;77.4744
18303;18.443489;77.518169
18304;18.473336;77.467116
18305;18.421131;77.517236
18306;18.509161;77.531468
18307;18.358251;77.439311
18308;18.409536;77.425339
18309;18.383439;77.458607
18310;18.453768;77.420048
18311;18.473898;77.376227
18312;18.53795;77.449567
18313;18.49881;77.486818
18314;18.329303;77.469594
18315;18.426382;77.411265
18316;18.478444;77.372126
18317;18.325176;77.552615
18318;18.458471;77.382898
18319;18.386317;77.41721
18320;18.41123;77.437489
18321;18.464214;77.508155
18322;18.358432;77.424708
18323;18.489273;77.50999
18324;18.471614;77.515659
18325;18.519214;77.384277
18326;18.406019;77.396592
18327;18.385821;77.569817
18328;18.507663;77.433786
18329;18.518672;77.477012
18330;18.454495;77.449474
18331;18.52939;77.388046
18332;18.415883;77.344637
18333;18.426863;77.487138
18334;18.490606;77.463636
18335;18.443919;77.425641
18336;18.443475;77.514701
18337;18.45943;77.433573
18338;18.38026;77.435665
18339;18.473928;77.521786
18340;18.457537;77.42328
18341;18.502385;77.435133
18342;18.447516;77.490867
18343;18.459021;77.483028
18344;18.46774;77.521216
18345;18.44176;77.38709
18346;18.454236;77.534566
18347;18.487589;77.384958
18348;18.465049;77.442643
18349;18.470991;77.457755
18350;18.447578;77.464165
18351;18.429602;77.433052
18352;18.482082;77.448543
18353;18.456381;77.461118
18354;18.404624;77.53856
18355;18.360413;77.473879
18356;18.497944;77.49601
18357;18.435062;77.387518
18358;18.388332;77.399248
18359;18.443643;77.453513
18360;18.502738;77.37132
18361;18.382257;77.455776
18362;18.372104;77.482448
18363;18.453121;77.44516
18364;18.486777;77.477331
18365;18.42551;77.451425
18366;18.468594;77.440399
18367;18.513272;77.464933
18368;18.411118;77.551963
18369;18.406492;77.526566
18370;18.361167;77.463068
18371;18.443883;77.494988
18372;18.48372;77.499085
18373;18.478077;77.415133
18374;18.417518;77.481988
18375;18.500533;77.493999
18376;18.407841;77.549822
18377;18.421778;77.474018
18378;18.500834;77.500403
18379;18.457792;77.397854
18380;18.411941;77.458035
18381;18.489482;77.406317
18382;18.419882;77.47558
18383;18.494299;77.456584
18384;18.414686;77.435019
18385;18.495141;77.500094
18386;18.428194;77.487086
18387;18.363389;77.423911
18388;18.461734;77.455875
18389;18.467298;77.380649
18390;18.424758;77.415637
18391;18.367692;77.402142
18392;18.429926;77.387446
18393;18.388106;77.425612
18394;18.422194;77.417487
18395;18.419263;77.433239
18396;18.424315;77.532546
18397;18.37436;77.388129
18398;18.513436;77.387176
18399;18.437335;77.421474
18400;18.464022;77.524212
18401;18.409514;77.513445
18402;18.443454;77.443659
18403;18.509791;77.418796
18404;18.378259;77.475618
18405;18.458591;77.443406
18406;18.479986;77.433956
18407;18.437656;77.474841
18408;18.393846;77.39346
18409;18.357799;77.443721
18410;18.512058;77.410784
18411;18.344258;77.423332
18412;18.440192;77.404183
18413;18.423814;77.516813
18414;18.521424;77.510111
18415;18.478156;77.421591
18416;18.497342;77.557527
18417;18.428973;77.480469
18418;18.432766;77.362968
18419;18.432114;77.45582
18420;18.480185;77.569144
18421;18.484204;77.393277
18422;18.405616;77.381501
18423;18.505552;77.372507
18424;18.529084;77.428737
18425;18.458285;77.43238
18426;18.473051;77.458931
18427;18.405987;77.475005
18428;18.399765;77.429921
18429;18.461046;77.398352
18430;18.365808;77.450201
18431;18.415869;77.471165
18432;18.370679;77.46936
18433;18.502078;77.471391
18434;18.50403;77.441091
18435;18.493965;77.468206
18436;18.402276;77.44522
18437;18.415604;77.37115
18438;18.485695;77.439354
18439;18.440078;77.455264
18440;18.416203;77.487693
18441;18.414603;77.41801
18442;18.447468;77.393937
18443;18.475093;77.35851
18444;18.456314;77.489775
18445;18.389372;77.440744
18446;18.455646;77.568901
18447;18.467851;77.475845
18448;18.351481;77.345119
18449;18.543925;77.396165
18450;18.588396;77.440477
18451;18.395104;77.428979
18452;18.387003;77.416846
18453;18.485721;77.399382
18454;18.433853;77.439002
18455;18.435089;77.431729
18456;18.505728;77.506535
18457;18.490358;77.475226
18458;18.48134;77.52372
18459;18.498067;77.408948
18460;18.415112;77.470821
18461;18.389364;77.421208
18462;18.420435;77.465218
18463;18.347212;77.373305
18464;18.40152;77.411251
18465;18.44633;77.438814
18466;18.4475;77.381715
18467;18.474684;77.431871
18468;18.357227;77.457601
18469;18.404733;77.402157
18470;18.461332;77.396626
18471;18.481491;77.529584
18472;18.446875;77.4846
18473;18.401022;77.425195
18474;18.439096;77.394673
18475;18.487734;77.438181
18476;18.464776;77.488403
18477;18.570768;77.45463
18478;18.426404;77.43763
18479;18.5084;77.486953
18480;18.400589;77.481744
18481;18.422993;77.448315
18482;18.510919;77.497182
18483;18.469289;77.404831
18484;18.433989;77.426866
18485;18.478477;77.496465
18486;18.476034;77.480454
18487;18.438217;77.391828
18488;18.469508;77.380404
18489;18.51966;77.474498
18490;18.435238;77.39196
18491;18.29014;77.564806
18492;18.383709;77.456849
18493;18.448344;77.543886
18494;18.494755;77.45036
18495;18.560027;77.447373
18496;18.341701;77.395259
18497;18.430052;77.374124
18498;18.322735;77.493237
18499;18.46854;77.441958
18500;18.4055;77.485593
18501;18.539891;77.440886
18502;18.38616;77.34485
18503;18.39235;77.477701
18504;18.504665;77.382159
18505;18.314425;77.464155
18506;18.356423;77.428992
18507;18.380239;77.508646
18508;18.399761;77.502329
18509;18.398925;77.446371
18510;18.424121;77.411712
18511;18.527036;77.438974
18512;18.509938;77.520425
18513;18.417702;77.507374
18514;18.455758;77.472875
18515;18.484823;77.460563
18516;18.380411;77.507016
18517;18.468571;77.500717
18518;18.429322;77.431971
18519;18.506119;77.4969
18520;18.436188;77.459752
18521;18.448779;77.56067
18522;18.420503;77.472396
18523;18.432844;77.438988
18524;18.387487;77.446043
18525;18.460935;77.469006
18526;18.417945;77.500392
18527;18.421967;77.419259
18528;18.43461;77.407373
18529;18.416359;77.468616
18530;18.447027;77.428671
18531;18.48668;77.36765
18532;18.430745;77.578031
18533;18.462058;77.395007
18534;18.49925;77.4417
18535;18.459704;77.363641
18536;18.426298;77.452827
18537;18.457757;77.454201
18538;18.404517;77.470307
18539;18.441486;77.481615
18540;18.445633;77.429633
18541;18.459537;77.483108
18542;18.398848;77.424175
18543;18.495546;77.409602
18544;18.484806;77.50797
18545;18.458853;77.445416
18546;18.467067;77.383539
18547;18.50267;77.432526
18548;18.463809;77.486291
18549;18.421085;77.46417
18550;18.427957;77.539173
18551;18.44679;77.499818
18552;18.394769;77.424862
18553;18.446262;77.454285
18554;18.367813;77.442225
18555;18.452528;77.387559
18556;18.515329;77.512852
18557;18.398034;77.45027
18558;18.378976;77.563848
18559;18.361354;77.483438
18560;18.467672;77.419982
18561;18.340182;77.517453
18562;18.37533;77.531116
18563;18.457745;77.484899
18564;18.421412;77.440318
18565;18.432016;77.46554
18566;18.35992;77.382005
18567;18.373158;77.402875
18568;18.504775;77.506505
18569;18.477322;77.461444
18570;18.438473;77.421541
18571;18.457074;77.486532
18572;18.392335;77.325518
18573;18.420019;77.36552
18574;18.367127;77.523174
18575;18.402697;77.284322
18576;18.483276;77.493085
18577;18.477389;77.475509
18578;18.499212;77.475926
18579;18.364439;77.463589
18580;18.376287;77.50938
18581;18.412441;77.411251
18582;18.446819;77.523592
18583;18.505515;77.389253
18584;18.348801;77.393908
18585;18.502385;77.511919
18586;18.41927;77.527328
18587;18.505831;77.372174
18588;18.557348;77.520579
18589;18.455168;77.528682
18590;18.454735;77.451272
18591;18.384767;77.521014
18592;18.426949;77.401264
18593;18.439993;77.44129
18594;18.484621;77.463109
18595;18.455175;77.480635
18596;18.367;77.394992
18597;18.448439;77.502504
18598;18.383524;77.444771
18599;18.49187;77.46356
18600;18.436876;77.48288
18601;18.410881;77.540563
18602;18.479236;77.451969
18603;18.413554;77.366019
18604;18.349977;77.455467
18605;18.483705;77.456302
18606;18.401615;77.40782
18607;18.37148;77.437083
18608;18.389656;77.479263
18609;18.42819;77.458846
18610;18.550053;77.424201
18611;18.516886;77.399837
18612;18.350153;77.588343
18613;18.447664;77.534011
18614;18.413435;77.408934
18615;18.441129;77.486253
18616;18.533293;77.426658
18617;18.551468;77.495954
18618;18.429563;77.497968
18619;18.439769;77.453712
18620;18.432831;77.449953
18621;18.500377;77.418367
18622;18.402578;77.457234
18623;18.429443;77.464628
18624;18.443751;77.401763
18625;18.534036;77.459587
18626;18.363402;77.411034
18627;18.419406;77.472837
18628;18.427038;77.39039
18629;18.381202;77.457879
18630;18.463565;77.485565
18631;18.495485;77.502766
18632;18.469173;77.473342
18633;18.387052;77.507397
18634;18.48915;77.425581
18635;18.477444;77.474041
18636;18.461753;77.469648
18637;18.448299;77.403376
18638;18.4395;77.457118
18639;18.512278;77.498789
18640;18.519021;77.462901
18641;18.416134;77.476511
18642;18.492861;77.433117
18643;18.477354;77.474059
18644;18.38877;77.446584
18645;18.379791;77.476159
18646;18.49647;77.418212
18647;18.506196;77.547779
18648;18.463692;77.420267
18649;18.528788;77.480818
18650;18.481754;77.381805
18651;18.466272;77.52071
18652;18.535284;77.419589
18653;18.47595;77.420201
18654;18.455139;77.368274
18655;18.478042;77.448416
18656;18.467957;77.456673
18657;18.469262;77.404745
18658;18.476969;77.466992
18659;18.444101;77.503442
18660;18.51841;77.363992
18661;18.486626;77.465549
18662;18.421679;77.429026
18663;18.482601;77.524383
18664;18.529877;77.541552
18665;18.422706;77.403171
18666;18.435385;77.472943
18667;18.468876;77.353571
18668;18.321986;77.539925
18669;18.463462;77.404522
18670;18.292809;77.448375
18671;18.443758;77.44492
18672;18.364819;77.492842
18673;18.409364;77.45062
18674;18.483051;77.490684
18675;18.487319;77.352911
18676;18.502832;77.505185
18677;18.448396;77.516432
18678;18.330354;77.493838
18679;18.343688;77.375261
18680;18.416185;77.513134
18681;18.454577;77.481055
18682;18.44432;77.42703
18683;18.473035;77.39003
18684;18.463469;77.450286
18685;18.506207;77.512997
18686;18.401191;77.481113
18687;18.414287;77.497984
18688;18.422836;77.40155
18689;18.381438;77.417151
18690;18.299208;77.445746
18691;18.461829;77.536114
18692;18.492737;77.421956
18693;18.351111;77.433196
18694;18.379161;77.399697
18695;18.4355;77.41433
18696;18.455639;77.434447
18697;18.442607;77.40832
18698;18.452866;77.521449
18699;18.458578;77.387546
18700;18.427518;77.418279
18701;18.363812;77.515176
18702;18.440612;77.376833
18703;18.368264;77.483984
18704;18.480675;77.4616
18705;18.514264;77.533898
18706;18.394744;77.36438
18707;18.395434;77.401271
18708;18.328754;77.43857
18709;18.57401;77.454863
18710;18.380613;77.43622
18711;18.469755;77.423013
18712;18.402061;77.450627
18713;18.363224;77.438168
18714;18.413056;77.513053
18715;18.452493;77.472183
18716;18.46417;77.496604
18717;18.447809;77.365821
18718;18.425922;77.489387
18719;18.47703;77.345132
18720;18.386629;77.394867
18721;18.448417;77.445596
18722;18.411413;77.306848
18723;18.386017;77.494751
18724;18.40571;77.457716
18725;18.488078;77.442012
18726;18.418463;77.437059
18727;18.40594;77.448189
18728;18.390434;77.462786
18729;18.456556;77.403086
18730;18.465203;77.440615
18731;18.425668;77.458059
18732;18.480198;77.440532
18733;18.385273;77.457342
18734;18.412362;77.349905
18735;18.42996;77.454573
18736;18.375004;77.531738
18737;18.470561;77.539283
18738;18.438697;77.443478
18739;18.495378;77.4087
18740;18.493191;77.456638
18741;18.439713;77.443467
18742;18.50474;77.460465
18743;18.391032;77.406883
18744;18.422512;77.483726
18745;18.490847;77.397728
18746;18.445413;77.402744
18747;18.466815;77.451937
18748;18.394778;77.515483
18749;18.561554;77.534519
18750;18.447481;77.434683
18751;18.455722;77.493652
18752;18.486848;77.458207
18753;18.491156;77.391242
18754;18.486879;77.502544
18755;18.443832;77.420365
18756;18.415829;77.457946
18757;18.482535;77.377161
18758;18.501549;77.402503
18759;18.437067;77.464167
18760;18.469681;77.504492
18761;18.46663;77.443144
18762;18.431215;77.457179
18763;18.475186;77.428728
18764;18.438979;77.496841
18765;18.386073;77.383821
18766;18.439192;77.41492
18767;18.43718;77.454941
18768;18.437722;77.436538
18769;18.43451;77.478607
18770;18.492606;77.411414
18771;18.452528;77.496256
18772;18.40898;77.473356
18773;18.419081;77.51784
18774;18.48242;77.506355
18775;18.391825;77.403757
18776;18.555972;77.443666
18777;18.392562;77.387291
18778;18.495149;77.383817
18779;18.391531;77.424448
18780;18.432457;77.466017
18781;18.478937;77.433431
18782;18.451997;77.476028
18783;18.406154;77.499694
18784;18.427073;77.439705
18785;18.501376;77.437845
18786;18.401979;77.341577
18787;18.472761;77.479088
18788;18.491756;77.497916
18789;18.444222;77.432253
18790;18.489209;77.350477
18791;18.391889;77.37566
18792;18.429136;77.496574
18793;18.449226;77.433847
18794;18.497989;77.442599
18795;18.426632;77.435557
18796;18.42682;77.42857
18797;18.451307;77.462988
18798;18.499967;77.488702
18799;18.455049;77.469164
18800;18.448194;77.480805
18801;18.431134;77.512695
18802;18.461886;77.429451
18803;18.49206;77.438942
18804;18.436295;77.460887
18805;18.356123;77.47531
18806;18.432568;77.438705
18807;18.425113;77.479571
18808;18.346753;77.478902
18809;18.486926;77.532304
18810;18.440428;77.531261
18811;18.394402;77.401705
18812;18.441524;77.455925
18813;18.39144;77.426671
18814;18.386382;77.44316
18815;18.447273;77.510876
18816;18.569686;77.370381
18817;18.433835;77.399728
18818;18.472222;77.456229
18819;18.397529;77.41074
18820;18.470149;77.37012
18821;18.397932;77.430345
18822;18.39587;77.44923
18823;18.459861;77.430415
18824;18.407279;77.439255
18825;18.448512;77.496437
18826;18.489289;77.492724
18827;18.470991;77.428591
18828;18.480063;77.452499
18829;18.493118;77.411831
18830;18.435894;77.371375
18831;18.400431;77.429906
18832;18.44421;77.446751
18833;18.475341;77.50839
18834;18.431424;77.408427
18835;18.476864;77.490094
18836;18.519444;77.363929
18837;18.520087;77.429799
18838;18.467491;77.45767
18839;18.450458;77.481257
18840;18.465154;77.39987
18841;18.437844;77.400933
18842;18.498547;77.559844
18843;18.516134;77.437627
18844;18.437731;77.467536
18845;18.397422;77.426806
18846;18.490383;77.461508
18847;18.462892;77.441301
18848;18.46024;77.49849
18849;18.414632;77.361432
18850;18.500572;77.591402
18851;18.422396;77.464378
18852;18.503068;77.43642
18853;18.446237;77.365558
18854;18.3503;77.466247
18855;18.391504;77.399913
18856;18.450285;77.407498
18857;18.406828;77.561749
18858;18.431644;77.484327
18859;18.468532;77.402387
18860;18.452447;77.405055
18861;18.525325;77.464117
18862;18.334548;77.405055
18863;18.357677;77.49348
18864;18.436862;77.394036
18865;18.5118;77.501871
18866;18.530307;77.354708
18867;18.46486;77.527105
18868;18.442411;77.467503
18869;18.391762;77.531673
18870;18.381843;77.415541
18871;18.382051;77.453686
18872;18.429834;77.463635
18873;18.407339;77.442326
18874;18.397343;77.404387
18875;18.469917;77.384732
18876;18.347632;77.449805
18877;18.495858;77.465581
18878;18.511665;77.41563
18879;18.486698;77.535295
18880;18.408343;77.445718
18881;18.392152;77.537182
18882;18.406642;77.52054
18883;18.558485;77.432621
18884;18.432524;77.389287
18885;18.426415;77.420888
18886;18.45067;77.497213
18887;18.481511;77.450954
18888;18.445367;77.477434
18889;18.502532;77.438713
18890;18.388719;77.587118
18891;18.481275;77.448897
18892;18.505255;77.451357
18893;18.49641;77.404901
18894;18.505525;77.489948
18895;18.576848;77.455956
18896;18.430073;77.397351
18897;18.455573;77.443698
18898;18.41689;77.402207
18899;18.4604;77.451543
18900;18.39696;77.463623
18901;18.536884;77.497208
18902;18.436097;77.510977
18903;18.445376;77.442617
18904;18.437626;77.548668
18905;18.355198;77.443753
18906;18.362092;77.410312
18907;18.410888;77.419595
18908;18.399783;77.442859
18909;18.423021;77.475104
18910;18.440859;77.370338
18911;18.412245;77.352252
18912;18.49123;77.464636
18913;18.418923;77.460187
18914;18.454388;77.443194
18915;18.439745;77.433232
18916;18.396452;77.386866
18917;18.421171;77.4879
18918;18.472137;77.479728
18919;18.370129;77.464415
18920;18.395798;77.44673
18921;18.484541;77.453251
18922;18.466558;77.450747
18923;18.490286;77.466067
18924;18.350668;77.464295
18925;18.406209;77.481074
18926;18.514511;77.406771
18927;18.442989;77.490708
18928;18.453369;77.440569
18929;18.475722;77.382806
18930;18.464354;77.435097
18931;18.358928;77.443473
18932;18.36497;77.447536
18933;18.525158;77.478927
18934;18.505366;77.456464
18935;18.464609;77.416952
18936;18.482188;77.398294
18937;18.525178;77.487901
18938;18.459605;77.350851
18939;18.513165;77.401967
18940;18.481477;77.586322
18941;18.408888;77.502271
18942;18.360053;77.477875
18943;18.444317;77.363639
18944;18.460925;77.603859
18945;18.458081;77.363609
18946;18.395838;77.476175
18947;18.37602;77.554106
18948;18.430007;77.443421
18949;18.420009;77.440847
18950;18.562551;77.447913
18951;18.449242;77.434192
18952;18.456862;77.421163
18953;18.446594;77.488615
18954;18.433172;77.456988
18955;18.342891;77.476638
18956;18.55965;77.484975
18957;18.453566;77.476579
18958;18.371367;77.431945
18959;18.435182;77.413616
18960;18.467752;77.452494
18961;18.374194;77.432582
18962;18.448456;77.430333
18963;18.451026;77.396765
18964;18.462816;77.514138
18965;18.47303;77.449754
18966;18.371966;77.406225
18967;18.431075;77.476943
18968;18.515814;77.473094
18969;18.409711;77.437214
18970;18.437784;77.474178
18971;18.395917;77.558699
18972;18.421852;77.313712
18973;18.459541;77.436197
18974;18.359609;77.519817
18975;18.42136;77.529631
18976;18.522053;77.472133
18977;18.486699;77.508769
18978;18.408999;77.486537
18979;18.462891;77.398849
18980;18.374477;77.38623
18981;18.464531;77.479974
18982;18.424463;77.534245
18983;18.388563;77.547675
18984;18.424398;77.404006
18985;18.498489;77.426729
18986;18.463553;77.456794
18987;18.452586;77.345192
18988;18.395367;77.476208
18989;18.349996;77.434894
18990;18.504115;77.41151
18991;18.426686;77.472822
18992;18.455278;77.442614
18993;18.411979;77.402344
18994;18.418405;77.533245
18995;18.51026;77.460912
18996;18.409788;77.440667
18997;18.398478;77.387733
18998;18.462003;77.401808
18999;18.393517;77.446423
19000;18.508824;77.543206
19001;18.476485;77.449432
19002;18.49241;77.394703
19003;18.42252;77.457524
19004;18.43404;77.517916
19005;18.429798;77.446183
19006;18.35808;77.361449
19007;18.511355;77.468389
19008;18.413871;77.444899
19009;18.447853;77.564564
19010;18.498287;77.424511
19011;18.379418;77.411849
19012;18.471052;77.440954
19013;18.354783;77.4891
19014;18.494474;77.535771
19015;18.422126;77.43677
19016;18.455154;77.523426
19017;18.482227;77.42028
19018;18.488437;77.503533
19019;18.467164;77.499328
19020;18.373408;77.457271
19021;18.344277;77.436194
19022;18.539191;77.491154
19023;18.439475;77.485068
19024;18.488439;77.47119
19025;18.503076;77.505373
19026;18.472405;77.416992
19027;18.4465;77.509585
19028;18.434429;77.415486
19029;18.439387;77.494672
19030;18.405998;77.460207
19031;18.447004;77.493393
19032;18.476143;77.482693
19033;18.405208;77.453454
19034;18.485305;77.448508
19035;18.472937;77.455613
19036;18.48862;77.446375
19037;18.564088;77.514287
19038;18.451917;77.490273
19039;18.372204;77.472458
19040;18.458015;77.417134
19041;18.439068;77.364216
19042;18.50458;77.565348
19043;18.373406;77.422751
19044;18.411017;77.461908
19045;18.470386;77.423903
19046;18.436964;77.472295
19047;18.381272;77.43296
19048;18.450598;77.517028
19049;18.449327;77.50327
19050;18.404308;77.37646
19051;18.445188;77.439247
19052;18.477572;77.43594
19053;18.408246;77.540527
19054;18.4307;77.503143
19055;18.511905;77.425351
19056;18.422823;77.412508
19057;18.513424;77.462427
19058;18.399311;77.42782
19059;18.406655;77.425665
19060;18.455664;77.411748
19061;18.431481;77.495589
19062;18.494527;77.367904
19063;18.507124;77.475321
19064;18.533483;77.453617
19065;18.409446;77.541444
19066;18.440033;77.510675
19067;18.44446;77.331897
19068;18.404403;77.445646
19069;18.407865;77.383973
19070;18.445667;77.434971
19071;18.381848;77.355318
19072;18.500806;77.453092
19073;18.374059;77.391832
19074;18.432124;77.441043
19075;18.444083;77.429648
19076;18.429679;77.364571
19077;18.516264;77.48977
19078;18.399657;77.376723
19079;18.36233;77.435548
19080;18.37961;77.641877
19081;18.490445;77.454615
19082;18.473279;77.449798
19083;18.448896;77.463481
19084;18.497396;77.412692
19085;18.438098;77.481554
19086;18.466521;77.417315
19087;18.389646;77.365121
19088;18.387375;77.50412
19089;18.545878;77.480852
19090;18.482611;77.471103
19091;18.416601;77.450256
19092;18.431892;77.449388
19093;18.423195;77.447287
19094;18.448438;77.397468
19095;18.433024;77.366264
19096;18.440053;77.404668
19097;18.500171;77.553282
19098;18.478225;77.455454
19099;18.331864;77.453386
19100;18.371095;77.420175
19101;18.411022;77.514779
19102;18.514887;77.598866
19103;18.515368;77.390876
19104;18.431824;77.421825
19105;18.376795;77.445696
19106;18.356173;77.457053
19107;18.409025;77.482778
19108;18.514435;77.401246
19109;18.485649;77.449125
19110;18.428968;77.424908
19111;18.449337;77.482413
19112;18.456143;77.499042
19113;18.365115;77.468695
19114;18.458885;77.504683
19115;18.448743;77.555142
19116;18.440633;77.460996
19117;18.412039;77.480726
19118;18.507719;77.438158
19119;18.44559;77.501669
19120;18.386577;77.517383
19121;18.416624;77.379823
19122;18.523206;77.518577
19123;18.424184;77.449589
19124;18.453191;77.435979
19125;18.484563;77.507563
19126;18.432151;77.464964
19127;18.375825;77.449715
19128;18.318425;77.423834
19129;18.400782;77.449607
19130;18.48046;77.469327
19131;18.40548;77.416544
19132;18.470281;77.41327
19133;18.381233;77.503647
19134;18.452028;77.461249
19135;18.500783;77.482972
19136;18.346676;77.3887
19137;18.424966;77.487919
19138;18.515339;77.427233
19139;18.457277;77.459777
19140;18.46576;77.385481
19141;18.465867;77.567963
19142;18.409174;77.429593
19143;18.522808;77.401185
19144;18.473302;77.468168
19145;18.493349;77.404132
19146;18.446797;77.431864
19147;18.576465;77.433461
19148;18.432679;77.475854
19149;18.437969;77.410405
19150;18.541605;77.423535
19151;18.320113;77.502811
19152;18.374392;77.485528
19153;18.359988;77.489088
19154;18.443046;77.502242
19155;18.559778;77.505204
19156;18.569364;77.453168
19157;18.514085;77.479657
19158;18.438668;77.418796
19159;18.558454;77.482142
19160;18.410333;77.482731
19161;18.523826;77.384804
19162;18.433393;77.501683
19163;18.370289;77.477931
19164;18.406383;77.458171
19165;18.497904;77.476606
19166;18.421901;77.435542
19167;18.448298;77.45268
19168;18.393219;77.497461
19169;18.427786;77.457551
19170;18.386243;77.475904
19171;18.384005;77.390044
19172;18.477398;77.461717
19173;18.426424;77.514717
19174;18.498549;77.452521
19175;18.458436;77.537337
19176;18.522589;77.445362
19177;18.394934;77.446699
19178;18.382891;77.440604
19179;18.473876;77.382301
19180;18.411229;77.424198
19181;18.408823;77.387555
19182;18.397161;77.425803
19183;18.477914;77.535791
19184;18.360905;77.411867
19185;18.471445;77.384969
19186;18.448805;77.475044
19187;18.344847;77.479273
19188;18.514508;77.472955
19189;18.46547;77.529746
19190;18.477894;77.433759
19191;18.42274;77.509868
19192;18.483322;77.398401
19193;18.439676;77.509536
19194;18.385351;77.453685
19195;18.423113;77.39263
19196;18.507357;77.419173
19197;18.388739;77.485657
19198;18.412863;77.452003
19199;18.459584;77.448791
19200;18.468141;77.453783
19201;18.446329;77.413332
19202;18.412787;77.505211
19203;18.414504;77.426848
19204;18.308416;77.364521
19205;18.460738;77.389099
19206;18.353001;77.443746
19207;18.446667;77.462288
19208;18.431497;77.485124
19209;18.450454;77.368528
19210;18.458949;77.389243
19211;18.406919;77.482743
19212;18.384994;77.373331
19213;18.541078;77.497164
19214;18.43747;77.451296
19215;18.445497;77.504509
19216;18.552225;77.411154
19217;18.375453;77.452734
19218;18.55917;77.458664
19219;18.454764;77.433198
19220;18.399961;77.505958
19221;18.494847;77.416565
19222;18.475379;77.386457
19223;18.391694;77.498719
19224;18.433142;77.395937
19225;18.44443;77.481401
19226;18.469126;77.478255
19227;18.437546;77.450373
19228;18.436226;77.423012
19229;18.388647;77.502049
19230;18.396752;77.416046
19231;18.457633;77.544119
19232;18.467677;77.513223
19233;18.373308;77.429461
19234;18.444724;77.479852
19235;18.430667;77.377075
19236;18.460959;77.442666
19237;18.386998;77.4705
19238;18.420669;77.451301
19239;18.4448;77.446258
19240;18.415397;77.346001
19241;18.418082;77.408198
19242;18.491033;77.494088
19243;18.517335;77.524443
19244;18.437081;77.501998
19245;18.422861;77.52594
19246;18.333532;77.401402
19247;18.361598;77.437221
19248;18.461728;77.493341
19249;18.411987;77.451912
19250;18.466253;77.392244
19251;18.496367;77.449408
19252;18.446964;77.555711
19253;18.381014;77.482623
19254;18.420639;77.406639
19255;18.457597;77.426431
19256;18.44601;77.432852
19257;18.443043;77.502572
19258;18.501359;77.54659
19259;18.425765;77.427028
19260;18.432439;77.459167
19261;18.425305;77.507085
19262;18.511046;77.498031
19263;18.351264;77.482604
19264;18.498422;77.541772
19265;18.520294;77.485734
19266;18.432749;77.481424
19267;18.397263;77.517039
19268;18.445851;77.478739
19269;18.345015;77.398884
19270;18.37963;77.466176
19271;18.414785;77.426371
19272;18.523288;77.463792
19273;18.460113;77.453976
19274;18.446524;77.496003
19275;18.43326;77.527218
19276;18.472498;77.405334
19277;18.454109;77.402257
19278;18.417901;77.437685
19279;18.439059;77.425045
19280;18.393847;77.577066
19281;18.386925;77.420103
19282;18.467885;77.433999
19283;18.341264;77.450032
19284;18.398414;77.404378
19285;18.382558;77.463994
19286;18.418521;77.455232
19287;18.428884;77.455357
19288;18.36684;77.384708
19289;18.438321;77.477078
19290;18.456211;77.493133
19291;18.413219;77.350631
19292;18.42007;77.549368
19293;18.418963;77.450423
19294;18.458449;77.426152
19295;18.467451;77.449956
19296;18.42943;77.47187
19297;18.417154;77.48938
19298;18.49609;77.547855
19299;18.470129;77.445815
19300;18.399529;77.553242
19301;18.416307;77.427036
19302;18.419805;77.495956
19303;18.488517;77.46516
19304;18.445937;77.439839
19305;18.433405;77.45752
19306;18.467887;77.456439
19307;18.466638;77.392967
19308;18.313887;77.52172
19309;18.458514;77.430803
19310;18.480651;77.431081
19311;18.463146;77.513691
19312;18.413132;77.445077
19313;18.385554;77.422479
19314;18.423947;77.406009
19315;18.385534;77.409426
19316;18.372164;77.447936
19317;18.451704;77.492079
19318;18.447263;77.546616
19319;18.468981;77.482416
19320;18.414305;77.448371
19321;18.466416;77.490149
19322;18.419325;77.470219
19323;18.48821;77.343233
19324;18.505194;77.463002
19325;18.466114;77.456346
19326;18.46588;77.374833
19327;18.44588;77.386827
19328;18.582711;77.472229
19329;18.420423;77.476426
19330;18.459113;77.313041
19331;18.505469;77.432405
19332;18.466734;77.470333
19333;18.357006;77.575071
19334;18.414521;77.407823
19335;18.533073;77.464778
19336;18.431324;77.478218
19337;18.429976;77.51699
19338;18.47206;77.444532
19339;18.42807;77.499896
19340;18.444539;77.541988
19341;18.404561;77.431714
19342;18.424891;77.45139
19343;18.337563;77.457758
19344;18.434749;77.47464
19345;18.434141;77.470533
19346;18.43623;77.492557
19347;18.48782;77.487542
19348;18.402583;77.388366
19349;18.415231;77.488815
19350;18.402295;77.387418
19351;18.445385;77.408394
19352;18.435144;77.446854
19353;18.408582;77.419241
19354;18.421616;77.438116
19355;18.410133;77.361861
19356;18.451418;77.375363
19357;18.523617;77.443366
19358;18.412168;77.432796
19359;18.503441;77.430864
19360;18.450227;77.433704
19361;18.388232;77.482781
19362;18.428539;77.421136
19363;18.530991;77.357897
19364;18.422371;77.483284
19365;18.533726;77.463833
19366;18.41114;77.421138
19367;18.457855;77.474478
19368;18.466724;77.398878
19369;18.501247;77.463228
19370;18.520319;77.422894
19371;18.405599;77.419368
19372;18.551385;77.443868
19373;18.47962;77.457791
19374;18.385901;77.519592
19375;18.348414;77.524506
19376;18.431753;77.412693
19377;18.450295;77.387599
19378;18.43633;77.482118
19379;18.522898;77.412336
19380;18.489299;77.504175
19381;18.34544;77.439805
19382;18.323022;77.461542
19383;18.383817;77.451716
19384;18.468452;77.411714
19385;18.522866;77.496325
19386;18.404389;77.417077
19387;18.452018;77.40619
19388;18.452673;77.454945
19389;18.465063;77.397132
19390;18.42319;77.489244
19391;18.397765;77.487236
19392;18.443612;77.354236
19393;18.444763;77.436208
19394;18.557317;77.422736
19395;18.289899;77.460968
19396;18.407675;77.526432
19397;18.511005;77.422131
19398;18.448515;77.397613
19399;18.394845;77.391419
19400;18.437097;77.462153
19401;18.561095;77.55072
19402;18.503466;77.353974
19403;18.475453;77.363947
19404;18.428678;77.513397
19405;18.409676;77.435149
19406;18.463291;77.439876
19407;18.505779;77.444116
19408;18.459993;77.484698
19409;18.454216;77.400762
19410;18.38797;77.448935
19411;18.396018;77.40188
19412;18.447987;77.45629
19413;18.400314;77.489849
19414;18.475086;77.49355
19415;18.417973;77.44478
19416;18.42647;77.406172
19417;18.495506;77.404092
19418;18.476224;77.466991
19419;18.48957;77.534085
19420;18.439332;77.533964
19421;18.406468;77.438243
19422;18.443642;77.391828
19423;18.413167;77.495598
19424;18.449619;77.437612
19425;18.466938;77.368061
19426;18.355793;77.47573
19427;18.463915;77.43412
19428;18.446726;77.475696
19429;18.430988;77.495313
19430;18.33643;77.400199
19431;18.516016;77.412761
19432;18.357854;77.49947
19433;18.428071;77.47952
19434;18.451235;77.401483
19435;18.379228;77.334277
19436;18.444263;77.441738
19437;18.387131;77.436617
19438;18.344156;77.425147
19439;18.497401;77.50424
19440;18.48621;77.418423
19441;18.362613;77.470178
19442;18.379819;77.460222
19443;18.46531;77.456933
19444;18.403048;77.467688
19445;18.457033;77.468522
19446;18.443404;77.534459
19447;18.426087;77.452222
19448;18.430912;77.424195
19449;18.400766;77.394547
19450;18.491616;77.387025
19451;18.446302;77.419962
19452;18.534879;77.476295
19453;18.387341;77.536282
19454;18.384217;77.444096
19455;18.431254;77.454048
19456;18.365746;77.582178
19457;18.471279;77.390468
19458;18.480451;77.51227
19459;18.399136;77.499086
19460;18.416746;77.436512
19461;18.386208;77.483594
19462;18.473789;77.46286
19463;18.424542;77.453202
19464;18.425478;77.452427
19465;18.378674;77.477304
19466;18.466436;77.405731
19467;18.476007;77.375332
19468;18.438751;77.502499
19469;18.45232;77.445005
19470;18.401375;77.436838
19471;18.476105;77.418741
19472;18.506154;77.537401
19473;18.534171;77.510881
19474;18.402138;77.391859
19475;18.434397;77.430559
19476;18.445194;77.544496
19477;18.471481;77.465487
19478;18.496759;77.502668
19479;18.502902;77.470399
19480;18.516936;77.472946
19481;18.315275;77.53317
19482;18.374009;77.439725
19483;18.374738;77.486436
19484;18.412437;77.490508
19485;18.505897;77.464112
19486;18.368097;77.371089
19487;18.528021;77.458451
19488;18.465772;77.523883
19489;18.483838;77.491439
19490;18.475395;77.369108
19491;18.402875;77.404069
19492;18.503543;77.42181
19493;18.45973;77.434191
19494;18.348858;77.429013
19495;18.370883;77.51343
19496;18.474132;77.3656
19497;18.417865;77.380235
19498;18.471481;77.365646
19499;18.441587;77.449293
19500;18.485889;77.463697
19501;18.506495;77.373625
19502;18.400123;77.460813
19503;18.496049;77.491187
19504;18.453755;77.424679
19505;18.425216;77.473428
19506;18.486972;77.521771
19507;18.472957;77.431517
19508;18.500664;77.433184
19509;18.441569;77.344351
19510;18.47882;77.469312
19511;18.481238;77.42776
19512;18.424924;77.347633
19513;18.379232;77.500798
19514;18.501708;77.480153
19515;18.452117;77.434589
19516;18.492439;77.393498
19517;18.392619;77.438643
19518;18.459447;77.469678
19519;18.482777;77.345738
19520;18.474194;77.486446
19521;18.48517;77.420825
19522;18.450112;77.413004
19523;18.427602;77.444564
19524;18.421438;77.411158
19525;18.500976;77.445193
19526;18.314436;77.458069
19527;18.405475;77.502383
19528;18.361088;77.511384
19529;18.491083;77.478062
19530;18.481667;77.479192
19531;18.430231;77.376184
19532;18.455366;77.42266
19533;18.429662;77.419486
19534;18.476272;77.51467
19535;18.4532;77.432949
19536;18.430135;77.461853
19537;18.375918;77.503841
19538;18.413636;77.419477
19539;18.403324;77.558986
19540;18.44268;77.467093
19541;18.454484;77.443319
19542;18.407793;77.452313
19543;18.477016;77.480637
19544;18.423554;77.374547
19545;18.409565;77.51316
19546;18.432339;77.376416
19547;18.372414;77.417815
19548;18.364217;77.436014
19549;18.428128;77.372963
19550;18.476659;77.445976
19551;18.389985;77.43329
19552;18.399833;77.440851
19553;18.492024;77.476776
19554;18.487923;77.523785
19555;18.46774;77.421072
19556;18.387632;77.492404
19557;18.461046;77.456344
19558;18.529581;77.464366
19559;18.469302;77.456865
19560;18.380809;77.407103
19561;18.40164;77.484536
19562;18.46285;77.571903
19563;18.413258;77.505065
19564;18.357926;77.462964
19565;18.373186;77.435974
19566;18.485329;77.342306
19567;18.519026;77.444004
19568;18.430118;77.368346
19569;18.605043;77.526453
19570;18.42594;77.50449
19571;18.460821;77.474535
19572;18.429446;77.431968
19573;18.470164;77.494923
19574;18.452885;77.431225
19575;18.429661;77.502532
19576;18.435621;77.510607
19577;18.400578;77.44603
19578;18.487397;77.535813
19579;18.459666;77.494222
19580;18.479618;77.462352
19581;18.361709;77.410259
19582;18.471785;77.337463
19583;18.440254;77.503221
19584;18.443428;77.509736
19585;18.410183;77.486947
19586;18.452911;77.49823
19587;18.499814;77.499647
19588;18.414212;77.483611
19589;18.437791;77.382734
19590;18.372418;77.45945
19591;18.49651;77.424508
19592;18.440128;77.419081
19593;18.422251;77.55883
19594;18.362752;77.407353
19595;18.44637;77.500832
19596;18.538508;77.453303
19597;18.50461;77.377108
19598;18.508633;77.496466
19599;18.516563;77.483066
19600;18.454245;77.499777
19601;18.398357;77.473296
19602;18.466841;77.486473
19603;18.467202;77.478505
19604;18.277244;77.455888
19605;18.474831;77.428728
19606;18.539459;77.35972
19607;18.451964;77.474716
19608;18.449626;77.405916
19609;18.509451;77.526481
19610;18.441177;77.495282
19611;18.419457;77.473028
19612;18.519116;77.531515
19613;18.526913;77.44385
19614;18.509789;77.458641
19615;18.485899;77.490899
19616;18.418293;77.413462
19617;18.432647;77.3925
19618;18.408347;77.410905
19619;18.414218;77.51933
19620;18.48551;77.477378
19621;18.393491;77.413243
19622;18.449457;77.559847
19623;18.518853;77.545761
19624;18.492512;77.371749
19625;18.461163;77.433864
19626;18.418036;77.466223
19627;18.375976;77.517562
19628;18.437655;77.519958
19629;18.399542;77.492588
19630;18.428166;77.490531
19631;18.498528;77.343677
19632;18.394992;77.505948
19633;18.410237;77.465432
19634;18.42581;77.414146
19635;18.368823;77.409167
19636;18.44533;77.365717
19637;18.495755;77.504851
19638;18.462528;77.497139
19639;18.528124;77.484117
19640;18.416559;77.412674
19641;18.408853;77.441216
19642;18.385382;77.400432
19643;18.533437;77.515262
19644;18.532559;77.419008
19645;18.47148;77.502002
19646;18.468682;77.430998
19647;18.401889;77.434
19648;18.42838;77.485769
19649;18.439176;77.437562
19650;18.404163;77.511003
19651;18.483325;77.519282
19652;18.397144;77.532874
19653;18.511669;77.517415
19654;18.362407;77.507829
19655;18.493645;77.492516
19656;18.393943;77.466607
19657;18.445584;77.454629
19658;18.429391;77.483181
19659;18.385876;77.505292
19660;18.424659;77.39159
19661;18.426183;77.428808
19662;18.46178;77.434397
19663;18.436849;77.436875
19664;18.529197;77.547483
19665;18.508991;77.5103
19666;18.464305;77.463648
19667;18.524547;77.496051
19668;18.355917;77.381609
19669;18.492337;77.397844
19670;18.476737;77.477754
19671;18.513566;77.360688
19672;18.505388;77.433468
19673;18.4845;77.368954
19674;18.457665;77.510774
19675;18.346036;77.395241
19676;18.428926;77.504664
19677;18.403268;77.4654
19678;18.461147;77.385067
19679;18.514871;77.435288
19680;18.3958;77.421497
19681;18.495963;77.425829
19682;18.449078;77.46947
19683;18.395544;77.460776
19684;18.503219;77.390978
19685;18.478454;77.467028
19686;18.41625;77.451281
19687;18.325529;77.340249
19688;18.555653;77.531604
19689;18.448702;77.491037
19690;18.406738;77.521168
19691;18.46011;77.473786
19692;18.452242;77.428237
19693;18.402939;77.451252
19694;18.483185;77.42729
19695;18.340455;77.480929
19696;18.494201;77.474243
19697;18.549492;77.382577
19698;18.460814;77.39158
19699;18.499277;77.473453
19700;18.475471;77.431669
19701;18.393687;77.424382
19702;18.471708;77.470006
19703;18.498141;77.404891
19704;18.491716;77.403846
19705;18.454937;77.462187
19706;18.453388;77.458954
19707;18.353381;77.423772
19708;18.483484;77.437757
19709;18.372684;77.476068
19710;18.414912;77.250769
19711;18.450412;77.468108
19712;18.484106;77.419196
19713;18.485051;77.484037
19714;18.427488;77.390923
19715;18.509875;77.437671
19716;18.438559;77.430414
19717;18.413132;77.414853
19718;18.334117;77.38282
19719;18.542775;77.45551
19720;18.449575;77.381167
19721;18.528113;77.466216
19722;18.43226;77.407925
19723;18.416517;77.414729
19724;18.387126;77.431982
19725;18.46289;77.428177
19726;18.442982;77.484179
19727;18.416215;77.451224
19728;18.361125;77.454137
19729;18.504186;77.435129
19730;18.430955;77.515735
19731;18.389581;77.427427
19732;18.421948;77.442628
19733;18.510596;77.533016
19734;18.424602;77.453797
19735;18.433881;77.395048
19736;18.451434;77.540234
19737;18.381476;77.458849
19738;18.478816;77.402225
19739;18.504039;77.402891
19740;18.292595;77.445504
19741;18.447237;77.39899
19742;18.371379;77.454935
19743;18.45535;77.417282
19744;18.460669;77.379741
19745;18.514818;77.418249
19746;18.416171;77.518815
19747;18.527802;77.505753
19748;18.372548;77.524153
19749;18.457682;77.398726
19750;18.54556;77.421943
19751;18.593299;77.394664
19752;18.486107;77.38973
19753;18.504884;77.381418
19754;18.35642;77.505312
19755;18.445831;77.461161
19756;18.34604;77.496085
19757;18.432182;77.442024
19758;18.454007;77.401475
19759;18.384831;77.608554
19760;18.446723;77.435843
19761;18.488423;77.335369
19762;18.407317;77.516052
19763;18.458406;77.454874
19764;18.464701;77.481043
19765;18.495683;77.498487
19766;18.395424;77.412932
19767;18.508389;77.404445
19768;18.394952;77.453955
19769;18.505857;77.547165
19770;18.444891;77.420202
19771;18.404691;77.510185
19772;18.429371;77.487884
19773;18.483989;77.361374
19774;18.43719;77.398221
19775;18.336698;77.409131
19776;18.373926;77.419187
19777;18.511437;77.501448
19778;18.442771;77.466214
19779;18.494347;77.486721
19780;18.472442;77.437737
19781;18.554709;77.470213
19782;18.499285;77.40205
19783;18.371416;77.466277
19784;18.532904;77.454724
19785;18.414626;77.482891
19786;18.546831;77.450003
19787;18.431436;77.506738
19788;18.428941;77.479132
19789;18.437362;77.451781
19790;18.448571;77.435065
19791;18.49069;77.422325
19792;18.552765;77.469698
19793;18.352197;77.505131
19794;18.392427;77.479254
19795;18.474703;77.422839
19796;18.434159;77.464593
19797;18.482281;77.363962
19798;18.418074;77.415609
19799;18.435696;77.406471
19800;18.450559;77.387781
19801;18.417283;77.499996
19802;18.449898;77.44429
19803;18.392804;77.396718
19804;18.420776;77.384183
19805;18.428634;77.501667
19806;18.484441;77.385195
19807;18.515013;77.427445
19808;18.38393;77.393913
19809;18.429798;77.446451
19810;18.367547;77.429932
19811;18.499726;77.509949
19812;18.426035;77.516147
19813;18.492299;77.491434
19814;18.431828;77.503449
19815;18.474485;77.397519
19816;18.503923;77.482562
19817;18.429589;77.353843
19818;18.542911;77.49033
19819;18.523053;77.491956
19820;18.365226;77.399578
19821;18.430549;77.45128
19822;18.436251;77.480502
19823;18.500889;77.366331
19824;18.473007;77.477161
19825;18.498048;77.476946
19826;18.528356;77.391687
19827;18.37636;77.389687
19828;18.436724;77.367156
19829;18.430513;77.492832
19830;18.42389;77.399217
19831;18.477503;77.421515
19832;18.45585;77.41238
19833;18.395496;77.477028
19834;18.436504;77.369924
19835;18.482675;77.466247
19836;18.408463;77.489848
19837;18.389604;77.412168
19838;18.475639;77.437793
19839;18.388281;77.437199
19840;18.427369;77.43998
19841;18.479873;77.463418
19842;18.529243;77.384618
19843;18.457846;77.503734
19844;18.391547;77.534175
19845;18.426653;77.446523
19846;18.551983;77.461904
19847;18.452857;77.45932
19848;18.393278;77.485126
19849;18.283074;77.528598
19850;18.393181;77.448104
19851;18.517049;77.460008
19852;18.501232;77.457891
19853;18.455226;77.490629
19854;18.42124;77.477507
19855;18.447592;77.46082
19856;18.506114;77.405474
19857;18.40739;77.480409
19858;18.370446;77.400801
19859;18.438636;77.410309
19860;18.382804;77.457775
19861;18.436684;77.447305
19862;18.410918;77.546603
19863;18.413917;77.58143
19864;18.417203;77.435955
19865;18.39347;77.496136
19866;18.456804;77.418582
19867;18.489404;77.439713
19868;18.424912;77.480969
19869;18.500455;77.421551
19870;18.515347;77.350754
19871;18.393305;77.39339
19872;18.431754;77.424196
19873;18.317996;77.446569
19874;18.495335;77.49783
19875;18.342306;77.541921
19876;18.423555;77.413736
19877;18.39675;77.403369
19878;18.406411;77.568379
19879;18.448119;77.583572
19880;18.480616;77.454604
19881;18.495354;77.520177
19882;18.476052;77.383849
19883;18.376284;77.429645
19884;18.480628;77.512407
19885;18.493384;77.480231
19886;18.375936;77.388561
19887;18.494448;77.503987
19888;18.492585;77.441887
19889;18.347814;77.43407
19890;18.452867;77.448981
19891;18.488705;77.439672
19892;18.466362;77.400118
19893;18.474643;77.442235
19894;18.458842;77.505035
19895;18.396534;77.482119
19896;18.392241;77.443085
19897;18.424227;77.410435
19898;18.434929;77.505926
19899;18.531236;77.448689
19900;18.371922;77.51534
19901;18.421507;77.457339
19902;18.46796;77.306625
19903;18.461585;77.446333
19904;18.492156;77.394441
19905;18.412307;77.487394
19906;18.517412;77.514808
19907;18.445869;77.499133
19908;18.350285;77.438598
19909;18.495111;77.467688
19910;18.392591;77.468417
19911;18.441923;77.425799
19912;18.433571;77.355414
19913;18.510878;77.553428
19914;18.499607;77.463248
19915;18.404103;77.516887
19916;18.386841;77.429337
19917;18.471917;77.468008
19918;18.401219;77.373983
19919;18.384375;77.468964
19920;18.377515;77.502055
19921;18.423956;77.37386
19922;18.497002;77.374106
19923;18.452803;77.508988
19924;18.506806;77.369849
19925;18.57056;77.44533
19926;18.505966;77.504315
19927;18.38749;77.413882
19928;18.507424;77.379799
19929;18.505161;77.515277
19930;18.456759;77.471788
19931;18.414048;77.498153
19932;18.374459;77.439185
19933;18.473832;77.578108
19934;18.46668;77.534861
19935;18.417517;77.409913
19936;18.536408;77.389671
19937;18.364293;77.418107
19938;18.468273;77.587606
19939;18.379763;77.460002
19940;18.405653;77.493314
19941;18.390823;77.356916
19942;18.405595;77.447591
19943;18.602375;77.436804
19944;18.492802;77.490606
19945;18.54481;77.426453
19946;18.472287;77.37583
19947;18.398757;77.394911
19948;18.423237;77.40952
19949;18.520815;77.476995
19950;18.564271;77.507069
19951;18.443589;77.468877
19952;18.487302;77.431571
19953;18.494291;77.397263
19954;18.478242;77.431253
19955;18.390822;77.272155
19956;18.461783;77.427307
19957;18.431798;77.493147
19958;18.465307;77.443501
19959;18.461348;77.46399
19960;18.393396;77.366869
19961;18.469703;77.431949
19962;18.368299;77.389519
19963;18.427091;77.430252
19964;18.516128;77.439844
19965;18.460932;77.483919
19966;18.518089;77.430325
19967;18.478105;77.427857
19968;18.460326;77.4697
19969;18.433338;77.469518
19970;18.44552;77.422821
19971;18.43003;77.332688
19972;18.435838;77.42808
19973;18.388287;77.42734
19974;18.52112;77.428364
19975;18.412198;77.481195
19976;18.400305;77.405043
19977;18.462201;77.413616
19978;18.554331;77.387199
19979;18.472038;77.451109
19980;18.50326;77.544861
19981;18.465673;77.504928
19982;18.449274;77.531965
19983;18.459667;77.420838
19984;18.379651;77.523913
19985;18.415608;77.46998
19986;18.384407;77.434855
19987;18.453981;77.480339
19988;18.380642;77.48133
19989;18.374563;77.494615
19990;18.429804;77.448283
19991;18.451961;77.409314
19992;18.373571;77.457828
19993;18.527091;77.541488
19994;18.399484;77.5285
19995;18.321092;77.467497
19996;18.498851;77.503005
19997;18.355259;77.402969
19998;18.523347;77.343544
19999;18.345405;77.485925
20000;18.491595;77.456121
